Trade #,Signal Timestamp,Signal Date,Daily Source Date,4H State Timestamp,Entry Timestamp,Exit Timestamp,Direction,Signal Close,Entry Price,Exit Price,Signal 1H ATR14,Initial SL,Exit/Final Stop,High-Water Mark,Daily Close,Daily EMA50,Daily EMA200,Daily Trend OK,4H EMA50,4H EMA100,4H RSI14,4H ATR14,4H EMA Spread,0.15×ATR Threshold,4H Separation OK,4H Breakout (20 prior incl. used 4H),4H Previous Active Breakout,1H Previous Close,Fresh Breakout OK,Initial Risk Points,Gross Points,Gross P&L (₹),Charges (₹),Net P&L (₹),R Multiple,Cumulative Net (₹),Peak Net (₹),Drawdown (₹),Exit Reason,Holding Bars,Daily EMA Fast,Daily EMA Slow,4H EMA Fast,4H EMA Slow,4H RSI Min,Breakout Length,Spread Min ATR,1H ATR Length,Initial SL ATR,TSL ATR,Baseline Slippage Points/Side,Contract Qty (g),₹ per Price Point / Lot
1,2017-09-07 20:00:00+05:30,2017-09-07,2017-09-06,2017-09-07T13:00:00+05:30,2017-09-07 21:00:00+05:30,2017-09-08 20:00:00+05:30,LONG,30304.0,30315.0,30216.552738970073,69.42562037785453,30176.14875924429,30226.552738970073,30470.0,30088.0,29003.275830363043,28990.668558540096,True,29676.38712482256,29324.47738575607,63.860726567681645,131.32478861919753,351.90973906649015,19.69871829287963,True,30298.0,30298.0,30273.0,True,138.85124075571002,-98.44726102992718,-984.4726102992718,102.12206035151809,-1086.5946706507898,-0.7825602887931741,-1086.5946706507898,-1086.5946706507898,0.0,intrabar_stop,13,50,200,50,100,55,20,0.15,14,2.0,3.5,10,100,10
2,2017-09-25 21:00:00+05:30,2017-09-25,2017-09-22,2017-09-25T17:00:00+05:30,2017-09-25 22:00:00+05:30,2017-09-26 19:00:00+05:30,LONG,30075.0,30085.0,29914.155449748774,87.19784067597384,29910.604318648053,29924.155449748774,30195.0,29608.0,29321.439371606757,29088.89256486005,True,29746.420491300087,29621.61888592018,62.64992050448275,141.14829792459386,124.80160537990741,21.17224468868908,True,30063.0,29817.0,29941.0,False,174.39568135194713,-170.84455025122588,-1708.4455025122588,101.6096953451624,-1810.0551978574213,-1.03790138828298,-2896.649868508211,-1086.5946706507898,-1810.0551978574213,intrabar_stop,11,50,200,50,100,55,20,0.15,14,2.0,3.5,10,100,10
3,2017-10-16 11:00:00+05:30,2017-10-16,2017-10-13,2017-10-13T21:00:00+05:30,2017-10-16 12:00:00+05:30,2017-10-17 10:00:00+05:30,LONG,29857.0,29867.0,29741.0,45.16226058709856,29776.675478825804,29776.675478825804,29896.0,29800.0,29463.753548719855,29162.902458649278,True,29674.490699149574,29643.830756567222,60.13015711226091,91.07711561698926,30.659942582351505,13.66156734254839,True,29840.0,29840.0,29813.0,True,90.32452117419598,-126.0,-1260.0,101.27247184,-1361.27247184,-1.507090714840003,-4257.922340348211,-1086.5946706507898,-3171.3276696974212,gap_stop,12,50,200,50,100,55,20,0.15,14,2.0,3.5,10,100,10
4,2018-01-16 10:00:00+05:30,2018-01-16,2018-01-15,2018-01-15T21:00:00+05:30,2018-01-16 11:00:00+05:30,2018-01-16 14:00:00+05:30,LONG,29831.0,29840.0,29746.279641419296,41.86017929035117,29756.279641419296,29756.279641419296,29860.0,29763.0,29174.986557225067,29174.947336964742,True,29295.695918574067,29169.33334893375,78.15640991639455,88.88614120683081,126.36256964031782,13.332921181024622,True,29785.0,29768.0,29760.0,True,83.72035858070376,-93.72035858070376,-937.2035858070376,101.2656620453836,-1038.4692478524212,-1.2404022933697423,-5296.391588200632,-1086.5946706507898,-4209.796917549842,intrabar_stop,3,50,200,50,100,55,20,0.15,14,2.0,3.5,10,100,10
5,2018-01-24 11:00:00+05:30,2018-01-24,2018-01-23,2018-01-23T21:00:00+05:30,2018-01-24 12:00:00+05:30,2018-01-25 19:00:00+05:30,LONG,29955.0,29965.0,30258.49841328497,45.94132209674889,29873.117355806502,30268.49841328497,30476.0,29876.0,29303.73994998892,29210.01200011693,True,29591.458479712153,29398.449281179895,66.98447277021677,82.26436289940324,193.00919853225787,12.339654434910486,True,29924.0,29924.0,29900.0,True,91.88264419349798,293.4984132849713,2934.984132849713,101.99913145460849,2832.9850013951045,3.083264555849144,-2463.4065868055277,-1086.5946706507898,-1376.811916154738,intrabar_stop,21,50,200,50,100,55,20,0.15,14,2.0,3.5,10,100,10
6,2018-02-02 10:00:00+05:30,2018-02-02,2018-02-01,2018-02-01T21:00:00+05:30,2018-02-02 11:00:00+05:30,2018-02-02 13:00:00+05:30,LONG,30554.0,30566.0,30401.128932489417,77.43553375529198,30411.128932489417,30411.128932489417,30566.0,30385.0,29488.95781665137,29266.10016720697,True,29935.47073783773,29684.476594326305,67.78444564942254,126.64742013198125,250.99414351142696,18.997113019797187,True,30476.0,30476.0,30429.0,True,154.8710675105831,-164.8710675105831,-1648.710675105831,102.49098530111752,-1751.2016604069483,-1.1307481045723924,-4214.608247212476,-1086.5946706507898,-3128.0135765616865,intrabar_stop,2,50,200,50,100,55,20,0.15,14,2.0,3.5,10,100,10
7,2018-02-14 20:00:00+05:30,2018-02-14,2018-02-13,2018-02-14T13:00:00+05:30,2018-02-14 21:00:00+05:30,2018-02-20 10:00:00+05:30,LONG,30486.0,30495.0,30649.380009829543,74.4843280161676,30346.031343967665,30659.380009829543,30811.0,30195.0,29666.09863322061,29333.167276372777,True,30080.84612322096,29903.597674224577,55.096378201764246,124.31911340686253,177.24844899638265,18.64786701102938,True,30300.0,30319.0,30268.0,True,148.96865603233528,154.38000982954327,1543.8000982954327,102.77962616525684,1441.020472130176,0.9673313235888942,-2773.5877750823,-1086.5946706507898,-1686.9931044315103,intrabar_stop,45,50,200,50,100,55,20,0.15,14,2.0,3.5,10,100,10
8,2018-03-06 21:00:00+05:30,2018-03-06,2018-03-05,2018-03-06T17:00:00+05:30,2018-03-06 22:00:00+05:30,2018-03-07 17:00:00+05:30,LONG,30647.0,30657.0,30526.55484701166,60.222576494170994,30536.55484701166,30536.55484701166,30657.0,30359.0,30012.309883307385,29483.943796171417,True,30410.304430034488,30283.550820243483,58.803834970041024,113.72680833217596,126.75360979100515,17.059021249826394,True,30597.0,30597.0,30580.0,True,120.44515298834085,-130.44515298834085,-1304.4515298834085,102.70126606879433,-1407.1527959522027,-1.1682934190705174,-4180.740571034503,-1086.5946706507898,-3094.145900383713,intrabar_stop,9,50,200,50,100,55,20,0.15,14,2.0,3.5,10,100,10
9,2018-03-22 12:00:00+05:30,2018-03-22,2018-03-21,2018-03-21T21:00:00+05:30,2018-03-22 13:00:00+05:30,2018-03-27 16:00:00+05:30,LONG,30554.0,30565.0,30762.53137084053,58.3431004221454,30448.31379915571,30772.53137084053,30947.0,30464.0,30156.657654812294,29586.969229931667,True,30365.505714702576,30332.324665670913,56.6839459448924,99.27613011352848,33.18104903166386,14.891419517029272,True,30539.0,30513.0,30526.0,False,116.6862008442913,197.53137084053014,1975.3137084053014,102.963184482432,1872.3505239228693,1.604603209612914,-2308.3900471116335,-1086.5946706507898,-1221.7953764608437,intrabar_stop,45,50,200,50,100,55,20,0.15,14,2.0,3.5,10,100,10
10,2018-04-11 15:00:00+05:30,2018-04-11,2018-04-10,2018-04-11T09:00:00+05:30,2018-04-11 16:00:00+05:30,2018-04-12 14:00:00+05:30,LONG,30987.0,30999.0,31102.431739858377,62.0280797971242,30874.94384040575,31112.431739858377,31422.0,30798.0,30368.00188247019,29720.07338683438,True,30632.39054224347,30551.5491747079,67.07914791207585,113.65325912239669,80.84136753556959,17.047988868359504,True,30981.0,30981.0,30931.0,True,124.05615959424904,103.43173985837711,1034.3173985837711,103.62823068709996,930.6891678966712,0.750216007766708,-1377.7008792149622,-1086.5946706507898,-291.10620856417245,intrabar_stop,12,50,200,50,100,55,20,0.15,14,2.0,3.5,10,100,10
11,2018-04-18 17:00:00+05:30,2018-04-18,2018-04-17,2018-04-18T13:00:00+05:30,2018-04-18 18:00:00+05:30,2018-04-20 13:00:00+05:30,LONG,31424.0,31428.0,31284.290006755662,66.85499662216807,31294.290006755662,31294.290006755662,31517.0,31257.0,30503.70040153159,29788.08586539789,True,30916.290316684648,30748.23554312336,65.14576658609798,128.56865403066564,168.05477356128904,19.285298104599846,True,31422.0,31422.0,31335.0,True,133.70999324433797,-143.70999324433797,-1437.0999324433797,104.08402108303628,-1541.183953526416,-1.1526318386016958,-2918.884832741378,-1086.5946706507898,-1832.2901620905882,intrabar_stop,23,50,200,50,100,55,20,0.15,14,2.0,3.5,10,100,10
12,2018-05-09 20:00:00+05:30,2018-05-09,2018-05-08,2018-05-09T13:00:00+05:30,2018-05-09 21:00:00+05:30,2018-05-14 10:00:00+05:30,LONG,31303.0,31311.0,31380.439222870413,56.26411738107673,31198.471765237846,31390.439222870413,31545.0,31200.0,30800.56392047466,29981.008043892718,True,31110.361269448647,31020.04708780592,56.82591045291312,97.30456770101912,90.31418164272691,14.595685155152868,True,31300.0,31300.0,31298.0,True,112.52823476215417,69.43922287041278,694.3922287041278,104.15034867473005,590.2418800293977,0.5245278052010371,-2328.6429527119803,-1086.5946706507898,-1242.0482820611905,intrabar_stop,31,50,200,50,100,55,20,0.15,14,2.0,3.5,10,100,10
13,2018-05-24 19:00:00+05:30,2018-05-24,2018-05-23,2018-05-24T13:00:00+05:30,2018-05-24 20:00:00+05:30,2018-05-25 10:00:00+05:30,LONG,31460.0,31470.0,31341.070309496674,59.46484525166304,31351.070309496674,31351.070309496674,31486.0,31186.0,30942.428260052315,30108.905886888722,True,31162.26573587084,31118.820049821312,56.55810361366077,108.19544895296634,43.44568604952656,16.229317342944952,True,31369.0,31369.0,31338.0,True,118.92969050332613,-128.92969050332613,-1289.2969050332613,104.17962374341545,-1393.4765287766768,-1.1716809510554518,-3722.119481488657,-1086.5946706507898,-2635.5248108378673,intrabar_stop,4,50,200,50,100,55,20,0.15,14,2.0,3.5,10,100,10
14,2018-10-03 10:00:00+05:30,2018-10-03,2018-10-01,2018-10-01T21:00:00+05:30,2018-10-03 11:00:00+05:30,2018-10-05 10:00:00+05:30,LONG,31162.0,31180.0,31133.317996287904,102.08496464947639,30975.830070701046,31143.317996287904,31399.0,30840.0,30347.50967574943,30224.927688368472,True,30608.11595385432,30469.935277601406,61.17471029344756,124.83845617717071,138.18067625291587,18.725768426575605,True,30864.0,30880.0,30840.0,True,204.16992929895423,-46.68200371209605,-466.8200371209605,103.76057367278466,-570.5806107937451,-0.27946358837117335,-4292.700092282403,-1086.5946706507898,-3206.105421631613,intrabar_stop,27,50,200,50,100,55,20,0.15,14,2.0,3.5,10,100,10
15,2018-10-05 16:00:00+05:30,2018-10-05,2018-10-04,2018-10-05T09:00:00+05:30,2018-10-05 17:00:00+05:30,2018-10-08 17:00:00+05:30,LONG,31409.0,31419.0,31268.704144003164,85.64823300471058,31247.703533990578,31278.704144003164,31515.0,31291.0,30418.13638272756,30245.535095346153,True,30796.821496619035,30595.2697660464,62.20843798736416,142.12074107455325,201.55173057263528,21.318111161182987,True,31399.0,31399.0,31375.0,True,171.29646600942215,-150.2958559968356,-1502.958559968356,104.05906326627326,-1607.0176232346294,-0.9381498992198913,-5899.717715517032,-1086.5946706507898,-4813.123044866243,intrabar_stop,14,50,200,50,100,55,20,0.15,14,2.0,3.5,10,100,10
16,2018-10-11 19:00:00+05:30,2018-10-11,2018-10-10,2018-10-11T13:00:00+05:30,2018-10-11 20:00:00+05:30,2018-10-16 17:00:00+05:30,LONG,31557.0,31573.0,31800.375093232928,75.31157730530457,31422.37684538939,31810.375093232928,32075.0,31247.0,30540.762277910777,30284.916829198362,True,31032.795146864457,30791.473580935064,66.21993296988177,133.94870540708166,241.32156592939282,20.09230581106225,True,31517.0,31517.0,31500.0,True,150.62315461061007,227.3750932329276,2273.750932329276,104.83270715444681,2168.9182251748293,1.4399633514394925,-3730.7994903422027,-1086.5946706507898,-2644.204819691413,intrabar_stop,39,50,200,50,100,55,20,0.15,14,2.0,3.5,10,100,10
17,2018-10-23 13:00:00+05:30,2018-10-23,2018-10-22,2018-10-23T09:00:00+05:30,2018-10-23 14:00:00+05:30,2018-10-23 20:00:00+05:30,LONG,32008.0,32030.0,31891.249809701923,64.37509514903826,31901.249809701923,31901.249809701923,32053.0,31729.0,30875.101600318325,30398.457722472485,True,31539.40845402338,31222.58498177141,64.06156919593636,120.53430614320254,316.8234722519701,18.08014592148038,True,31964.0,32000.0,31930.0,True,128.75019029807663,-138.75019029807663,-1387.5019029807663,105.18371632609393,-1492.6856193068602,-1.1593657577134928,-5223.485109649063,-1086.5946706507898,-4136.890438998273,intrabar_stop,6,50,200,50,100,55,20,0.15,14,2.0,3.5,10,100,10
18,2018-12-26 18:00:00+05:30,2018-12-26,2018-12-24,2018-12-26T13:00:00+05:30,2018-12-26 19:00:00+05:30,2018-12-31 09:00:00+05:30,LONG,31530.0,31536.0,31432.479523052025,68.46437765680018,31399.071244686398,31442.479523052025,31647.0,31375.0,31117.76291457604,30684.367162082708,True,31240.642799540718,31178.653530586238,60.62421639150661,157.78392608846082,61.989268954479485,23.66758891326912,True,31520.0,31504.0,31457.0,True,136.92875531360187,-103.52047694797511,-1035.2047694797511,104.33271184656158,-1139.5374813263127,-0.8322119621378873,-6363.022590975375,-1086.5946706507898,-5276.427920324586,intrabar_stop,33,50,200,50,100,55,20,0.15,14,2.0,3.5,10,100,10
19,2019-01-02 16:00:00+05:30,2019-01-02,2019-01-01,2019-01-02T09:00:00+05:30,2019-01-02 17:00:00+05:30,2019-01-04 14:00:00+05:30,LONG,31665.0,31677.0,31702.053963717703,58.409005672552524,31560.181988654895,31712.053963717703,31925.0,31428.0,31186.66253969868,30724.098217750787,True,31375.43620764277,31275.933377740595,55.12649798697327,137.79845879424778,99.50282990217602,20.669768819137165,True,31647.0,31647.0,31641.0,True,116.81801134510533,25.053963717702572,250.53963717702572,104.75693500346348,145.78270217356226,0.12479471315676574,-6217.239888801813,-1086.5946706507898,-5130.645218151023,intrabar_stop,27,50,200,50,100,55,20,0.15,14,2.0,3.5,10,100,10
20,2019-01-09 23:00:00+05:30,2019-01-09,2019-01-08,2019-01-09T17:00:00+05:30,2019-01-10 09:00:00+05:30,2019-01-10 17:00:00+05:30,LONG,31981.0,32100.0,31967.736617761155,61.1316911194217,31977.736617761155,31977.736617761155,32119.0,31736.0,31271.315336686348,30769.401240453084,True,31562.76833370569,31424.59518803779,65.15854690790103,130.12058639268542,138.17314566790083,19.518087958902814,True,31925.0,31925.0,31920.0,True,122.26338223884522,-132.26338223884522,-1322.6338223884522,105.31931814129922,-1427.9531405297514,-1.1679319796177416,-7645.1930293315645,-1086.5946706507898,-6558.598358680774,intrabar_stop,8,50,200,50,100,55,20,0.15,14,2.0,3.5,10,100,10
21,2019-01-14 14:00:00+05:30,2019-01-14,2019-01-11,2019-01-14T09:00:00+05:30,2019-01-14 15:00:00+05:30,2019-01-17 20:00:00+05:30,LONG,32120.0,32130.0,32195.540464329293,57.64267716582114,32014.71464566836,32205.540464329293,32363.0,31924.0,31345.894535629675,30803.744885891247,True,31702.501908262755,31526.525733772483,63.43767652658296,126.98644915119104,175.97617449027166,19.047967372678656,True,32119.0,32119.0,32108.0,True,115.28535433164143,65.54046432929317,655.4046432929317,105.63252041653344,549.7721228763983,0.4768794146174618,-7095.420906455166,-1086.5946706507898,-6008.826235804376,intrabar_stop,50,50,200,50,100,55,20,0.15,14,2.0,3.5,10,100,10
22,2019-01-25 21:00:00+05:30,2019-01-25,2019-01-24,2019-01-25T17:00:00+05:30,2019-01-25 22:00:00+05:30,2019-02-06 09:00:00+05:30,LONG,32362.0,32375.0,33189.0,55.02466554023182,32264.950668919537,33199.831060574885,33383.0,32016.0,31584.511154426855,30918.62999712882,True,32040.334137759906,31854.451729613796,62.07025895966345,103.50561616701816,185.8824081461098,15.525842425052723,True,32315.0,32199.0,32275.0,False,110.04933108046316,814.0,8140.0,107.05640072,8032.94359928,7.299402477427755,937.5226928248339,937.5226928248339,0.0,gap_stop,107,50,200,50,100,55,20,0.15,14,2.0,3.5,10,100,10
23,2019-02-15 13:00:00+05:30,2019-02-15,2019-02-14,2019-02-15T09:00:00+05:30,2019-02-15 14:00:00+05:30,2019-02-20 20:00:00+05:30,LONG,33157.0,33173.0,33678.38444567587,66.21596192521358,33040.568076149575,33688.38444567587,33877.0,32970.0,32214.556533181152,31204.61331893729,True,32888.121561601554,32630.45728647954,59.2043068179271,128.19618459034692,257.66427512201335,19.229427688552036,True,33142.0,33142.0,33116.0,True,132.43192385042494,505.384445675867,5053.84445675867,108.10187382725513,4945.742582931415,3.73455465958297,5883.265275756249,5883.265275756249,0.0,intrabar_stop,51,50,200,50,100,55,20,0.15,14,2.0,3.5,10,100,10
24,2019-06-03 23:00:00+05:30,2019-06-03,2019-05-31,2019-06-03T17:00:00+05:30,2019-06-04 09:00:00+05:30,2019-06-07 09:00:00+05:30,LONG,32415.0,32339.0,32619.700651534673,68.10071328273675,32202.798573434527,32629.700651534673,32866.0,32213.0,31849.254286845666,31601.312792776516,True,31831.726782667552,31808.396184183155,73.63451021137233,135.48858138405748,23.330598484397342,20.323287207608622,True,32400.0,32400.0,32390.0,True,136.2014265654725,280.70065153467294,2807.0065153467294,106.29348127819432,2700.7130340685353,1.9828816057005785,8583.978309824784,8583.978309824784,0.0,intrabar_stop,37,50,200,50,100,55,20,0.15,14,2.0,3.5,10,100,10
25,2019-06-07 18:00:00+05:30,2019-06-07,2019-06-06,2019-06-07T13:00:00+05:30,2019-06-07 19:00:00+05:30,2019-06-10 09:00:00+05:30,LONG,32873.0,32886.0,32731.391891540305,72.3040542298478,32741.391891540305,32741.391891540305,32944.0,32734.0,31956.17321969624,31639.23010619248,True,32153.377413519476,31993.611169285407,77.66348452008839,130.82444551674945,159.76624423406975,19.623666827512416,True,32866.0,32866.0,32805.0,True,144.60810845969536,-154.60810845969536,-1546.0810845969536,106.7174362462969,-1652.7985208432506,-1.1429501004114941,6931.179788981533,8583.978309824784,-1652.798520843251,intrabar_stop,5,50,200,50,100,55,20,0.15,14,2.0,3.5,10,100,10
26,2019-06-14 09:00:00+05:30,2019-06-14,2019-06-13,2019-06-13T21:00:00+05:30,2019-06-14 10:00:00+05:30,2019-06-14 22:00:00+05:30,LONG,33006.0,33016.0,32998.31125381108,62.42264135417087,32891.15471729166,33008.31125381108,33241.0,32884.0,32095.669181566158,31692.175698658906,True,32436.927209667847,32207.54047571088,69.25360075644383,113.5022484525443,229.38673395696605,17.025337267881643,True,32944.0,32944.0,32909.0,True,124.84528270833835,-17.68874618892005,-176.8874618892005,107.13259883375981,-284.0200607229603,-0.2274976311171353,6647.1597282585735,8583.978309824784,-1936.818581566211,intrabar_stop,12,50,200,50,100,55,20,0.15,14,2.0,3.5,10,100,10
27,2019-06-20 09:00:00+05:30,2019-06-20,2019-06-19,2019-06-19T21:00:00+05:30,2019-06-20 10:00:00+05:30,2019-06-21 12:00:00+05:30,LONG,33600.0,33610.0,33860.38630469623,117.65198915499016,33374.69602169002,33870.38630469623,34297.0,32976.0,32224.188730173984,31742.08203587509,True,32702.339571155488,32425.413739354422,56.331986177083905,120.1023181449516,276.9258318010652,18.01534772174274,True,33241.0,33241.0,32970.0,True,235.30397830998118,250.38630469622876,2503.8630469622876,108.56191587881658,2395.301131083471,1.0179603202152347,9042.460859342045,9042.460859342045,0.0,intrabar_stop,17,50,200,50,100,55,20,0.15,14,2.0,3.5,10,100,10
28,2019-06-25 09:00:00+05:30,2019-06-25,2019-06-24,2019-06-24T21:00:00+05:30,2019-06-25 10:00:00+05:30,2019-06-25 22:00:00+05:30,LONG,34537.0,34541.0,34315.71670330585,107.64164834707407,34325.71670330585,34325.71670330585,34555.0,34214.0,32426.04250187514,31808.969426503685,True,33180.320475255525,32749.097038061114,86.43812355679019,184.77365656957892,431.2234371944105,27.716048485436836,True,34297.0,34297.0,34244.0,True,215.2832966941496,-225.2832966941496,-2252.832966941496,109.63040831358998,-2362.4633752550862,-1.0973742094870507,6679.997484086959,9042.460859342045,-2362.4633752550862,intrabar_stop,12,50,200,50,100,55,20,0.15,14,2.0,3.5,10,100,10
29,2019-07-03 09:00:00+05:30,2019-07-03,2019-07-02,2019-07-02T21:00:00+05:30,2019-07-03 10:00:00+05:30,2019-07-03 18:00:00+05:30,LONG,34415.0,34425.0,34191.20065161709,111.89967419145748,34201.20065161709,34201.20065161709,34425.0,34007.0,32747.454027488628,31933.159693431826,True,33625.11285616338,33198.548158444304,57.47203105194957,193.6167737667623,426.56469771907723,29.042516065014343,True,34270.0,34495.0,34015.0,True,223.79934838291229,-233.79934838291229,-2337.993483829123,109.40861812830212,-2447.4021019574247,-1.0935698069013193,4232.595382129534,9042.460859342045,-4809.865477212511,intrabar_stop,8,50,200,50,100,55,20,0.15,14,2.0,3.5,10,100,10
30,2019-07-05 13:00:00+05:30,2019-07-05,2019-07-04,2019-07-05T09:00:00+05:30,2019-07-05 14:00:00+05:30,2019-07-05 18:00:00+05:30,LONG,34891.0,34902.0,34636.47810892652,127.76094553673983,34646.47810892652,34646.47810892652,34902.0,34184.0,32859.23380238377,31978.074478839484,True,33805.14289611203,33367.39189611372,58.63401092390383,166.8393117439404,437.7509999983158,25.02589676159106,True,34449.0,34449.0,34201.0,True,255.52189107347658,-265.5218910734766,-2655.218910734766,110.23333859691371,-2765.4522493316795,-1.0822760577239388,1467.1431327978548,9042.460859342045,-7575.31772654419,intrabar_stop,4,50,200,50,100,55,20,0.15,14,2.0,3.5,10,100,10
31,2019-07-17 23:00:00+05:30,2019-07-17,2019-07-16,2019-07-17T17:00:00+05:30,2019-07-18 09:00:00+05:30,2019-07-18 12:00:00+05:30,LONG,35070.0,35110.0,34949.19414873498,75.40292563250968,34959.19414873498,34959.19414873498,35120.0,34738.0,33356.31529618642,32184.88494359495,True,34481.2881856285,34024.52986472354,63.73330014669348,153.32782174790665,456.7583209049626,22.999173262185998,True,34995.0,34995.0,34989.0,True,150.80585126501683,-160.80585126501683,-1608.0585126501683,110.7480247626624,-1718.8065374128307,-1.1397479096433114,-251.6634046149759,9042.460859342045,-9294.124263957021,intrabar_stop,3,50,200,50,100,55,20,0.15,14,2.0,3.5,10,100,10
32,2019-07-18 23:00:00+05:30,2019-07-18,2019-07-17,2019-07-18T17:00:00+05:30,2019-07-19 09:00:00+05:30,2019-07-19 20:00:00+05:30,LONG,35140.0,35190.0,35083.57434650167,81.36490625229592,35027.27018749541,35093.57434650167,35380.0,35039.0,33422.30293163009,32213.284098385047,True,34558.4590042187,34099.80436859865,62.3191762609146,157.7253206201052,458.6546356200488,23.65879809301578,True,35120.0,35120.0,35074.0,True,162.7298125045927,-106.42565349832876,-1064.2565349832876,110.96442977373724,-1175.2209647570248,-0.722191555848967,-1426.8843693720007,9042.460859342045,-10469.345228714046,intrabar_stop,11,50,200,50,100,55,20,0.15,14,2.0,3.5,10,100,10
33,2019-08-02 12:00:00+05:30,2019-08-02,2019-08-01,2019-08-01T21:00:00+05:30,2019-08-02 13:00:00+05:30,2019-08-08 12:00:00+05:30,LONG,35629.0,35641.0,37542.674162360454,114.7234632444775,35411.553073511044,37552.674162360454,38125.0,35330.0,33983.02024464817,32503.367105388144,True,34889.62955091396,34588.8280306666,71.38718929084354,176.44520816635037,300.8015202473616,26.466781224952555,True,35570.0,35175.0,35516.0,False,229.4469264889558,1901.674162360454,19016.74162360454,114.40998213088423,18902.331641473655,8.238215229430628,17475.447272101654,17475.447272101654,0.0,intrabar_stop,59,50,200,50,100,55,20,0.15,14,2.0,3.5,10,100,10
34,2019-08-23 22:00:00+05:30,2019-08-23,2019-08-22,2019-08-23T17:00:00+05:30,2019-08-23 23:00:00+05:30,2019-08-26 15:00:00+05:30,LONG,38303.0,38307.0,38394.47135297686,114.7192825785504,38077.5614348429,38404.47135297686,38869.0,37779.0,35469.15980823743,33145.24429079298,True,37262.95504311966,36540.574790584804,69.40268615647123,219.64498995518088,722.3802525348583,32.94674849327713,True,38283.0,37800.0,38238.0,False,229.43856515709922,87.47135297686327,874.7135297686327,116.87839050026668,757.835139268366,0.3302998075975011,18233.28241137002,18233.28241137002,0.0,intrabar_stop,7,50,200,50,100,55,20,0.15,14,2.0,3.5,10,100,10
35,2019-08-29 11:00:00+05:30,2019-08-29,2019-08-28,2019-08-28T21:00:00+05:30,2019-08-29 12:00:00+05:30,2019-08-29 13:00:00+05:30,LONG,38945.0,38955.0,38731.17356512494,106.91321743752982,38741.17356512494,38741.17356512494,38998.0,38772.0,35925.38508518623,33357.12417050099,True,37799.37199345559,37007.1966880931,67.81868055860139,220.29910458517398,792.1753053624925,33.044865687776095,True,38879.0,38879.0,38846.0,True,213.82643487505993,-223.82643487505993,-2238.2643487505993,117.64796129971211,-2355.9123100503116,-1.101787209531359,15877.370101319708,18233.28241137002,-2355.912310050311,intrabar_stop,1,50,200,50,100,55,20,0.15,14,2.0,3.5,10,100,10
36,2019-09-02 22:00:00+05:30,2019-09-02,2019-08-30,2019-09-02T17:00:00+05:30,2019-09-02 23:00:00+05:30,2019-09-05 15:00:00+05:30,LONG,39005.0,39015.0,39407.12706517969,115.5099521833112,38783.98009563338,39417.12706517969,39856.0,38657.0,36126.72494791701,33459.793972327665,True,38081.003470677824,37290.907168822836,61.4699717438634,251.27726719337258,790.0963018549883,37.691590079005884,True,38998.0,38998.0,38975.0,True,231.01990436662163,392.12706517968763,3921.2706517968763,118.56257375871373,3802.7080780381625,1.6460521393011138,19680.07817935787,19680.07817935787,0.0,intrabar_stop,37,50,200,50,100,55,20,0.15,14,2.0,3.5,10,100,10
37,2019-09-25 13:00:00+05:30,2019-09-25,2019-09-24,2019-09-25T09:00:00+05:30,2019-09-25 14:00:00+05:30,2019-09-25 20:00:00+05:30,LONG,38143.0,38153.0,37981.45581447394,80.77209276302824,37991.45581447394,37991.45581447394,38170.0,38091.0,37154.90093655978,34213.75451152866,True,37981.15213447853,37867.07684792045,58.41994095399927,176.70036089616656,114.07528655807982,26.505054134424984,True,38140.0,38140.0,38075.0,True,161.54418552605784,-171.54418552605784,-1715.4418552605784,116.25994551621564,-1831.701800776794,-1.1338704607733046,17848.376378581077,19680.07817935787,-1831.7018007767947,intrabar_stop,6,50,200,50,100,55,20,0.15,14,2.0,3.5,10,100,10
38,2019-10-24 22:00:00+05:30,2019-10-24,2019-10-23,2019-10-24T17:00:00+05:30,2019-10-24 23:00:00+05:30,2019-10-25 20:00:00+05:30,LONG,38420.0,38430.0,38460.522870774155,57.061156275517924,38315.87768744896,38470.522870774155,38690.0,38124.0,37619.15587255544,34868.93829599906,True,38101.93357942452,38025.31081301691,62.19102291937633,134.51588770427364,76.62276640760683,20.177383155641046,True,38383.0,38271.0,38380.0,False,114.12231255103688,30.522870774155308,305.2287077415531,117.02726610451519,188.20144163703787,0.16491204693461842,18036.577820218114,19680.07817935787,-1643.500359139758,intrabar_stop,12,50,200,50,100,55,20,0.15,14,2.0,3.5,10,100,10
39,2019-12-24 20:00:00+05:30,2019-12-24,2019-12-23,2019-12-24T13:00:00+05:30,2019-12-24 21:00:00+05:30,2019-12-30 16:00:00+05:30,LONG,38477.0,38489.0,38770.26252826991,51.92232317934165,38385.15535364132,38780.26252826991,38995.0,38231.0,37896.42662976622,35959.001702875416,True,37967.226982777844,37947.456246023525,72.76422737848168,110.52887401269018,19.770736754318932,16.579331101903527,True,38376.0,38356.0,38350.0,True,103.84464635868062,281.2625282699082,2812.625282699082,117.46237020172649,2695.1629124973556,2.595379739835823,20731.74073271547,20731.74073271547,0.0,intrabar_stop,40,50,200,50,100,55,20,0.15,14,2.0,3.5,10,100,10
40,2019-12-31 09:00:00+05:30,2019-12-31,2019-12-30,2019-12-30T21:00:00+05:30,2019-12-31 10:00:00+05:30,2020-01-01 09:00:00+05:30,LONG,39116.0,39127.0,38949.00242746443,88.18060372893147,38950.63879254214,38959.00242746443,39190.0,38823.0,38030.3346061267,36070.36078351959,True,38312.878756479266,38147.571835371185,67.80570929854599,132.26336229826103,165.30692110808013,19.839504344739154,True,38995.0,38995.0,38806.0,True,176.3612074578632,-177.9975725355689,-1779.975725355689,118.02024965507493,-1897.995975010764,-1.0761981063575103,18833.744757704706,20731.74073271547,-1897.9959750107628,intrabar_stop,14,50,200,50,100,55,20,0.15,14,2.0,3.5,10,100,10
41,2020-01-02 19:00:00+05:30,2020-01-02,2020-01-01,2020-01-02T13:00:00+05:30,2020-01-02 20:00:00+05:30,2020-01-06 20:00:00+05:30,LONG,39252.0,39265.0,40590.46249309834,58.94685759023226,39147.106284819536,40600.46249309834,41049.0,39040.0,38109.516105078896,36129.56796584638,True,38528.69108378404,38288.696598112416,70.12547704658324,136.84987944336987,239.99448567162472,20.52748191650548,True,39190.0,39190.0,39190.0,True,117.89371518046391,1325.462493098341,13254.62493098341,120.23734783172277,13134.387583151687,11.140871727595007,31968.13234085639,31968.13234085639,0.0,intrabar_stop,30,50,200,50,100,55,20,0.15,14,2.0,3.5,10,100,10
42,2020-01-08 09:00:00+05:30,2020-01-08,2020-01-07,2020-01-07T21:00:00+05:30,2020-01-08 10:00:00+05:30,2020-01-08 14:00:00+05:30,LONG,41124.0,41140.0,40820.27526383579,154.86236808210532,40830.27526383579,40830.27526383579,41248.0,40635.0,38407.12084682701,36285.45470751416,True,39285.12511903829,38770.863177946056,77.29265935006174,239.18024113872195,514.2619410922343,35.87703617080829,True,41049.0,41049.0,40635.0,True,309.72473616420757,-319.72473616420757,-3197.2473616420757,121.49040083959194,-3318.7377624816677,-1.071512015340668,28649.394578374722,31968.13234085639,-3318.737762481669,intrabar_stop,4,50,200,50,100,55,20,0.15,14,2.0,3.5,10,100,10
43,2020-01-20 12:00:00+05:30,2020-01-20,2020-01-17,2020-01-17T21:00:00+05:30,2020-01-20 13:00:00+05:30,2020-01-21 14:00:00+05:30,LONG,39960.0,39969.0,39942.279976429665,65.02889282257081,39838.94221435486,39952.279976429665,40150.0,39920.0,38770.25258512301,36550.846127626435,True,39606.1164953,39234.08977186508,60.46058309481959,177.96053943811583,372.02672343491577,26.694080915717375,True,39959.0,39918.0,39952.0,False,130.05778564514185,-26.720023570334888,-267.2002357033489,119.74715598357045,-386.94739168691933,-0.2975195908245677,28262.4471866878,31968.13234085639,-3705.68515416859,intrabar_stop,16,50,200,50,100,55,20,0.15,14,2.0,3.5,10,100,10
44,2020-01-23 21:00:00+05:30,2020-01-23,2020-01-22,2020-01-23T17:00:00+05:30,2020-01-23 22:00:00+05:30,2020-01-24 09:00:00+05:30,LONG,40226.0,40234.0,40044.92789388848,89.5360530557603,40054.92789388848,40054.92789388848,40274.0,39893.0,38898.42143962079,36649.94427118471,True,39744.76678219513,39410.328146366766,61.84869877613986,164.08667325703647,334.4386358283664,24.61300098855547,True,40150.0,40150.0,40082.0,True,179.07210611151822,-189.07210611151822,-1890.7210611151822,120.01603210664825,-2010.7370932218305,-1.1228644912288193,26251.710093465972,31968.13234085639,-5716.422247390419,intrabar_stop,2,50,200,50,100,55,20,0.15,14,2.0,3.5,10,100,10
45,2020-01-24 20:00:00+05:30,2020-01-24,2020-01-23,2020-01-24T13:00:00+05:30,2020-01-24 21:00:00+05:30,2020-01-28 13:00:00+05:30,LONG,40340.0,40343.0,40382.15465620161,100.34531512218803,40142.309369755625,40392.15465620161,40721.0,40255.0,38951.62059885135,36685.81547246645,True,39783.822912443,39450.000743560886,55.3556181390604,171.28003686068118,333.82216888211406,25.692005529102175,True,40274.0,40274.0,40010.0,True,200.69063024437492,39.154656201608304,391.54656201608304,120.51248778721857,271.0340742288645,0.13505068667074016,26522.744167694837,31968.13234085639,-5445.388173161555,intrabar_stop,22,50,200,50,100,55,20,0.15,14,2.0,3.5,10,100,10
46,2020-01-30 21:00:00+05:30,2020-01-30,2020-01-29,2020-01-30T17:00:00+05:30,2020-01-30 22:00:00+05:30,2020-01-31 09:00:00+05:30,LONG,40769.0,40770.0,40623.74716543984,93.59265523886927,40582.81468952226,40633.74716543984,40990.0,40321.0,39158.13577333162,36829.47367646782,True,40098.50559772784,39729.26229345686,66.13286961611118,179.00287037043927,369.24330427098175,26.85043055556589,True,40721.0,40721.0,40661.0,True,187.18531047774013,-146.2528345601604,-1462.528345601604,121.04539341745199,-1583.5737390190561,-0.8459925273929938,24939.17042867578,31968.13234085639,-7028.96191218061,intrabar_stop,2,50,200,50,100,55,20,0.15,14,2.0,3.5,10,100,10
47,2020-01-31 21:00:00+05:30,2020-01-31,2020-01-30,2020-01-31T17:00:00+05:30,2020-01-31 22:00:00+05:30,2020-02-03 12:00:00+05:30,LONG,41019.0,41026.0,40798.55877033005,108.72061483497721,40808.55877033005,40808.55877033005,41026.0,40897.0,39226.32652731862,36869.94657520943,True,40200.92867075007,39810.8984762591,64.96063502580199,209.82767546465317,390.0301944909734,31.474151319697974,True,40990.0,40990.0,40911.0,True,217.441229669952,-227.441229669952,-2274.41229669952,121.4040863804163,-2395.8163830799363,-1.1018224955389,22543.354045595846,31968.13234085639,-9424.778295260545,intrabar_stop,5,50,200,50,100,55,20,0.15,14,2.0,3.5,10,100,10
48,2020-02-14 18:00:00+05:30,2020-02-14,2020-02-13,2020-02-14T13:00:00+05:30,2020-02-14 19:00:00+05:30,2020-02-17 13:00:00+05:30,LONG,40661.0,40687.0,40683.265897674,55.22252696594123,40576.554946068114,40693.265897674,40912.0,40580.0,39626.97527481456,37209.83382984219,True,40385.90309209297,40142.23467792844,59.74776516538649,147.48013282907766,243.668414164531,22.12201992436165,True,40648.0,40635.0,40620.0,True,110.44505393188592,-3.734102326001448,-37.34102326001448,121.08108038883964,-158.42210364885412,-0.1434397449310467,22384.931941946994,31968.13234085639,-9583.200398909397,intrabar_stop,9,50,200,50,100,55,20,0.15,14,2.0,3.5,10,100,10
49,2020-02-18 13:00:00+05:30,2020-02-18,2020-02-17,2020-02-18T09:00:00+05:30,2020-02-18 14:00:00+05:30,2020-02-25 09:00:00+05:30,LONG,40960.0,40963.0,42989.022483451925,64.74383326842164,40833.51233346316,42999.022483451925,43585.0,40686.0,39715.67921369849,37280.56838928692,True,40483.26006721823,40226.20115785845,65.11884396842521,141.62849724630763,257.05890935978096,21.244274586946144,True,40912.0,40912.0,40892.0,True,129.48766653684288,2026.022483451925,20260.22483451925,124.23716636790544,20135.987668151345,15.550506242555612,42520.91961009834,42520.91961009834,0.0,intrabar_stop,62,50,200,50,100,55,20,0.15,14,2.0,3.5,10,100,10
50,2020-03-03 21:00:00+05:30,2020-03-03,2020-03-02,2020-03-03T17:00:00+05:30,2020-03-03 22:00:00+05:30,2020-03-06 20:00:00+05:30,LONG,43102.0,43130.0,44113.89560888996,230.7676851488505,42668.4646297023,44123.89560888996,44881.0,41946.0,40524.47941151501,37744.832323911265,True,41899.44641776575,41330.72308326285,59.7141256996797,432.76917997532996,568.7233345029017,64.91537699629949,True,43000.0,43000.0,42789.0,True,461.53537029770087,983.8956088899577,9838.956088899577,126.80927057851589,9712.14681832106,2.104312571332616,52233.0664284194,52233.0664284194,0.0,intrabar_stop,43,50,200,50,100,55,20,0.15,14,2.0,3.5,10,100,10
51,2020-04-07 09:00:00+05:30,2020-04-07,2020-04-03,2020-04-03T13:00:00+05:30,2020-04-07 10:00:00+05:30,2020-04-15 12:00:00+05:30,LONG,45070.0,45080.0,46102.732890619875,363.68743220677504,44352.62513558645,46112.732890619875,46782.0,43717.0,41662.13127713588,38704.14270198384,True,42377.67444512463,42048.38751299941,64.28058294060891,498.5806530134743,329.28693212521466,74.78709795202114,True,43900.0,43900.0,43670.0,True,727.3748644135485,1022.7328906198745,10227.328906198745,130.401190966273,10096.927715232472,1.3881326134871592,62329.99414365187,62329.99414365187,0.0,intrabar_stop,36,50,200,50,100,55,20,0.15,14,2.0,3.5,10,100,10
52,2020-04-16 11:00:00+05:30,2020-04-16,2020-04-15,2020-04-15T17:00:00+05:30,2020-04-16 12:00:00+05:30,2020-04-17 09:00:00+05:30,LONG,46900.0,46912.0,46521.139458356796,225.4172264789829,46461.16554704204,46531.139458356796,47290.0,46696.0,42391.20682209908,39043.175965759816,True,43743.83263474698,42884.2105909932,81.73377985454567,481.1414461249853,859.6220437537777,72.17121691874779,True,46782.0,46782.0,46676.0,True,450.83445295796264,-390.86054164320376,-3908.6054164320376,131.87907774874154,-4040.484494180779,-0.8962235400757023,58289.50964947109,62329.99414365187,-4040.4844941807823,intrabar_stop,5,50,200,50,100,55,20,0.15,14,2.0,3.5,10,100,10
53,2020-05-08 14:00:00+05:30,2020-05-08,2020-05-07,2020-05-08T09:00:00+05:30,2020-05-08 15:00:00+05:30,2020-05-08 17:00:00+05:30,LONG,46288.0,46298.0,45994.68154691564,146.65922654217752,46004.68154691564,46004.68154691564,46300.0,46147.0,44046.13475685636,40060.21886626584,True,45574.87571263959,44872.33685503657,59.856509988705916,327.2766115904799,702.5388576030164,49.09149173857198,True,46222.0,46222.0,46152.0,True,293.3184530843573,-303.3184530843573,-3033.184530843573,130.87858160973474,-3164.063112453308,-1.0787126003093077,55125.44653701778,62329.99414365187,-7204.5476066340925,intrabar_stop,2,50,200,50,100,55,20,0.15,14,2.0,3.5,10,100,10
54,2020-05-14 19:00:00+05:30,2020-05-14,2020-05-13,2020-05-14T13:00:00+05:30,2020-05-14 20:00:00+05:30,2020-05-18 17:00:00+05:30,LONG,46592.0,46610.0,47411.86655158852,139.60921473307025,46330.78157053386,47421.86655158852,47965.0,45983.0,44306.598757148575,40285.52300779294,True,45718.68363117249,45157.14255000124,59.980020073809605,255.5973358222954,561.54108117125,38.33960037334431,True,46343.0,46343.0,46240.0,True,279.21842946614197,801.8665515885223,8018.665515885223,132.89072101214677,7885.774794873076,2.8242314842721745,63011.221331890854,63011.221331890854,0.0,intrabar_stop,27,50,200,50,100,55,20,0.15,14,2.0,3.5,10,100,10
55,2020-06-10 13:00:00+05:30,2020-06-10,2020-06-09,2020-06-10T09:00:00+05:30,2020-06-10 14:00:00+05:30,2020-06-10 20:00:00+05:30,LONG,46702.0,46715.0,46495.9813842217,121.70731409703521,46471.58537180593,46505.9813842217,46923.0,46595.0,45522.26651725317,41383.27303586851,True,46412.653416542984,46213.72678860126,56.8351903381154,307.1143469525972,198.92662794172065,46.06715204288958,True,46700.0,46700.0,46654.0,True,243.41462819407025,-219.01861577830277,-2190.1861577830277,131.7460994309343,-2321.932257213962,-0.9539000488346683,60689.28907467689,63011.221331890854,-2321.9322572139645,intrabar_stop,6,50,200,50,100,55,20,0.15,14,2.0,3.5,10,100,10
56,2020-06-11 09:00:00+05:30,2020-06-11,2020-06-10,2020-06-10T21:00:00+05:30,2020-06-11 10:00:00+05:30,2020-06-15 09:00:00+05:30,LONG,47108.0,47125.0,47067.586480585334,171.3936895490893,46782.212620901824,47077.586480585334,47630.0,46629.0,45565.66783030207,41435.46932406882,True,46439.42851394159,46239.12648755366,55.6833234040692,295.50299571969975,200.3020263879298,44.32544935795496,True,46923.0,46923.0,46624.0,True,342.78737909817573,-57.41351941466564,-574.1351941466564,132.70201926487601,-706.8372134115325,-0.20620281157116097,59982.451861265356,63011.221331890854,-3028.769470625499,intrabar_stop,29,50,200,50,100,55,20,0.15,14,2.0,3.5,10,100,10
57,2020-06-19 20:00:00+05:30,2020-06-19,2020-06-18,2020-06-19T13:00:00+05:30,2020-06-19 21:00:00+05:30,2020-06-23 12:00:00+05:30,LONG,47844.0,47854.0,47764.36288777797,125.7237147279536,47602.552570544096,47774.36288777797,48259.0,47328.0,45939.82971657601,41778.079965728,True,46968.486925369354,46648.63044093749,58.34340947973911,270.465856461436,319.85648443186074,40.569878469215396,True,47610.0,47610.0,47550.0,True,251.44742945590406,-89.63711222202983,-896.3711222202983,133.98370628995582,-1030.354828510254,-0.40976948173214306,58952.097032755104,63011.221331890854,-4059.1242991357503,intrabar_stop,21,50,200,50,100,55,20,0.15,14,2.0,3.5,10,100,10
58,2020-06-24 10:00:00+05:30,2020-06-24,2020-06-23,2020-06-23T21:00:00+05:30,2020-06-24 11:00:00+05:30,2020-06-24 18:00:00+05:30,LONG,48303.0,48313.0,48016.43104764153,143.28447617923806,48026.43104764153,48026.43104764153,48421.0,48186.0,46173.43396073495,41962.04378984217,True,47293.84473168251,46884.54957020867,70.38050308503067,274.7040310782676,409.2951614738413,41.20560466174013,True,48259.0,48259.0,48195.0,True,286.5689523584733,-296.5689523584733,-2965.6895235847333,134.54656922169417,-3100.236092806427,-1.0818464691626106,55851.860939948674,63011.221331890854,-7159.36039194218,intrabar_stop,7,50,200,50,100,55,20,0.15,14,2.0,3.5,10,100,10
59,2020-06-29 09:00:00+05:30,2020-06-29,2020-06-26,2020-06-26T21:00:00+05:30,2020-06-29 10:00:00+05:30,2020-06-29 18:00:00+05:30,LONG,48478.0,48476.0,48206.65306669578,129.67346665211272,48216.65306669578,48216.65306669578,48513.0,48363.0,46396.23496277077,42144.65699770084,True,47608.663596665334,47148.169337411186,69.3830981893772,249.37138568127514,460.49425925414835,37.40570785219127,True,48431.0,48421.0,48420.0,True,259.34693330422306,-269.34693330422306,-2693.4693330422306,134.87817655817673,-2828.347509600407,-1.0905652415340714,53023.51343034827,63011.221331890854,-9987.707901542584,intrabar_stop,8,50,200,50,100,55,20,0.15,14,2.0,3.5,10,100,10
60,2020-06-30 20:00:00+05:30,2020-06-30,2020-06-29,2020-06-30T13:00:00+05:30,2020-06-30 21:00:00+05:30,2020-07-01 17:00:00+05:30,LONG,48738.0,48747.0,48561.90987893634,131.97033365249786,48483.059332695004,48571.90987893634,48940.0,48194.0,46466.73555246604,42204.84946538541,True,47763.822558683925,47282.51589560047,63.137188041203906,238.44432933833508,481.30666308345826,35.76664940075026,True,48513.0,48513.0,48410.0,True,263.94066730499617,-185.09012106365844,-1850.9012106365844,135.48050794345116,-1986.3817185800356,-0.752586457730167,51037.131711768234,63011.221331890854,-11974.08962012262,intrabar_stop,11,50,200,50,100,55,20,0.15,14,2.0,3.5,10,100,10
61,2020-07-08 15:00:00+05:30,2020-07-08,2020-07-07,2020-07-08T09:00:00+05:30,2020-07-08 16:00:00+05:30,2020-07-09 16:00:00+05:30,LONG,49005.0,49010.0,48913.73248185006,117.42724203259564,48775.14551593481,48923.73248185006,49317.0,48796.0,46876.50204715232,42564.82952037292,True,48105.7796234838,47668.95005579455,66.06144385664342,249.05605045184043,436.82956768925214,37.35840756777606,True,48940.0,48940.0,48880.0,True,234.85448406518844,-96.2675181499435,-962.675181499435,136.07428361161024,-1098.7494651110453,-0.4678426598855426,49938.38224665719,63011.221331890854,-13072.839085233667,intrabar_stop,15,50,200,50,100,55,20,0.15,14,2.0,3.5,10,100,10
62,2020-07-21 17:00:00+05:30,2020-07-21,2020-07-20,2020-07-21T13:00:00+05:30,2020-07-21 18:00:00+05:30,2020-07-22 18:00:00+05:30,LONG,49511.0,49525.0,49679.992593157716,100.56347103007232,49323.873057939854,49689.992593157716,50135.0,49067.0,47533.61039905155,43123.05223917612,True,48830.11985785772,48386.59499558003,62.252407229634805,181.3130086528356,443.5248622776853,27.19695129792534,True,49299.0,49299.0,49250.0,True,201.12694206014567,154.99259315771633,1549.9259315771633,137.33814621199843,1412.5877853651648,0.7023364303638345,51350.97003202235,63011.221331890854,-11660.251299868505,intrabar_stop,15,50,200,50,100,55,20,0.15,14,2.0,3.5,10,100,10
63,2020-07-22 21:00:00+05:30,2020-07-22,2020-07-21,2020-07-22T17:00:00+05:30,2020-07-22 22:00:00+05:30,2020-07-28 13:00:00+05:30,LONG,50212.0,50220.0,51939.812179126755,174.5625053237821,49870.87498935244,51949.812179126755,52585.0,49559.0,47613.037442226,43187.09152037835,True,49011.40100296081,48523.41097973459,77.8987708002387,238.94453747273698,487.99002322622255,35.841680620910545,True,50135.0,50135.0,50005.0,True,349.1250106475636,1719.812179126755,17198.12179126755,140.6469911340542,17057.474800133496,4.88577852629205,68408.44483215584,68408.44483215584,0.0,intrabar_stop,51,50,200,50,100,55,20,0.15,14,2.0,3.5,10,100,10
64,2020-07-28 20:00:00+05:30,2020-07-28,2020-07-27,2020-07-28T13:00:00+05:30,2020-07-28 21:00:00+05:30,2020-08-07 18:00:00+05:30,LONG,52668.0,52677.0,55804.44032054547,259.7620472624651,52157.47590547507,55814.44032054547,56499.0,52227.0,48127.12493952241,43495.96667173376,True,50099.741321513895,49259.431630078,77.85232062369953,363.59284632495655,840.3096914358975,54.53892694874348,True,52585.0,52585.0,52484.0,True,519.5240945249316,3127.440320545473,31274.403205454728,146.94995431046706,31127.45325114426,5.991532169380544,99535.8980833001,99535.8980833001,0.0,intrabar_stop,117,50,200,50,100,55,20,0.15,14,2.0,3.5,10,100,10
65,2020-08-18 18:00:00+05:30,2020-08-18,2020-08-17,2020-08-18T13:00:00+05:30,2020-08-18 19:00:00+05:30,2020-08-18 19:00:00+05:30,LONG,54099.0,54117.0,53651.74904845126,227.62547577437152,53661.74904845126,53661.74904845126,54117.0,53435.0,50648.46924627971,44922.50877054013,True,53223.444302748416,52336.038975522395,56.86970138698804,583.2098926635014,887.4053272260207,87.4814838995252,True,54089.0,54315.0,54025.0,True,455.25095154874,-465.25095154874,-4652.5095154874,144.8657683803933,-4797.375283867793,-1.0537869866163645,94738.5227994323,99535.8980833001,-4797.37528386779,intrabar_stop,0,50,200,50,100,55,20,0.15,14,2.0,3.5,10,100,10
66,2020-11-05 20:00:00+05:30,2020-11-05,2020-11-04,2020-11-05T13:00:00+05:30,2020-11-05 21:00:00+05:30,2020-11-09 17:00:00+05:30,LONG,51996.0,52000.0,51930.61204140754,187.45783629100242,51625.08432741799,51940.61204140754,52530.0,50890.0,50839.61890111303,47513.26531522219,True,50912.92864821088,50856.31361056132,58.33493796151404,313.2399915357633,56.61503764955705,46.98599873036449,True,51673.0,51673.0,51655.0,True,374.91567258200666,-69.38795859245874,-693.8795859245874,141.53916193792026,-835.4187478625076,-0.2228284408888704,93903.1040515698,99535.8980833001,-5632.7940317303,intrabar_stop,26,50,200,50,100,55,20,0.15,14,2.0,3.5,10,100,10
67,2021-01-04 09:00:00+05:30,2021-01-04,2021-01-01,2021-01-01T13:00:00+05:30,2021-01-04 10:00:00+05:30,2021-01-06 18:00:00+05:30,LONG,50790.0,50800.0,51389.15973634864,110.83725393059908,50578.3254921388,51399.15973634864,51857.0,50266.0,49946.89211416258,48295.43431908376,True,49846.77758617057,49790.37634689314,61.35537145118362,225.4518529929997,56.40123927742388,33.81777794894995,True,50318.0,50318.0,50280.0,True,221.67450786120025,589.1597363486435,5891.597363486435,140.2213771519493,5751.375986334486,2.5945139302782008,99654.48003790429,99654.48003790429,0.0,intrabar_stop,38,50,200,50,100,55,20,0.15,14,2.0,3.5,10,100,10
68,2021-11-11 14:00:00+05:30,2021-11-11,2021-11-10,2021-11-11T09:00:00+05:30,2021-11-11 15:00:00+05:30,2021-11-12 14:00:00+05:30,LONG,49290.0,49290.0,48999.11893188691,140.44053405654532,49009.11893188691,49009.11893188691,49335.0,48857.0,47360.5769739702,47356.719994094885,True,47887.65799169467,47581.544033745435,73.61002604763652,257.5634412411397,306.1139579492374,38.63451618617095,True,49244.0,49244.0,49225.0,True,280.8810681130926,-290.8810681130926,-2908.8106811309262,136.32820178052944,-3045.1388829114558,-1.084138173985217,96609.34115499283,99654.48003790429,-3045.1388829114585,intrabar_stop,14,50,200,50,100,55,20,0.15,14,2.0,3.5,10,100,10
69,2021-11-15 18:00:00+05:30,2021-11-15,2021-11-12,2021-11-15T13:00:00+05:30,2021-11-15 19:00:00+05:30,2021-11-16 19:00:00+05:30,LONG,49369.0,49382.0,49207.117858754355,111.4517955919222,49159.096408816156,49217.117858754355,49579.0,49277.0,47505.33768339195,47394.06466389822,True,48283.496539796404,47847.49618670093,67.20169104364454,242.89407886534065,436.0003530954709,36.4341118298011,True,49349.0,49349.0,49254.0,True,222.90359118384367,-174.88214124564547,-1748.8214124564547,136.64699437689353,-1885.4684068333481,-0.845867218567275,94723.87274815948,99654.48003790429,-4930.607289744803,intrabar_stop,15,50,200,50,100,55,20,0.15,14,2.0,3.5,10,100,10
70,2021-12-17 13:00:00+05:30,2021-12-17,2021-12-16,2021-12-17T09:00:00+05:30,2021-12-17 14:00:00+05:30,2021-12-20 13:00:00+05:30,LONG,48568.0,48582.0,48362.495422154505,104.75228892274795,48372.495422154505,48372.495422154505,48638.0,48407.0,47804.13611121834,47529.96115259704,True,47994.239283733266,47967.33483473225,73.05787022474222,179.00723444441562,26.904449001012836,26.85108516666234,True,48550.0,48428.0,48527.0,False,209.50457784549508,-219.50457784549508,-2195.045778454951,135.13586112226963,-2330.1816395772203,-1.1122342354235701,92393.69110858226,99654.48003790429,-7260.788929322021,intrabar_stop,14,50,200,50,100,55,20,0.15,14,2.0,3.5,10,100,10
71,2022-01-24 14:00:00+05:30,2022-01-24,2022-01-21,2022-01-24T09:00:00+05:30,2022-01-24 15:00:00+05:30,2022-01-24 20:00:00+05:30,LONG,48577.0,48587.0,48397.32681728807,89.8365913559631,48407.32681728807,48407.32681728807,48587.0,48243.0,47883.184659968705,47619.852153944885,True,48012.81949160803,47949.77002823237,63.92454672654127,157.9509817806366,63.04946337566071,23.692647267095488,True,48538.0,48538.0,48508.0,True,179.67318271192926,-189.67318271192926,-1896.7318271192926,135.18395979047645,-2031.915786909769,-1.1308954159105356,90361.7753216725,99654.48003790429,-9292.70471623179,intrabar_stop,5,50,200,50,100,55,20,0.15,14,2.0,3.5,10,100,10
72,2022-01-25 10:00:00+05:30,2022-01-25,2022-01-24,2022-01-24T21:00:00+05:30,2022-01-25 11:00:00+05:30,2022-01-27 09:00:00+05:30,LONG,48645.0,48654.0,48554.21935266728,100.61943193960303,48452.7611361208,48564.21935266728,48888.0,48537.0,47908.824477224836,47628.97800315937,True,48062.92629809194,47979.20874057565,66.09143202017714,169.96221099564818,83.71755751629098,25.494331649347227,True,48597.0,48597.0,48579.0,True,201.23886387920356,-99.78064733272186,-997.8064733272186,135.42320674890175,-1133.2296800761203,-0.5631266536847263,89228.54564159637,99654.48003790429,-10425.934396307915,intrabar_stop,13,50,200,50,100,55,20,0.15,14,2.0,3.5,10,100,10
73,2022-02-09 10:00:00+05:30,2022-02-09,2022-02-08,2022-02-08T21:00:00+05:30,2022-02-09 11:00:00+05:30,2022-02-10 19:00:00+05:30,LONG,48405.0,48415.0,48484.36891829895,72.56012182444897,48269.8797563511,48494.36891829895,48729.0,48345.0,47954.274645452606,47668.82494910714,True,48033.88762336442,48003.40868107907,64.4768270289317,164.0205446742138,30.47894228535006,24.60308170113207,True,48394.0,48361.0,48333.0,True,145.12024364889658,69.36891829894739,693.6891829894739,135.21043655775668,558.4787464317172,0.38483862236539434,89787.02438802809,99654.48003790429,-9867.455649876196,intrabar_stop,23,50,200,50,100,55,20,0.15,14,2.0,3.5,10,100,10
74,2022-02-10 20:00:00+05:30,2022-02-10,2022-02-09,2022-02-10T13:00:00+05:30,2022-02-10 21:00:00+05:30,2022-02-11 12:00:00+05:30,LONG,48773.0,48788.0,48584.50684312689,96.7465784365559,48594.50684312689,48594.50684312689,48936.0,48575.0,47978.616816219175,47677.84161628021,True,48141.5616742392,48063.50210446903,71.69626712180276,153.20861500873326,78.05956977017195,22.981292251309988,True,48699.0,48699.0,48648.0,True,193.49315687311173,-203.49315687311173,-2034.9315687311173,135.5308915006731,-2170.4624602317904,-1.1217256957852668,87616.5619277963,99654.48003790429,-12037.918110107988,intrabar_stop,6,50,200,50,100,55,20,0.15,14,2.0,3.5,10,100,10
75,2022-02-11 22:00:00+05:30,2022-02-11,2022-02-10,2022-02-11T17:00:00+05:30,2022-02-11 23:00:00+05:30,2022-02-15 13:00:00+05:30,LONG,49018.0,49027.0,49810.13807789461,109.69365923427866,48807.61268153144,49820.13807789461,50250.0,48867.0,48013.455372445875,47689.674038008765,True,48257.02941741379,48131.508766593055,69.30037108315622,189.11106103936902,125.52065082073386,28.366659155905353,True,48936.0,48936.0,48859.0,True,219.38731846855808,783.1380778946113,7831.380778946113,137.2553998631246,7694.125379082989,3.507096687626312,95310.68730687929,99654.48003790429,-4343.792731024994,intrabar_stop,20,50,200,50,100,55,20,0.15,14,2.0,3.5,10,100,10
76,2022-02-17 23:00:00+05:30,2022-02-17,2022-02-16,2022-02-17T17:00:00+05:30,2022-02-18 09:00:00+05:30,2022-02-22 15:00:00+05:30,LONG,50261.0,49932.0,50085.03603809079,162.75561133927252,49606.48877732146,50095.03603809079,50577.0,49546.0,48224.0332073698,47758.054181707295,True,48890.03282179925,48529.84377801751,71.89975634829206,278.1456930781694,360.18904378174193,41.72185396172541,True,50250.0,50250.0,50230.0,True,325.51122267854225,153.03603809078777,1530.3603809078777,138.074682797102,1392.2856981107757,0.4277227945181244,96702.97300499007,99654.48003790429,-2951.507032914218,intrabar_stop,36,50,200,50,100,55,20,0.15,14,2.0,3.5,10,100,10
77,2022-02-24 09:00:00+05:30,2022-02-24,2022-02-23,2022-02-23T21:00:00+05:30,2022-02-24 10:00:00+05:30,2022-02-24 20:00:00+05:30,LONG,51308.0,51343.0,51698.359631062114,204.59340100236005,50933.81319799528,51708.359631062114,52635.0,50226.0,48572.237536892804,47874.43409374926,True,49468.026540449784,48970.07803377939,58.851590641010134,272.3016653010275,497.9485066703928,40.845249795154125,True,50577.0,50577.0,50235.0,True,409.18680200471863,355.3596310621142,3553.596310621142,140.90163757023663,3412.6946730509053,0.8340187553291494,100115.66767804098,100115.66767804098,0.0,intrabar_stop,10,50,200,50,100,55,20,0.15,14,2.0,3.5,10,100,10
78,2022-03-04 20:00:00+05:30,2022-03-04,2022-03-03,2022-03-04T13:00:00+05:30,2022-03-04 21:00:00+05:30,2022-03-07 18:00:00+05:30,LONG,52297.0,52301.0,53127.22469290673,176.36708665594114,51948.26582668812,53137.22469290673,53938.0,51754.0,49124.12528747559,48064.667369107294,True,50646.8397022986,49871.150488712796,61.659658413099876,448.51074068422076,775.689213585807,67.27661110263311,True,52097.0,52069.0,52058.0,True,352.734173311881,826.2246929067333,8262.246929067333,143.25720933382814,8118.989719733504,2.3017304060740504,108234.65739777448,108234.65739777448,0.0,intrabar_stop,12,50,200,50,100,55,20,0.15,14,2.0,3.5,10,100,10
79,2022-03-08 12:00:00+05:30,2022-03-08,2022-03-07,2022-03-07T21:00:00+05:30,2022-03-08 13:00:00+05:30,2022-03-08 23:00:00+05:30,LONG,54038.0,54062.0,54096.622654013525,295.77101515545905,53470.45796968908,54106.622654013525,55428.0,53461.0,49421.884204240254,48162.18381931185,True,51192.5808864024,50246.29444139561,70.27050567318278,523.2616714670417,946.2864450067937,78.48925072005625,True,53938.0,53938.0,53689.0,True,591.5420303109204,34.62265401352488,346.2265401352488,145.4197152589966,200.8068248762522,0.03394633256587129,108435.46422265074,108435.46422265074,0.0,intrabar_stop,10,50,200,50,100,55,20,0.15,14,2.0,3.5,10,100,10
80,2022-04-08 19:00:00+05:30,2022-04-08,2022-04-07,2022-04-08T13:00:00+05:30,2022-04-08 20:00:00+05:30,2022-04-11 19:00:00+05:30,LONG,51923.0,51935.0,52045.97848521997,117.42306802719283,51700.15386394561,52055.97848521997,52521.0,51681.0,50767.52918702181,48898.07951134576,True,51488.860859193715,51378.074375150194,56.040214042759445,215.79983364049116,110.78648404352134,32.36997504607367,True,51760.0,51760.0,51740.0,True,234.8461360543879,110.97848521996639,1109.7848521996639,141.65704023909802,968.1278119605659,0.4122391912534416,109403.59203461131,109403.59203461131,0.0,intrabar_stop,14,50,200,50,100,55,20,0.15,14,2.0,3.5,10,100,10
81,2022-04-12 18:00:00+05:30,2022-04-12,2022-04-11,2022-04-12T13:00:00+05:30,2022-04-12 19:00:00+05:30,2022-04-14 19:00:00+05:30,LONG,52635.0,52645.0,52490.626762470354,151.2063337986446,52342.58733240271,52500.626762470354,52925.0,51985.0,50856.208988096645,48957.91462411336,True,51662.20742042147,51487.07799245808,67.1180706823134,261.1194813625436,175.12942796339485,39.16792220438153,True,52521.0,52521.0,52375.0,True,302.4126675972875,-154.37323752964585,-1543.7323752964585,142.599297092776,-1686.3316723892344,-0.5576260034962768,107717.26036222208,109403.59203461131,-1686.3316723892349,intrabar_stop,22,50,200,50,100,55,20,0.15,14,2.0,3.5,10,100,10
82,2022-04-18 09:00:00+05:30,2022-04-18,2022-04-14,2022-04-14T21:00:00+05:30,2022-04-18 10:00:00+05:30,2022-04-19 09:00:00+05:30,LONG,53163.0,53173.0,52990.0,168.81009077727958,52835.37981844544,53003.46796579889,53478.0,52793.0,51073.22739550085,49070.69166246109,True,51961.58144574408,51674.30263343048,69.24257336997603,266.44890344885016,287.2788123135979,39.96733551732752,True,52925.0,52925.0,52825.0,True,337.62018155455735,-183.0,-1830.0,143.52068074,-1973.52068074,-0.584538717932385,105743.73968148208,109403.59203461131,-3659.8523531292303,gap_stop,14,50,200,50,100,55,20,0.15,14,2.0,3.5,10,100,10
83,2022-08-04 13:00:00+05:30,2022-08-04,2022-08-03,2022-08-04T09:00:00+05:30,2022-08-04 14:00:00+05:30,2022-08-05 18:00:00+05:30,LONG,51930.0,51937.0,51745.23045259596,126.41967268866601,51684.16065462267,51755.23045259596,52120.0,51341.0,50879.33694432435,50075.71494339881,True,51032.650211839034,50918.8096704122,70.59880413226543,248.89327358121906,113.84054142683453,37.333991037182855,True,51899.0,51899.0,51863.0,True,252.83934537733148,-191.76954740403744,-1917.6954740403744,141.26468378738647,-2058.9601578277607,-0.8143353459308388,103684.77952365432,109403.59203461131,-5718.8125109569955,intrabar_stop,19,50,200,50,100,55,20,0.15,14,2.0,3.5,10,100,10
84,2022-08-08 17:00:00+05:30,2022-08-08,2022-08-05,2022-08-08T13:00:00+05:30,2022-08-08 18:00:00+05:30,2022-08-10 19:00:00+05:30,LONG,52129.0,52130.0,52162.34002248116,102.52140167736337,51924.95719664527,52172.34002248116,52485.0,51828.0,50960.459055487416,50112.550517896496,True,51310.99187113378,51089.31969903096,67.9725242076765,229.51416985968888,221.67217210282251,34.42712547895333,True,52120.0,52120.0,52050.0,True,205.04280335472868,32.34002248116303,323.4002248116303,141.9082949026049,181.49192990902543,0.08851416725659973,103866.27145356334,109403.59203461131,-5537.32058104797,intrabar_stop,23,50,200,50,100,55,20,0.15,14,2.0,3.5,10,100,10
85,2022-11-08 20:00:00+05:30,2022-11-08,2022-11-07,2022-11-07T21:00:00+05:30,2022-11-08 21:00:00+05:30,2022-11-15 20:00:00+05:30,LONG,51385.0,51397.0,52518.25898071248,148.82876307833934,51099.342473843324,52528.25898071248,52850.0,50901.0,50497.26303381148,50332.3350650154,True,50467.87289061535,50429.717416977466,62.575681947941334,214.97278499053283,38.155473637882096,32.24591774857992,True,51029.0,51029.0,50727.0,True,297.6575261566759,1121.2589807124823,11212.589807124823,142.0014804415923,11070.588326683232,3.719236825497261,114936.85978024657,114936.85978024657,0.0,intrabar_stop,74,50,200,50,100,55,20,0.15,14,2.0,3.5,10,100,10
86,2022-11-16 13:00:00+05:30,2022-11-16,2022-11-15,2022-11-16T09:00:00+05:30,2022-11-16 14:00:00+05:30,2022-11-17 09:00:00+05:30,LONG,52877.0,52887.0,52695.72151928481,95.10797452627395,52696.784050947455,52705.72151928481,52999.0,52545.0,50842.03312735322,50434.80293786367,True,51528.37462360409,51072.237175963004,75.62039154216785,231.74815383377737,456.1374476410856,34.7622230750666,True,52850.0,52850.0,52805.0,True,190.2159490525446,-191.2784807151911,-1912.784807151911,142.99048809279415,-2055.7752952447054,-1.0807586353743792,112881.08448500186,114936.85978024657,-2055.7752952447045,intrabar_stop,10,50,200,50,100,55,20,0.15,14,2.0,3.5,10,100,10
87,2022-12-01 09:00:00+05:30,2022-12-01,2022-11-30,2022-11-30T21:00:00+05:30,2022-12-01 10:00:00+05:30,2022-12-02 19:00:00+05:30,LONG,53027.0,53037.0,53293.09997806681,116.67548564177756,52803.64902871644,53303.09997806681,53599.0,52672.0,51405.177273183814,50642.665397984245,True,52294.69877952617,51875.204572440314,57.00886609177873,196.63275238863537,419.4942070858524,29.494912858295304,True,52862.0,52862.0,52655.0,True,233.35097128355847,256.0999780668135,2560.999780668135,143.84804416931183,2417.151736498823,1.035843872088109,115298.23622150069,115298.23622150069,0.0,intrabar_stop,24,50,200,50,100,55,20,0.15,14,2.0,3.5,10,100,10
88,2022-12-05 09:00:00+05:30,2022-12-05,2022-12-02,2022-12-02T21:00:00+05:30,2022-12-05 10:00:00+05:30,2022-12-05 20:00:00+05:30,LONG,53801.0,53818.0,53581.04350334717,113.47824832641201,53591.04350334717,53591.04350334717,53895.0,53523.0,51569.003703542614,50699.95644725562,True,52594.4680490344,52098.25259849144,68.58755666569158,226.318647741887,496.2154505429644,33.94779716128305,True,53599.0,53599.0,53555.0,True,226.9564966528269,-236.9564966528269,-2369.564966528269,144.62140092150804,-2514.186367449777,-1.1077833877986332,112784.04985405091,115298.23622150069,-2514.1863674497727,intrabar_stop,10,50,200,50,100,55,20,0.15,14,2.0,3.5,10,100,10
89,2022-12-09 09:00:00+05:30,2022-12-09,2022-12-08,2022-12-08T21:00:00+05:30,2022-12-09 10:00:00+05:30,2022-12-09 13:00:00+05:30,LONG,53926.0,53938.0,53730.71710926663,98.64144536668444,53740.71710926663,53740.71710926663,53938.0,53741.0,51858.870845550075,50810.638246606955,True,53065.07083019144,52504.47371962297,61.25357039389438,202.67973684796323,560.597110568473,30.401960527194483,True,53895.0,53895.0,53717.0,True,197.28289073336782,-207.28289073336782,-2072.828907333678,144.87812860457856,-2217.707035938257,-1.1241253753400933,110566.34281811265,115298.23622150069,-4731.893403388036,intrabar_stop,3,50,200,50,100,55,20,0.15,14,2.0,3.5,10,100,10
90,2022-12-09 17:00:00+05:30,2022-12-09,2022-12-08,2022-12-09T13:00:00+05:30,2022-12-09 18:00:00+05:30,2022-12-12 09:00:00+05:30,LONG,53968.0,53972.0,53774.47529841494,93.76235079252928,53784.47529841494,53784.47529841494,54085.0,53741.0,51858.870845550075,50810.638246606955,True,53125.689759050234,52557.34054759579,66.18933380568974,204.95854860870298,568.3492114544424,30.743782291305447,True,53930.0,53930.0,53923.0,True,187.52470158506185,-197.52470158506185,-1975.2470158506185,144.95263476082079,-2120.199650611439,-1.1306241965406938,108446.14316750121,115298.23622150069,-6852.093053999473,intrabar_stop,6,50,200,50,100,55,20,0.15,14,2.0,3.5,10,100,10
91,2022-12-13 19:00:00+05:30,2022-12-13,2022-12-12,2022-12-13T13:00:00+05:30,2022-12-13 20:00:00+05:30,2022-12-15 09:00:00+05:30,LONG,54441.0,54439.0,54063.0,121.20770786875556,54196.58458426249,54241.7995057678,54567.0,53791.0,52013.42979629593,50871.220197615956,True,53335.01616900455,52754.37231759139,62.24990990365932,187.93759391971722,580.6438514131587,28.19063908795758,True,54085.0,54085.0,53993.0,True,242.41541573750874,-376.0,-3760.0,145.56724596,-3905.56724596,-1.6111051494303523,104540.57592154121,115298.23622150069,-10757.660299959476,gap_stop,19,50,200,50,100,55,20,0.15,14,2.0,3.5,10,100,10
92,2022-12-21 18:00:00+05:30,2022-12-21,2022-12-20,2022-12-21T13:00:00+05:30,2022-12-21 19:00:00+05:30,2022-12-22 12:00:00+05:30,LONG,54719.0,54730.0,54521.8311359003,99.08443204985016,54531.8311359003,54531.8311359003,54849.0,54541.0,52471.2489299451,51062.67924250743,True,53865.12377151401,53298.47072402002,65.91669684681428,211.3939804405246,566.6530474939864,31.709097066078687,True,54680.0,54650.0,54590.0,True,198.16886409970175,-208.16886409970175,-2081.6886409970175,146.3152100891349,-2228.0038510861523,-1.124295615866885,102312.57207045506,115298.23622150069,-12985.664151045625,intrabar_stop,8,50,200,50,100,55,20,0.15,14,2.0,3.5,10,100,10
93,2023-01-02 09:00:00+05:30,2023-01-02,2022-12-30,2022-12-30T21:00:00+05:30,2023-01-02 10:00:00+05:30,2023-01-03 21:00:00+05:30,LONG,55014.0,55013.0,55300.321000399235,119.26174850845635,54774.47650298309,55310.321000399235,55670.0,54779.0,53008.73637534264,51321.168545461194,True,54259.528253004064,53800.21633628729,63.87388767259697,200.736301944911,459.31191671677516,30.110445291736646,True,54880.0,54880.0,54715.0,True,238.52349701691128,287.32100039923534,2873.2100039923534,147.4772176021022,2725.732786390251,1.1427523160106097,105038.30485684531,115298.23622150069,-10259.931364655378,intrabar_stop,26,50,200,50,100,55,20,0.15,14,2.0,3.5,10,100,10
94,2023-01-04 12:00:00+05:30,2023-01-04,2023-01-03,2023-01-03T21:00:00+05:30,2023-01-04 13:00:00+05:30,2023-01-05 13:00:00+05:30,LONG,55758.0,55760.0,55504.91902695093,122.54048652453588,55514.91902695093,55514.91902695093,55870.0,55400.0,53178.93196355159,51398.3594853793,True,54530.49662103122,54013.24035614444,72.09941121511888,216.18902463482962,517.2562648867824,32.428353695224445,True,55670.0,55670.0,55665.0,True,245.08097304907278,-255.08097304907278,-2550.809730490728,148.12428878887127,-2698.934019279599,-1.1012417592854868,102339.37083756572,115298.23622150069,-12958.865383934972,intrabar_stop,15,50,200,50,100,55,20,0.15,14,2.0,3.5,10,100,10
95,2023-01-09 09:00:00+05:30,2023-01-09,2023-01-06,2023-01-06T21:00:00+05:30,2023-01-09 10:00:00+05:30,2023-01-10 13:00:00+05:30,LONG,55936.0,55940.0,55706.31071495157,145.535345716278,55648.92930856744,55716.31071495157,56070.0,55628.0,53442.16568725364,51519.78506469172,True,54904.120327112905,54334.3976990628,63.00848189349006,228.36212492931574,569.7226280501054,34.25431873939736,True,55870.0,55870.0,55630.0,True,291.0706914325565,-233.68928504842916,-2336.8928504842916,148.47914148894236,-2485.371991973234,-0.8538722946446552,99853.99884559248,115298.23622150069,-15444.237375908211,intrabar_stop,18,50,200,50,100,55,20,0.15,14,2.0,3.5,10,100,10
96,2023-01-13 22:00:00+05:30,2023-01-13,2023-01-12,2023-01-13T17:00:00+05:30,2023-01-13 23:00:00+05:30,2023-01-18 09:00:00+05:30,LONG,56183.0,56193.0,56182.87735201477,110.16572532456448,55972.66854935087,56192.87735201477,56460.0,55801.0,53778.879565595395,51684.44140857125,True,55385.613376861205,54799.87827070462,65.15223541100306,215.2022190776059,585.735106156586,32.28033286164088,True,56150.0,56123.0,56119.0,True,220.3314506491297,-10.12264798522665,-101.2264798522665,149.23100005888827,-250.45747991115476,-0.11367304993148697,99603.54136568132,115298.23622150069,-15694.694855819369,intrabar_stop,31,50,200,50,100,55,20,0.15,14,2.0,3.5,10,100,10
97,2023-01-20 09:00:00+05:30,2023-01-20,2023-01-19,2023-01-19T21:00:00+05:30,2023-01-20 10:00:00+05:30,2023-01-23 19:00:00+05:30,LONG,56565.0,56575.0,56487.31771354848,98.07588727272565,56378.848225454545,56497.31771354848,56768.0,56443.0,54240.17236729891,51910.6142290087,True,55853.755477433406,55241.95925236292,64.9921473341023,176.2169751654202,611.7962250704877,26.432546274813028,True,56492.0,56492.0,56470.0,True,196.15177454545483,-87.68228645151976,-876.8228645151976,149.8232503229671,-1026.6461148381647,-0.5233937430427157,98576.89525084315,115298.23622150069,-16721.340970657533,intrabar_stop,24,50,200,50,100,55,20,0.15,14,2.0,3.5,10,100,10
98,2023-01-24 09:00:00+05:30,2023-01-24,2023-01-23,2023-01-23T21:00:00+05:30,2023-01-24 10:00:00+05:30,2023-01-24 20:00:00+05:30,LONG,56917.0,56935.0,56707.430984461964,108.78450776901818,56717.430984461964,56717.430984461964,57000.0,56705.0,54424.57741402718,52004.21044238939,True,56070.00000316184,55449.1013275291,67.58800260715583,182.16298911768547,620.8986756327431,27.32444836765282,True,56799.0,56768.0,56760.0,True,217.56901553803618,-227.56901553803618,-2275.690155380362,150.29402687905656,-2425.9841822594185,-1.115041209457189,96150.91106858374,115298.23622150069,-19147.32515291695,intrabar_stop,10,50,200,50,100,55,20,0.15,14,2.0,3.5,10,100,10
99,2023-02-01 11:00:00+05:30,2023-02-01,2023-01-31,2023-01-31T21:00:00+05:30,2023-02-01 12:00:00+05:30,2023-02-02 20:00:00+05:30,LONG,57028.0,57044.0,57990.812374018955,118.09752230799005,56807.80495538402,58000.812374018955,58525.0,56910.0,54862.37018770869,52240.04186329252,True,56454.94207940058,55885.49553881219,57.13497951532625,221.09031129138606,569.4465405883893,33.16354669370791,True,57001.0,57001.0,56953.0,True,236.19504461598262,946.8123740189549,9468.123740189549,152.0280338889693,9316.095706300579,3.9442384244119686,105467.00677488431,115298.23622150069,-9831.229446616373,intrabar_stop,23,50,200,50,100,55,20,0.15,14,2.0,3.5,10,100,10
100,2023-03-15 16:00:00+05:30,2023-03-15,2023-03-14,2023-03-15T09:00:00+05:30,2023-03-15 17:00:00+05:30,2023-03-20 16:00:00+05:30,LONG,57862.0,57871.0,59402.79269973368,193.8764851011752,57483.24702979765,59412.79269973368,60320.0,57417.0,55776.397914484915,53278.883736764095,True,56155.73482918465,56105.538890778385,72.43825057866376,319.52187189662465,50.19593840626476,47.928280784493694,True,57678.0,57678.0,57621.0,True,387.752970202353,1531.7926997336835,15317.926997336835,154.29497537539766,15163.632021961437,3.9106423901919136,120630.63879684576,120630.63879684576,0.0,intrabar_stop,44,50,200,50,100,55,20,0.15,14,2.0,3.5,10,100,10
101,2023-04-03 19:00:00+05:30,2023-04-03,2023-03-31,2023-04-03T13:00:00+05:30,2023-04-03 20:00:00+05:30,2023-04-05 20:00:00+05:30,LONG,59836.0,59843.0,60289.356355476826,161.01734635342592,59520.96530729315,60299.356355476826,60935.0,59385.0,57066.6936919128,53967.88448960514,True,58694.25397564822,57961.484875152535,60.38619308894428,334.7042910987328,732.7691004956869,50.20564366480992,True,59769.0,59769.0,59610.0,True,322.0346927068531,446.35635547682614,4463.563554768261,156.45631946583657,4307.107235302425,1.3374668421899398,124937.74603214818,124937.74603214818,0.0,intrabar_stop,22,50,200,50,100,55,20,0.15,14,2.0,3.5,10,100,10
102,2023-04-13 18:00:00+05:30,2023-04-13,2023-04-12,2023-04-13T13:00:00+05:30,2023-04-13 19:00:00+05:30,2023-04-14 18:00:00+05:30,LONG,60945.0,60937.0,60628.96440565377,149.01779717311476,60638.96440565377,60638.96440565377,61142.0,60404.0,57844.55074825075,54392.50158621565,True,59757.426657215074,58922.688560489216,62.95743864453695,302.6695990810535,834.7380967258578,45.400439862158024,True,60935.0,60935.0,60735.0,True,298.0355943462273,-308.0355943462273,-3080.355943462273,157.45625012330703,-3237.81219358558,-1.086384396698678,121699.9338385626,124937.74603214818,-3237.8121935855743,intrabar_stop,6,50,200,50,100,55,20,0.15,14,2.0,3.5,10,100,10
103,2023-05-02 21:00:00+05:30,2023-05-02,2023-05-01,2023-05-02T17:00:00+05:30,2023-05-02 22:00:00+05:30,2023-05-05 16:00:00+05:30,LONG,60666.0,60675.0,61202.612826560275,162.1695849139998,60350.660830172,61212.612826560275,61775.0,59979.0,58761.92438348061,55091.50741129691,True,60014.72868933116,59642.955263723365,61.07661853921464,311.2371667402049,371.7734256077965,46.68557501103073,True,60550.0,60449.0,60510.0,False,324.3391698280029,527.6128265602747,5276.128265602747,158.0734800248843,5118.054785577862,1.5779946616660476,126817.98862414046,126817.98862414046,0.0,intrabar_stop,39,50,200,50,100,55,20,0.15,14,2.0,3.5,10,100,10
104,2023-07-20 09:00:00+05:30,2023-07-20,2023-07-19,2023-07-19T21:00:00+05:30,2023-07-20 10:00:00+05:30,2023-07-20 18:00:00+05:30,LONG,59805.0,59825.0,59605.05146707626,104.97426646186993,59615.05146707626,59615.05146707626,59825.0,59683.0,59076.89861433477,56960.80618592807,True,59018.24036567976,58975.21611848187,67.70905129385721,193.7561972678039,43.02424719789269,29.063429590170585,True,59767.0,59767.0,59666.0,True,209.9485329237432,-219.9485329237432,-2199.485329237432,155.5521187179064,-2355.0374479553384,-1.1217213167241933,124462.95117618512,126817.98862414046,-2355.037447955343,intrabar_stop,8,50,200,50,100,55,20,0.15,14,2.0,3.5,10,100,10
105,2023-07-31 22:00:00+05:30,2023-07-31,2023-07-28,2023-07-31T17:00:00+05:30,2023-07-31 23:00:00+05:30,2023-08-01 18:00:00+05:30,LONG,59569.0,59584.0,59398.18503279186,109.25003244913681,59365.499935101725,59408.18503279186,59756.0,59288.0,59103.23788367107,57111.3935567755,True,59169.95236366227,59097.652654458936,57.127937368836605,217.68769257217062,72.2997092033329,32.65315388582559,True,59550.0,59538.0,59530.0,True,218.500064898275,-185.81496720814175,-1858.1496720814175,155.15911837919109,-2013.3087904606086,-0.9214225137177536,122449.64238572451,126817.98862414046,-4368.34623841595,intrabar_stop,10,50,200,50,100,55,20,0.15,14,2.0,3.5,10,100,10
106,2023-10-19 22:00:00+05:30,2023-10-19,2023-10-18,2023-10-19T17:00:00+05:30,2023-10-19 23:00:00+05:30,2023-10-23 09:00:00+05:30,LONG,59861.0,59874.0,60090.0,135.90194224206653,59602.196115515864,60222.1693722386,60740.0,59680.0,58403.75396622626,57697.134373412475,True,58369.808428981516,58269.42492430217,76.95215088394136,257.38302004330836,100.38350467934652,38.60745300649625,True,59846.0,59846.0,59633.0,True,271.8038844841358,216.0,2160.0,156.21131272000002,2003.78868728,0.7372185614944565,124453.43107300451,126817.98862414046,-2364.5575511359493,gap_stop,16,50,200,50,100,55,20,0.15,14,2.0,3.5,10,100,10
107,2023-10-26 09:00:00+05:30,2023-10-26,2023-10-25,2023-10-25T21:00:00+05:30,2023-10-26 10:00:00+05:30,2023-10-26 18:00:00+05:30,LONG,60820.0,60828.0,60523.76425288439,147.11787355780183,60533.76425288439,60533.76425288439,60880.0,60652.0,58757.355838487616,57826.313168610635,True,59273.38083007674,58813.09349965115,71.02318499757361,292.07954962287494,460.2873304255918,43.81193244343124,True,60740.0,60740.0,60645.0,True,294.2357471156065,-304.2357471156065,-3042.357471156065,157.26328060748773,-3199.6207517635526,-1.0874344069778876,121253.81032124096,126817.98862414046,-5564.178302899498,intrabar_stop,8,50,200,50,100,55,20,0.15,14,2.0,3.5,10,100,10
108,2023-10-27 23:00:00+05:30,2023-10-27,2023-10-26,2023-10-27T17:00:00+05:30,2023-10-30 09:00:00+05:30,2023-10-31 21:00:00+05:30,LONG,61014.0,60962.0,61086.04896717012,127.78415333576855,60706.431693328464,61096.04896717012,61480.0,60735.0,58834.9105114881,57855.2553261369,True,59618.78756864939,59058.114207440485,64.23997331940203,257.33411667885844,560.6733612089083,38.60011750182876,True,60880.0,60880.0,60835.0,True,255.56830667153554,124.04896717012161,1240.4896717012161,158.06680708807917,1082.4228646131369,0.4235356405144167,122336.2331858541,126817.98862414046,-4481.75543828636,intrabar_stop,27,50,200,50,100,55,20,0.15,14,2.0,3.5,10,100,10
109,2023-11-17 14:00:00+05:30,2023-11-17,2023-11-16,2023-11-17T09:00:00+05:30,2023-11-17 15:00:00+05:30,2023-11-17 20:00:00+05:30,LONG,60910.0,60911.0,60687.40265455726,106.79867272136914,60697.40265455726,60697.40265455726,60957.0,60654.0,59585.27489643184,58241.56273567647,True,60255.60082804308,59974.490023444436,62.50499796858442,250.8842421166624,281.1108045986475,37.632636317499355,True,60800.0,60800.0,60750.0,True,213.5973454427367,-223.5973454427367,-2235.973454427367,157.51947870410783,-2393.4929331314747,-1.1205630520221732,119942.74025272262,126817.98862414046,-6875.248371417838,intrabar_stop,5,50,200,50,100,55,20,0.15,14,2.0,3.5,10,100,10
110,2023-11-21 09:00:00+05:30,2023-11-21,2023-11-20,2023-11-20T21:00:00+05:30,2023-11-21 10:00:00+05:30,2023-11-22 20:00:00+05:30,LONG,60980.0,60990.0,61020.035005410624,122.3050030132754,60745.38999397345,61030.035005410624,61360.0,60657.0,59668.47482750206,58289.59886872909,True,60357.5759862365,60066.10452159413,58.29978854167073,230.12262117280065,291.4714646423745,34.518393175920096,True,60957.0,60957.0,60684.0,True,244.61000602655258,30.035005410623853,300.35005410623853,157.994685586377,142.35536851986154,0.058196870533746184,120085.09562124248,126817.98862414046,-6732.893002897981,intrabar_stop,25,50,200,50,100,55,20,0.15,14,2.0,3.5,10,100,10
111,2023-11-24 23:00:00+05:30,2023-11-24,2023-11-23,2023-11-24T17:00:00+05:30,2023-11-27 17:00:00+05:30,2023-12-04 13:00:00+05:30,LONG,61388.0,61409.0,63204.33147691994,65.2377363594314,61278.52452728114,63214.33147691994,63840.0,61093.0,59832.83258309995,58373.33737186541,True,60717.87780690732,60347.98731819689,65.50136112687599,189.21855175182915,369.89048871043633,28.382782762774372,True,61369.0,61360.0,61326.0,True,130.47547271886287,1795.3314769199424,17953.314769199424,161.06454530518175,17792.250223894243,13.636471172042754,137877.34584513673,137877.34584513673,0.0,intrabar_stop,71,50,200,50,100,55,20,0.15,14,2.0,3.5,10,100,10
112,2023-12-22 16:00:00+05:30,2023-12-22,2023-12-21,2023-12-22T09:00:00+05:30,2023-12-22 17:00:00+05:30,2023-12-26 14:00:00+05:30,LONG,62700.0,62723.0,62795.50633089128,104.70130857750996,62513.59738284498,62805.50633089128,63250.0,62257.0,61010.393476469355,59026.833966182916,True,61959.48956292138,61653.44606843618,62.08829037311307,248.35568386845563,306.04349448520225,37.25335258026834,True,62587.0,62587.0,62575.0,True,209.4026171550213,72.5063308912795,725.063308912795,161.19729591067917,563.8660130021159,0.26927362258547344,138441.21185813885,138441.21185813885,0.0,intrabar_stop,12,50,200,50,100,55,20,0.15,14,2.0,3.5,10,100,10
113,2023-12-27 22:00:00+05:30,2023-12-27,2023-12-26,2023-12-27T17:00:00+05:30,2023-12-27 23:00:00+05:30,2023-12-28 09:00:00+05:30,LONG,63262.0,63280.0,63067.56893141266,101.21553429367266,63077.56893141266,63077.56893141266,63317.0,62722.0,61139.55583890923,59099.36342899458,True,62253.415015690036,61869.26904885483,71.75281153636853,245.72838818666472,384.1459668352036,36.8592582279997,True,63250.0,63250.0,63249.0,True,202.43106858734245,-212.43106858734245,-2124.3106858734245,161.83609321090916,-2286.1467790843335,-1.1293458040004047,136155.0650790545,138441.21185813885,-2286.1467790843453,intrabar_stop,1,50,200,50,100,55,20,0.15,14,2.0,3.5,10,100,10
114,2023-12-28 10:00:00+05:30,2023-12-28,2023-12-27,2023-12-27T21:00:00+05:30,2023-12-28 11:00:00+05:30,2023-12-28 14:00:00+05:30,LONG,63461.0,63461.0,63209.493054779006,120.75347261049521,63219.493054779006,63219.493054779006,63462.0,63292.0,61223.96541385397,59141.081205820505,True,62293.86932880023,61897.30332511513,73.4941786899528,239.9620747447601,396.5660036851041,35.99431121171401,True,63317.0,63250.0,63459.0,False,241.50694522099366,-251.50694522099366,-2515.0694522099366,162.11367150578985,-2677.1831237157267,-1.1085325605298597,133477.8819553388,138441.21185813885,-4963.329902800062,intrabar_stop,3,50,200,50,100,55,20,0.15,14,2.0,3.5,10,100,10
115,2024-01-02 11:00:00+05:30,2024-01-02,2024-01-01,2024-01-01T13:00:00+05:30,2024-01-02 12:00:00+05:30,2024-01-02 20:00:00+05:30,LONG,63514.0,63524.0,63276.3951748701,118.80241256495053,63286.3951748701,63286.3951748701,63610.0,63001.0,61427.43770476292,59255.84785430388,True,62555.32272452671,62113.90159658733,63.05197188473721,236.72964282420673,441.4211279393785,35.50944642363101,True,63471.0,63471.0,63438.0,True,237.60482512989984,-247.60482512989984,-2476.0482512989984,162.2331808808266,-2638.281432179825,-1.1103652590966797,130839.60052315897,138441.21185813885,-7601.611334979883,intrabar_stop,8,50,200,50,100,55,20,0.15,14,2.0,3.5,10,100,10
116,2024-03-04 19:00:00+05:30,2024-03-04,2024-03-01,2024-03-04T13:00:00+05:30,2024-03-04 20:00:00+05:30,2024-03-12 16:00:00+05:30,LONG,63884.0,63902.0,65712.00372113849,127.80213908161807,63646.395721836765,65722.00372113849,66120.0,63477.0,61934.28708041298,60243.376600396434,True,62146.49886024489,62055.84853460234,82.2799120549837,232.87795590215904,90.65032564254943,34.931693385323854,True,63590.0,63526.0,63524.0,True,255.604278163235,1810.0037211384915,18100.037211384915,165.61092458717474,17934.42628679774,7.0164812638012215,148774.0268099567,148774.0268099567,0.0,intrabar_stop,78,50,200,50,100,55,20,0.15,14,2.0,3.5,10,100,10
117,2024-03-21 09:00:00+05:30,2024-03-21,2024-03-20,2024-03-20T21:00:00+05:30,2024-03-21 10:00:00+05:30,2024-03-21 19:00:00+05:30,LONG,66543.0,66553.0,66173.70112089871,184.64943955064513,66183.70112089871,66183.70112089871,66698.0,65556.0,63326.69081748371,60865.08647438839,True,64935.3864849948,64104.99041742736,57.73151494042441,207.18844671034734,830.3960675674389,31.0782670065521,True,65695.0,65842.0,65537.0,True,369.29887910129037,-379.29887910129037,-3792.9887910129037,167.5614705321131,-3960.550261545017,-1.0724512002807154,144813.47654841168,148774.0268099567,-3960.550261545024,intrabar_stop,9,50,200,50,100,55,20,0.15,14,2.0,3.5,10,100,10
118,2024-03-28 16:00:00+05:30,2024-03-28,2024-03-27,2024-03-28T09:00:00+05:30,2024-03-28 17:00:00+05:30,2024-04-01 15:00:00+05:30,LONG,66845.0,66856.0,68482.58149731247,139.82705102232805,66576.34589795534,68492.58149731247,69387.0,66295.0,63805.96869410213,61113.761356519484,True,65539.30447616325,64722.89475798998,62.14911577951718,283.47865571553507,816.409718173265,42.52179835733026,True,66785.0,66785.0,66642.0,True,279.65410204466025,1626.5814973124652,16265.814973124652,170.73535782685474,16095.079615297798,5.755352593657805,160908.55616370947,160908.55616370947,0.0,intrabar_stop,13,50,200,50,100,55,20,0.15,14,2.0,3.5,10,100,10
119,2024-04-03 23:00:00+05:30,2024-04-03,2024-04-02,2024-04-03T17:00:00+05:30,2024-04-04 09:00:00+05:30,2024-04-05 09:00:00+05:30,LONG,69500.0,69470.0,69021.0,178.75889856476854,69112.48220287047,69112.48220287047,69599.0,68566.0,64297.62309287093,61321.52554009564,True,66746.1742621089,65599.73052204281,81.24868357201231,392.9496900684392,1146.4437400660972,58.94245351026588,True,69387.0,69387.0,69380.0,True,357.5177971295343,-449.0,-4490.0,172.76745818,-4662.76745818,-1.3042056914695652,156245.78870552947,160908.55616370947,-4662.767458179995,gap_stop,15,50,200,50,100,55,20,0.15,14,2.0,3.5,10,100,10
120,2024-04-05 19:00:00+05:30,2024-04-05,2024-04-04,2024-04-05T13:00:00+05:30,2024-04-05 20:00:00+05:30,2024-04-10 18:00:00+05:30,LONG,69781.0,69787.0,70906.43229342705,178.88017740952301,69429.23964518095,70916.43229342705,71479.0,69387.0,64689.905054203424,61481.480233492424,True,67394.18740562178,66096.19144053107,75.90090219988434,356.3358200615757,1297.9959650907113,53.45037300923635,True,69599.0,69599.0,69445.0,True,357.76035481905274,1119.4322934270458,11194.322934270458,175.3945955711567,11018.928338699301,3.0799746786567312,167264.71704422878,167264.71704422878,0.0,intrabar_stop,43,50,200,50,100,55,20,0.15,14,2.0,3.5,10,100,10
121,2024-04-11 22:00:00+05:30,2024-04-11,2024-04-10,2024-04-11T17:00:00+05:30,2024-04-11 23:00:00+05:30,2024-04-12 21:00:00+05:30,LONG,71500.0,71500.0,72834.78436220901,226.2886323232858,71047.42273535342,72844.78436220901,73931.0,71127.0,65594.27710372198,61846.65213173988,True,68994.53856071629,67345.09672501266,74.39673909547753,390.1029648132302,1649.4418357036338,58.51544472198452,True,71479.0,71479.0,71235.0,True,452.57726464657753,1334.784362209015,13347.84362209015,178.78701125008217,13169.056610840067,2.9097919050626473,180433.77365506883,180433.77365506883,0.0,intrabar_stop,13,50,200,50,100,55,20,0.15,14,2.0,3.5,10,100,10
122,2024-05-10 09:00:00+05:30,2024-05-10,2024-05-09,2024-05-09T21:00:00+05:30,2024-05-10 10:00:00+05:30,2024-05-13 12:00:00+05:30,LONG,72040.0,72050.0,72108.0454084801,180.3102684300457,71689.3794631399,72118.0454084801,72751.0,71586.0,69022.84117558305,63716.53851773452,True,71224.79967640896,70613.56076790717,61.930612288537695,309.9557866639536,611.238908501793,46.49336799959303,True,71656.0,71656.0,71618.0,True,360.6205368600931,58.045408480102196,580.454084801022,178.1158402333838,402.3382445676382,0.11156831168595646,180836.11189963645,180836.11189963645,0.0,intrabar_stop,17,50,200,50,100,55,20,0.15,14,2.0,3.5,10,100,10
123,2024-05-15 20:00:00+05:30,2024-05-15,2024-05-14,2024-05-15T13:00:00+05:30,2024-05-15 21:00:00+05:30,2024-05-22 17:00:00+05:30,LONG,72880.0,72886.0,73727.68015379865,186.13500444780215,72513.7299911044,73737.68015379865,74345.0,72213.0,69382.61166117234,63967.493305522614,True,71642.75984588425,71001.8326336616,65.36425330342988,318.6091426155076,640.9272122226539,47.79137139232614,True,72751.0,72751.0,72491.0,True,372.2700088956044,841.6801537986466,8416.801537986466,180.65896136756555,8236.1425766189,2.212410986598859,189072.25447625536,189072.25447625536,0.0,intrabar_stop,63,50,200,50,100,55,20,0.15,14,2.0,3.5,10,100,10
124,2024-06-06 09:00:00+05:30,2024-06-06,2024-06-05,2024-06-05T21:00:00+05:30,2024-06-06 10:00:00+05:30,2024-06-07 13:00:00+05:30,LONG,72780.0,72791.0,72694.02250659079,189.27630517927926,72412.44738964144,72704.02250659079,73333.0,72354.0,70804.8592220429,65223.59211839562,True,72069.37598542318,71867.22230461684,58.22572290280404,349.1102973570098,202.15368080633925,52.36654460355147,True,72490.0,72490.0,72370.0,True,378.552610358558,-96.97749340921291,-969.7749340921291,179.25869973817063,-1149.0336338302998,-0.3035334065566095,187923.22084242507,189072.25447625536,-1149.0336338302877,intrabar_stop,18,50,200,50,100,55,20,0.15,14,2.0,3.5,10,100,10
125,2024-07-05 17:00:00+05:30,2024-07-05,2024-07-04,2024-07-05T13:00:00+05:30,2024-07-05 18:00:00+05:30,2024-07-05 18:00:00+05:30,LONG,72581.0,72593.0,72404.48046699348,89.25976650325704,72414.48046699348,72414.48046699348,72593.0,72356.0,71252.4106261148,66428.64519951073,True,71749.27530883822,71693.44735907656,70.39862405331944,241.31669468836245,55.82794976166042,36.19750420325437,True,72570.0,72555.0,72528.0,True,178.51953300651803,-188.51953300651803,-1885.1953300651803,178.77940450121815,-2063.9747345663986,-1.1561618495221135,185859.24610785866,189072.25447625536,-3213.008368396695,intrabar_stop,0,50,200,50,100,55,20,0.15,14,2.0,3.5,10,100,10
126,2024-07-05 19:00:00+05:30,2024-07-05,2024-07-04,2024-07-05T13:00:00+05:30,2024-07-05 20:00:00+05:30,2024-07-08 14:00:00+05:30,LONG,72851.0,72881.0,72620.87448489864,136.6117374441349,72607.77652511172,72630.87448489864,73086.0,72356.0,71252.4106261148,66428.64519951073,True,71749.27530883822,71693.44735907656,70.39862405331944,241.31669468836245,55.82794976166042,36.19750420325437,True,72570.0,72555.0,72763.0,False,273.22347488827654,-260.1255151013611,-2601.255151013611,179.20874178875772,-2780.4638928023687,-1.0176519034242297,183078.7822150563,189072.25447625536,-5993.472261199058,intrabar_stop,9,50,200,50,100,55,20,0.15,14,2.0,3.5,10,100,10
127,2024-07-11 18:00:00+05:30,2024-07-11,2024-07-10,2024-07-11T13:00:00+05:30,2024-07-11 19:00:00+05:30,2024-07-12 18:00:00+05:30,LONG,73108.0,73122.0,72844.14388746256,133.9280562687194,72854.14388746256,72854.14388746256,73230.0,72629.0,71449.27950578812,66670.14516709487,True,72166.96678043854,71951.23651323166,59.67039821712701,257.62624869233366,215.7302672068763,38.643937303850045,True,73086.0,73086.0,72694.0,True,267.8561125374399,-277.8561125374399,-2778.561125374399,179.6231968819233,-2958.1843222563225,-1.1043930617199704,180120.59789279997,189072.25447625536,-8951.656583455391,intrabar_stop,14,50,200,50,100,55,20,0.15,14,2.0,3.5,10,100,10
128,2024-07-15 16:00:00+05:30,2024-07-15,2024-07-12,2024-07-15T09:00:00+05:30,2024-07-15 17:00:00+05:30,2024-07-17 21:00:00+05:30,LONG,73268.0,73278.0,73931.80247874121,117.40722126344637,73043.1855574731,73941.80247874121,74498.0,73159.0,71582.47908242879,66799.0873186833,True,72390.01814672415,72098.97783845574,57.68787658314229,249.43699483433477,291.0403082684061,37.415549225150215,True,73230.0,73230.0,73171.0,True,234.81444252689835,653.8024787412141,6538.024787412141,181.12507744614393,6356.899709965997,2.7072013295084285,186477.49760276597,189072.25447625536,-2594.7568734893866,intrabar_stop,26,50,200,50,100,55,20,0.15,14,2.0,3.5,10,100,10
129,2024-09-02 14:00:00+05:30,2024-09-02,2024-08-30,2024-09-02T09:00:00+05:30,2024-09-02 15:00:00+05:30,2024-09-03 17:00:00+05:30,LONG,71953.0,71940.0,71630.13338784159,160.1043974093755,71619.79120518125,71640.13338784159,72020.0,71195.0,70861.75719741306,67887.47235259479,True,71112.66607561315,70864.45944193244,61.49162541668988,309.6577663652403,248.20663368070382,46.44866495478605,True,71916.0,71775.0,71876.0,False,320.20879481875454,-309.86661215841013,-3098.6661215841013,177.43486306862906,-3276.1009846527304,-1.0231139923895838,183201.39661811324,189072.25447625536,-5870.857858142117,intrabar_stop,17,50,200,50,100,55,20,0.15,14,2.0,3.5,10,100,10
130,2024-09-05 13:00:00+05:30,2024-09-05,2024-09-04,2024-09-05T09:00:00+05:30,2024-09-05 14:00:00+05:30,2024-09-06 19:00:00+05:30,LONG,72133.0,72153.0,71955.86620549121,153.93477089737655,71845.13045820524,71965.86620549121,72460.0,71722.0,70961.86447534092,68001.57586198191,True,71354.63234825255,71053.23788281118,59.719392000235445,293.32212213434747,301.39446544136445,43.998318320152116,True,72070.0,72070.0,71975.0,True,307.86954179476015,-197.1337945087871,-1971.337945087871,177.96911481945838,-2149.3070599073294,-0.6981226682502276,181052.08955820592,189072.25447625536,-8020.164918049442,intrabar_stop,20,50,200,50,100,55,20,0.15,14,2.0,3.5,10,100,10
131,2024-09-12 18:00:00+05:30,2024-09-12,2024-09-11,2024-09-12T13:00:00+05:30,2024-09-12 19:00:00+05:30,2024-09-17 10:00:00+05:30,LONG,72776.0,72762.0,73657.42896991599,144.0548105265754,72473.89037894685,73667.42896991599,74132.0,72221.0,71156.29592851504,68198.09015409955,True,71781.5486256992,71410.90442650393,58.07973406579145,256.0893667621142,370.64419919527427,38.41340501431713,True,72460.0,72460.0,72356.0,True,288.1096210531541,895.4289699159854,8954.289699159854,180.5040847040707,8773.785614455783,3.0452942121072324,189825.8751726617,189825.8751726617,0.0,intrabar_stop,36,50,200,50,100,55,20,0.15,14,2.0,3.5,10,100,10
132,2024-09-20 14:00:00+05:30,2024-09-20,2024-09-19,2024-09-20T09:00:00+05:30,2024-09-20 15:00:00+05:30,2024-09-26 18:00:00+05:30,LONG,74204.0,74214.0,75612.39566030221,145.86261241622918,73922.27477516755,75622.39566030221,76094.0,73787.0,71671.17288817445,68510.58901090466,True,72898.30641466104,72227.73763422092,71.72708049165709,299.57667775044735,670.5687804401241,44.9365016625671,True,74168.0,74132.0,74152.0,False,291.7252248324512,1398.3956603022089,13983.956603022089,183.79872899576208,13800.157874026327,4.7305329465260595,203626.03304668804,203626.03304668804,0.0,intrabar_stop,63,50,200,50,100,55,20,0.15,14,2.0,3.5,10,100,10
133,2024-10-01 22:00:00+05:30,2024-10-01,2024-09-30,2024-10-01T17:00:00+05:30,2024-10-01 23:00:00+05:30,2024-10-03 09:00:00+05:30,LONG,76161.0,76180.0,75771.0,172.9249920346111,75834.15001593078,75834.15001593078,76180.0,75250.0,72531.99540867368,68961.18838305584,True,74599.91536868675,73601.41580727353,66.86932807395405,323.65948578434484,998.4995614132204,48.548922867651726,True,76094.0,76094.0,75977.0,True,345.84998406922386,-409.0,-4090.0,185.00486898,-4275.00486898,-1.2360864727188574,199351.02817770804,203626.03304668804,-4275.004868980002,gap_stop,1,50,200,50,100,55,20,0.15,14,2.0,3.5,10,100,10
134,2024-10-16 11:00:00+05:30,2024-10-16,2024-10-15,2024-10-15T21:00:00+05:30,2024-10-16 12:00:00+05:30,2024-10-21 20:00:00+05:30,LONG,76150.0,76155.0,77417.19358813786,159.9914071855713,75835.01718562885,77427.19358813786,77947.0,75838.0,73493.83311093347,69579.38883395816,True,75228.92296224427,74549.05211444631,59.76828539452467,327.2309411928919,679.8708477979526,49.084641178933786,True,75990.0,75928.0,75910.0,True,319.9828143711493,1262.1935881378595,12621.935881378595,187.14535776941256,12434.790523609183,3.886080740944425,211785.8187013172,211785.8187013172,0.0,intrabar_stop,53,50,200,50,100,55,20,0.15,14,2.0,3.5,10,100,10
135,2024-10-22 20:00:00+05:30,2024-10-22,2024-10-21,2024-10-22T13:00:00+05:30,2024-10-22 21:00:00+05:30,2024-10-23 18:00:00+05:30,LONG,78042.0,78042.0,77998.11749892123,139.31446899350834,77763.37106201299,78008.11749892123,78497.0,77508.0,73992.45424692368,69864.40991318344,True,76168.30908501543,75289.61855744179,76.11602153902167,315.3826538073207,878.6905275736353,47.307398071098106,True,77947.0,77947.0,77913.0,True,278.62893798701407,-43.882501078769565,-438.82501078769565,188.86375288623898,-627.6887636739347,-0.22527766434051766,211158.12993764327,211785.8187013172,-627.6887636739411,intrabar_stop,12,50,200,50,100,55,20,0.15,14,2.0,3.5,10,100,10
136,2024-10-29 09:00:00+05:30,2024-10-29,2024-10-28,2024-10-28T21:00:00+05:30,2024-10-29 10:00:00+05:30,2024-10-31 18:00:00+05:30,LONG,78776.0,78784.0,79168.43916888407,168.38708727410756,78447.22582545178,79178.43916888407,79677.0,78517.0,74725.0035934294,70262.47716078868,True,77118.49601696564,76111.4714116993,65.5193866336617,381.09689206782184,1007.0246052663424,57.164533810173275,True,78539.0,78530.0,78481.0,True,336.7741745482199,384.43916888406966,3844.3916888406966,190.771431384117,3653.6202574565796,1.0848873024060959,214811.75019509986,214811.75019509986,0.0,intrabar_stop,38,50,200,50,100,55,20,0.15,14,2.0,3.5,10,100,10
137,2024-12-10 17:00:00+05:30,2024-12-10,2024-12-09,2024-12-10T13:00:00+05:30,2024-12-10 18:00:00+05:30,2024-12-11 12:00:00+05:30,LONG,77354.0,77367.0,77605.73932429346,167.17940655819373,77032.64118688361,77615.73932429346,78296.0,76999.0,75850.93830362927,71868.88367871869,True,76377.21424496117,76316.98132010258,64.92416492345038,353.41695901509127,60.232924858588376,53.01254385226369,True,77300.0,77273.0,77183.0,True,334.35881311638514,238.73932429346314,2387.3932429346314,188.00764358138935,2199.385599353242,0.657792022544257,217011.1357944531,217011.1357944531,0.0,intrabar_stop,9,50,200,50,100,55,20,0.15,14,2.0,3.5,10,100,10
138,2025-01-08 20:00:00+05:30,2025-01-08,2025-01-07,2025-01-08T13:00:00+05:30,2025-01-08 21:00:00+05:30,2025-01-14 15:00:00+05:30,LONG,77905.0,77910.0,78149.5345464653,183.6424203346371,77542.71515933072,78159.5345464653,78728.0,77514.0,76263.65090669502,72723.91040087272,True,76793.84431270827,76588.1006581533,61.67105661927308,344.7312506872532,205.74365455497173,51.70968760308798,True,77900.0,77900.0,77850.0,True,367.2848406692792,239.5345464652928,2395.345464652928,188.99474999608566,2206.3507146568422,0.6007192430366451,219217.48650910993,219217.48650910993,0.0,intrabar_stop,54,50,200,50,100,55,20,0.15,14,2.0,3.5,10,100,10
139,2025-01-16 09:00:00+05:30,2025-01-16,2025-01-15,2025-01-15T21:00:00+05:30,2025-01-16 10:00:00+05:30,2025-01-17 15:00:00+05:30,LONG,78844.0,78867.0,78733.1668980551,160.74976186582404,78545.50047626835,78743.1668980551,79190.0,78658.0,76679.10334578576,73042.75794365442,True,77680.73123572316,77194.76079245172,65.51008560806466,324.20261922563736,485.9704432714352,48.6303928838456,True,78728.0,78728.0,78663.0,True,321.49952373164706,-133.83310194489604,-1338.3310194489604,190.2442662993181,-1528.5752857482785,-0.475451804097902,217688.91122336165,219217.48650910993,-1528.5752857482876,intrabar_stop,20,50,200,50,100,55,20,0.15,14,2.0,3.5,10,100,10
140,2025-01-22 09:00:00+05:30,2025-01-22,2025-01-21,2025-01-21T21:00:00+05:30,2025-01-22 10:00:00+05:30,2025-01-27 09:00:00+05:30,LONG,79472.0,79482.0,79816.70406706551,146.1476215994873,79189.70475680103,79826.70406706551,80221.0,79179.0,77017.28906959145,73275.07191200095,True,78279.85499625215,77674.88146124403,63.662664884750285,298.6594004571332,604.9735350081173,44.798910068569974,True,79300.0,79300.0,79176.0,True,292.2952431989688,334.7040670655115,3347.040670655115,191.97391894564038,3155.0667517094744,1.0794109124662639,220843.97797507112,220843.97797507112,0.0,intrabar_stop,44,50,200,50,100,55,20,0.15,14,2.0,3.5,10,100,10
141,2025-01-29 09:00:00+05:30,2025-01-29,2025-01-28,2025-01-28T21:00:00+05:30,2025-01-29 10:00:00+05:30,2025-01-29 21:00:00+05:30,LONG,80264.0,80280.0,80252.1466421504,122.96627089992461,80034.06745820015,80262.1466421504,80730.0,80163.0,77514.27108247745,73590.93594447838,True,79095.11937916772,78356.47209790073,64.48226112183971,274.1119946883071,738.6472812669963,41.11679920324607,True,80221.0,80221.0,80199.0,True,245.93254179984797,-27.85335784959898,-278.5335784959898,192.94883716499987,-471.48241566098966,-0.19171208991313776,220372.49555941013,220843.97797507112,-471.48241566098295,intrabar_stop,11,50,200,50,100,55,20,0.15,14,2.0,3.5,10,100,10
142,2025-01-30 13:00:00+05:30,2025-01-30,2025-01-29,2025-01-30T09:00:00+05:30,2025-01-30 14:00:00+05:30,2025-02-01 09:00:00+05:30,LONG,80750.0,80766.0,81190.0,169.39913420452174,80427.20173159096,81486.20034395279,82094.0,80310.0,77623.90751061561,73657.79230323978,True,79326.80670505224,78548.19805103494,68.27778421541055,291.4795022977881,778.6086540172982,43.721925344668215,True,80748.0,80730.0,80624.0,True,338.7982684090384,424.0,4240.0,194.42240887999998,4045.57759112,1.1940963010577395,224418.07315053014,224418.07315053014,0.0,gap_stop,25,50,200,50,100,55,20,0.15,14,2.0,3.5,10,100,10
143,2025-02-04 20:00:00+05:30,2025-02-04,2025-02-03,2025-02-04T13:00:00+05:30,2025-02-04 21:00:00+05:30,2025-02-06 20:00:00+05:30,LONG,83150.0,83160.0,83547.60950180753,222.8385689582168,82714.32286208357,83557.60950180753,84274.0,82625.0,78260.86120118301,73981.74563140007,True,80536.98709273525,79437.09899539,71.03658024276984,450.7893121838046,1099.888097345247,67.61839682757069,True,83060.0,83060.0,83007.0,True,445.67713791642745,387.60950180752843,3876.0950180752843,198.7222190761742,3677.3727989991103,0.8251203586953307,228095.44594952924,228095.44594952924,0.0,intrabar_stop,29,50,200,50,100,55,20,0.15,14,2.0,3.5,10,100,10
144,2025-02-07 19:00:00+05:30,2025-02-07,2025-02-06,2025-02-07T13:00:00+05:30,2025-02-07 20:00:00+05:30,2025-02-11 13:00:00+05:30,LONG,84360.0,84376.0,85097.36848469432,204.58790995807522,83966.82418008384,85107.36848469432,85875.0,83856.0,78873.03483168602,74267.9897614802,True,81794.65179191483,80372.65745053957,75.33358352266036,443.67269236108325,1421.9943413752626,66.55090385416248,True,84274.0,84274.0,84079.0,True,409.1758199161559,721.3684846943215,7213.684846943215,201.36697651061047,7012.317870432605,1.7137664370953047,235107.76381996184,235107.76381996184,0.0,intrabar_stop,23,50,200,50,100,55,20,0.15,14,2.0,3.5,10,100,10
145,2025-02-19 11:00:00+05:30,2025-02-19,2025-02-18,2025-02-18T21:00:00+05:30,2025-02-19 12:00:00+05:30,2025-02-19 21:00:00+05:30,LONG,85950.0,85957.0,85776.76044386938,166.56248879794273,85623.87502240411,85786.76044386938,86350.0,85742.0,80555.1954257799,75093.56457971301,True,84093.63241634486,82492.33642993355,65.09335703401698,407.77831743916676,1601.2959864113072,61.16674761587501,True,85856.0,85856.0,85698.0,True,333.12497759588587,-180.23955613061844,-1802.3955613061844,203.0587239853723,-2005.4542852915567,-0.6020125839150898,233102.3095346703,235107.76381996184,-2005.4542852915474,intrabar_stop,9,50,200,50,100,55,20,0.15,14,2.0,3.5,10,100,10
146,2025-03-12 21:00:00+05:30,2025-03-12,2025-03-11,2025-03-12T17:00:00+05:30,2025-03-12 22:00:00+05:30,2025-03-20 16:00:00+05:30,LONG,86647.0,86640.0,88424.54407351621,187.59884970370902,86264.80230059258,88434.54407351621,89000.0,86113.0,82861.69419621283,76565.37907184601,True,85641.68701461412,84783.8131453858,58.05338303958579,366.8968473277797,857.8738692283223,55.03452709916696,True,86347.0,86315.0,86245.0,True,375.19769940742117,1784.544073516212,17845.44073516212,206.86892235727774,17638.571812804843,4.7011407161245415,250740.88134747514,250740.88134747514,0.0,intrabar_stop,76,50,200,50,100,55,20,0.15,14,2.0,3.5,10,100,10
147,2025-03-28 09:00:00+05:30,2025-03-28,2025-03-27,2025-03-27T21:00:00+05:30,2025-03-28 10:00:00+05:30,2025-04-01 21:00:00+05:30,LONG,88641.0,88655.0,90063.54377328373,219.23431422078383,88216.53137155843,90073.54377328373,90920.0,88213.0,84776.73238996246,77844.66247602025,True,87519.86619295615,86604.04465740944,58.6456859378103,386.3258365027485,915.821535546711,57.948875475412265,True,88483.0,88690.0,88216.0,True,438.46862844156567,1408.5437732837308,14085.437732837308,210.03628088457964,13875.401451952728,3.16451407282423,264616.28279942786,264616.28279942786,0.0,intrabar_stop,33,50,200,50,100,55,20,0.15,14,2.0,3.5,10,100,10
148,2025-04-11 09:00:00+05:30,2025-04-11,2025-04-10,2025-04-10T21:00:00+05:30,2025-04-11 10:00:00+05:30,2025-04-17 19:00:00+05:30,LONG,92973.0,92983.0,94465.85175887501,627.5595720446258,91727.88085591074,94475.85175887501,95476.0,91646.0,86258.11755146153,78932.40293545734,True,88885.2001115526,88003.11984605345,65.76572249354658,955.3335280056525,882.0802654991567,143.30002920084786,True,91948.0,91848.0,91721.0,True,1255.119144089258,1482.851758875011,14828.51758875011,217.99294912357334,14610.524639626537,1.164074718199622,279226.8074390544,279226.8074390544,0.0,intrabar_stop,61,50,200,50,100,55,20,0.15,14,2.0,3.5,10,100,10
149,2025-04-21 09:00:00+05:30,2025-04-21,2025-04-17,2025-04-17T21:00:00+05:30,2025-04-21 10:00:00+05:30,2025-04-22 14:00:00+05:30,LONG,95910.0,95930.0,98008.77128719431,467.8498876043906,94994.30022479122,98018.77128719431,99704.0,94784.0,87638.00672054107,79659.32883019258,True,91452.49563618343,89759.09104891813,66.47216073633244,757.503565875482,1693.4045872653078,113.6255348813223,True,95476.0,95476.0,94799.0,True,935.6997752087773,2078.7712871943077,20787.712871943077,224.1240340682244,20563.588837874853,2.1976695284859527,299790.3962769293,299790.3962769293,0.0,intrabar_stop,19,50,200,50,100,55,20,0.15,14,2.0,3.5,10,100,10
150,2025-05-06 18:00:00+05:30,2025-05-06,2025-05-05,2025-05-06T13:00:00+05:30,2025-05-06 19:00:00+05:30,2025-05-08 11:00:00+05:30,LONG,96856.0,96869.0,96385.15250174131,358.9715248481043,96151.05695030378,96395.15250174131,97500.0,94667.0,90226.4927817027,81258.06992156249,True,94220.17481622162,92803.03621964871,63.289554532740226,910.9819628989876,1417.1385965729132,136.64729443484813,True,96800.0,96800.0,96434.0,True,717.9430496962159,-483.8474982586922,-4838.474982586922,222.4773663892276,-5060.95234897615,-0.7049239283140349,294729.44392795314,299790.3962769293,-5060.952348976163,intrabar_stop,22,50,200,50,100,55,20,0.15,14,2.0,3.5,10,100,10
151,2025-05-20 23:00:00+05:30,2025-05-20,2025-05-19,2025-05-20T17:00:00+05:30,2025-05-21 09:00:00+05:30,2025-05-22 16:00:00+05:30,LONG,94800.0,95187.0,95167.9616150365,304.34121763971643,94578.31756472056,95177.9616150365,96243.0,93314.0,91572.9538505452,82513.56964409145,True,93844.30974514957,93476.6242217694,58.66530875651256,788.4335373075107,367.68552338017616,118.2650305961266,True,94746.0,94100.0,94691.0,False,608.6824352794356,-19.038384963496355,-190.38384963496355,220.03088269323547,-410.414732328199,-0.06742674152241385,294319.0291956249,299790.3962769293,-5471.367081304372,intrabar_stop,22,50,200,50,100,55,20,0.15,14,2.0,3.5,10,100,10
152,2025-06-02 17:00:00+05:30,2025-06-02,2025-05-30,2025-06-02T13:00:00+05:30,2025-06-02 18:00:00+05:30,2025-06-05 20:00:00+05:30,LONG,96990.0,97002.0,97786.03852633141,309.0406790076081,96383.91864198478,97796.03852633141,98658.0,94712.0,92704.77025901718,83616.31578099598,True,95047.87542536443,94467.46423586215,65.85163023372816,618.803603875984,580.4111895022797,92.8205405813976,True,96980.0,96971.0,96841.0,True,618.0813580152171,784.0385263314092,7840.385263314092,224.37725863167094,7616.008004682421,1.2322015388296044,301935.03720030736,301935.03720030736,0.0,intrabar_stop,47,50,200,50,100,55,20,0.15,14,2.0,3.5,10,100,10
153,2025-06-13 09:00:00+05:30,2025-06-13,2025-06-12,2025-06-12T21:00:00+05:30,2025-06-13 10:00:00+05:30,2025-06-16 18:00:00+05:30,LONG,99400.0,99400.0,98928.92230796312,401.21486614525594,98597.57026770948,98938.92230796312,99929.0,97786.0,94024.97067149739,84775.72397784697,True,96572.95160462936,95777.71502528197,61.16492610957715,579.3003662221231,795.2365793473873,86.89505493331846,True,98076.0,98076.0,97795.0,True,802.4297322905186,-471.07769203688076,-4710.776920368808,227.0902638003696,-4937.867184169178,-0.6153644344750463,296997.1700161382,301935.03720030736,-4937.867184169183,intrabar_stop,23,50,200,50,100,55,20,0.15,14,2.0,3.5,10,100,10
154,2025-07-01 14:00:00+05:30,2025-07-01,2025-06-30,2025-07-01T09:00:00+05:30,2025-07-01 15:00:00+05:30,2025-07-03 15:00:00+05:30,LONG,97217.0,97230.0,97105.13543561299,269.94235040341823,96690.11529919316,97115.13543561299,97795.0,95678.0,95364.67873271675,86234.94337348574,True,96930.02325139784,96751.04262215225,56.14172333336813,585.1618836410624,178.98062924559053,87.77428254615937,True,97210.0,98294.0,97109.0,True,539.8847008068406,-124.86456438701134,-1248.6456438701134,223.60247044707307,-1472.2481143171865,-0.2726967650902051,295524.921901821,301935.03720030736,-6410.115298486373,intrabar_stop,30,50,200,50,100,55,20,0.15,14,2.0,3.5,10,100,10
155,2025-07-14 11:00:00+05:30,2025-07-14,2025-07-11,2025-07-11T21:00:00+05:30,2025-07-14 12:00:00+05:30,2025-07-14 20:00:00+05:30,LONG,98102.0,98118.0,97634.6024097499,236.69879512504662,97644.6024097499,97644.6024097499,98398.0,97759.0,95856.7058172829,87161.02204918425,True,96934.65595797304,96843.21036108992,61.79118628471701,431.3739963637111,91.4455968831171,64.70609945455666,True,97993.0,97993.0,97972.0,True,473.397590250097,-483.397590250097,-4833.97590250097,224.74608889990466,-5058.721991400875,-1.0685990160466048,290466.1999104201,301935.03720030736,-11468.837289887248,intrabar_stop,8,50,200,50,100,55,20,0.15,14,2.0,3.5,10,100,10
156,2025-07-21 10:00:00+05:30,2025-07-21,2025-07-18,2025-07-18T21:00:00+05:30,2025-07-21 11:00:00+05:30,2025-07-22 10:00:00+05:30,LONG,98441.0,98451.0,99035.36375001715,189.1230748361863,98072.75385032763,99045.36375001715,99825.0,97965.0,96178.83567618864,87671.57288825065,True,97338.96714005193,97116.86879228642,58.20337271929167,451.10900891210076,222.09834776550997,67.66635133681511,True,98398.0,98398.0,98104.0,True,378.24614967236994,584.3637500171462,5843.637500171462,226.74741405774745,5616.8900861137145,1.484982752892254,296083.0899965338,301935.03720030736,-5851.9472037735395,intrabar_stop,14,50,200,50,100,55,20,0.15,14,2.0,3.5,10,100,10
157,2025-07-22 18:00:00+05:30,2025-07-22,2025-07-21,2025-07-22T13:00:00+05:30,2025-07-22 19:00:00+05:30,2025-07-23 21:00:00+05:30,LONG,99880.0,99886.0,99612.88884290056,229.03010115383597,99427.93979769232,99622.88884290056,100421.0,99217.0,96297.97937516164,87786.45276000936,True,97689.37170332683,97326.70055193773,68.33512142676423,467.0515676129324,362.67115138910594,70.05773514193986,True,99825.0,99825.0,99540.0,True,458.060202307679,-273.1111570994399,-2731.111570994399,228.23175662873706,-2959.343327623136,-0.6460599093119522,293123.74666891067,301935.03720030736,-8811.290531396691,intrabar_stop,17,50,200,50,100,55,20,0.15,14,2.0,3.5,10,100,10
158,2025-08-04 09:00:00+05:30,2025-08-04,2025-08-01,2025-08-01T21:00:00+05:30,2025-08-04 10:00:00+05:30,2025-08-06 15:00:00+05:30,LONG,99725.0,99741.0,100209.45296469991,281.4152224493601,99178.16955510128,100219.45296469991,100990.0,99240.0,96978.54319700424,88714.67247602463,True,98257.85498638108,97903.62087284793,62.07345637136908,502.5806958754467,354.2341135331517,75.387104381317,True,99463.0,99463.0,99255.0,True,562.8304448987183,468.45296469991445,4684.5296469991445,228.93839346876823,4455.591253530376,0.7916400567727218,297579.337922441,301935.03720030736,-4355.699277866341,intrabar_stop,35,50,200,50,100,55,20,0.15,14,2.0,3.5,10,100,10
159,2025-08-07 12:00:00+05:30,2025-08-07,2025-08-06,2025-08-06T21:00:00+05:30,2025-08-07 13:00:00+05:30,2025-08-07 13:00:00+05:30,LONG,101340.0,101350.0,100854.66001500121,242.66999249939187,100864.66001500121,100864.66001500121,101350.0,100687.0,97397.9893599321,89068.4992721459,True,99107.35480631705,98452.44639312147,64.5902316567983,499.3957200348022,654.9084131955751,74.90935800522033,True,100990.0,100990.0,100909.0,True,485.3399849987909,-495.3399849987909,-4953.399849987909,230.5996512064213,-5183.99950119433,-1.0681171264319476,292395.3384212467,301935.03720030736,-9539.69877906068,intrabar_stop,0,50,200,50,100,55,20,0.15,14,2.0,3.5,10,100,10
160,2025-08-25 15:00:00+05:30,2025-08-25,2025-08-22,2025-08-25T09:00:00+05:30,2025-08-25 16:00:00+05:30,2025-09-01 19:00:00+05:30,LONG,99985.0,100002.0,103744.00992696072,180.09858867971008,99641.80282264057,103754.00992696072,104948.0,99857.0,98159.43418302065,90164.13122868829,True,99325.9217357659,99063.39414549939,63.00170736268281,396.1736969233026,262.5275902665162,59.426054538495386,True,99975.0,99975.0,99855.0,True,360.19717735942686,3742.0099269607163,37420.09926960716,233.69410606426607,37186.4051635429,10.32390243481448,329581.74358478957,329581.74358478957,0.0,intrabar_stop,70,50,200,50,100,55,20,0.15,14,2.0,3.5,10,100,10
161,2025-09-02 09:00:00+05:30,2025-09-02,2025-09-01,2025-09-01T21:00:00+05:30,2025-09-02 10:00:00+05:30,2025-09-04 09:00:00+05:30,LONG,105110.0,105131.0,105990.0,375.73378518777474,104379.53242962445,106159.14706553525,107136.0,103904.0,98933.29489055905,90836.92267425137,True,100831.89227013638,100006.46984489914,85.24415771521127,512.6195561843715,825.4224252372369,76.89293342765572,True,104948.0,104948.0,104089.0,True,751.4675703755493,859.0,8590.0,239.23724558000004,8350.76275442,1.1112605631466796,337932.50633920956,337932.50633920956,0.0,gap_stop,29,50,200,50,100,55,20,0.15,14,2.0,3.5,10,100,10
162,2025-09-05 18:00:00+05:30,2025-09-05,2025-09-04,2025-09-05T13:00:00+05:30,2025-09-05 19:00:00+05:30,2025-09-09 20:00:00+05:30,LONG,107255.0,107265.0,108684.08297191918,317.97355370614343,106629.05289258772,108694.08297191918,109749.0,106310.0,99774.30294969039,91295.81219909497,True,103121.63843108657,101502.31563134937,75.06953873658874,589.9204352065079,1619.3227997372014,88.48806528097619,True,107136.0,107136.0,106652.0,True,635.9471074122848,1419.0829719191825,14190.829719191825,243.84508154561084,13946.984637646214,2.193104501158518,351879.4909768558,351879.4909768558,0.0,intrabar_stop,31,50,200,50,100,55,20,0.15,14,2.0,3.5,10,100,10
163,2025-09-15 21:00:00+05:30,2025-09-15,2025-09-12,2025-09-15T17:00:00+05:30,2025-09-15 22:00:00+05:30,2025-09-17 09:00:00+05:30,LONG,110188.0,110188.0,109821.32456122675,241.0396491744068,109705.9207016512,109831.32456122675,110550.0,109237.0,101674.93199264651,92306.87371819933,True,106750.74988109176,104377.57642536097,71.12533181242455,480.33404374765087,2373.1734557307936,72.05010656214763,True,109749.0,109749.0,109570.0,True,482.07929834880633,-366.6754387732508,-3666.754387732508,246.81739633959336,-3913.5717840721013,-0.8118107949203938,347965.9191927837,351879.4909768558,-3913.57178407209,intrabar_stop,17,50,200,50,100,55,20,0.15,14,2.0,3.5,10,100,10
164,2025-09-22 11:00:00+05:30,2025-09-22,2025-09-19,2025-09-19T21:00:00+05:30,2025-09-22 12:00:00+05:30,2025-09-24 20:00:00+05:30,LONG,110699.0,110705.0,112970.83761670801,270.0308352297961,110164.93832954041,112980.83761670801,114150.0,109715.0,103125.23740009654,93154.42736852694,True,108111.41922978057,105864.02123067928,58.251195052977835,528.7015595445266,2247.3979991012893,79.30523393167898,True,110550.0,110550.0,110449.0,True,540.0616704595886,2265.8376167080132,22658.376167080132,251.19952208590175,22407.17664499423,4.149003321403254,370373.09583777795,370373.09583777795,0.0,intrabar_stop,38,50,200,50,100,55,20,0.15,14,2.0,3.5,10,100,10
165,2025-09-29 09:00:00+05:30,2025-09-29,2025-09-26,2025-09-26T21:00:00+05:30,2025-09-29 10:00:00+05:30,2025-09-30 13:00:00+05:30,LONG,115078.0,115098.0,115874.91049533975,421.7667842297984,114254.46643154041,115884.91049533975,117242.0,113664.0,104901.4234785743,94117.93364745211,True,110756.5493084117,108176.87942468157,69.50953930416591,673.5159351807333,2579.6698837301374,101.02739027711,True,114150.0,114150.0,113900.0,True,843.5335684595921,776.9104953397473,7769.104953397473,257.22954746969447,7511.875405927778,0.8905247742120675,377884.9712437057,377884.9712437057,0.0,intrabar_stop,18,50,200,50,100,55,20,0.15,14,2.0,3.5,10,100,10
166,2025-10-01 13:00:00+05:30,2025-10-01,2025-09-30,2025-10-01T09:00:00+05:30,2025-10-01 14:00:00+05:30,2025-10-03 09:00:00+05:30,LONG,117618.0,117611.0,116360.0,494.6940300689866,116621.61193986202,116621.61193986202,117672.0,116573.0,105767.2801891799,94554.31222922086,True,112384.84632648059,109485.72997918626,73.79085736148963,856.6392191980234,2899.11634729433,128.49588287970352,True,117242.0,117242.0,116984.0,True,989.3880601379788,-1251.0,-12510.0,259.14058858,-12769.14058858,-1.290609933861465,365115.8306551257,377884.9712437057,-12769.14058857999,gap_stop,10,50,200,50,100,55,20,0.15,14,2.0,3.5,10,100,10
167,2025-10-06 09:00:00+05:30,2025-10-06,2025-10-03,2025-10-03T21:00:00+05:30,2025-10-06 10:00:00+05:30,2025-10-09 19:00:00+05:30,LONG,118837.0,118833.0,121842.48788626178,445.3432033779595,117942.31359324408,121852.48788626178,123108.0,117370.0,106644.3074718266,95002.13664486956,True,113546.44349680009,110485.3489893598,69.82654438892,771.7156110730737,3061.0945074402844,115.75734166096105,True,117700.0,117700.0,117350.0,True,890.6864067559218,3009.487886261777,30094.87886261777,266.9323246454727,29827.946537972297,3.3488718713707915,394943.77719309804,394943.77719309804,0.0,intrabar_stop,54,50,200,50,100,55,20,0.15,14,2.0,3.5,10,100,10
168,2025-10-13 10:00:00+05:30,2025-10-13,2025-10-10,2025-10-10T21:00:00+05:30,2025-10-13 11:00:00+05:30,2025-10-14 11:00:00+05:30,LONG,123113.0,123096.0,124315.86332463745,759.0264061875835,121577.94718762483,124325.86332463745,126472.0,120727.0,109177.57651562951,96250.91041755056,True,117608.65855901263,113905.55457801343,57.94766258219921,1092.2428803402543,3703.103980999207,163.83643205103814,True,123108.0,123108.0,122613.0,True,1518.052812375172,1219.863324637452,12198.63324637452,272.3329689913593,11926.300277383161,0.7856314470853661,406870.0774704812,406870.0774704812,0.0,intrabar_stop,15,50,200,50,100,55,20,0.15,14,2.0,3.5,10,100,10
169,2025-10-14 12:00:00+05:30,2025-10-14,2025-10-13,2025-10-13T21:00:00+05:30,2025-10-14 13:00:00+05:30,2025-10-17 17:00:00+05:30,LONG,125095.0,125110.0,129507.69194449355,794.6925628808624,123520.61487423828,129517.69194449355,131698.0,123964.0,109757.43626011463,96526.66255269932,True,118487.77396793601,114646.92032672153,70.5809305052968,1065.0064792117348,3840.853641214475,159.75097188176022,True,124149.0,123850.0,124569.0,False,1589.3851257617207,4397.691944493548,43976.91944493548,280.14684870955864,43696.77259622593,2.749287877932294,450566.8500667071,450566.8500667071,0.0,intrabar_stop,49,50,200,50,100,55,20,0.15,14,2.0,3.5,10,100,10
170,2025-11-10 13:00:00+05:30,2025-11-10,2025-11-07,2025-11-10T09:00:00+05:30,2025-11-10 14:00:00+05:30,2025-11-11 20:00:00+05:30,LONG,123075.0,123100.0,123944.26244222645,417.48720856695394,122265.02558286609,123954.26244222645,125287.0,121056.0,116436.80754700468,101054.95770603484,True,121274.00428109002,120157.09761398144,62.64290595075968,1008.2243691121146,1116.9066671085748,151.23365536681717,True,123068.0,122294.0,122920.0,False,834.9744171339116,844.2624422264489,8442.62442226449,271.84895438918335,8170.775467875305,0.9785659656402254,458737.6255345824,458737.6255345824,0.0,intrabar_stop,21,50,200,50,100,55,20,0.15,14,2.0,3.5,10,100,10
171,2025-11-12 20:00:00+05:30,2025-11-12,2025-11-11,2025-11-12T13:00:00+05:30,2025-11-12 21:00:00+05:30,2025-11-14 10:00:00+05:30,LONG,125430.0,125469.0,126106.2342312831,463.87338492978313,124541.25323014043,126116.2342312831,127824.0,123897.0,117010.44787403238,101507.2641795175,True,122114.66808214814,120796.98290731244,63.97238761006365,911.7579037283274,1317.6851748357003,136.7636855592491,True,125287.0,125287.0,124520.0,True,927.7467698595719,637.2342312831024,6372.342312831024,275.88017486983364,6096.462137961191,0.6571256657551047,464834.0876725436,464834.0876725436,0.0,intrabar_stop,19,50,200,50,100,55,20,0.15,14,2.0,3.5,10,100,10
172,2025-11-26 09:00:00+05:30,2025-11-26,2025-11-25,2025-11-25T21:00:00+05:30,2025-11-26 10:00:00+05:30,2025-12-02 21:00:00+05:30,LONG,125236.0,125255.0,127961.07119329217,441.15669293219355,124372.68661413561,127971.07119329217,129600.0,124916.0,119286.68642460501,103643.6233648078,True,123314.8547923125,122344.61198490387,59.344059463428366,1027.1467174400643,970.2428074086347,154.07200761600964,True,125162.0,125162.0,124870.0,True,882.313385864385,2706.0711932921695,27060.711932921695,278.1975567994023,26782.514376122293,3.0354877082459755,491616.60204866587,491616.60204866587,0.0,intrabar_stop,71,50,200,50,100,55,20,0.15,14,2.0,3.5,10,100,10
173,2025-12-03 09:00:00+05:30,2025-12-03,2025-12-02,2025-12-02T21:00:00+05:30,2025-12-03 10:00:00+05:30,2025-12-04 11:00:00+05:30,LONG,129601.0,129587.0,128637.52665117868,543.6226986089594,128499.75460278208,128647.52665117868,130155.0,128666.0,120689.57138080083,104781.44501226286,True,125437.97246219458,123886.91007837746,68.48912271433011,881.0850635905535,1551.062383817116,132.16275953858303,True,129600.0,129600.0,128620.0,True,1087.245397217921,-949.4733488213242,-9494.733488213242,281.2829163692087,-9776.016404582451,-0.8991545450178627,481840.5856440834,491616.60204866587,-9776.016404582479,intrabar_stop,16,50,200,50,100,55,20,0.15,14,2.0,3.5,10,100,10
174,2025-12-11 21:00:00+05:30,2025-12-11,2025-12-10,2025-12-11T17:00:00+05:30,2025-12-11 22:00:00+05:30,2025-12-12 20:00:00+05:30,LONG,130230.0,130256.0,131714.0775307586,325.43479432347596,129605.13041135305,131724.0775307586,133235.0,128500.0,122441.70624186684,106186.69977176606,True,127800.8450822757,126030.36645311264,62.588891043676306,699.3949701471349,1770.478629163059,104.90924552207024,True,130200.0,130200.0,129765.0,True,650.8695886469504,1458.077530758601,14580.77530758601,285.6468220086816,14295.128485577328,2.196312246712052,496135.71412966074,496135.71412966074,0.0,intrabar_stop,13,50,200,50,100,55,20,0.15,14,2.0,3.5,10,100,10
175,2025-12-15 11:00:00+05:30,2025-12-15,2025-12-12,2025-12-12T21:00:00+05:30,2025-12-15 12:00:00+05:30,2025-12-15 21:00:00+05:30,LONG,133467.0,133480.0,132172.06205247872,648.9689737606402,132182.06205247872,132182.06205247872,133633.0,131645.0,123121.49814945109,106683.52213216772,True,128510.74979962048,126571.0060744161,64.18384924516207,956.6536183785778,1939.7437252043746,143.49804275678667,True,133282.0,133282.0,132948.0,True,1297.9379475212772,-1307.9379475212772,-13079.379475212772,287.88358412340114,-13367.263059336174,-1.0298846015608187,482768.4510703246,496135.71412966074,-13367.263059336168,intrabar_stop,9,50,200,50,100,55,20,0.15,14,2.0,3.5,10,100,10
176,2025-12-22 10:00:00+05:30,2025-12-22,2025-12-19,2025-12-19T21:00:00+05:30,2025-12-22 11:00:00+05:30,2025-12-23 19:00:00+05:30,LONG,133860.0,133850.0,135703.4886776948,430.73631245337407,132988.52737509325,135713.4886776948,136888.0,132427.0,124852.18644319815,107950.84163050751,True,130777.22654459564,128573.88444339718,55.53120501970144,802.8773119092558,2203.342101198461,120.43159678638837,True,133633.0,133633.0,133538.0,True,861.4726249067462,1853.4886776948115,18534.886776948115,292.69057212065127,18242.196204827465,2.1175595924249095,501010.64727515203,501010.64727515203,0.0,intrabar_stop,23,50,200,50,100,55,20,0.15,14,2.0,3.5,10,100,10
177,2025-12-26 09:00:00+05:30,2025-12-26,2025-12-24,2025-12-24T21:00:00+05:30,2025-12-26 10:00:00+05:30,2025-12-29 12:00:00+05:30,LONG,137021.0,137034.0,137071.452107827,409.79606418283765,136214.40787163432,137081.452107827,138300.0,136104.0,126060.1350073186,108765.59718776184,True,132563.26066814768,130033.63685472973,67.19074442660256,871.045559720572,2529.623813417944,130.6568339580858,True,136888.0,136888.0,136130.0,True,819.592128365679,37.45210782700451,374.5210782700451,296.09724924799553,78.42382902204957,0.009568641072533468,501089.0711041741,501089.0711041741,0.0,intrabar_stop,17,50,200,50,100,55,20,0.15,14,2.0,3.5,10,100,10
178,2026-01-06 09:00:00+05:30,2026-01-06,2026-01-05,2026-01-05T21:00:00+05:30,2026-01-06 10:00:00+05:30,2026-01-07 17:00:00+05:30,LONG,138470.0,138490.0,137772.0707038358,481.35439448028296,137527.29121103944,137782.0707038358,139070.0,138056.0,128411.60186957422,110582.9060755466,True,134817.26060790033,132436.71218817434,63.87699938168021,1082.1390923270574,2380.548419725994,162.3208638490586,True,138222.0,138222.0,138119.0,True,962.7087889605609,-717.9292961641913,-7179.292961641913,297.7532632392032,-7477.046224881116,-0.7766674939110197,493612.02487929293,501089.0711041741,-7477.046224881138,intrabar_stop,22,50,200,50,100,55,20,0.15,14,2.0,3.5,10,100,10
179,2026-01-09 20:00:00+05:30,2026-01-09,2026-01-08,2026-01-09T13:00:00+05:30,2026-01-09 21:00:00+05:30,2026-01-15 17:00:00+05:30,LONG,139218.0,139261.0,142014.9853353346,415.15269015346564,138430.69461969307,142024.9853353346,143350.0,137683.0,129519.07313441692,111399.63148762593,True,136165.9983706914,133791.51865362993,58.42857003096404,871.5511642472973,2374.4797170614765,130.7326746370946,True,139070.0,139070.0,138780.0,True,830.3053803069342,2753.9853353346116,27539.853353346116,303.694563298911,27236.158790047204,3.280258015427886,520848.18366934016,520848.18366934016,0.0,intrabar_stop,48,50,200,50,100,55,20,0.15,14,2.0,3.5,10,100,10
180,2026-01-19 10:00:00+05:30,2026-01-19,2026-01-16,2026-01-16T21:00:00+05:30,2026-01-19 11:00:00+05:30,2026-01-20 15:00:00+05:30,LONG,144480.0,144510.0,149387.46735029717,608.5019589846207,143292.99608203076,149397.46735029717,152545.0,142272.0,132138.53519247065,113166.56659129751,True,139409.10129987905,136487.13450718977,60.17367832896692,1002.2218292299114,2921.966792689287,150.33327438448669,True,144444.0,144444.0,144272.0,True,1217.0039179692394,4877.467350297171,48774.67350297171,316.0040093448417,48458.66949362687,3.981800615275562,569306.853162967,569306.853162967,0.0,intrabar_stop,19,50,200,50,100,55,20,0.15,14,2.0,3.5,10,100,10
181,2026-01-20 16:00:00+05:30,2026-01-20,2026-01-19,2026-01-20T09:00:00+05:30,2026-01-20 17:00:00+05:30,2026-01-21 20:00:00+05:30,LONG,149136.0,149185.0,155147.6406468674,912.2748072883032,147360.4503854234,155157.6406468674,158780.0,145227.0,132651.80832217768,113485.5758789463,True,140518.51008027108,137344.82840396257,80.79832096013051,1136.2502150150635,3173.681676308508,170.43753225225953,True,147949.0,145379.0,148976.0,False,1824.5496145765937,5962.640646867396,59626.40646867396,325.91300731328965,59300.49346136067,3.2501441992917237,628607.3466243277,628607.3466243277,0.0,intrabar_stop,18,50,200,50,100,55,20,0.15,14,2.0,3.5,10,100,10
182,2026-01-28 09:00:00+05:30,2026-01-28,2026-01-27,2026-01-27T21:00:00+05:30,2026-01-28 10:00:00+05:30,2026-01-29 14:00:00+05:30,LONG,161363.0,161343.0,174644.85839439186,1097.1569880898035,159148.6860238204,174654.85839439186,182130.0,158744.0,136760.04121044293,115519.75842150499,True,148664.35734282882,143101.19389997135,70.5494711455355,2194.540793823902,5563.163442857476,329.18111907358525,True,159899.0,159899.0,158820.0,True,2194.3139761796047,13301.858394391864,133018.58394391864,357.5909990226966,132660.99294489593,6.045670509553261,761268.3395692236,761268.3395692236,0.0,intrabar_stop,19,50,200,50,100,55,20,0.15,14,2.0,3.5,10,100,10
183,2026-02-23 20:00:00+05:30,2026-02-23,2026-02-20,2026-02-23T13:00:00+05:30,2026-02-23 21:00:00+05:30,2026-02-24 17:00:00+05:30,LONG,158315.0,158325.0,157430.76192647684,674.4245574893162,156976.15088502137,157440.76192647684,159579.0,154603.0,145543.86748151758,122073.62685238535,True,153541.18544304714,151601.26165616393,63.00915137458302,1847.1432439455943,1939.9237868832133,277.0714865918391,True,157936.0,157936.0,157645.0,True,1348.8491149786278,-894.2380735231563,-8942.380735231563,333.5422214845932,-9275.922956716156,-0.6876916664517463,751992.4166125074,761268.3395692236,-9275.922956716153,intrabar_stop,11,50,200,50,100,55,20,0.15,14,2.0,3.5,10,100,10
184,2026-02-27 21:00:00+05:30,2026-02-27,2026-02-26,2026-02-27T17:00:00+05:30,2026-02-27 22:00:00+05:30,2026-03-02 19:00:00+05:30,LONG,159690.0,159689.0,166511.11713861278,586.2516459571519,158516.4967080857,166521.11713861278,169842.0,157588.0,147434.12911949254,123495.6946503318,True,155780.51732493204,153471.98165087585,61.43169477510589,1402.8631882280927,2308.535674056184,210.4294782342139,True,159680.0,159579.0,159350.0,True,1172.5032919142977,6822.117138612783,68221.17138612783,346.1120292149628,67875.05935691287,5.788901389444805,819867.4759694203,819867.4759694203,0.0,intrabar_stop,12,50,200,50,100,55,20,0.15,14,2.0,3.5,10,100,10
185,2026-05-13 09:00:00+05:30,2026-05-13,2026-05-12,2026-05-12T21:00:00+05:30,2026-05-13 10:00:00+05:30,2026-05-14 09:00:00+05:30,LONG,161800.0,161806.0,159744.82601240595,1208.5001820396585,159388.99963592069,159754.82601240595,162193.0,153146.0,150745.7987433908,134961.2630151279,True,151638.50409494733,151278.7894170676,58.77801846978177,1096.1075854189799,359.71467787973233,164.41613781284698,True,154538.0,154538.0,153175.0,True,2417.0003640793147,-2061.173987594055,-20611.739875940548,338.33724940770674,-20950.077125348256,-0.8667800566645165,798917.398844072,819867.4759694203,-20950.077125348267,intrabar_stop,14,50,200,50,100,55,20,0.15,14,2.0,3.5,10,100,10
186,2026-08-10 09:00:00+05:30,2026-08-10,2026-08-07,2026-08-07T21:00:00+05:30,2026-08-10 10:00:00+05:30,2026-08-13 11:00:00+05:30,LONG,151038.0,151043.0,152554.0563210057,644.1192316483437,149754.7615367033,152564.0563210057,154378.0,150471.0,145851.53962597085,140807.72479582808,True,144845.75691864963,144528.96152646048,80.6967337643398,1018.4832848152703,316.7953921891458,152.77249272229054,True,150990.0,150990.0,150510.0,True,1288.2384632967005,1511.0563210056862,15110.563210056862,323.46447772674907,14787.098732330112,1.1478541553936217,813704.4975764022,819867.4759694203,-6162.978393018129,intrabar_stop,46,50,200,50,100,55,20,0.15,14,2.0,3.5,10,100,10
187,2026-08-17 20:00:00+05:30,2026-08-17,2026-08-14,2026-08-17T13:00:00+05:30,2026-08-17 21:00:00+05:30,2026-08-18 09:00:00+05:30,LONG,154621.0,154610.0,153704.7021826072,447.64890869640504,153714.7021826072,153714.7021826072,154700.0,153188.0,147093.38308304135,141387.03496359734,True,149523.60395871103,147467.00448549388,68.32690432778128,970.161303069892,2056.599473217153,145.5241954604838,True,154378.0,154378.0,154370.0,True,895.2978173927986,-905.2978173927986,-9052.978173927986,326.78146416080654,-9379.759638088792,-1.0476692175351927,804324.7379383134,819867.4759694203,-15542.738031106885,intrabar_stop,3,50,200,50,100,55,20,0.15,14,2.0,3.5,10,100,10
188,2026-08-19 18:00:00+05:30,2026-08-19,2026-08-18,2026-08-19T13:00:00+05:30,2026-08-19 19:00:00+05:30,2026-08-25 10:00:00+05:30,LONG,155642.0,155659.0,161226.08850306473,573.1685929289708,154512.66281414207,161236.08850306473,163394.0,153083.0,147610.0102969559,141633.29114609584,True,150657.90662314073,148387.241668016,58.175232031700354,913.9878443227205,2270.6649551247247,137.09817664840807,True,154700.0,154700.0,153377.0,True,1146.337185857934,5567.088503064733,55670.88503064733,337.15215806023866,55333.73287258709,4.827003219927354,859658.4708109004,859658.4708109004,0.0,intrabar_stop,51,50,200,50,100,55,20,0.15,14,2.0,3.5,10,100,10
