Date,Total_Universe,Advances,Declines,Above_20_EMA,Above_50_EMA,Above_200_EMA,Up_4_Count,Down_4_Count,Up_25_1M_Count,Down_25_1M_Count,New_52W_Highs,New_52W_Lows,IPO_New_Highs,Total_Up_Volume,Total_Down_Volume,T3_Breakouts,T3_Wins,Pct_Above_20_EMA,Pct_Above_50_EMA,Pct_Above_200_EMA,Rolling_3D_Up_4,Rolling_3D_Down_4,Net_52W_High_Low,Volume_Ratio,AD_Spread,MCO,TRIN,Large_Pct_20_EMA,Large_Pct_50_EMA,Large_Pct_200_EMA,Mid_Pct_20_EMA,Mid_Pct_50_EMA,Mid_Pct_200_EMA,Small_Pct_20_EMA,Small_Pct_50_EMA,Small_Pct_200_EMA,Micro_Pct_20_EMA,Micro_Pct_50_EMA,Micro_Pct_200_EMA,T3_Breakouts_5D,T3_Wins_5D,Composite_Score
2018-04-02,0,0,0,0,0,0,0,0,0,0,0,0,0,0.0,0.0,0,0,,,,,,0,,0.0,0.0,,,,,,,,,,,,,,0.0,0.0,5
2018-04-03,1155,854,266,0,0,0,185,9,0,0,0,0,607,192548416266.06,48954538412.16,0,0,,,,,,0,3.9332086975256244,588.0,29.400000000000002,0.8162613689452103,,,,,,,,,,,,,0.0,0.0,15
2018-04-04,1159,389,745,0,0,0,70,63,0,0,0,0,210,62501027600.64,207685873942.72,0,0,,,,255.0,72.0,0,0.3009401959513041,-356.0,7.190000000000001,1.7350545325331066,,,,,,,,,,,,,0.0,0.0,22
2018-04-05,1162,1012,133,0,0,0,183,10,0,0,0,0,256,227770601273.7,23325283187.350002,0,0,,,,438.0,82.0,0,9.764966171867393,879.0,49.9145,0.7792164788355712,,,,,,,,,,,,,0.0,0.0,31
2018-04-06,1164,692,437,0,0,0,87,17,0,0,0,0,238,180331885247.42,59149726539.84,130,89,,,,340.0,90.0,0,3.048735738887286,255.0,54.994375000000005,0.5194035046271022,,,,,,,,,,,,,130.0,89.0,49
2018-04-09,1165,669,453,0,0,0,108,10,0,0,0,0,228,145303602891.32,87306615043.9,118,98,,,,378.0,37.0,0,1.6642908766793634,216.0,57.11269625000001,0.8873576204416697,,,,,,,,,,,,,248.0,187.0,48
2018-04-10,1168,508,630,0,0,0,75,25,0,0,0,0,149,155248117619.11002,84368579037.27,81,54,,,,270.0,52.0,0,1.8401177238095812,-122.0,41.738297437500016,0.4382052278045711,,,,,,,,,,,,,329.0,241.0,45
2018-04-11,1166,445,692,0,0,0,50,27,0,0,0,0,102,132960302416.09,114166397915.69,88,41,,,,233.0,62.0,0,1.164618529125172,-247.0,22.13449496562501,0.552166711874385,,,,,,,,,,,,,417.0,282.0,41
2018-04-12,1165,440,692,0,0,0,53,44,0,0,0,0,78,126018083406.6,113619584703.27,88,39,,,,178.0,96.0,0,1.10912290108884,-252.0,5.012571377343761,0.5732801564775256,,,,,,,,,,,,,505.0,321.0,40
2018-04-13,1169,557,584,0,0,0,58,30,0,0,0,0,98,152092187137.93,88926187601.54,96,47,,,,161.0,101.0,0,1.7103194372778454,-27.0,1.598263852476574,0.5576543787666313,,,,,,,,,,,,,471.0,279.0,41
2018-04-16,1169,567,566,0,0,0,67,31,0,0,0,0,111,135840645609.44,86943178489.31,70,37,,,,178.0,105.0,0,1.5624071717845252,1.0,0.07103959945274951,0.6411688339270197,,,,,,,,,,,,,423.0,218.0,28
2018-04-17,1166,582,546,0,0,0,70,22,0,0,0,0,105,122058277802.21,106987833584.77,80,46,,,,195.0,83.0,0,1.1408612896671022,36.0,0.5149076651201163,0.9343239845091951,,,,,,,,,,,,,422.0,210.0,26
2018-04-18,1164,396,736,0,0,0,57,37,0,0,0,0,70,108893986376.72,116284908638.81,81,35,,,,194.0,90.0,0,0.9364412601032626,-340.0,-17.90815967705989,0.5745619092024403,,,,,,,,,,,,,415.0,204.0,21
2018-04-19,1168,658,478,0,0,0,87,36,0,0,0,0,98,180177534584.46,79418411519.93001,56,35,,,,214.0,95.0,0,2.2687123947227845,180.0,-7.570341456238495,0.6067622501904247,,,,,,,,,,,,,383.0,200.0,35
2018-04-20,1169,475,658,0,0,0,61,35,0,0,0,0,89,147529810163.79,134853182502.49,87,44,,,,205.0,108.0,0,1.0940031775747372,-183.0,-16.84365517015501,0.6598559430883622,,,,,,,,,,,,,374.0,197.0,29
2018-04-23,1167,609,514,0,0,0,89,25,0,0,0,0,101,192102672515.24,71425423405.81999,84,49,,,,237.0,96.0,0,2.689555950179874,95.0,-10.788120119702857,0.4405280740281666,,,,,,,,,,,,,388.0,209.0,39
2018-04-24,1163,496,634,0,0,0,56,41,0,0,0,0,72,133026563985.64,131070548966.77,90,30,,,,206.0,101.0,0,1.0149233754973126,-138.0,-17.20669705096775,0.7708309846294557,,,,,,,,,,,,,398.0,193.0,23
2018-04-25,1165,315,826,0,0,0,39,70,0,0,0,0,45,142488109374.4,123626286621.93001,84,40,,,,184.0,136.0,0,1.1525712958616368,-511.0,-41.258546841944394,0.3308740496771582,,,,,,,,,,,,,401.0,198.0,23
2018-04-26,1167,503,630,0,0,0,50,40,0,0,0,0,42,205389797870.43,146490628948.51,106,38,,,,145.0,151.0,0,1.4020678274418663,-127.0,-42.416585679019704,0.569453690317848,,,,,,,,,,,,,451.0,201.0,16
2018-04-27,1167,624,493,0,0,0,72,30,0,0,0,0,52,189476807729.6,103938052526.68001,105,43,,,,161.0,140.0,0,1.8229782367815959,131.0,-30.294625956323994,0.6943144221899692,,,,,,,,,,,,,469.0,200.0,18
2018-04-30,434,284,144,296,0,0,35,8,0,0,0,0,47,142227918151.75,80410188109.92,87,50,72.1951219512195,,,157.0,78.0,0,1.768779821250085,140.0,-19.328877263637548,1.115018499492127,76.76767676767676,,,72.48322147651007,,,69.1358024691358,,,,,,472.0,201.0,32
2018-05-02,423,96,323,231,0,0,7,46,19,5,0,0,16,91147935854.99,181618127465.85,81,35,56.34146341463414,,,114.0,84.0,0,0.5018658496637607,-227.0,-28.206517745072446,0.5922172678020399,59.59595959595959,,,55.033557046979865,,,55.55555555555556,,,,,,463.0,206.0,26
2018-05-03,419,110,307,191,0,0,11,23,14,7,0,0,5,100182303618.62,158888510426.69,67,12,46.81372549019608,,,53.0,77.0,0,0.6305194966557596,-197.0,-34.155867767973916,0.5682713870475339,50.505050505050505,,,44.666666666666664,,,46.540880503144656,,,,,,446.0,178.0,23
2018-05-04,414,154,251,177,0,0,14,16,14,5,0,0,7,112388596106.28,123334892480.87,14,3,44.02985074626866,,,32.0,85.0,0,0.9112473675988502,-97.0,-34.07178269871481,0.6733032528255963,47.0,,,42.281879194630875,,,43.790849673202615,,,,,,354.0,143.0,22
2018-05-07,411,250,148,212,0,0,35,12,17,6,0,0,17,177035172470.62,59208085436.7,8,2,53.266331658291456,,,60.0,51.0,0,2.990050618338102,102.0,-23.879531051004705,0.5649366531888534,55.00000000000001,,,50.33557046979866,,,55.033557046979865,,,,,,257.0,102.0,34
2018-05-08,404,189,210,211,0,0,14,11,15,7,0,0,20,146017566608.69,140002270009.71,3,0,53.55329949238579,,,63.0,39.0,0,1.0429657076171894,-21.0,-21.195758236957534,0.862923865499072,53.0,,,50.0,,,57.638888888888886,,,,,,173.0,52.0,28
2018-05-09,406,147,251,194,0,0,22,3,13,7,0,0,8,131877685041.77,105621636432.69,2,2,48.86649874055416,,,71.0,26.0,0,1.2485858910717818,-104.0,-22.945153689762414,0.46905653404044323,53.0,,,43.333333333333336,,,51.70068027210885,,,,,,94.0,19.0,29
2018-05-10,404,71,331,140,0,0,3,39,12,8,0,0,5,59787040639.69,175300102522.83,9,2,35.26448362720403,,,39.0,53.0,0,0.3410553660794563,-260.0,-32.12616103346177,0.6289345716497107,42.0,,,27.333333333333332,,,38.775510204081634,,,,,,36.0,9.0,20
2018-05-11,402,205,188,159,0,0,15,12,13,9,0,0,9,136162491275.71,99385834152.38,12,2,40.25316455696203,,,40.0,54.0,0,1.3700392257808434,17.0,-25.965291507157424,0.7959082567825122,44.0,,,37.333333333333336,,,40.689655172413794,,,,,,34.0,8.0,26
2018-05-14,397,121,269,138,0,0,6,37,10,10,0,0,10,89051969216.63,135259448818.58,5,1,35.47557840616967,,,24.0,88.0,0,0.6583789154432612,-148.0,-28.817921604631415,0.683214659283567,40.0,,,34.0,,,33.81294964028777,,,,,,31.0,7.0,15
2018-05-15,389,139,243,123,0,0,6,28,9,11,0,0,8,122184000993.06,148589427719.81,1,1,31.948051948051948,,,27.0,77.0,0,0.8222926951671029,-104.0,-28.912830729948524,0.695636072492541,42.0,,,25.503355704697988,,,31.61764705882353,,,,,,29.0,8.0,12
2018-05-16,390,173,211,130,0,0,13,13,10,12,0,0,7,123901275232.01,120129348991.2,2,2,33.67875647668394,,,25.0,78.0,0,1.0313988735682427,-38.0,-25.549413878444902,0.7949448407225675,42.0,,,26.174496644295303,,,35.76642335766424,,,,,,29.0,8.0,15
2018-05-17,387,203,179,133,0,0,27,5,9,10,0,0,8,113512948174.17,131428755272.01,6,6,34.81675392670157,,,46.0,46.0,0,0.8636842671091212,24.0,-19.445945401017084,1.3130703608697543,36.0,,,29.53020134228188,,,39.849624060150376,,,,,,26.0,12.0,18
2018-05-18,382,69,308,86,0,0,3,57,7,14,0,0,7,74020510181.52,184308369032.48,8,4,22.811671087533156,,,43.0,75.0,0,0.4016123118558747,-239.0,-27.280250125811214,0.5578164996753623,19.0,,,20.13422818791946,,,28.90625,,,,,,22.0,14.0,35
2018-05-21,375,65,305,68,0,0,10,77,4,19,0,0,1,56861834748.33,175483534384.84,5,3,18.37837837837838,,,40.0,139.0,0,0.32402945921769793,-240.0,-33.892179414881134,0.6577017861674741,22.0,,,12.0,,,23.333333333333332,,,,,,22.0,16.0,34
2018-05-22,374,251,117,88,0,0,33,5,7,11,0,0,3,182635107412.79,61424234074.6,4,2,23.848238482384822,,,46.0,139.0,0,2.9733395973807157,134.0,-20.67591805996151,0.7215116454201832,21.21212121212121,,,20.666666666666668,,,30.0,,,,,,25.0,17.0,44
2018-05-23,373,131,237,87,0,0,13,19,4,14,0,0,4,115726445501.87,138470931307.26,6,4,23.705722070844686,,,56.0,101.0,0,0.8357454117577852,-106.0,-21.272635011205423,0.6613767880235166,20.2020202020202,,,22.14765100671141,,,28.57142857142857,,,,,,29.0,19.0,36
2018-05-24,364,175,183,87,0,0,12,17,3,14,0,0,5,137955125567.75,101237408079.91,0,0,24.233983286908078,,,58.0,41.0,0,1.3626892290531332,-8.0,-16.77646482946296,0.7017624654375084,25.252525252525253,,,19.463087248322147,,,29.72972972972973,,,,,,23.0,13.0,36
2018-05-25,357,274,78,123,0,0,44,3,4,9,0,0,9,220249796698.04,36968585324.729996,4,4,34.844192634560905,,,69.0,39.0,0,5.95775561232268,196.0,-2.6483569999258236,0.5896214516679396,33.33333333333333,,,34.22818791946309,,,37.142857142857146,,,,,,19.0,13.0,52
2018-05-28,357,272,82,182,0,0,57,7,6,5,0,0,15,189184872930.68,57997726951.64,4,3,51.85185185185185,,,113.0,27.0,0,3.2619359908436967,190.0,9.14441697932805,1.0169032071882407,54.54545454545454,,,54.054054054054056,,,46.15384615384615,,,,,,18.0,13.0,63
2018-05-29,353,151,200,163,0,0,10,10,6,4,0,0,6,109315356081.11,145226380718.41,3,1,46.839080459770116,,,111.0,20.0,0,0.7527238201513091,-49.0,7.231516646693471,1.0030239242970063,41.41414141414141,,,46.62162162162162,,,52.475247524752476,,,,,,17.0,12.0,53
2018-05-30,355,145,206,162,0,0,11,7,7,6,0,0,9,101869550617.86,143738721816.03,3,1,46.41833810888252,,,78.0,24.0,0,0.7087133469034321,-61.0,4.959829279057441,0.9931850419088282,47.474747474747474,,,43.24324324324324,,,50.0,,,,,,14.0,9.0,48
2018-05-31,357,135,220,154,0,0,9,25,6,7,0,0,11,258651228291.84,237328088597.85,3,1,43.626062322946176,,,30.0,42.0,0,1.0898466752080147,-85.0,1.7927374333333574,0.5630483421158681,43.43434343434344,,,39.455782312925166,,,49.532710280373834,,,,,,17.0,10.0,39
2018-06-01,364,73,286,128,0,0,3,43,5,9,0,0,4,80065458868.1,150496218568.9,1,0,35.55555555555556,,,23.0,75.0,0,0.5320097716039591,-213.0,-7.3240897819274124,0.47977456217621056,41.41414141414141,,,29.054054054054053,,,38.93805309734513,,,,,,14.0,6.0,15
2018-06-04,367,70,294,94,0,0,3,69,2,16,0,0,0,64659017419.96,152025890193.4,5,3,25.96685082872928,,,15.0,137.0,0,0.42531582836123455,-224.0,-15.632356602065734,0.5598080819437927,37.37373737373738,,,20.27027027027027,,,23.47826086956522,,,,,,15.0,6.0,10
2018-06-05,369,73,293,62,0,0,2,86,0,28,0,0,0,62664870520.42,158150501797.77,11,0,16.986301369863014,,,8.0,198.0,0,0.39623567303346746,-220.0,-22.457762950273676,0.6287842681396763,26.262626262626267,,,14.18918918918919,,,12.711864406779661,,,,,,23.0,5.0,8
2018-06-06,371,294,72,94,0,0,52,6,0,21,0,0,1,183954551580.57,38692477227.29,2,0,25.683060109289617,,,57.0,161.0,0,4.754271754169979,222.0,-6.081196563240084,0.8588767206569198,34.34343434343434,,,21.62162162162162,,,23.52941176470588,,,,,,22.0,4.0,20
2018-06-07,366,314,46,150,0,0,69,2,2,12,0,0,6,199448068381.54,26633733031.29,0,0,41.43646408839779,,,123.0,94.0,0,7.488551009624645,268.0,10.251173680489831,0.9115364170917076,52.52525252525253,,,39.86486486486486,,,33.91304347826087,,,,,,19.0,3.0,28
2018-06-08,369,207,157,169,0,0,31,4,2,7,0,0,6,165373357564.12,74930815655.33,0,0,46.3013698630137,,,152.0,12.0,0,2.2070139783985736,50.0,13.26409437047646,0.5974005377783383,60.60606060606061,,,42.567567567567565,,,38.983050847457626,,,,,,18.0,3.0,31
2018-06-11,367,204,152,174,0,0,16,6,3,8,0,0,9,133932027656.55,86163101855.56,1,1,47.93388429752066,,,116.0,12.0,0,1.5544011853364763,52.0,15.873821088562643,0.8634226966749086,61.61616161616161,,,45.63758389261745,,,39.130434782608695,,,,,,14.0,1.0,29
2018-06-12,362,237,121,198,163,0,22,2,5,6,0,0,14,176137648646.4,54635704224.72,1,0,55.00000000000001,45.530726256983236,,69.0,12.0,0,3.22385610555938,116.0,21.225768327083518,0.6075574162794583,63.63636363636363,56.56565656565656,,53.691275167785236,41.49659863945578,,49.107142857142854,41.07142857142857,,,,,4.0,1.0,24
2018-06-13,363,139,222,191,160,0,9,2,3,6,0,0,9,141396752825.49,97606574827.02,5,4,52.90858725761773,44.56824512534819,,47.0,10.0,0,1.4486396339188796,-83.0,15.745554374383453,0.43221661996939936,61.61616161616161,50.505050505050505,,52.348993288590606,41.49659863945578,,46.017699115044245,43.36283185840708,,,,,7.0,5.0,41
2018-06-14,362,167,187,184,159,0,11,1,6,5,0,0,5,115554624136.71,99054754764.03,9,5,51.11111111111111,44.28969359331476,,42.0,5.0,0,1.1665732191451716,-20.0,14.131243672952976,0.7655311417114853,51.515151515151516,50.505050505050505,,50.33557046979866,39.86486486486486,,51.78571428571429,44.642857142857146,,,,,16.0,10.0,51
2018-06-15,365,116,245,154,144,0,11,7,4,3,0,0,12,152222786975.56,163690384901.53,11,6,42.5414364640884,39.88919667590028,,31.0,10.0,0,0.9299433626912877,-129.0,7.230351804865151,0.5091378752194817,40.0,44.0,,40.939597315436245,37.16216216216216,,46.902654867256636,39.823008849557525,,,,,27.0,16.0,44
2018-06-18,368,122,239,145,137,0,6,11,4,3,0,0,8,83729965816.2,106049364028.58,9,7,39.61748633879781,37.637362637362635,,28.0,19.0,0,0.7895376514812008,-117.0,1.8939374986257356,0.6465305993810219,45.0,42.0,,36.666666666666664,34.45945945945946,,38.793103448275865,37.93103448275862,,,,,35.0,22.0,49
2018-06-19,366,67,298,105,113,0,6,24,7,1,0,0,8,48921376121.22,167960394294.29,4,0,28.846153846153843,31.129476584022036,,23.0,42.0,0,0.2912673331517842,-231.0,-8.378166420702087,0.7719101635332958,32.0,35.0,,26.174496644295303,28.37837837837838,,29.565217391304348,31.30434782608696,,,,,38.0,22.0,43
2018-06-20,371,213,149,129,125,0,14,6,3,1,0,0,1,136189118479.31,63436034866.770004,11,3,35.05434782608695,34.05994550408719,,26.0,41.0,0,2.1468731260605725,64.0,-2.368924439623882,0.6658661771808628,37.0,39.0,,32.88590604026846,29.72972972972973,,36.134453781512605,35.294117647058826,,,,,44.0,21.0,37
2018-06-21,368,97,269,115,110,0,3,18,3,1,0,0,2,74836676073.42,127706911163.05,5,1,31.506849315068493,30.21978021978022,,23.0,48.0,0,0.5860033367957053,-172.0,-9.019177923603891,0.6153459765447469,32.0,33.0,,28.666666666666668,27.516778523489933,,34.78260869565217,31.30434782608696,,,,,40.0,17.0,23
2018-06-22,365,188,171,116,114,0,11,5,2,1,0,0,4,138095184747.81,82349497401.68,3,1,31.955922865013775,31.491712707182316,,28.0,29.0,0,1.6769402255634502,17.0,-5.210048762788773,0.6556078671849858,38.0,37.0,,29.333333333333332,29.53020134228188,,30.08849557522124,29.20353982300885,,,,,32.0,12.0,29
2018-06-25,366,97,266,104,106,0,9,13,3,4,0,0,5,68821794154.21,130475548609.02,2,1,28.650137741046834,29.2817679558011,,23.0,36.0,0,0.5274689004024792,-169.0,-11.22719308647791,0.6913424731905282,31.0,35.0,,27.333333333333332,24.832214765100673,,28.31858407079646,30.08849557522124,,,,,25.0,6.0,19
2018-06-26,361,132,226,95,106,0,4,17,1,8,0,0,2,116769507856.47,97521564851.21,1,0,26.536312849162012,29.69187675070028,,24.0,35.0,0,1.1973711459063117,-94.0,-12.565715517799724,0.4877942803758507,35.0,35.0,,20.666666666666668,26.174496644295303,,26.851851851851855,29.629629629629626,,,,,22.0,6.0,22
2018-06-27,358,53,305,69,86,0,3,66,1,12,0,0,2,49122843968.06,180666194755.97,2,0,19.382022471910112,24.225352112676056,,16.0,96.0,0,0.2718983705524509,-252.0,-21.547323618990887,0.6391008943900871,26.0,28.999999999999996,,14.666666666666666,22.14765100671141,,19.81132075471698,22.641509433962266,,,,,13.0,3.0,12
2018-06-28,358,79,277,49,68,0,3,53,1,10,0,0,1,81718854143.57,217306716666.06,4,0,13.764044943820226,19.154929577464788,,10.0,136.0,0,0.37605305255773186,-198.0,-26.41886192741437,0.7583997896490812,18.0,22.0,,10.666666666666668,16.778523489932887,,14.150943396226415,19.81132075471698,,,,,12.0,2.0,11
2018-06-29,354,295,59,94,95,0,61,5,1,4,0,0,3,188387684588.82,45416623112.92,3,1,26.780626780626783,27.142857142857142,,67.0,124.0,0,4.14798969356284,236.0,-8.751932871479376,1.2054031879007252,32.0,32.0,,25.333333333333336,26.174496644295303,,23.762376237623762,23.762376237623762,,,,,12.0,2.0,25
2018-07-02,358,105,249,72,87,0,7,25,1,5,0,0,1,89841965027.86,128222026151.86,3,1,20.396600566572236,24.71590909090909,,71.0,83.0,0,0.7006749754636968,-144.0,-12.602948864297566,0.6018293242296622,30.0,26.0,,16.666666666666664,23.48993288590604,,16.50485436893204,25.24271844660194,,,,,13.0,2.0,17
2018-07-03,359,219,137,95,94,0,19,8,2,2,0,0,7,143654850373.75,61040515485.58,1,1,26.912181303116146,26.704545454545453,,87.0,38.0,0,2.3534344235295084,82.0,-4.532552793835627,0.6792371735550754,35.714285714285715,32.6530612244898,,26.0,24.832214765100673,,20.0,23.809523809523807,,,,,13.0,3.0,31
2018-07-04,354,187,159,112,103,0,22,8,6,2,0,0,7,111880202596.56,96105414652.53,2,1,32.09169054441261,29.68299711815562,,48.0,41.0,0,1.1641404701396263,28.0,-0.3097013896214946,1.0102738106766074,39.795918367346935,33.6734693877551,,30.87248322147651,29.054054054054053,,26.47058823529412,26.732673267326735,,,,,13.0,4.0,31
2018-07-05,353,115,235,106,101,0,6,17,2,2,0,0,1,77858179438.59,136403117601.56999,0,0,30.63583815028902,29.360465116279073,,47.0,33.0,0,0.5707947208802935,-120.0,-4.0976149320703,0.8573339665317052,37.755102040816325,33.6734693877551,,26.845637583892618,29.054054054054053,,29.292929292929294,25.510204081632654,,,,,9.0,4.0,26
2018-07-06,345,212,126,112,104,0,18,6,1,3,0,0,3,148462703497.42,75652993584.61,3,2,33.13609467455622,30.952380952380953,,46.0,31.0,0,1.962416772462281,86.0,2.984207063796326,0.8573814218009198,40.816326530612244,36.734693877551024,,28.187919463087248,25.675675675675674,,32.967032967032964,33.33333333333333,,,,,9.0,5.0,40
2018-07-09,342,262,73,166,124,0,32,3,4,3,0,0,7,153153851057.38,41256683198.66,4,3,49.700598802395206,37.34939759036144,,56.0,26.0,0,3.712219189310748,189.0,14.1742438349433,0.9668182057312171,53.608247422680414,43.29896907216495,,48.66666666666667,35.57046979865772,,47.12643678160919,33.72093023255814,,,,,10.0,7.0,59
2018-07-10,341,251,86,205,146,0,24,3,4,3,0,0,12,159514226738.63,61781486408.47,8,6,61.56156156156156,44.10876132930513,,74.0,12.0,0,2.5819098246357703,165.0,22.470854055099252,1.1304053392238507,62.88659793814433,45.36082474226804,,59.333333333333336,42.95302013422819,,63.95348837209303,44.70588235294118,,,,,17.0,12.0,65
2018-07-11,341,104,233,167,135,0,10,14,1,3,0,0,11,134183715217.96,118165386429.32,5,4,50.150150150150154,40.78549848942598,,66.0,20.0,0,1.13555855291195,-129.0,14.752101523057094,0.39306817793400195,44.329896907216494,39.175257731958766,,53.02013422818792,41.891891891891895,,51.724137931034484,40.69767441860465,,,,,20.0,15.0,56
2018-07-12,338,143,190,165,141,0,9,12,1,3,0,0,10,135478403715.05,114748683237.83,5,2,50.15197568389058,43.11926605504588,,43.0,29.0,0,1.1806532318480312,-47.0,12.178807600545767,0.6374704770589609,47.42268041237113,41.23711340206185,,51.006711409395976,45.27027027027027,,51.80722891566265,41.46341463414634,,,,,25.0,17.0,55
2018-07-13,340,87,250,134,117,0,5,29,0,3,0,0,9,121870278481.61,125154699354.6,13,6,40.24024024024024,35.34743202416919,,24.0,55.0,0,0.9737571110799101,-163.0,4.117747258795852,0.35737864816623843,41.23711340206185,37.11340206185567,,37.333333333333336,34.899328859060404,,44.18604651162791,34.11764705882353,,,,,35.0,21.0,41
2018-07-16,334,36,293,79,86,0,3,90,0,7,0,0,2,52762282227.15,170810859881.31,9,3,24.233128834355828,26.543209876543212,,17.0,131.0,0,0.3088930192366722,-257.0,-7.495048069694313,0.3977652020158224,29.591836734693878,27.55102040816326,,19.463087248322147,24.324324324324326,,26.582278481012654,29.48717948717949,,,,,40.0,21.0,25
2018-07-17,326,244,77,113,103,0,35,8,0,7,0,0,2,181869632338.54,50470296267.37,13,3,35.3125,32.38993710691824,,43.0,127.0,0,3.6034984097393172,167.0,3.8134871647950668,0.8793763194862648,41.83673469387755,32.6530612244898,,30.87248322147651,31.756756756756754,,35.61643835616438,33.33333333333333,,,,,45.0,18.0,25
2018-07-18,321,93,227,98,95,0,8,28,1,7,0,0,2,80007055707.94,159660616744.85,4,0,31.11111111111111,30.254777070063692,,46.0,126.0,0,0.5011070189951567,-134.0,-1.586782645540481,0.8175731219600156,38.775510204081634,35.714285714285715,,28.859060402684566,28.37837837837838,,25.0,26.47058823529412,,,,,44.0,14.0,14
2018-07-19,320,114,203,85,89,0,6,21,1,7,0,0,4,103278642531.11,123523701430.78,1,0,26.984126984126984,28.343949044585987,,49.0,57.0,0,0.8361038516076618,-89.0,-3.9460794201496725,0.6716586146565442,36.734693877551024,36.734693877551024,,21.476510067114095,24.324324324324326,,25.0,25.0,,,,,40.0,12.0,14
2018-07-20,323,198,122,105,93,0,23,12,5,5,0,0,6,178994473442.88,68710030390.62,3,0,33.22784810126582,29.523809523809526,,37.0,61.0,0,2.6050705031752623,76.0,2.3064522346602203,0.6229968892181431,42.857142857142854,38.775510204081634,,31.08108108108108,26.53061224489796,,24.285714285714285,22.857142857142858,,,,,30.0,6.0,24
2018-07-23,321,225,92,134,108,0,34,11,5,6,0,0,8,197155670504.86,68904412118.92,1,1,42.81150159744409,34.61538461538461,,63.0,44.0,0,2.861292396843835,133.0,10.490834538349379,0.8547368932342372,50.0,38.775510204081634,,39.59731543624161,32.432432432432435,,39.39393939393939,33.33333333333333,,,,,22.0,4.0,31
2018-07-24,322,251,67,194,136,0,69,3,3,3,0,0,9,209953223236.78,78756349787.11,4,3,61.39240506329114,43.17460317460318,,126.0,26.0,0,2.665857722003552,184.0,19.98602723531186,1.4052770430302155,63.26530612244898,46.93877551020408,,61.74496644295302,42.567567567567565,,57.971014492753625,39.130434782608695,,,,,13.0,4.0,36
2018-07-25,325,156,166,199,141,0,20,10,3,2,0,0,8,148211921943.12,119113237026.43001,7,5,62.57861635220125,44.479495268138805,,123.0,24.0,0,1.2442943004750453,-10.0,18.30448685503822,0.7552546337195294,61.224489795918366,47.95918367346938,,65.77181208053692,44.29530201342282,,57.74647887323944,40.0,,,,,16.0,9.0,50
2018-07-26,326,172,151,191,154,0,26,7,5,3,0,0,5,193187494972.64,174512759102.61,10,8,59.3167701863354,47.97507788161994,,115.0,20.0,0,1.107010719250904,21.0,18.325247395629066,1.0289627985290974,55.10204081632652,50.0,,64.1891891891892,50.67567567567568,,55.26315789473685,40.0,,,,,25.0,17.0,57
2018-07-27,331,232,94,230,180,0,29,7,8,3,0,0,5,208698288907.59,61181074306.06,17,8,70.5521472392638,55.55555555555556,,75.0,24.0,0,3.41115763779451,138.0,24.101371420856097,0.7235329962583388,68.36734693877551,58.16326530612245,,75.67567567567568,58.78378378378378,,63.74999999999999,46.15384615384615,,,,,39.0,25.0,60
2018-07-30,338,193,139,245,202,0,30,1,6,3,0,0,9,186091999308.29,88722987068.88,16,6,73.79518072289156,61.39817629179332,,85.0,15.0,0,2.0974496627781214,54.0,24.71945060532093,0.6619892878830794,76.76767676767676,64.28571428571429,,76.51006711409396,62.83783783783784,,65.47619047619048,55.42168674698795,,,,,54.0,30.0,49
2018-07-31,340,195,142,249,204,0,26,8,10,2,0,0,14,176769900597.72,112799569963.41,18,11,74.10714285714286,61.44578313253012,,85.0,16.0,0,1.5671150222918468,53.0,25.074311055011755,0.8762850314659144,73.73737373737373,66.3265306122449,,77.85234899328859,64.1891891891892,,68.18181818181817,51.162790697674424,,,,,68.0,38.0,48
2018-08-01,343,172,167,260,213,0,18,4,10,1,0,0,11,159665732769.62,112499971681.85,19,9,76.47058823529412,63.39285714285714,,74.0,13.0,0,1.4192513152017032,5.0,22.85234518422235,0.7256925596817956,78.78787878787878,69.38775510204081,,77.18120805369128,62.16216216216216,,72.82608695652173,58.88888888888889,,,,,80.0,42.0,43
2018-08-02,341,135,203,248,209,0,19,5,11,1,0,0,8,99332854288.34,139822350614.79,15,4,73.37278106508876,62.38805970149254,,63.0,17.0,0,0.7104218592491096,-68.0,17.188302638776296,0.936098209653598,77.77777777777779,70.40816326530613,,72.2972972972973,58.78378378378378,,70.32967032967034,59.55056179775281,,,,,85.0,38.0,24
2018-08-03,347,251,89,275,226,0,36,3,16,1,0,0,13,201387628130.66,53199809484.11,12,4,80.17492711370262,66.47058823529412,,73.0,12.0,0,3.7854952881139834,162.0,23.759604749226042,0.7450081176844421,81.0,71.42857142857143,,81.75675675675676,65.54054054054053,,76.84210526315789,62.76595744680851,,,,,80.0,34.0,35
2018-08-06,349,195,150,273,237,0,23,3,21,1,0,0,14,141168869859.09,87353579892.09,11,5,79.13043478260869,69.2982456140351,,78.0,11.0,0,1.6160627879644927,45.0,23.409270029914442,0.8044241904965904,79.0,74.48979591836735,,80.53691275167785,69.79865771812081,,77.08333333333334,63.1578947368421,,,,,75.0,33.0,33
2018-08-07,354,133,218,262,228,0,15,22,15,1,0,0,14,110837190717.71,156065806216.09,5,2,74.85714285714286,65.70605187319885,,74.0,28.0,0,0.710195227289211,-85.0,16.492687494753454,0.8590479345347951,76.76767676767676,70.10309278350515,,75.16778523489933,65.1006711409396,,72.54901960784314,62.37623762376238,,,,,62.0,24.0,25
2018-08-08,352,195,155,258,231,0,15,12,13,1,0,0,12,182631027897.08,82732657430.23,12,6,74.13793103448276,66.95652173913044,,53.0,37.0,0,2.207484125009476,40.0,16.746545989717042,0.5699087490034076,76.76767676767676,69.0721649484536,,75.16778523489933,68.45637583892618,,70.0,62.62626262626263,,,,,55.0,21.0,31
2018-08-09,350,199,149,243,221,0,39,8,15,0,0,0,17,195885340067.34,95162170905.51,8,5,70.23121387283237,64.43148688046647,,69.0,42.0,0,2.0584370680429487,50.0,17.37986227296232,0.648827448034856,69.6969696969697,70.10309278350515,,72.48322147651007,64.42953020134227,,67.3469387755102,58.76288659793815,,,,,48.0,22.0,32
2018-08-10,352,114,235,226,225,0,13,23,12,0,0,0,10,90524297490.69,182101975305.1,9,5,64.9425287356322,65.21739130434783,,67.0,43.0,0,0.49710771856824965,-121.0,9.284448383772226,0.9758576760302736,69.6969696969697,70.10309278350515,,65.1006711409396,63.08724832214765,,60.0,63.63636363636363,,,,,45.0,23.0,32
2018-08-13,356,94,258,188,185,0,10,21,15,0,0,0,9,88456196820.98,148712793775.28,5,3,53.561253561253565,53.16091954022989,,62.0,52.0,0,0.5948122859869489,-164.0,0.1664472665958332,0.6125312032968196,57.57575757575758,59.183673469387756,,51.67785234899329,51.35135135135135,,52.42718446601942,50.0,,,,,39.0,21.0,35
2018-08-14,359,227,123,205,204,0,19,10,24,0,0,0,12,194172419076.5,58717845027.39,12,2,57.74647887323944,57.95454545454546,,42.0,54.0,0,3.306872365392919,104.0,5.769724075077037,0.5580888075991011,63.63636363636363,63.26530612244898,,51.67785234899329,53.37837837837838,,60.747663551401864,59.43396226415094,,,,,46.0,21.0,34
2018-08-16,361,146,209,199,201,0,15,6,22,0,0,0,10,156009174858.59,120433715393.26,12,6,55.74229691876751,56.61971830985916,,44.0,37.0,0,1.2953945192935645,-63.0,2.1816771259530823,0.5392678314575495,65.65656565656566,65.65656565656566,,49.32432432432432,49.65986394557823,,55.45454545454545,57.798165137614674,,,,,46.0,21.0,28
2018-08-17,363,256,101,230,217,0,29,0,36,0,0,0,21,208122956933.61,40989826358.05,8,6,64.24581005586593,60.95505617977528,,63.0,16.0,0,5.077429582541685,155.0,10.002988598822334,0.49920012166426253,72.72727272727273,67.67676767676768,,62.16216216216216,57.14285714285714,,59.45945945945946,60.0,,,,,46.0,22.0,39
2018-08-20,366,226,137,254,235,0,23,8,45,0,0,0,13,183101682600.99,81782420660.14,10,8,69.9724517906336,65.27777777777779,,67.0,14.0,0,2.2388880290288604,89.0,13.340194965131435,0.7368099766971802,80.8080808080808,73.46938775510205,,69.79865771812081,66.21621621621621,,60.86956521739131,57.01754385964912,,,,,47.0,25.0,44
2018-08-21,370,205,161,261,244,0,26,3,45,0,0,0,16,166611104707.48,98989457501.53,10,5,70.92391304347827,66.84931506849315,,78.0,11.0,0,1.6831196868101317,44.0,13.876805433500058,0.7565070597439191,79.7979797979798,73.46938775510205,,70.46979865771812,67.56756756756756,,64.16666666666667,60.50420168067227,,,,,52.0,27.0,42
2018-08-23,374,162,211,243,237,0,26,6,40,0,0,0,25,168651818894.36,149182726589.5,9,3,65.32258064516128,64.22764227642277,,75.0,17.0,0,1.1305050038295137,-49.0,9.616223356787732,0.6791411884490213,72.72727272727273,72.44897959183673,,65.77181208053692,64.1891891891892,,58.87096774193549,57.72357723577236,,,,,49.0,28.0,45
2018-08-24,374,137,232,226,229,0,13,2,35,0,0,0,17,126013766177.34999,133240747525.14,8,3,60.91644204851752,62.22826086956522,,65.0,11.0,0,0.9457599759681143,-95.0,3.6253445644147524,0.6243838356289453,66.3265306122449,69.38775510204081,,61.74496644295302,61.904761904761905,,55.64516129032258,56.91056910569105,,,,,45.0,25.0,38
2018-08-27,379,251,122,249,254,0,21,3,39,0,0,0,21,197733419635.21,45935825128.89,17,13,66.04774535809018,67.9144385026738,,60.0,11.0,0,4.304557914882241,129.0,9.685016474113784,0.47795315799267424,74.48979591836735,75.51020408163265,,67.11409395973155,68.02721088435374,,58.46153846153847,62.01550387596899,,,,,54.0,32.0,54
2018-08-28,381,163,213,245,248,0,18,13,41,0,0,0,19,136702992737.35,128112353775.04001,20,10,64.64379947229551,65.95744680851064,,52.0,18.0,0,1.0670555079910156,-50.0,5.8676108745358855,0.717168141892844,71.42857142857143,75.51020408163265,,60.40268456375839,64.62585034013605,,64.39393939393939,60.30534351145038,,,,,64.0,34.0,38
2018-08-29,380,186,192,253,247,0,16,7,35,0,0,0,5,153896137407.61,133809592809.51,9,6,66.93121693121694,65.69148936170212,,55.0,23.0,0,1.1501128893404151,-6.0,4.774391032524104,0.8423086194221978,73.46938775510205,75.51020408163265,,68.91891891891892,65.06849315068493,,59.84848484848485,59.09090909090909,,,,,63.0,35.0,42
2018-08-30,383,210,170,251,258,0,18,4,34,0,0,0,8,175002973262.56,154740388880.99,12,5,66.05263157894737,68.43501326259947,,52.0,24.0,0,1.1309456731245122,40.0,6.115816112441408,1.0922665402965455,67.3469387755102,73.46938775510205,,68.91891891891892,70.54794520547945,,61.940298507462686,62.40601503759399,,,,,66.0,37.0,42
2018-08-31,383,209,172,266,269,0,18,4,30,0,0,0,17,165698138853.34,183282790003.82,10,7,70.0,71.54255319148936,,52.0,15.0,0,0.9040572704610536,37.0,7.082155475208497,1.3440700260616,71.42857142857143,71.42857142857143,,73.8255033557047,74.65753424657534,,64.66165413533834,68.18181818181817,,,,,68.0,41.0,48
2018-09-03,384,148,231,250,261,0,19,16,28,1,0,0,12,110668264088.83,175626343480.19998,10,6,65.78947368421053,69.41489361702128,,55.0,24.0,0,0.6301347616526941,-83.0,1.8729648529983152,1.0167549541502134,62.244897959183675,70.40816326530613,,68.45637583892618,72.6027397260274,,65.41353383458647,65.15151515151516,,,,,61.0,34.0,39
2018-09-04,383,47,333,177,202,0,2,76,21,1,0,0,2,66534966154.68,230389615785.77,10,2,46.578947368421055,53.72340425531915,,39.0,96.0,0,0.28879325106626413,-286.0,-12.740257953256382,0.4887272836883437,41.41414141414141,52.52525252525253,,45.63758389261745,53.42465753424658,,51.515151515151516,54.961832061068705,,,,,51.0,26.0,33
2018-09-05,382,134,246,156,192,0,5,16,17,2,0,0,1,127616518682.96,173113569917.97,16,4,41.05263157894737,51.2,,26.0,108.0,0,0.7371837964142914,-112.0,-16.470862162837868,0.7389140263310207,35.35353535353536,52.04081632653062,,40.816326530612244,50.0,,45.11278195488722,51.515151515151516,,100.0,100.0,,58.0,24.0,25
2018-09-06,379,238,139,177,211,0,28,6,21,3,0,0,6,170839195757.43,115699871833.37,6,3,46.94960212201592,56.72043010752689,,35.0,98.0,0,1.4765720397985505,99.0,-9.02817445121585,1.159598156864015,36.36363636363637,56.12244897959183,,47.61904761904761,54.48275862068965,,54.19847328244275,59.68992248062015,,,,,52.0,22.0,29
2018-09-07,385,249,129,197,234,0,36,2,24,2,0,0,15,225183758975.36,90898393989.74,2,0,51.43603133159269,61.74142480211082,,69.0,24.0,0,2.4773128445017103,120.0,-1.5695355855229458,0.7791638276221767,49.0,60.60606060606061,,46.97986577181208,60.544217687074834,,58.2089552238806,63.90977443609023,,,,,44.0,15.0,35
2018-09-10,381,78,302,167,202,0,7,19,20,3,0,0,8,74381338339.59,204522713319.89,3,3,44.06332453825858,53.86666666666666,,71.0,27.0,0,0.36368253252758087,-224.0,-12.384551677427895,0.7101747337171795,35.0,50.505050505050505,,43.24324324324324,54.109589041095894,,52.307692307692314,56.58914728682171,,0.0,0.0,,37.0,12.0,30
2018-09-11,383,64,317,115,172,0,4,41,16,6,0,0,1,33049666360.850002,259152160114.67,7,3,30.263157894736842,45.744680851063826,,47.0,62.0,0,0.12752996674319111,-253.0,-23.019467677619488,1.5831004244363172,24.0,41.41414141414141,,29.72972972972973,44.52054794520548,,35.87786259541985,50.76923076923077,,0.0,0.0,,34.0,13.0,24
2018-09-12,382,179,199,122,173,0,11,10,17,7,0,0,3,154373675176.51,120033531807.99,14,2,32.10526315789474,45.767195767195766,,22.0,70.0,0,1.2860879193611643,-20.0,-20.347223519395204,0.699405906778124,28.000000000000004,45.45454545454545,,29.53020134228188,42.567567567567565,,37.98449612403101,49.6124031007752,,50.0,50.0,,32.0,11.0,29
2018-09-14,380,309,67,165,205,0,47,0,19,4,0,0,7,254705618434.05,23977419976.7,3,1,43.65079365079365,54.52127659574468,,62.0,51.0,0,10.622728328634171,242.0,-4.86071864651646,0.434157794102266,45.0,55.55555555555556,,41.61073825503356,55.033557046979865,,44.96124031007752,53.125,,,,,29.0,9.0,32
2018-09-17,383,142,239,168,198,0,24,5,26,2,0,0,9,98403927730.03,137459079691.85,3,1,44.09448818897638,52.242744063324544,,82.0,15.0,0,0.715877975835629,-97.0,-8.545453386972557,0.829949068793039,40.0,48.484848484848484,,42.95302013422819,51.67785234899329,,48.484848484848484,55.72519083969466,,,,,30.0,10.0,33
2018-09-18,385,55,328,120,168,0,2,41,17,4,0,0,2,49250837352.46,208943887326.95,1,0,31.413612565445025,44.21052631578947,,73.0,46.0,0,0.2357132241700546,-273.0,-20.453174323127655,0.711385317559841,24.0,43.43434343434344,,26.174496644295303,36.91275167785235,,42.857142857142854,53.03030303030303,,,,,28.0,7.0,27
2018-09-19,387,135,248,112,157,0,12,17,18,4,0,0,4,110433798967.79,151912650737.58,4,1,29.166666666666668,40.992167101827675,,38.0,63.0,0,0.7269559080932487,-113.0,-22.532009851924627,0.7488141063981165,26.0,41.41414141414141,,20.13422818791946,31.543624161073826,,41.48148148148148,51.11111111111111,,,,,25.0,5.0,23
2018-09-21,389,81,308,83,128,0,5,130,9,6,0,0,1,135375269775.20999,381662153837.43,7,2,21.502590673575128,33.246753246753244,,19.0,188.0,0,0.35469922394472847,-227.0,-29.896754179786427,0.741436674324366,23.0,35.35353535353536,,14.76510067114094,24.832214765100673,,27.73722627737226,40.87591240875913,,,,,18.0,5.0,18
2018-09-24,391,52,339,45,86,0,5,134,7,14,0,0,2,48865673674.15,274962068511.43,2,1,11.568123393316196,22.22222222222222,,22.0,281.0,0,0.17771787191846314,-287.0,-39.04412680920933,0.8631227052609382,16.0,25.252525252525253,,8.0,16.778523489932887,,12.23021582733813,25.899280575539567,,,,,17.0,5.0,10
2018-09-25,387,195,190,52,90,0,21,31,7,20,0,0,3,209916514680.4,143317398122.96,3,1,13.506493506493506,23.49869451697128,,31.0,295.0,0,1.4646966623012574,5.0,-32.069909773319864,0.7007019377385545,20.0,29.292929292929294,,8.0,17.449664429530202,,14.814814814814813,25.925925925925924,,,,,17.0,5.0,16
2018-09-26,391,211,177,63,105,0,31,17,7,16,0,0,1,175439081308.43,106759414762.92,1,0,16.195372750642672,27.131782945736433,,57.0,182.0,0,1.6433125050191266,34.0,-24.496604658767765,0.7254191712405615,24.0,32.323232323232325,,12.0,20.80536912751678,,15.107913669064748,30.215827338129497,,,,,17.0,5.0,18
2018-09-27,385,85,299,46,85,0,10,84,4,30,0,0,1,106020686578.9,235652218700.71,0,0,12.010443864229766,22.30971128608924,,62.0,132.0,0,0.44990319702252207,-214.0,-30.298945762531886,0.6318713410712181,18.0,28.28282828282828,,8.666666666666668,15.436241610738255,,11.363636363636363,25.757575757575758,,0.0,0.0,,13.0,4.0,10
2018-09-28,381,65,313,28,56,0,7,137,2,46,0,0,1,93345817736.03,265446832807.14,1,1,7.368421052631578,14.814814814814813,,48.0,238.0,0,0.3516554209703088,-248.0,-36.80845267743756,0.5905432399033795,11.0,21.21212121212121,,6.0,10.738255033557047,,6.153846153846154,14.615384615384617,,,,,7.0,3.0,10
2018-10-01,382,204,176,33,56,0,46,23,3,41,0,0,2,213931123381.99,116681271735.14,2,1,8.68421052631579,14.814814814814813,,63.0,244.0,0,1.833465818470009,28.0,-28.390038826294713,0.6321857202978278,15.0,23.232323232323232,,6.0402684563758395,10.81081081081081,,6.870229007633588,12.977099236641221,,,,,7.0,3.0,18
2018-10-03,372,173,198,35,63,0,35,24,2,44,0,0,1,120156897535.73,194660734935.23,0,0,9.45945945945946,17.119565217391305,,88.0,184.0,0,0.6172631454191834,-25.0,-23.7003447894361,1.4155022541383362,13.541666666666666,24.210526315789473,,8.275862068965518,11.11111111111111,,7.751937984496124,18.6046511627907,,,,,4.0,2.0,13
2018-10-04,375,67,306,16,39,0,7,67,2,58,0,0,1,107112902189.73,223196709406.55,0,0,4.289544235924933,10.512129380053908,,88.0,114.0,0,0.47990359031066715,-239.0,-30.27215466397483,0.4562463227755232,4.0,10.1010101010101,,3.3557046979865772,8.783783783783784,,5.64516129032258,12.903225806451612,,,,,3.0,2.0,14
2018-10-05,370,47,323,13,20,0,4,100,3,88,0,0,1,47322785647.15,281389149128.34,1,0,3.532608695652174,5.46448087431694,,46.0,191.0,0,0.1681755881267701,-276.0,-37.589691333385574,0.8652316161583878,4.0,9.090909090909092,,2.013422818791946,2.7027027027027026,,5.042016806722689,5.88235294117647,,,,,4.0,2.0,10
2018-10-08,367,106,257,9,19,0,11,67,3,73,0,0,1,142537313064.17,173282706044.13,0,0,2.4657534246575343,5.234159779614325,,22.0,234.0,0,0.8225709092277792,-151.0,-37.40823672906481,0.5014173942218662,2.0,9.090909090909092,,2.0,2.684563758389262,,3.4782608695652173,5.217391304347826,,,,,3.0,1.0,7
2018-10-09,365,162,201,11,18,0,25,27,4,67,0,0,1,123055346016.5,154340758307.53,0,0,3.0386740331491713,5.0,,40.0,194.0,0,0.7972964974767547,-39.0,-31.46605185872525,1.0108788283962449,3.0303030303030303,8.16326530612245,,2.0,2.684563758389262,,4.424778761061947,5.3097345132743365,,,,,1.0,0.0,7
2018-10-10,363,330,32,38,34,0,180,2,6,39,0,0,2,277557097796.15,34724823623.2,0,0,10.584958217270195,9.523809523809524,,216.0,96.0,0,7.9930455747718,298.0,-9.378153535291283,1.2901840610729183,10.1010101010101,11.224489795918368,,9.395973154362416,6.756756756756757,,12.612612612612612,11.711711711711711,,,,,1.0,0.0,28
2018-10-11,363,72,289,28,27,0,23,69,4,59,0,0,0,74612678176.31999,244388556041.72,1,0,7.7994428969359335,7.563025210084033,,228.0,98.0,0,0.30530348632029536,-217.0,-16.196109701078782,0.8160239213106041,7.07070707070707,7.142857142857142,,6.756756756756757,4.761904761904762,,9.821428571428571,11.607142857142858,,,,,2.0,0.0,17
2018-10-12,363,328,32,72,46,0,107,1,5,37,0,0,0,243841914337.87,38382407942.82,1,0,20.055710306406684,12.885154061624648,,310.0,72.0,0,6.352960311951565,296.0,3.7055183256783053,1.6134210661944626,13.0,11.11111111111111,,21.08843537414966,10.273972602739725,,25.0,17.857142857142858,,,,,2.0,0.0,30
2018-10-15,362,244,114,110,69,0,57,3,7,25,0,0,1,135374546950.75,89309404466.37,1,0,30.726256983240223,19.382022471910112,,187.0,73.0,0,1.5157927405251719,130.0,12.402882696927215,1.4120339938106723,23.0,12.121212121212121,,31.756756756756754,20.408163265306122,,36.36363636363637,24.545454545454547,,,,,3.0,0.0,29
2018-10-16,359,262,92,144,79,0,30,7,7,24,0,0,2,187197756008.76,65837079160.090004,0,0,40.563380281690144,22.379603399433428,,194.0,11.0,0,2.843348435211841,170.0,21.777114820860394,1.0015747812294933,34.0,16.161616161616163,,41.891891891891895,25.170068027210885,,44.85981308411215,24.299065420560748,,,,,3.0,0.0,33
2018-10-17,358,46,309,98,56,0,2,98,2,40,0,0,0,48760154888.72,213748286231.18,0,0,27.605633802816904,15.864022662889518,,89.0,108.0,0,0.22811951266820138,-263.0,8.033197712718966,0.652584744613164,23.0,17.17171717171717,,25.0,10.204081632653061,,35.51401869158878,22.429906542056074,,,,,3.0,0.0,15
2018-10-19,350,109,236,76,49,0,8,47,0,44,0,0,1,81887203144.8,215800743326.99,0,0,21.902017291066283,14.16184971098266,,40.0,152.0,0,0.37945746563403265,-127.0,3.041982596694446,1.217170430440564,19.0,14.14141414141414,,21.08843537414966,10.204081632653061,,26.0,20.0,,,,,2.0,0.0,11
2018-10-22,349,95,248,63,45,0,5,44,0,40,0,0,0,86622088892.15,159186723560.22,2,0,18.26086956521739,13.08139534883721,,15.0,189.0,0,0.544153978138642,-153.0,-2.540716240489992,0.7039634579891528,21.0,14.14141414141414,,14.285714285714285,10.204081632653061,,21.428571428571427,16.3265306122449,,,,,3.0,0.0,10
2018-10-23,347,87,256,45,35,0,2,40,0,43,0,0,0,79070314087.42,185535376143.14,0,0,13.08139534883721,10.174418604651162,,15.0,131.0,0,0.4261737881535728,-169.0,-8.101220165080242,0.7974299674139894,13.0,12.0,,12.925170068027212,8.16326530612245,,13.402061855670103,11.34020618556701,,,,,2.0,0.0,10
2018-10-24,338,228,102,68,40,0,36,10,2,29,0,0,0,174798421589.66,100280461036.63,0,0,20.298507462686565,11.940298507462686,,43.0,94.0,0,1.7430955121537626,126.0,1.9350550802205078,1.2823704163434724,22.0,11.0,,19.047619047619047,10.884353741496598,,20.454545454545457,14.772727272727273,,,,,2.0,0.0,20
2018-10-25,334,104,227,65,33,0,9,34,5,24,0,0,0,85150481839.3,256500533598.97,0,0,19.637462235649547,9.969788519637463,,47.0,84.0,0,0.3319699988321659,-123.0,-1.9436048604484597,1.380093928208584,18.0,10.0,,19.727891156462583,8.16326530612245,,21.428571428571427,13.095238095238097,,,,,2.0,0.0,14
2018-10-26,329,151,173,65,36,0,21,13,3,25,0,0,0,100278891350.38,154967475803.21,0,0,19.938650306748464,11.042944785276074,,66.0,57.0,0,0.6470963718717475,-22.0,-0.20014108541818842,1.348844481104878,17.0,9.0,,20.54794520547945,9.58904109589041,,22.5,16.25,,,,,2.0,0.0,16
2018-10-29,324,282,41,134,61,0,90,3,4,17,0,0,5,256640122238.28,28503271279.81,0,0,41.74454828660436,19.003115264797508,,120.0,50.0,0,9.003883088327072,241.0,14.441521147659785,0.7638980552073951,43.0,20.0,,45.89041095890411,17.80821917808219,,32.0,20.0,,,,,0.0,0.0,34
2018-10-30,322,190,131,146,79,0,27,8,4,9,0,0,3,139920624531.27,121774626536.15001,0,0,45.625,24.6875,,138.0,24.0,0,1.1490129636302613,59.0,17.787934751203153,1.2622848699695164,39.0,22.0,,49.65986394557823,25.170068027210885,,46.57534246575342,27.397260273972602,,,,,0.0,0.0,33
2018-10-31,325,240,79,192,107,0,44,7,12,8,0,0,4,255522090947.78,74725508257.73,0,0,59.44272445820433,33.126934984520126,,161.0,18.0,0,3.4194761187368368,161.0,25.66017870847672,0.8884327826996317,56.00000000000001,34.0,,62.585034013605444,33.33333333333333,,57.89473684210527,31.57894736842105,,,,,0.0,0.0,58
2018-11-01,323,224,97,205,122,0,46,5,10,7,0,0,3,210926577051.61,94058457140.34,2,2,63.862928348909655,38.006230529595015,,117.0,20.0,0,2.242505176721077,127.0,30.56264639840324,1.0297761514611175,53.0,35.0,,69.5945945945946,39.189189189189186,,67.12328767123287,39.726027397260275,,,,,2.0,2.0,61
2018-11-02,321,206,113,228,137,0,41,9,9,3,0,0,1,257721495358.31,87365371522.08,1,0,71.47335423197492,42.94670846394985,,131.0,21.0,0,2.9499273095081566,93.0,32.90144304129839,0.617984329200801,66.0,39.0,,75.67567567567568,47.2972972972973,,70.4225352112676,39.436619718309856,,,,,3.0,2.0,64
2018-11-05,321,148,166,219,135,0,8,16,10,3,0,0,2,132103759638.69,112811095241.93,2,2,68.65203761755487,42.31974921630094,,95.0,30.0,0,1.1710174372067372,-18.0,29.18660695576726,0.7613603664066015,68.0,37.0,,71.62162162162163,45.27027027027027,,63.38028169014085,43.66197183098591,,,,,5.0,4.0,68
2018-11-06,320,135,183,214,135,0,12,10,16,3,0,0,3,93789264637.93001,134305807797.64,1,1,67.29559748427673,42.586750788643535,,61.0,35.0,0,0.6983262017919828,-48.0,24.364489067859303,1.0563901456650975,68.0,36.0,,68.24324324324324,47.61904761904761,,64.28571428571429,41.42857142857143,,,,,6.0,5.0,63
2018-11-07,3,2,1,2,1,0,0,0,0,0,0,0,0,1543500155.6,38875579.8,0,0,66.66666666666666,33.33333333333333,,20.0,26.0,0,39.70359190887231,1.0,22.569755828358705,0.050373276165803844,66.66666666666666,33.33333333333333,,,,,,,,,,,6.0,5.0,58
2018-11-09,320,240,78,240,155,0,51,5,36,2,0,0,3,173797921343.96,74281443481.90001,4,2,75.70977917981072,49.050632911392405,,63.0,15.0,0,2.339721917039872,162.0,28.9724101294439,1.3150806745512238,74.0,45.0,,76.35135135135135,53.74149659863946,,76.81159420289855,44.927536231884055,,,,,8.0,5.0,73
2018-11-12,318,85,231,212,136,0,11,20,32,1,0,0,5,76759131292.09,150387088739.4,3,0,66.8769716088328,42.90220820189275,,62.0,25.0,0,0.5104103812070127,-146.0,18.90181750622452,0.7209206190031002,59.0,34.0,,68.91891891891892,47.2972972972973,,73.91304347826086,46.3768115942029,,,,,10.0,5.0,44
2018-11-13,316,183,128,212,138,0,17,6,13,3,0,0,2,159941059122.88998,63417343881.56,2,1,67.3015873015873,43.80952380952381,,79.0,31.0,0,2.52203970291787,55.0,20.24695172584083,0.5668774755393126,67.0,36.0,,68.91891891891892,45.27027027027027,,64.17910447761194,52.23880597014925,,,,,10.0,4.0,42
2018-11-14,316,141,170,201,135,0,16,11,17,3,0,0,2,142457034001.13,143832832733.38998,4,1,63.8095238095238,42.857142857142854,,44.0,37.0,0,0.9904347379794002,-29.0,17.09580672498357,0.8374219248387602,56.99999999999999,39.0,,68.91891891891892,43.91891891891892,,62.68656716417911,46.26865671641791,,,,,13.0,4.0,32
2018-11-15,313,166,141,208,148,0,15,15,11,4,0,0,5,144051197888.82,98678150514.22,2,2,66.66666666666666,47.43589743589743,,48.0,32.0,0,1.4598084493695647,25.0,17.016098715625695,0.8064790726806931,65.0,46.0,,70.27027027027027,47.97297297297297,,60.9375,48.4375,,,,,15.0,6.0,37
2018-11-16,315,139,174,201,153,0,10,14,9,4,0,0,1,133895964333.61,129715893914.97,2,1,64.01273885350318,48.72611464968153,,41.0,40.0,0,1.0322248129545333,-35.0,13.862867874046584,0.7739114238361473,69.0,49.0,,64.86486486486487,48.64864864864865,,54.54545454545454,48.484848484848484,,,,,13.0,5.0,31
2018-11-19,317,195,119,207,161,0,14,6,6,5,0,0,2,153642443274.2,61838771980.84,0,0,65.50632911392405,50.9493670886076,,39.0,35.0,0,2.484564915386811,76.0,16.64754116512621,0.6595341711688619,74.0,56.00000000000001,,65.54054054054053,50.0,,52.94117647058824,45.588235294117645,,,,,10.0,5.0,36
2018-11-20,312,61,248,170,137,0,4,18,11,3,0,0,0,41204646317.73,175960693547.91998,2,0,54.662379421221864,44.05144694533762,,28.0,38.0,0,0.23416960621667815,-187.0,5.795199123173662,1.0503828652634315,62.0,48.0,,53.74149659863946,43.53741496598639,,45.3125,39.0625,,,,,10.0,4.0,22
2018-11-21,310,179,128,177,146,0,8,3,22,2,0,0,2,137695715643.63998,96031760225.93001,3,2,57.28155339805825,47.249190938511326,,26.0,27.0,0,1.4338560005532428,51.0,8.387470681688361,0.9752984256859986,62.0,50.0,,58.9041095890411,47.94520547945205,,46.03174603174603,41.269841269841265,,,,,9.0,5.0,41
2018-11-22,311,88,218,151,129,0,6,8,23,0,0,0,1,60236021669.99,133738771156.34,2,0,48.70967741935484,41.612903225806456,,18.0,29.0,0,0.4504005917593962,-130.0,1.5119255108099878,0.8962459911382231,56.00000000000001,42.0,,48.63013698630137,44.52054794520548,,37.5,34.375,,,,,9.0,3.0,25
2018-11-26,310,153,155,150,129,0,10,11,26,0,0,0,0,152388816597.22,87070703501.51,0,0,48.54368932038835,41.74757281553398,,24.0,22.0,0,1.7501732554001617,-2.0,2.0257747621549296,0.5639994618520539,55.00000000000001,46.0,,50.0,41.0958904109589,,34.92063492063492,36.507936507936506,,,,,7.0,2.0,31
2018-11-27,311,169,136,159,137,0,13,4,24,0,0,0,2,132334633602.85,121306132546.66,0,0,51.62337662337663,44.48051948051948,,29.0,23.0,0,1.09091462092362,33.0,4.204986998244079,1.1390873630160403,57.99999999999999,49.0,,53.103448275862064,46.206896551724135,,38.095238095238095,33.33333333333333,,,,,7.0,2.0,26
2018-11-28,309,86,215,131,128,0,11,27,27,1,0,0,1,102296659819.88,163513573253.73,2,0,42.532467532467535,41.55844155844156,,34.0,42.0,0,0.6256157075177027,-129.0,-2.0528114748909196,0.6393701360010713,52.0,49.0,,41.49659863945578,38.775510204081634,,29.508196721311474,36.0655737704918,,,,,7.0,2.0,20
2018-11-29,306,184,118,151,145,0,13,9,25,2,0,0,1,235362270333.41,130504799059.54999,7,6,49.50819672131148,47.540983606557376,,37.0,40.0,0,1.8034759796535378,66.0,2.3570348879531124,0.8646203506396927,57.99999999999999,56.00000000000001,,50.68493150684932,45.89041095890411,,32.20338983050847,37.28813559322034,,,,,11.0,6.0,36
2018-11-30,306,173,126,171,156,0,22,6,18,2,0,0,1,178913883243.83002,157178859919.33,2,1,56.0655737704918,51.147540983606554,,46.0,42.0,0,1.138282103176313,47.0,5.165668353744995,1.2062175704814724,64.0,57.99999999999999,,58.21917808219178,52.054794520547944,,37.28813559322034,37.28813559322034,,,,,11.0,7.0,42
2018-12-03,311,165,142,182,167,0,29,7,15,3,0,0,4,169904087001.08,109249652222.45,6,2,58.70967741935483,53.87096774193548,,64.0,22.0,0,1.555191101708294,23.0,6.341221625228329,0.7471569440627276,65.0,61.0,,60.544217687074834,53.74149659863946,,44.44444444444444,42.857142857142854,,,,,17.0,9.0,36
2018-12-04,308,132,168,177,159,0,9,1,12,3,0,0,1,107457503519.2,128173337190.7,7,5,57.84313725490197,51.9607843137255,,60.0,14.0,0,0.8383764195771981,-36.0,4.364613564220439,0.9371855736478485,65.0,59.0,,57.14285714285714,48.29931972789115,,47.45762711864407,49.152542372881356,,,,,24.0,14.0,40
2018-12-05,306,62,243,140,136,0,3,22,8,4,0,0,1,44453607179.31,195052849830.2,12,6,46.05263157894737,44.73684210526316,,41.0,30.0,0,0.2279054482823929,-181.0,-4.5972093957624125,1.1195170402669226,50.0,51.0,,43.15068493150685,39.726027397260275,,46.55172413793103,46.55172413793103,,,,,34.0,20.0,41
2018-12-06,302,50,249,92,101,0,1,32,4,8,0,0,1,44456186835.15,203757733065.81,10,2,30.564784053156146,33.666666666666664,,13.0,55.0,0,0.21818159323941572,-199.0,-13.13658197956893,0.9203490077692282,26.0,28.999999999999996,,31.292517006802722,32.19178082191781,,37.03703703703704,46.2962962962963,,,,,37.0,16.0,18
2018-12-07,301,150,144,106,117,0,8,9,5,8,0,0,1,163765443289.6,101692744030.65,5,1,35.45150501672241,39.261744966442954,,12.0,63.0,0,1.6103945748601436,6.0,-10.12206262882567,0.6468394037884357,34.0,38.0,,36.054421768707485,36.986301369863014,,36.53846153846153,48.07692307692308,,,,,40.0,16.0,26
2018-12-10,301,28,271,65,85,0,2,51,3,7,0,0,0,24542990858.05,206740430027.12,0,0,21.59468438538206,28.333333333333332,,11.0,92.0,0,0.11871403602493462,-243.0,-19.944038270796057,0.8703354436423223,19.0,28.999999999999996,,21.08843537414966,26.027397260273972,,27.77777777777778,33.33333333333333,,,,,34.0,14.0,16
2018-12-11,300,238,59,115,118,0,34,1,2,10,0,0,0,216973014932.15,64590114917.600006,1,0,38.333333333333336,39.46488294314381,,44.0,61.0,0,3.3592294302146772,179.0,-7.142107253326756,1.2008403679730064,36.0,37.0,,42.857142857142854,41.0958904109589,,30.18867924528302,39.62264150943396,,,,,28.0,9.0,29
2018-12-12,300,271,26,190,159,0,76,1,4,8,0,0,4,243705967498.63,26297856771.3,1,0,63.54515050167224,53.355704697986575,,112.0,53.0,0,9.26714179098416,245.0,7.139254302876132,1.1247348058510718,57.99999999999999,50.0,,68.02721088435374,54.794520547945204,,61.53846153846154,55.769230769230774,,,,,17.0,3.0,39
2018-12-13,298,192,98,202,167,0,21,1,4,5,0,0,4,163411961576.05002,109884581398.62,0,0,68.24324324324324,56.61016949152542,,131.0,3.0,0,1.4871236664519183,94.0,11.764122161915225,1.3174315745668568,65.0,55.00000000000001,,70.06802721088435,58.21917808219178,,69.38775510204081,55.10204081632652,,,,,7.0,1.0,35
2018-12-14,301,156,140,210,173,0,7,4,2,4,0,0,2,158185539074.23,77902743001.15,0,0,70.0,57.859531772575245,,104.0,6.0,0,2.030551595235804,16.0,11.75956357058407,0.5487601087803505,67.0,59.0,,72.10884353741497,56.849315068493155,,69.81132075471697,58.490566037735846,,,,,2.0,0.0,34
2018-12-17,301,188,106,231,182,0,10,3,3,2,0,0,1,144866689369.52,59500187947.44,13,5,76.74418604651163,60.86956521739131,,38.0,8.0,0,2.434726584351115,82.0,14.996868157143016,0.728453419394137,81.0,63.0,,76.51006711409396,61.48648648648649,,69.23076923076923,54.90196078431373,,,,,15.0,5.0,30
2018-12-18,299,183,113,225,189,0,15,4,3,2,0,0,1,156431245568.05,67589339441.4,10,5,75.75757575757575,64.0677966101695,,32.0,11.0,0,2.314436667984838,70.0,17.089779237865198,0.6997249261345015,80.0,65.0,,73.15436241610739,64.86486486486487,,75.0,59.57446808510638,,,,,24.0,10.0,30
2018-12-19,300,204,91,245,209,0,36,1,3,2,0,0,6,228512096793.85,62933437473.52,3,2,82.49158249158249,70.84745762711864,,61.0,8.0,0,3.631012478700202,113.0,20.943769315693338,0.6173920510900384,83.0,68.0,,83.89261744966443,75.67567567567568,,77.08333333333334,61.702127659574465,,,,,26.0,12.0,37
2018-12-20,300,121,175,245,208,0,9,0,2,2,0,0,2,130927320044.86,121909511019.54001,6,3,82.49158249158249,70.50847457627118,,60.0,5.0,0,1.0739713329165481,-54.0,15.78421198565793,0.6438054259333738,84.0,67.0,,83.89261744966443,74.32432432432432,,75.0,65.95744680851064,,,,,32.0,15.0,35
2018-12-21,304,51,250,194,183,0,3,22,2,2,0,0,1,42082864616.48,244535023718.82,8,3,64.45182724252491,61.0,,48.0,23.0,0,0.17209340394883157,-199.0,4.043869408549369,1.1854027831342984,63.0,56.00000000000001,,65.54054054054053,65.98639455782312,,64.15094339622641,56.60377358490566,,,,,40.0,18.0,26
2018-12-24,300,81,212,135,152,0,2,20,2,3,0,0,1,58210636524.78,140571189930.29,26,3,45.45454545454545,51.35135135135135,,14.0,42.0,0,0.4141007595770297,-131.0,-2.6143428419211983,0.9226630544903427,37.0,47.0,,52.38095238095239,55.47945205479452,,42.0,48.0,,,,,53.0,16.0,21
2018-12-26,300,155,138,152,163,0,6,3,1,3,0,0,1,149499102771.0,76923334113.5,11,2,51.006711409395976,54.882154882154886,,11.0,45.0,0,1.94348183803909,17.0,-0.8940426018639283,0.5779258564774458,51.0,60.0,,52.38095238095239,52.73972602739726,,47.05882352941176,50.98039215686274,,,,,54.0,13.0,20
2018-12-27,302,157,135,164,165,0,6,1,1,3,0,0,1,181874427237.29,114709368896.12999,1,0,54.666666666666664,55.18394648829431,,14.0,24.0,0,1.5855237369667545,22.0,0.8312843163943562,0.7334882069869308,52.0,57.99999999999999,,58.50340136054422,58.21917808219178,,49.056603773584904,41.509433962264154,,,,,52.0,11.0,19
2018-12-28,300,219,77,195,182,0,13,0,1,1,0,0,2,179139148103.39,30649504540.8,2,1,65.87837837837837,61.694915254237294,,25.0,4.0,0,5.844764892199925,142.0,8.302282409923219,0.4866159540397399,70.0,65.0,,68.02721088435374,63.013698630136986,,51.02040816326531,51.02040816326531,,,,,48.0,9.0,26
2018-12-31,302,183,112,218,196,0,7,0,1,2,0,0,3,104813302678.45,71359041149.75,0,0,72.90969899665552,65.77181208053692,,26.0,1.0,0,1.468816018120182,71.0,11.09847436784078,1.1124120048198436,76.0,67.0,,74.82993197278913,69.17808219178082,,61.53846153846154,53.84615384615385,,,,,40.0,6.0,23
2019-01-01,299,159,129,216,199,0,6,0,3,1,0,0,1,86465061609.94,60479168310.479996,2,0,72.72727272727273,67.22972972972973,,26.0,0.0,0,1.429666842739256,30.0,11.383726120021091,0.8621296253701246,69.0,65.0,,76.87074829931973,70.54794520547945,,68.0,62.0,,,,,16.0,3.0,29
2019-01-02,296,55,239,174,167,0,0,7,1,1,0,0,1,48981981842.32,176739044392.33,2,0,59.38566552901023,57.1917808219178,,13.0,7.0,0,0.27714295961445,-184.0,0.870697737535151,0.8303495182872174,53.0,54.0,,62.16216216216216,60.544217687074834,,64.44444444444444,53.333333333333336,,,,,7.0,1.0,23
2019-01-03,299,72,223,133,149,0,4,7,1,1,0,0,1,41357306724.19,170404272293.25,4,1,44.78114478114478,50.33783783783784,,10.0,14.0,0,0.24270111404846648,-151.0,-6.472295018178006,1.3303192135017343,37.0,46.0,,46.62162162162162,54.421768707483,,55.10204081632652,46.93877551020408,,,,,10.0,2.0,23
2019-01-04,301,176,117,149,159,0,9,3,1,1,0,0,0,152139535661.49,74367174407.78,5,1,49.83277591973244,53.355704697986575,,13.0,17.0,0,2.045788842631807,59.0,-2.2181923492218605,0.7353024285430798,43.0,50.0,,52.02702702702703,57.14285714285714,,56.86274509803921,49.01960784313725,,,,,13.0,2.0,29
2019-01-07,302,163,132,165,163,0,11,5,6,0,0,0,0,117492247427.87,83937987037.12,2,1,55.00000000000001,54.515050167224075,,24.0,15.0,0,1.3997505965435084,31.0,0.030156394481751114,0.8821917903787813,47.0,51.0,,57.432432432432435,57.82312925170068,,63.46153846153846,51.92307692307693,,,,,15.0,3.0,31
2019-01-08,300,163,132,164,167,0,9,4,9,0,0,0,2,134088897013.55,72583788923.02,4,4,54.84949832775919,56.04026845637584,,29.0,12.0,0,1.847367008572125,31.0,1.9523437883759303,0.6684370128504835,51.0,52.0,,54.054054054054056,57.14285714285714,,64.70588235294117,60.78431372549019,,,,,17.0,7.0,36
2019-01-09,301,125,167,160,165,0,7,5,17,0,0,0,5,133382481020.45,100777607235.58,6,2,53.51170568561873,55.369127516778526,,27.0,14.0,0,1.3235329224343668,-42.0,-0.06394770878642575,0.5655340953931532,50.0,54.0,,51.70068027210885,54.109589041095894,,65.38461538461539,61.53846153846154,,,,,21.0,9.0,34
2019-01-10,303,172,122,169,174,0,10,3,13,0,0,0,4,108762993758.87,84616785947.31999,3,2,56.14617940199336,57.99999999999999,,26.0,12.0,0,1.2853595482412052,50.0,2.8124427996836916,1.096841788356332,47.0,53.0,,57.04697986577181,58.108108108108105,,71.15384615384616,67.3076923076923,,,,,20.0,10.0,44
2019-01-11,303,114,186,155,170,0,5,2,6,1,0,0,5,74550498551.9,126605194096.74,5,2,51.324503311258276,56.47840531561462,,22.0,10.0,0,0.5888423384504697,-72.0,-0.8423055295727764,1.040861340608248,43.0,50.0,,53.02013422818792,57.432432432432435,,62.264150943396224,66.0377358490566,,,,,20.0,11.0,42
2019-01-14,301,92,206,131,146,0,7,8,4,1,0,0,1,90552268485.79,113426200806.14,5,2,44.107744107744104,49.32432432432432,,22.0,13.0,0,0.7983364323429601,-114.0,-6.062903823439193,0.5594157095359962,38.0,46.0,,45.27027027027027,47.61904761904761,,53.06122448979592,61.224489795918366,,,,,23.0,12.0,37
2019-01-15,302,223,72,163,173,0,21,2,6,0,0,0,4,191592864546.79,34595937220.06,9,6,54.515050167224075,58.053691275167786,,33.0,12.0,0,5.538016308912059,151.0,2.753799154422218,0.55926563763238,51.0,56.99999999999999,,53.37837837837838,55.10204081632652,,64.70588235294117,68.62745098039215,,,,,28.0,14.0,46
2019-01-16,301,136,160,173,176,0,11,3,6,0,0,0,3,127348303288.7,85454759773.59,6,1,58.053691275167786,59.25925925925925,,39.0,13.0,0,1.4902423648033858,-24.0,1.5283112047216125,0.5703770205943274,54.0,56.00000000000001,,56.375838926174495,58.78378378378378,,71.42857142857143,67.3469387755102,,,,,28.0,13.0,40
2019-01-17,304,121,177,165,174,0,5,6,4,0,0,0,0,78084945151.57,129768598044.63,6,6,54.81727574750831,57.99999999999999,,37.0,11.0,0,0.6017245029087471,-56.0,-1.1271225482960148,1.136094368609602,54.0,55.00000000000001,,53.02013422818792,56.08108108108109,,61.53846153846154,69.23076923076923,,,,,31.0,17.0,44
2019-01-18,301,78,219,129,151,0,5,16,4,1,0,0,2,78635205865.71,156013871900.58,8,2,43.1438127090301,50.50167224080268,,21.0,25.0,0,0.5040270131608577,-141.0,-7.641882794384605,0.7066374901774872,45.0,53.0,,34.899328859060404,44.29530201342282,,64.0,64.0,,,,,34.0,17.0,32
2019-01-21,298,88,207,107,125,2,7,14,4,0,0,0,3,127359724368.85,116209979006.25,4,1,36.14864864864865,42.22972972972973,66.66666666666666,17.0,36.0,0,1.095944818663123,-119.0,-12.073793390818427,0.38790344705989765,42.0,45.0,100.0,29.53020134228188,38.92617449664429,0.0,44.680851063829785,46.808510638297875,,,,,33.0,16.0,37
2019-01-22,298,129,165,103,127,107,7,8,4,0,0,0,0,126068970949.08,138221150475.79,4,0,34.91525423728813,43.050847457627114,36.64383561643836,19.0,38.0,0,0.9120816207586225,-36.0,-11.652707983815255,0.8571800637402448,39.0,45.0,41.0,29.72972972972973,40.54054054054054,35.172413793103445,42.5531914893617,46.808510638297875,31.914893617021278,,,,28.0,10.0,21
2019-01-23,298,108,183,94,118,106,4,7,5,0,0,0,1,92334556477.09,127799505052.93001,4,3,31.756756756756754,39.86486486486486,36.177474402730375,18.0,29.0,0,0.7224954152901321,-75.0,-13.184416420908466,0.8168410787620538,33.0,42.0,41.0,27.7027027027027,35.810810810810814,33.10344827586207,41.66666666666667,47.91666666666667,35.41666666666667,,,,26.0,12.0,25
2019-01-24,296,118,171,95,118,105,7,15,4,0,0,0,0,138663814348.41,100921889246.81999,6,3,32.31292517006803,40.136054421768705,35.83617747440273,18.0,30.0,0,1.3739716466195588,-53.0,-13.328105052518616,0.5022363316084026,33.0,42.0,41.0,31.292517006802722,36.734693877551024,30.82191780821918,34.04255319148936,46.808510638297875,40.42553191489361,,,,26.0,9.0,27
2019-01-25,294,56,235,72,103,98,2,29,3,4,0,0,0,85339521345.2,208195526177.14,4,0,24.742268041237114,35.39518900343643,33.793103448275865,13.0,51.0,0,0.40990084134944454,-179.0,-19.68431830728271,0.581354923683297,27.0,41.0,40.0,20.945945945945947,28.37837837837838,27.89115646258503,32.55813953488372,46.51162790697674,39.53488372093023,,,,22.0,7.0,17
2019-01-28,297,57,236,45,74,88,5,55,0,6,0,0,0,92943895295.03,207430432157.13,4,1,15.358361774744028,25.25597269624573,30.240549828178693,14.0,99.0,0,0.4480726107952393,-179.0,-25.02045904856959,0.5390318843639075,20.0,28.999999999999996,37.0,10.738255033557047,18.79194630872483,24.489795918367346,20.454545454545457,38.63636363636363,34.090909090909086,,,,22.0,7.0,13
2019-01-29,300,173,123,59,87,90,12,13,0,7,0,0,0,150074946819.7,123005874082.6,2,0,19.865319865319865,29.292929292929294,30.612244897959183,19.0,97.0,0,1.220063252580302,50.0,-18.007757087127032,1.1528124153121129,23.0,34.0,41.0,17.449664429530202,23.48993288590604,22.602739726027394,20.833333333333336,37.5,33.33333333333333,,,,20.0,7.0,19
2019-01-30,299,178,117,76,91,92,25,6,0,8,0,0,2,166886283435.03,120353233319.12999,1,1,25.675675675675674,30.743243243243246,31.399317406143346,42.0,74.0,0,1.3866373078030438,61.0,-11.371858124658,1.0971632688708923,26.0,34.0,39.0,22.0,26.0,25.170068027210885,36.95652173913043,39.130434782608695,34.78260869565217,,,,17.0,5.0,22
2019-01-31,298,176,121,93,101,94,17,5,0,7,0,0,3,245345209821.77,125541416512.98,0,0,31.52542372881356,34.23728813559322,32.19178082191781,54.0,24.0,0,1.9542969693702892,55.0,-5.941305221123695,0.7442806683644073,38.0,38.0,38.0,24.832214765100673,29.53020134228188,27.397260273972602,39.130434782608695,41.30434782608695,34.78260869565217,,,,11.0,2.0,29
2019-02-01,299,168,127,106,106,97,10,16,2,6,0,0,4,195310791065.43,132021126657.72,3,3,35.810810810810814,35.810810810810814,33.105802047781566,52.0,27.0,0,1.4793904279562449,41.0,-1.9684759624962425,0.8941754797594352,40.0,34.0,38.0,31.543624161073826,32.88590604026846,27.397260273972602,40.42553191489361,48.93617021276596,40.42553191489361,,,,10.0,5.0,37
2019-02-04,301,78,217,94,97,99,6,30,2,8,0,0,5,85137665024.45,150499996306.96,4,4,31.543624161073826,32.5503355704698,33.559322033898304,33.0,51.0,0,0.5656987848079618,-139.0,-7.561864566557286,0.635403529689951,32.0,34.0,38.0,26.351351351351347,25.675675675675674,26.89655172413793,46.0,50.0,44.0,,,,10.0,8.0,43
2019-02-05,301,114,184,84,93,95,6,26,1,12,0,0,2,118002034484.5,117882693202.59999,4,3,28.187919463087248,31.20805369127517,32.20338983050847,22.0,72.0,0,1.0010123732216984,-70.0,-8.856402500196694,0.618938620506029,32.0,32.0,38.0,25.503355704697988,26.845637583892618,27.397260273972602,28.57142857142857,42.857142857142854,34.69387755102041,,,,12.0,11.0,45
2019-02-06,301,196,102,106,98,95,27,7,0,13,0,0,6,195559167247.35,63520581040.33,5,2,35.69023569023569,32.996632996633,32.31292517006803,39.0,63.0,0,3.078674093412135,94.0,-1.718950420957409,0.6241546097921916,42.0,38.0,38.0,30.87248322147651,28.859060402684566,28.08219178082192,37.5,35.41666666666667,33.33333333333333,,,,16.0,12.0,52
2019-02-07,300,196,101,129,120,100,30,5,1,10,0,0,3,158659392301.19,81194475121.14,8,5,43.58108108108108,40.54054054054054,34.129692832764505,63.0,38.0,0,1.9540663581416642,95.0,4.442165858896967,0.9931055060235846,56.00000000000001,43.0,39.0,32.88590604026846,34.22818791946309,29.45205479452055,51.06382978723404,55.319148936170215,38.297872340425535,,,,24.0,17.0,56
2019-02-08,297,69,227,92,100,94,9,32,0,9,0,0,1,49707258870.53,187453226085.03,3,0,31.292517006802722,34.01360544217687,32.302405498281786,66.0,44.0,0,0.2651715305661502,-158.0,-2.962290551122024,1.146294841909597,38.38383838383838,37.37373737373738,39.39393939393939,23.48993288590604,25.503355704697988,25.34246575342466,41.30434782608695,54.347826086956516,39.130434782608695,,,,24.0,14.0,39
2019-02-11,301,68,232,73,77,84,7,34,0,16,0,0,1,74403889876.43001,148405471656.55,5,2,24.66216216216216,26.013513513513516,28.668941979522184,46.0,71.0,0,0.5013554355234323,-164.0,-9.578289328932648,0.5846220615317593,37.755102040816325,34.69387755102041,37.755102040816325,15.54054054054054,17.56756756756757,21.08843537414966,26.0,34.0,33.33333333333333,,,,25.0,12.0,21
2019-02-12,300,129,166,72,72,81,15,11,0,18,0,0,1,105258762357.64,122883815685.35,6,1,24.40677966101695,24.40677966101695,27.73972602739726,31.0,77.0,0,0.8565714025934886,-37.0,-8.837076837316076,0.907231354423047,40.816326530612244,35.714285714285715,36.734693877551024,12.837837837837837,15.54054054054054,21.08843537414966,26.53061224489796,28.57142857142857,29.78723404255319,,,,27.0,10.0,14
2019-02-13,297,104,188,64,67,76,8,18,0,21,0,0,2,80638666721.5,162486595442.37,3,0,21.993127147766323,23.02405498281787,26.38888888888889,30.0,63.0,0,0.496278886895015,-84.0,-10.509154772797324,1.1146786695335011,29.591836734693878,34.69387755102041,34.69387755102041,15.54054054054054,15.54054054054054,19.17808219178082,26.666666666666668,22.22222222222222,31.818181818181817,,,,25.0,8.0,12
2019-02-14,294,163,129,67,72,76,22,12,0,19,0,0,1,188861338703.27,110463060086.85,1,0,23.18339100346021,24.91349480968858,26.573426573426573,45.0,41.0,0,1.7097239435045566,34.0,-5.986235633769798,0.7390467310663248,32.0,37.0,35.0,15.753424657534246,17.123287671232877,20.13888888888889,27.906976744186046,23.25581395348837,28.57142857142857,,,,18.0,3.0,20
2019-02-15,295,93,202,60,61,72,9,22,0,18,0,0,0,84933570255.94,212785859002.22,1,1,20.761245674740483,21.10726643598616,25.174825174825177,39.0,52.0,0,0.39915044474385813,-109.0,-9.239208591732421,1.1534398762837523,27.0,31.0,35.0,17.123287671232877,15.068493150684931,18.055555555555554,18.6046511627907,18.6046511627907,26.190476190476193,,,,16.0,4.0,14
2019-02-18,291,84,203,44,49,66,7,18,0,20,0,0,1,63326484065.95,158529369902.51,1,0,15.384615384615385,17.132867132867133,23.32155477031802,38.0,52.0,0,0.39946215710624194,-119.0,-12.474304427831797,1.0358756044523698,19.0,23.0,32.0,13.10344827586207,14.482758620689657,18.181818181818183,14.634146341463413,12.195121951219512,20.0,,,,12.0,2.0,9
2019-02-19,294,166,125,53,54,65,14,4,0,19,0,0,2,115356000010.12,105728620665.19,1,1,18.40277777777778,18.75,22.807017543859647,30.0,44.0,0,1.0910574571422524,41.0,-7.177939845557603,1.2171677956157858,21.0,24.0,31.0,15.972222222222221,15.277777777777779,18.30985915492958,20.454545454545457,18.181818181818183,18.6046511627907,,,,7.0,2.0,15
2019-02-20,291,225,64,89,76,72,21,3,0,13,0,0,0,178212955320.92,47547971536.58,1,1,31.2280701754386,26.666666666666668,25.53191489361702,42.0,25.0,0,3.748066417172302,161.0,3.386341571514617,0.9379836450850128,38.0,36.0,33.0,26.573426573426573,20.27972027972028,20.422535211267608,30.952380952380953,26.190476190476193,25.0,,,,5.0,3.0,30
2019-02-21,293,198,90,120,83,77,25,2,1,7,0,0,2,170681434712.55002,63565768730.33,2,0,41.81184668989547,28.9198606271777,27.11267605633803,60.0,9.0,0,2.6851155601790193,108.0,9.751870475253792,0.8193315895325279,50.0,37.0,36.0,38.028169014084504,23.943661971830984,21.27659574468085,35.55555555555556,26.666666666666668,25.581395348837212,,,,6.0,3.0,32
2019-02-22,294,178,109,139,97,78,15,4,3,8,0,0,3,152460952181.5,171212600010.11,1,1,48.43205574912892,33.79790940766551,27.464788732394368,61.0,9.0,0,0.890477407460066,69.0,13.195638335574518,1.8338786691890483,56.00000000000001,43.0,36.0,46.206896551724135,27.586206896551722,20.833333333333336,38.095238095238095,33.33333333333333,30.0,,,,6.0,3.0,23
2019-02-25,289,176,106,150,108,80,10,2,6,5,0,0,6,163271165431.91998,79962528282.13,1,0,53.003533568904594,38.16254416961131,28.57142857142857,50.0,8.0,0,2.0418459613464695,70.0,16.124081664470864,0.8131746419282536,59.0,48.0,37.0,50.69444444444444,31.25,22.377622377622377,46.15384615384615,38.46153846153847,29.72972972972973,,,,6.0,3.0,32
2019-02-26,291,108,177,142,106,84,8,6,7,2,0,0,3,137359400693.74,140821678857.56,3,1,50.0,37.32394366197183,29.8932384341637,33.0,12.0,0,0.9754137417483706,-69.0,11.59728030235489,0.6255494108907381,55.00000000000001,49.0,37.0,46.52777777777778,30.555555555555557,23.776223776223777,50.0,32.5,34.21052631578947,,,,8.0,3.0,15
2019-02-27,294,153,137,145,115,86,10,3,6,3,0,0,3,152633637226.25,129125813985.5,2,0,50.522648083623686,40.069686411149824,30.28169014084507,28.0,11.0,0,1.1820536306039455,16.0,11.918878736233953,0.9447865073577785,56.00000000000001,48.0,36.0,45.51724137931035,34.48275862068966,25.694444444444443,54.761904761904766,40.476190476190474,32.5,,,,9.0,2.0,23
2019-02-28,294,179,109,155,123,98,8,3,6,3,0,0,1,208519999860.71,149455656830.75,10,7,53.63321799307958,42.56055363321799,34.26573426573427,26.0,12.0,0,1.3951964367387377,70.0,14.834251003519384,1.1770398716764365,56.00000000000001,51.0,35.0,49.30555555555556,36.80555555555556,30.76923076923077,62.22222222222222,42.22222222222222,44.18604651162791,,,,17.0,9.0,39
2019-03-01,296,236,56,208,160,107,49,2,11,3,0,0,5,205354900223.5,48017629567.22,5,4,71.72413793103448,55.172413793103445,37.41258741258741,67.0,8.0,0,4.276656346311788,180.0,22.752723037030833,0.9854160290246696,74.0,64.0,42.0,70.62937062937063,50.349650349650354,33.80281690140845,70.2127659574468,51.06382978723404,38.63636363636363,,,,21.0,12.0,50
2019-03-05,304,248,55,246,212,128,87,1,18,2,0,0,11,252252503295.83,52106672864.43,9,7,83.1081081081081,71.62162162162163,43.986254295532646,144.0,6.0,0,4.841078683955413,193.0,30.05925301049797,0.9314227682427891,88.0,78.0,51.0,81.69014084507043,66.90140845070422,39.00709219858156,77.77777777777779,72.22222222222221,44.0,,,,29.0,19.0,63
2019-03-06,309,180,125,257,228,136,33,1,23,2,0,0,8,205869602411.53,107959634252.59,10,9,85.09933774834437,75.74750830564784,45.94594594594595,169.0,4.0,0,1.9069127441638318,55.0,29.256039872759885,0.7551472947082485,86.0,78.0,52.0,86.98630136986301,73.79310344827587,41.95804195804196,78.57142857142857,76.78571428571429,45.28301886792453,,,,36.0,27.0,62
2019-03-07,314,117,194,255,222,131,8,15,23,1,0,0,4,124581454126.54001,142031491108.37,10,9,83.06188925081433,72.54901960784314,43.521594684385384,128.0,17.0,0,0.8771396621576294,-77.0,21.82301244063002,0.687567567086909,84.0,75.0,52.0,81.63265306122449,69.17808219178082,37.24137931034483,85.0,76.66666666666667,44.642857142857146,,,,44.0,36.0,56
2019-03-08,321,127,192,255,215,133,11,6,22,1,0,0,4,90058917193.17,150453331177.18,30,19,80.69620253164557,68.47133757961782,43.18181818181818,52.0,22.0,0,0.5985837368207749,-65.0,15.958658923955833,1.105038932140891,82.0,69.0,51.0,78.37837837837837,65.06849315068493,36.55172413793103,83.82352941176471,75.0,46.03174603174603,,,,64.0,48.0,57
2019-03-11,326,274,47,288,252,164,58,4,25,0,0,0,10,250240902404.68,39122605483.97,24,16,89.44099378881988,79.24528301886792,52.56410256410257,77.0,25.0,0,6.396325073676728,227.0,25.464843372579622,0.9114276036460858,91.0,84.0,56.00000000000001,89.26174496644296,75.86206896551724,51.388888888888886,87.67123287671232,79.45205479452055,50.0,,,,83.0,60.0,69
2019-03-12,334,223,107,302,277,178,34,2,31,0,0,0,12,238484688833.85,107035883298.31,9,6,91.51515151515152,84.96932515337423,55.625,103.0,12.0,0,2.2280816627559465,116.0,27.91530685929007,0.9353840949235415,90.0,88.0,59.0,92.61744966442953,81.37931034482759,52.77777777777778,91.35802469135803,87.65432098765432,56.57894736842105,,,,83.0,59.0,69
2019-03-13,335,113,220,293,269,171,9,12,41,0,0,0,11,169135096030.02,155992413061.38,11,4,88.51963746223565,82.26299694189603,53.271028037383175,101.0,18.0,0,1.0842520652813326,-107.0,18.720876606131046,0.473724127519268,88.0,82.0,59.0,88.0,80.82191780821918,48.275862068965516,90.12345679012346,85.18518518518519,55.26315789473685,,,,84.0,54.0,65
2019-03-14,337,153,179,282,266,167,13,5,43,0,0,0,5,158251219946.01,114580143424.79,25,8,84.68468468468468,80.85106382978722,51.702786377708975,56.0,19.0,0,1.3811400057278298,-26.0,14.816034356649427,0.6188718014156154,85.0,82.0,61.0,83.89261744966443,79.3103448275862,45.13888888888889,85.71428571428571,82.14285714285714,51.89873417721519,,,,99.0,53.0,53
2019-03-15,345,163,179,289,268,172,9,10,45,0,0,0,6,251321741236.88,147741248820.46,31,15,85.0,79.76190476190477,52.121212121212125,31.0,27.0,0,1.701093927683625,-16.0,11.903314061559396,0.5353111373336369,86.0,80.0,63.0,85.23489932885906,79.3103448275862,47.22222222222222,83.51648351648352,80.21978021978022,47.674418604651166,,,,100.0,49.0,44
2019-03-18,357,178,174,293,268,176,10,6,37,0,0,0,6,187025900601.01,87495928654.29001,14,8,83.23863636363636,77.01149425287356,51.461988304093566,32.0,21.0,0,2.137538322954184,4.0,10.353421638949623,0.4785825333570186,87.0,78.0,63.0,84.56375838926175,77.24137931034483,45.83333333333333,77.66990291262135,75.72815533980582,47.95918367346938,,,,90.0,41.0,40
2019-03-19,356,217,135,293,280,180,22,5,54,0,0,0,5,199713557336.39,73271155774.81,4,2,83.23863636363636,80.45977011494253,52.63157894736842,41.0,21.0,0,2.7256777271288772,82.0,12.876496509423522,0.5897276084434926,86.0,82.0,65.0,83.89261744966443,79.3103448275862,49.30555555555556,79.6116504854369,80.58252427184466,44.89795918367347,,,,85.0,37.0,40
2019-03-20,357,125,230,276,268,176,5,10,56,0,0,0,2,118764410611.35,180180640487.0,12,7,77.96610169491525,76.57142857142857,51.162790697674424,37.0,21.0,0,0.659140794984125,-105.0,5.619343041131586,0.8245252986998848,84.0,80.0,62.0,77.33333333333333,73.97260273972603,47.58620689655172,73.07692307692307,76.92307692307693,45.45454545454545,,,,86.0,40.0,33
2019-03-22,357,122,232,249,249,173,6,7,46,0,0,0,3,109566992011.06,187339128387.53,9,1,70.53824362606233,71.34670487106017,50.437317784256564,33.0,22.0,0,0.5848590892576886,-110.0,-0.8636198894636777,0.8991260948563675,72.0,72.0,59.0,70.0,69.17808219178082,46.89655172413793,69.90291262135922,73.7864077669903,46.93877551020408,,,,70.0,33.0,36
2019-03-25,361,76,278,195,223,162,6,20,26,0,0,0,3,67950952814.75,174620306471.77,14,3,54.7752808988764,63.35227272727273,46.82080924855491,17.0,37.0,0,0.38913545731140553,-202.0,-11.00223509567531,0.7025350423034196,64.0,69.0,59.0,52.666666666666664,60.273972602739725,38.62068965517241,49.056603773584904,62.264150943396224,46.53465346534654,,,,53.0,21.0,18
2019-03-26,362,273,86,237,244,171,21,2,24,0,0,0,2,198872924102.85,62411150092.49,8,2,66.20111731843575,68.92655367231639,49.137931034482754,33.0,29.0,0,3.186496704645419,187.0,-0.16573992150788008,0.9962095990946269,69.0,69.0,61.0,65.77181208053692,66.89655172413794,43.75,64.22018348623854,71.55963302752293,45.19230769230769,,,,47.0,15.0,34
2019-03-27,361,197,161,255,255,176,23,2,22,0,0,0,3,173535630823.55,140192014513.61,4,2,71.42857142857143,72.23796033994334,50.720461095100866,50.0,24.0,0,1.237842479299725,36.0,1.550292152012812,0.9884961171830756,69.0,72.0,61.0,71.14093959731544,69.17808219178082,45.83333333333333,74.07407407407408,76.63551401869158,47.57281553398058,,,,47.0,15.0,38
2019-03-28,361,246,106,276,274,184,25,2,24,0,0,0,11,319581721365.18,78266541721.48,2,0,77.31092436974791,77.62039660056658,53.02593659942363,69.0,6.0,0,4.08324827360389,140.0,8.20974811411294,0.5683599334342767,76.0,76.0,61.0,79.19463087248322,75.34246575342466,48.61111111111111,75.92592592592592,82.2429906542056,51.45631067961165,,,,37.0,8.0,45
2019-03-29,363,234,122,289,284,193,30,4,39,0,0,0,15,253447426205.76,101814366367.6,7,7,80.50139275766016,80.0,55.30085959885387,78.0,8.0,0,2.4893090754077867,112.0,12.462534221137986,0.7705080923191681,83.0,81.0,64.0,81.20805369127517,79.45205479452055,53.47222222222222,77.27272727272727,79.81651376146789,49.523809523809526,,,,35.0,14.0,42
2019-04-01,372,233,136,309,305,211,22,3,43,0,0,0,8,196050088389.27,114371709037.7,11,6,84.19618528610354,84.02203856749311,59.103641456582636,77.0,9.0,0,1.7141484554073299,97.0,15.286353671538713,0.9994672799273585,83.0,83.0,69.0,86.57718120805369,82.87671232876713,57.24137931034483,82.20338983050848,86.32478632478633,52.67857142857143,,,,32.0,17.0,53
2019-04-02,368,152,210,306,293,203,9,4,38,0,0,0,5,171314173755.94,126398777139.45,13,8,84.06593406593407,81.61559888579387,57.50708215297451,61.0,11.0,0,1.3553467654749294,-58.0,9.87428753327364,0.534040101210477,84.0,80.0,67.0,85.23489932885906,80.82191780821918,54.861111111111114,82.6086956521739,84.070796460177,52.293577981651374,,,,37.0,23.0,64
2019-04-03,364,81,278,261,271,196,2,13,16,0,0,0,5,87072010234.8,213522295152.56,14,6,72.5,76.33802816901408,56.00000000000001,33.0,20.0,0,0.40778884552822803,-197.0,-1.7524004526093684,0.7145043560409283,75.0,78.0,65.0,74.49664429530202,75.34246575342466,53.103448275862064,67.56756756756756,76.14678899082568,51.42857142857142,,,,47.0,27.0,45
2019-04-04,361,152,202,234,262,187,6,3,8,0,0,0,1,152213690153.29,145018093272.35,14,2,65.54621848739495,74.43181818181817,53.89048991354467,17.0,20.0,0,1.04961861460574,-50.0,-4.334456678276293,0.7169034895664449,73.0,79.0,64.0,63.08724832214765,75.34246575342466,48.96551724137931,62.03703703703704,68.86792452830188,50.98039215686274,,,,59.0,29.0,34
2019-04-05,359,233,124,262,271,194,17,0,5,0,0,0,4,171396502714.29,77451819168.53,7,3,73.80281690140845,77.42857142857143,56.395348837209305,25.0,16.0,0,2.2129435377281794,109.0,1.4295575321698681,0.8491098964023012,77.0,81.0,67.0,75.16778523489933,79.45205479452055,51.724137931034484,68.86792452830188,71.15384615384616,52.52525252525253,,,,59.0,25.0,32
2019-04-08,354,115,234,235,259,191,10,8,9,0,1,0,0,68646381738.92,187523256044.93,6,2,66.57223796033995,74.42528735632183,55.68513119533528,33.0,11.0,1,0.3660686316286687,-119.0,-5.049358105559514,1.3425159901477426,69.0,80.0,63.0,63.758389261744966,71.23287671232876,51.724137931034484,68.26923076923077,73.52941176470588,54.08163265306123,,,,54.0,21.0,36
2019-04-09,352,173,173,236,259,190,9,1,10,0,2,1,0,166884012332.16,86122698538.42,3,0,67.23646723646723,74.63976945244957,55.55555555555556,36.0,9.0,1,1.9377471347778514,0.0,-4.613584185290338,0.516063206624038,77.0,83.0,65.0,63.758389261744966,71.91780821917808,52.41379310344828,62.745098039215684,70.29702970297029,50.51546391752577,,,,44.0,13.0,44
2019-04-10,342,150,184,226,255,185,12,3,7,0,2,0,0,100041035883.77,186875053057.49,5,1,66.27565982404691,75.66765578635015,55.72289156626506,31.0,12.0,2,0.5353364948771066,-34.0,-5.917929562533741,1.522813032747733,73.0,81.0,63.0,64.42953020134227,73.28767123287672,52.41379310344828,61.95652173913043,73.62637362637363,52.87356321839081,,,,35.0,8.0,34
2019-04-11,338,161,173,209,249,187,6,1,8,0,1,0,0,143939697278.05,94062629888.73,6,2,62.01780415430267,74.77477477477478,57.012195121951216,27.0,5.0,1,1.5302538048141046,-12.0,-5.903555212264182,0.608157833179407,66.0,81.0,65.0,61.74496644295302,72.6027397260274,53.103448275862064,57.95454545454546,71.26436781609196,54.21686746987952,,,,27.0,8.0,40
2019-04-12,337,201,126,231,255,192,13,1,7,0,2,0,0,152850658824.23,88527898689.71,4,2,69.16167664670658,77.0392749244713,58.895705521472394,31.0,5.0,2,1.7265818017433245,75.0,-1.5117473667223882,0.9239284774271269,74.74747474747475,84.84848484848484,70.70707070707071,67.78523489932886,74.65753424657534,52.41379310344828,65.11627906976744,72.09302325581395,56.09756097560976,,,,24.0,7.0,43
2019-04-15,335,211,123,252,271,195,14,0,7,0,6,0,1,174018950537.74,83776987357.52,5,3,75.90361445783132,82.37082066869301,60.18518518518518,33.0,2.0,6,2.0771688744918766,88.0,2.900807078049459,0.8258582995045035,74.74747474747475,87.87878787878788,72.72727272727273,78.52348993288591,79.45205479452055,53.79310344827586,72.61904761904762,80.95238095238095,56.25,,,,23.0,8.0,46
2019-04-16,329,183,141,255,262,192,10,0,7,0,4,0,3,215511093899.12,70075793674.11,2,0,78.70370370370371,81.36645962732919,60.56782334384858,37.0,1.0,4,3.0753999719412684,42.0,4.35903709293914,0.4220174131061993,83.6734693877551,87.75510204081633,77.55102040816327,75.0,77.3972602739726,52.41379310344828,79.48717948717949,80.76923076923077,54.054054054054056,,,,22.0,8.0,47
2019-04-18,333,78,250,197,238,185,1,16,6,1,3,2,1,104511676095.35,197078196782.41,4,2,60.42944785276073,73.4567901234568,57.993730407523515,25.0,16.0,1,0.5303056238673586,-172.0,-5.115971429794877,0.5883399797359838,63.91752577319587,83.50515463917526,74.22680412371135,59.06040268456376,68.70748299319727,50.68493150684932,58.75,70.0,51.31578947368421,,,,21.0,9.0,31
2019-04-22,334,48,285,130,198,167,0,38,3,2,0,4,0,36231202803.75,177722778639.3,9,3,39.63414634146341,60.550458715596335,52.024922118380054,11.0,54.0,-4,0.20386358507979216,-237.0,-16.44152385958349,0.8261458394624964,44.329896907216494,65.97938144329896,65.97938144329896,36.91275167785235,54.729729729729726,43.83561643835616,39.02439024390244,64.63414634146342,50.0,,,,24.0,10.0,16
2019-04-23,333,126,200,117,181,157,5,5,5,1,1,3,1,94714046649.61,140318262523.6,5,2,36.0,55.8641975308642,49.37106918238994,6.0,59.0,-2,0.674994437261366,-74.0,-17.89266356775484,0.9333410250847095,39.175257731958766,58.76288659793815,60.824742268041234,35.13513513513514,52.38095238095239,43.44827586206896,33.75,58.75,46.05263157894737,,,,25.0,10.0,9
2019-04-24,336,216,112,144,202,167,14,1,6,1,6,2,1,196527884358.32,69295037046.1,1,1,43.76899696048632,61.58536585365854,51.86335403726709,19.0,44.0,4,2.8361033161375704,104.0,-10.143924700402565,0.6800074657357369,49.48453608247423,68.04123711340206,65.97938144329896,39.59731543624161,60.13513513513513,47.26027397260274,44.57831325301205,56.62650602409639,43.037974683544306,,,,21.0,8.0,33
2019-04-25,330,117,204,128,186,158,7,2,7,0,6,1,0,125657742009.62,260100230020.4,0,0,39.628482972136226,57.7639751552795,50.0,26.0,8.0,5,0.48311276771944606,-87.0,-13.018033345314358,1.18715432521495,41.23711340206185,60.824742268041234,62.88659793814433,37.58389261744966,55.4054054054054,46.57534246575342,41.55844155844156,58.44155844155844,39.726027397260275,,,,19.0,8.0,30
2019-04-26,330,151,172,137,187,159,6,6,6,1,2,2,0,179607552709.89,85328752030.56,2,2,42.414860681114554,58.07453416149069,50.1577287066246,27.0,9.0,0,2.1048890137941383,-21.0,-12.110306069987372,0.41707993675245,49.48453608247423,68.04123711340206,64.94845360824742,36.241610738255034,54.054054054054056,47.26027397260274,45.45454545454545,53.246753246753244,36.486486486486484,,,,17.0,8.0,26
2019-04-30,326,110,214,117,159,157,5,41,6,3,5,9,0,128102673229.62,188072752271.13,4,2,36.677115987460816,50.0,50.159744408945684,18.0,49.0,-4,0.6811336128316144,-104.0,-15.42364771923286,0.7546517774271954,47.42268041237113,56.70103092783505,64.94845360824742,28.859060402684566,44.5945945945946,46.57534246575342,38.35616438356164,52.054794520547944,37.142857142857146,,,,12.0,7.0,29
2019-05-02,325,136,186,108,151,153,15,13,5,5,5,6,0,140734629761.66,141439023747.47,8,2,33.85579937304075,47.48427672955975,48.881789137380196,26.0,60.0,-1,0.9950198045267362,-50.0,-15.479436590741592,0.734842454765711,40.20618556701031,51.546391752577314,64.94845360824742,26.845637583892618,43.24324324324324,44.52054794520548,39.726027397260275,50.68493150684932,35.714285714285715,,,,15.0,7.0,14
2019-05-03,325,143,177,110,147,152,6,3,5,6,3,1,0,145165349017.98,99137334232.62,3,2,34.48275862068966,46.22641509433962,48.56230031948881,26.0,57.0,2,1.4642853788801498,-34.0,-14.649738892927846,0.5517432709310011,44.329896907216494,52.57731958762887,64.94845360824742,25.333333333333336,38.92617449664429,40.816326530612244,40.27777777777778,52.77777777777778,42.028985507246375,,,,17.0,8.0,29
2019-05-06,320,70,247,86,135,139,7,14,2,7,1,5,0,57096003566.0,175000706567.52,5,1,27.47603833865815,43.269230769230774,45.12987012987013,28.0,30.0,-4,0.3262615602295916,-177.0,-21.017098666832453,0.8686307069615217,31.958762886597935,49.48453608247423,56.70103092783505,21.476510067114095,36.486486486486484,41.78082191780822,34.32835820895522,49.25373134328358,35.38461538461539,,,,22.0,9.0,10
2019-05-07,315,77,234,78,118,128,6,17,2,6,1,5,1,59164888005.6,194694085979.27,5,1,25.324675324675322,38.43648208469055,42.384105960264904,19.0,34.0,-4,0.3038864160049503,-157.0,-25.356105780186738,1.0828382307633937,25.773195876288657,40.20618556701031,51.546391752577314,20.27027027027027,31.97278911564626,38.62068965517241,36.507936507936506,50.79365079365079,36.666666666666664,,,,25.0,8.0,11
2019-05-08,315,64,247,59,101,121,4,21,2,5,1,8,0,40999005888.270004,216402892681.37,1,0,19.155844155844157,32.89902280130293,40.06622516556291,17.0,52.0,-7,0.18945682925152316,-183.0,-30.239176333203716,1.36764302857036,19.19191919191919,31.313131313131315,50.505050505050505,16.551724137931036,29.86111111111111,37.32394366197183,25.0,42.1875,29.508196721311474,,,,22.0,6.0,9
2019-05-09,314,136,175,57,94,113,7,8,2,6,1,6,1,117292922850.08,133378327569.5,1,0,18.688524590163937,30.92105263157895,37.79264214046823,17.0,46.0,-5,0.87940016183635,-39.0,-27.063005774367213,0.8837192564532161,19.19191919191919,34.34343434343434,48.484848484848484,15.972222222222221,24.475524475524477,33.33333333333333,24.193548387096776,40.32258064516129,30.508474576271187,,,,15.0,4.0,9
2019-05-10,316,147,163,57,94,118,8,7,2,4,1,3,0,130434005226.13,139913310667.66,2,1,18.627450980392158,30.81967213114754,39.33333333333333,19.0,36.0,-2,0.9322487231822678,-16.0,-23.062064917690172,0.9673818460368365,15.151515151515152,30.303030303030305,51.515151515151516,18.055555555555554,25.874125874125873,33.33333333333333,25.396825396825395,42.857142857142854,33.33333333333333,,,,14.0,3.0,10
2019-05-13,314,41,270,34,71,94,2,73,2,5,0,17,0,33832309725.7,205105250376.32,1,0,11.18421052631579,23.432343234323433,31.543624161073826,17.0,88.0,-17,0.16495096865451103,-229.0,-30.17595016064284,0.9205878152186229,9.090909090909092,24.242424242424242,38.38383838383838,6.993006993006993,18.30985915492958,27.142857142857142,24.193548387096776,33.87096774193548,30.508474576271187,,,,10.0,2.0,6
2019-05-14,311,189,118,38,70,102,29,11,2,7,0,13,0,196917643778.8,97318581738.43001,1,1,12.624584717607974,23.333333333333332,34.57627118644068,39.0,91.0,-13,2.023433143611457,71.0,-21.107442292564166,0.7915729364774096,10.1010101010101,20.2020202020202,42.42424242424242,9.859154929577464,21.27659574468085,30.215827338129497,23.333333333333332,33.33333333333333,31.57894736842105,,,,6.0,2.0,14
2019-05-15,314,98,211,46,75,98,5,25,2,12,4,13,0,88818803140.86,182331090075.53,1,1,15.032679738562091,24.671052631578945,32.77591973244147,36.0,109.0,-9,0.4871292279559516,-113.0,-22.448330853894085,0.9534533131017867,12.121212121212121,24.242424242424242,38.38383838383838,11.888111888111888,19.858156028368796,28.776978417266186,26.5625,35.9375,32.78688524590164,,,,6.0,3.0,11
2019-05-16,314,173,136,56,81,105,11,9,2,13,4,14,0,188372815991.41,75927179600.47,0,0,18.30065359477124,26.644736842105267,35.11705685618729,45.0,45.0,-10,2.48096685511869,37.0,-15.982548919561687,0.5127270527233851,17.17171717171717,24.242424242424242,42.42424242424242,14.482758620689657,22.377622377622377,29.78723404255319,29.03225806451613,40.32258064516129,35.59322033898305,,,,5.0,3.0,25
2019-05-17,309,192,108,77,94,108,19,9,2,12,6,4,0,221356268595.08,85220524976.57,0,0,25.496688741721858,31.438127090301005,36.610169491525426,35.0,43.0,2,2.5974525345383435,84.0,-8.024392621109683,0.6844312857073055,32.323232323232325,32.323232323232325,44.44444444444444,19.17808219178082,27.27272727272727,31.20567375886525,29.82456140350877,40.35087719298245,36.36363636363637,,,,3.0,2.0,34
2019-05-20,307,278,28,191,153,138,144,3,3,7,14,1,0,334083042193.97,41545112510.5,3,3,63.45514950166113,51.515151515151516,47.098976109215016,174.0,21.0,13,8.04145233953897,250.0,7.119952977172332,1.234673913287242,69.0,57.57575757575758,57.57575757575758,62.06896551724138,47.183098591549296,39.285714285714285,57.14285714285714,51.78571428571429,48.148148148148145,,,,5.0,5.0,51
2019-05-21,304,87,217,164,141,132,10,18,2,10,4,2,0,103469444014.11,211218733146.72,3,3,54.84949832775919,47.79661016949153,45.36082474226804,173.0,30.0,2,0.48986868954581064,-130.0,1.0327686988175948,0.8184267897544051,57.99999999999999,51.515151515151516,55.55555555555556,49.6551724137931,43.66197183098591,35.97122302158273,62.96296296296296,51.85185185185185,50.943396226415096,,,,7.0,7.0,47
2019-05-22,304,178,122,172,146,131,13,1,3,7,2,1,1,196221890812.67,95539658642.69,7,6,57.333333333333336,49.49152542372882,45.017182130584196,167.0,22.0,1,2.053826584691105,56.0,5.123062297330208,0.7103892822879488,60.0,54.54545454545454,55.55555555555556,51.02040816326531,43.75,35.46099290780142,69.81132075471697,55.769230769230774,50.98039215686274,,,,13.0,12.0,63
2019-05-23,304,145,157,165,149,130,9,8,4,6,2,1,0,257542467911.15,173716002116.11002,17,7,55.00000000000001,50.50847457627119,44.67353951890035,32.0,27.0,1,1.4825489003541032,-12.0,5.194648012571843,0.622958796678005,60.0,55.55555555555556,58.58585858585859,49.664429530201346,45.20547945205479,33.56643356643357,60.78431372549019,56.00000000000001,48.97959183673469,,,,30.0,19.0,55
2019-05-24,306,258,46,215,185,152,85,1,4,3,3,0,0,304159924970.27,43423632362.5,5,3,71.19205298013244,62.08053691275168,51.877133105802045,107.0,10.0,3,7.004479091733883,212.0,16.42988055904058,0.8007298728027956,70.0,63.63636363636363,63.63636363636363,70.46979865771812,59.183673469387756,41.25874125874126,75.47169811320755,67.3076923076923,58.82352941176471,,,,35.0,22.0,78
2019-05-27,308,221,85,231,201,167,46,5,7,3,14,1,1,217832534728.8,102299806007.08,2,1,75.98684210526315,67.0,56.61016949152542,140.0,14.0,13,2.1293543285284837,136.0,22.153854983476148,1.221027409654626,72.0,66.66666666666666,64.64646464646465,78.52348993288591,64.62585034013605,50.349650349650354,76.36363636363637,74.07407407407408,58.490566037735846,,,,34.0,20.0,74
2019-05-28,313,149,158,242,212,165,20,9,7,3,9,0,2,244835997667.05,195424748729.30002,8,7,78.31715210355988,69.50819672131148,55.00000000000001,151.0,15.0,9,1.252840283838327,-9.0,19.687083841451177,0.7527200289204932,75.0,68.68686868686868,63.63636363636363,78.37837837837837,66.43835616438356,45.774647887323944,83.60655737704919,78.33333333333333,62.71186440677966,,,,39.0,24.0,75
2019-05-29,319,93,223,223,201,170,3,10,7,3,3,1,1,89525326371.45,172989661741.99,15,7,70.7936507936508,64.42307692307693,55.37459283387622,69.0,24.0,2,0.5175183619063601,-130.0,11.429559095812573,0.8058464963603629,71.0,62.62626262626263,62.62626262626263,68.45637583892618,62.585034013605444,46.478873239436616,75.75757575757575,71.21212121212122,63.63636363636363,,,,47.0,25.0,57
2019-05-30,319,167,148,219,203,174,11,7,10,2,2,1,0,209539468279.3,108637020439.09,23,10,69.52380952380952,65.06410256410257,56.67752442996743,34.0,26.0,1,1.9288035278616962,19.0,11.762227642812503,0.5850146798670145,67.0,61.61616161616161,64.64646464646465,71.33333333333334,64.1891891891892,50.349650349650354,69.23076923076923,72.3076923076923,58.46153846153847,,,,53.0,28.0,63
2019-05-31,319,131,184,215,204,170,7,19,8,3,3,2,0,178018910553.33,180929760234.45,16,7,68.0379746835443,65.17571884984025,55.1948051948052,21.0,36.0,1,0.983911714262219,-53.0,8.387848112283379,0.7235979726829326,67.0,63.63636363636363,62.62626262626263,67.33333333333333,63.51351351351351,48.95104895104895,71.21212121212122,71.21212121212122,57.57575757575758,,,,64.0,32.0,47
2019-06-03,323,206,110,235,215,183,12,4,8,4,8,2,1,241054469733.94,39604774683.79,8,4,73.4375,67.82334384858044,58.65384615384615,30.0,30.0,6,6.0865002176770915,96.0,12.910814373119562,0.30768540306435704,76.0,71.71717171717171,67.67676767676768,70.0,62.16216216216216,49.65034965034965,77.14285714285715,74.28571428571429,64.28571428571429,,,,70.0,35.0,54
2019-06-04,322,128,188,224,211,181,5,12,10,4,6,3,1,106311680077.44,158485821742.02,8,3,70.21943573667711,66.77215189873418,58.01282051282052,24.0,35.0,3,0.6707961564567713,-60.0,8.913396454268899,1.014989512501275,72.0,70.70707070707071,65.65656565656566,67.33333333333333,60.810810810810814,50.0,73.91304347826086,73.91304347826086,63.76811594202898,,,,70.0,31.0,36
2019-06-06,323,60,262,172,189,163,3,43,9,4,2,3,0,56527194661.37,256005272879.57,13,3,53.41614906832298,59.43396226415094,51.910828025477706,20.0,59.0,-1,0.2208048061883535,-202.0,-1.6489628486197603,1.0371496777675913,52.0,61.61616161616161,58.58585858585859,46.666666666666664,53.37837837837838,43.75,69.44444444444444,69.01408450704226,59.154929577464785,,,,68.0,27.0,26
2019-06-07,325,148,172,161,179,164,8,8,12,2,2,3,0,114981092693.65,138230197785.45,10,3,49.53846153846154,55.7632398753894,51.73501577287066,16.0,63.0,-1,0.8318087837226028,-24.0,-1.7715352383464662,1.034450625092249,51.0,55.55555555555556,57.57575757575758,45.33333333333333,52.02702702702703,45.13888888888889,56.00000000000001,63.51351351351351,56.75675675675676,,,,55.0,20.0,29
2019-06-10,324,159,158,160,180,167,3,13,10,2,1,2,0,120818383788.43001,96022840551.08,9,3,49.382716049382715,56.074766355140184,52.6813880126183,14.0,64.0,-1,1.2582254710967424,1.0,-0.6174769553710675,0.7998003037141473,56.00000000000001,59.59595959595959,59.59595959595959,40.0,48.64864864864865,44.827586206896555,59.45945945945946,66.21621621621621,58.9041095890411,,,,48.0,16.0,31
2019-06-11,325,198,124,182,195,169,11,5,11,4,1,0,0,160880031204.49,75834614800.93,3,1,56.00000000000001,60.55900621118012,53.144654088050316,22.0,26.0,1,2.12145906756181,74.0,4.022330261349753,0.7526773520940743,63.0,66.66666666666666,63.63636363636363,48.66666666666667,52.02702702702703,44.827586206896555,61.33333333333333,69.33333333333334,55.4054054054054,,,,43.0,13.0,43
2019-06-12,323,96,220,156,176,165,1,6,12,3,1,2,0,68444956104.35,146973608535.25,4,1,48.297213622291025,54.82866043613706,52.05047318611987,15.0,24.0,-1,0.4656955543684173,-124.0,-1.9307462196606977,0.937014820670639,55.00000000000001,60.60606060606061,61.61616161616161,40.26845637583892,45.94594594594595,44.13793103448276,55.4054054054054,64.86486486486487,54.794520547945204,,,,39.0,11.0,28
2019-06-13,325,117,202,143,164,157,6,8,10,3,1,4,0,131480864736.37,135947304162.0,3,3,44.135802469135804,51.09034267912772,49.52681388012618,18.0,19.0,-3,0.9671458036394188,-85.0,-5.060972879826327,0.5988837656250902,55.00000000000001,59.59595959595959,59.59595959595959,34.22818791946309,42.567567567567565,43.44827586206896,49.333333333333336,56.75675675675676,47.94520547945205,,,,29.0,11.0,19
2019-06-14,326,86,236,118,157,151,1,12,11,2,1,5,0,46215152346.16,190075506282.99,5,1,36.30769230769231,48.90965732087228,47.63406940063091,8.0,26.0,-4,0.24314101932393925,-150.0,-10.962011809868812,1.4987466149243789,43.0,55.55555555555556,57.57575757575758,29.72972972972973,40.136054421768705,42.36111111111111,40.25974025974026,57.333333333333336,44.5945945945946,,,,24.0,9.0,20
2019-06-17,322,45,275,78,121,143,2,30,7,5,0,12,0,36431078136.55,207985599141.61,1,0,24.299065420560748,38.05031446540881,45.54140127388535,9.0,50.0,-12,0.17516154140915005,-230.0,-19.952590036005788,0.9342025784880176,24.0,42.42424242424242,51.515151515151516,22.972972972972975,31.97278911564626,40.97222222222222,27.397260273972602,44.44444444444444,46.478873239436616,,,,16.0,6.0,18
2019-06-18,318,146,166,85,125,143,5,16,5,6,2,19,0,122760867380.76,119850659801.8,1,0,26.813880126182966,39.80891719745223,45.98070739549839,8.0,58.0,-17,1.0242819487499917,-20.0,-17.039771469172877,0.8586679413441765,30.0,48.0,51.0,22.972972972972975,32.87671232876712,41.95804195804196,30.434782608695656,42.64705882352941,47.05882352941176,,,,14.0,5.0,11
2019-06-19,314,91,221,79,106,141,3,35,2,12,0,25,0,75921806503.89,203788672105.25,3,1,25.320512820512818,34.3042071197411,46.07843137254902,10.0,81.0,-25,0.37255165225611236,-130.0,-19.96411273718487,1.1052553475169755,31.0,38.0,51.0,22.2972972972973,30.344827586206897,41.54929577464789,23.4375,37.5,48.4375,,,,13.0,5.0,14
2019-06-20,315,250,64,107,132,149,37,6,1,8,3,3,0,237372220183.65,39268921064.7,0,0,34.185303514377,42.58064516129032,48.534201954397396,45.0,57.0,0,6.044785895506331,186.0,-6.564603957649201,0.646218090686039,43.0,48.0,56.00000000000001,30.405405405405407,38.62068965517241,42.95774647887324,29.230769230769234,43.07692307692308,49.23076923076923,,,,10.0,2.0,24
2019-06-21,314,150,160,111,125,141,14,8,2,8,1,3,0,117305104627.06,201281704974.25,1,1,35.57692307692308,40.45307443365696,46.07843137254902,54.0,49.0,-2,0.5827906944750237,-10.0,-4.875200931357959,1.6086392745932525,39.0,43.0,54.0,32.432432432432435,37.24137931034483,40.845070422535215,37.5,43.75,45.3125,,,,6.0,2.0,20
2019-06-24,310,120,185,104,119,140,8,10,1,7,2,5,0,108115964617.26,98144226357.1,1,0,33.76623376623377,39.01639344262295,46.35761589403973,59.0,24.0,-3,1.1016029024863632,-65.0,-6.156385339222158,0.588822566811164,39.0,43.0,54.0,27.7027027027027,33.10344827586207,40.140845070422536,40.0,46.666666666666664,48.333333333333336,,,,6.0,2.0,24
2019-06-25,302,197,102,120,124,139,14,8,0,10,4,3,0,176347055337.66,75454711133.29,1,0,40.0,41.61073825503356,47.11864406779661,36.0,26.0,1,2.337124517329934,95.0,0.7789839187500647,0.8263883822613436,46.0,48.0,55.00000000000001,36.91275167785235,36.734693877551024,41.66666666666667,37.254901960784316,43.13725490196079,47.05882352941176,,,,6.0,2.0,28
2019-06-26,300,193,103,148,139,145,22,0,0,11,7,1,1,173003334049.84,74899993259.09,0,0,49.664429530201346,46.95945945945946,49.48805460750853,44.0,18.0,6,2.309791049665335,90.0,6.45482971472256,0.8112363272160409,53.0,52.0,57.99999999999999,51.006711409395976,43.53741496598639,43.75,38.775510204081634,46.93877551020408,48.97959183673469,,,,3.0,1.0,33
2019-06-27,295,170,120,153,145,148,13,6,1,9,4,1,1,183156000578.26,150187212616.59,2,2,52.218430034129696,49.65753424657534,51.388888888888886,49.0,14.0,3,1.2195179428879568,50.0,9.275403721705434,1.161661191562167,55.00000000000001,55.00000000000001,59.0,49.32432432432432,44.89795918367347,45.45454545454545,55.55555555555556,53.333333333333336,53.333333333333336,,,,5.0,3.0,42
2019-06-28,296,121,170,146,142,143,5,12,1,10,6,3,1,90533589364.56,157574647427.94,7,4,49.829351535836174,48.63013698630137,49.65277777777778,40.0,18.0,3,0.5745441341124475,-49.0,6.690617479067267,1.2388338225432987,45.0,51.0,56.99999999999999,49.32432432432432,44.89795918367347,44.75524475524475,62.22222222222222,55.55555555555556,48.888888888888886,,,,11.0,6.0,40
2019-07-01,290,180,107,164,143,145,12,6,1,7,8,2,1,154511885643.8,54019083984.92,8,6,57.14285714285714,50.0,51.41843971631206,30.0,24.0,6,2.8603203580226135,73.0,10.547172154216296,0.5881309713913192,56.99999999999999,48.0,56.99999999999999,53.74149659863946,48.29931972789115,46.85314685314685,70.0,61.53846153846154,53.84615384615385,,,,18.0,12.0,69
2019-07-02,289,152,134,166,151,148,1,6,2,7,4,1,0,123479139314.59,92170251055.98,2,1,58.04195804195804,52.98245614035088,52.66903914590747,18.0,24.0,3,1.3396853963172393,18.0,11.041790540697633,0.8467124903557168,57.99999999999999,54.0,60.0,54.054054054054056,50.0,47.22222222222222,73.68421052631578,62.16216216216216,54.054054054054056,,,,19.0,13.0,63
2019-07-03,288,166,118,161,151,149,5,2,1,7,5,0,0,148658304025.18,74053417659.85,5,4,56.49122807017544,53.16901408450704,53.214285714285715,18.0,14.0,5,2.007446904179535,48.0,12.90948030843569,0.7007805078620074,59.0,56.00000000000001,61.0,53.02013422818792,50.33557046979866,48.275862068965516,63.888888888888886,57.14285714285714,51.42857142857142,,,,24.0,17.0,62
2019-07-04,290,166,119,168,160,149,5,2,1,8,5,2,0,159140575522.12,68805016726.71,8,2,58.536585365853654,55.94405594405595,52.836879432624116,11.0,10.0,3,2.312921107979934,47.0,14.391807658309549,0.6031152460758205,64.0,57.99999999999999,61.0,52.702702702702695,52.702702702702695,45.83333333333333,66.66666666666666,63.1578947368421,57.89473684210527,,,,30.0,17.0,60
2019-07-05,291,43,246,101,123,139,1,42,1,8,0,5,0,85567441056.75,203114454943.41,5,1,35.19163763066202,43.00699300699301,49.29078014184397,11.0,46.0,-5,0.42127696465812864,-203.0,3.087238504160151,0.4149212101101454,41.41414141414141,44.44444444444444,58.58585858585859,28.57142857142857,38.095238095238095,41.95804195804196,43.90243902439025,57.49999999999999,52.5,,,,28.0,14.0,21
2019-07-08,293,35,258,47,82,122,1,69,1,8,0,10,0,40230922391.649994,231627343659.7,5,0,16.26297577854671,28.47222222222222,43.109540636042404,7.0,113.0,-10,0.1736881395607423,-223.0,-7.593604315158387,0.7810488100785918,13.131313131313133,27.27272727272727,47.474747474747474,15.646258503401361,25.170068027210885,38.732394366197184,25.581395348837212,42.857142857142854,47.61904761904761,,,,25.0,8.0,7
2019-07-09,295,168,124,67,88,121,15,6,1,10,1,6,0,165000852840.99,139221321724.61002,6,0,23.02405498281787,30.344827586206897,42.45614035087719,17.0,117.0,-5,1.1851694179960004,44.0,-3.337756904099944,1.1431603693996022,20.2020202020202,27.27272727272727,47.474747474747474,22.14765100671141,30.201342281879196,38.88888888888889,32.55813953488372,38.095238095238095,42.857142857142854,,,,29.0,7.0,13
2019-07-10,295,90,199,51,80,113,3,16,1,10,0,6,0,72036251144.72,177584420796.48,1,0,17.525773195876287,27.586206896551722,39.64912280701755,19.0,91.0,-6,0.4056451057003299,-109.0,-7.332318583124479,1.114918681816344,13.131313131313133,24.242424242424242,44.44444444444444,17.56756756756757,27.027027027027028,36.36363636363637,27.27272727272727,37.2093023255814,39.53488372093023,,,,25.0,3.0,7
2019-07-11,293,183,107,75,94,118,16,3,1,10,0,4,0,152111401656.61,91925574964.0,0,0,25.862068965517242,32.52595155709342,41.54929577464789,34.0,25.0,-4,1.654723418550061,76.0,-1.461007225774832,1.0335747682415688,26.262626262626267,30.303030303030305,49.494949494949495,25.170068027210885,32.6530612244898,35.91549295774648,27.27272727272727,37.2093023255814,41.86046511627907,,,,17.0,1.0,20
2019-07-12,289,154,125,93,88,119,9,2,1,7,1,0,0,140241586601.4,130410481075.76,1,0,32.631578947368425,30.87719298245614,42.5,28.0,21.0,1,1.0753858543005357,29.0,1.2162690208879887,1.1456353038987397,33.33333333333333,27.27272727272727,48.484848484848484,32.87671232876712,32.19178082191781,39.71631205673759,30.0,35.0,37.5,,,,13.0,0.0,28
2019-07-15,293,105,184,82,86,118,6,8,2,7,1,6,1,106955041218.5,121615318235.12,0,0,28.57142857142857,29.965156794425084,41.843971631205676,31.0,13.0,-5,0.8794536968749517,-79.0,-1.900741133319741,0.6488711980412355,26.262626262626267,26.262626262626267,47.474747474747474,28.37837837837838,31.756756756756754,39.16083916083916,35.0,32.5,37.5,,,,8.0,0.0,17
2019-07-16,290,190,98,104,102,121,10,6,2,7,1,3,0,198231539481.25,50615462815.09,0,0,36.36363636363637,35.66433566433567,43.06049822064057,25.0,16.0,-2,3.916422540784339,92.0,3.9937188904992507,0.49503736892899314,39.39393939393939,36.36363636363637,50.505050505050505,36.054421768707485,34.69387755102041,40.845070422535215,30.0,37.5,32.5,,,,2.0,0.0,27
2019-07-17,292,129,152,116,109,122,9,7,3,6,2,2,0,123602077604.19,127027480246.61,2,1,40.41811846689895,37.97909407665505,43.262411347517734,25.0,21.0,0,0.9730341605157408,-23.0,3.263513616411993,0.8722039214702233,43.43434343434344,38.38383838383838,50.505050505050505,40.136054421768705,38.095238095238095,40.845070422535215,34.146341463414636,36.58536585365854,34.146341463414636,,,,3.0,1.0,19
2019-07-18,292,55,234,79,86,115,4,20,6,5,1,9,1,49044041593.4,197405936293.96,2,2,27.62237762237762,30.069930069930066,40.92526690391459,23.0,33.0,-8,0.24844258746286038,-179.0,-5.1771294610146725,0.9460645915945128,25.252525252525253,27.27272727272727,46.464646464646464,29.25170068027211,31.97278911564626,39.436619718309856,27.500000000000004,30.0,32.5,,,,5.0,3.0,23
2019-07-19,291,44,246,47,59,102,2,34,3,7,0,25,1,48211444279.95,244626810400.12,4,0,16.49122807017544,20.701754385964914,36.42857142857142,15.0,61.0,-25,0.19708160442877748,-202.0,-13.517993644909396,0.9075519206183665,16.161616161616163,19.19191919191919,42.42424242424242,16.3265306122449,21.768707482993197,33.80281690140845,17.94871794871795,20.51282051282051,30.76923076923077,,,,8.0,3.0,10
2019-07-22,290,118,168,50,55,105,7,20,3,8,0,15,0,153520054794.96,124378404635.75,4,1,17.6056338028169,19.366197183098592,37.5,13.0,74.0,-15,1.2342983112265602,-50.0,-12.981842553914845,0.5690528343046786,22.22222222222222,20.2020202020202,44.44444444444444,16.3265306122449,19.727891156462583,34.72222222222222,10.526315789473683,15.789473684210526,29.72972972972973,,,,12.0,4.0,14
2019-07-23,292,134,151,57,67,100,15,9,4,6,1,9,0,121775788019.28,148413641332.23,2,0,20.0,23.50877192982456,35.714285714285715,24.0,63.0,-8,0.8205161393936823,-17.0,-10.80852415834493,1.0815353604120455,21.21212121212121,24.242424242424242,41.41414141414141,18.91891891891892,22.972972972972975,33.33333333333333,21.052631578947366,23.684210526315788,29.72972972972973,,,,14.0,4.0,11
2019-07-24,292,65,225,43,51,97,6,29,1,6,0,22,0,72127476666.35,219259986488.68,2,1,15.19434628975265,18.021201413427562,34.89208633093525,28.0,58.0,-22,0.3289586842607683,-160.0,-16.046294309340922,0.8781920122828684,12.121212121212121,15.151515151515152,35.35353535353536,16.3265306122449,19.047619047619047,34.72222222222222,18.91891891891892,21.62162162162162,34.285714285714285,,,,14.0,4.0,10
2019-07-25,289,150,135,54,63,92,11,10,1,8,1,19,0,168186954169.03,171148770409.23,0,0,19.148936170212767,22.340425531914892,33.2129963898917,32.0,48.0,-18,0.9826944930242965,15.0,-11.694356316895792,1.1306780683095166,18.181818181818183,22.22222222222222,33.33333333333333,19.310344827586206,22.758620689655174,33.098591549295776,21.052631578947366,21.052631578947366,33.33333333333333,,,,12.0,2.0,11
2019-07-26,287,177,109,67,60,95,18,11,1,10,1,5,1,214783543512.03,72687477276.2,2,1,23.92857142857143,21.428571428571427,34.54545454545455,35.0,50.0,-4,2.9548906023507904,68.0,-5.264977551770727,0.5495476582846428,22.22222222222222,20.2020202020202,36.36363636363637,25.0,22.22222222222222,33.33333333333333,24.324324324324326,21.62162162162162,34.285714285714285,,,,10.0,3.0,20
2019-07-29,283,68,211,59,57,82,4,34,1,9,0,17,1,60645136113.14,201958096542.62,1,1,21.3768115942029,20.652173913043477,30.25830258302583,33.0,55.0,-17,0.300285738236505,-143.0,-10.29153381982995,1.0732273980416747,20.2020202020202,20.2020202020202,30.303030303030305,22.22222222222222,20.833333333333336,30.49645390070922,21.21212121212121,21.21212121212121,29.03225806451613,,,,7.0,3.0,12
2019-07-30,283,53,228,43,47,75,5,66,1,19,0,40,0,58981185743.15,233537997082.93,4,2,15.579710144927535,17.02898550724638,27.67527675276753,27.0,111.0,-40,0.2525549866825552,-175.0,-16.13778175992143,0.9204179390964039,15.151515151515152,18.181818181818183,26.262626262626267,16.666666666666664,15.277777777777779,28.368794326241137,12.121212121212121,21.21212121212121,29.03225806451613,,,,9.0,5.0,16
2019-07-31,286,192,88,56,49,81,26,9,1,16,0,9,0,205167348031.38,108733807256.72,3,2,20.14388489208633,17.62589928057554,29.56204379562044,35.0,109.0,-9,1.8868772574750452,104.0,-7.105634839900048,1.1563116642456204,20.2020202020202,19.19191919191919,31.313131313131315,21.91780821917808,17.80821917808219,30.555555555555557,12.121212121212121,12.121212121212121,19.35483870967742,,,,10.0,6.0,29
2019-08-01,286,82,201,43,45,72,4,19,1,18,0,8,0,60728517191.1,225891380089.02,3,1,15.412186379928317,16.18705035971223,26.277372262773724,35.0,94.0,-8,0.26883946243175777,-119.0,-10.497621049082255,1.5174862920600123,15.0,17.0,26.0,18.75,18.181818181818183,29.078014184397162,2.857142857142857,5.714285714285714,15.151515151515152,,,,13.0,7.0,17
2019-08-02,280,126,152,51,49,68,6,14,1,21,1,9,0,154452447434.31,168771291817.76,1,0,18.681318681318682,18.014705882352942,25.37313432835821,36.0,42.0,-8,0.9151582936337801,-26.0,-8.695281152687635,0.9057967066326708,19.0,17.0,26.0,21.27659574468085,20.714285714285715,26.811594202898554,6.25,9.375,16.666666666666664,,,,12.0,6.0,17
2019-08-05,282,54,228,38,38,64,6,34,1,19,0,23,0,62954851455.91,215624286007.86,2,1,13.818181818181818,13.86861313868613,23.616236162361623,16.0,67.0,-23,0.291965495267148,-174.0,-14.510804135506795,0.8111989570769235,14.000000000000002,16.0,26.0,15.862068965517242,14.583333333333334,24.647887323943664,3.3333333333333335,3.3333333333333335,10.344827586206897,,,,13.0,6.0,10
2019-08-06,282,231,49,58,49,75,32,3,1,14,1,3,1,235912917845.86,67604846626.21,1,0,21.16788321167883,17.94871794871795,27.77777777777778,44.0,51.0,-2,3.489585874667127,182.0,-1.6105222651396431,1.350958504420073,18.0,19.0,28.999999999999996,26.20689655172414,20.13888888888889,28.87323943661972,6.896551724137931,3.4482758620689653,17.857142857142858,,,,10.0,4.0,19
2019-08-07,279,106,167,63,46,77,9,20,1,13,0,14,0,91489029654.97,198643980496.26,2,2,23.247232472324722,17.037037037037038,28.83895131086142,47.0,57.0,-14,0.4605678431654893,-61.0,-2.7227286546500338,1.3781477546492253,24.0,21.0,30.0,25.0,17.482517482517483,31.914893617021278,11.11111111111111,0.0,7.6923076923076925,,,,9.0,4.0,13
2019-08-08,279,199,76,82,60,81,19,6,1,13,3,7,0,228739763694.33002,66410897692.92,1,1,30.14705882352941,22.14022140221402,30.223880597014922,60.0,29.0,-4,3.444310672504518,123.0,5.539948525591836,0.7602162817466183,30.0,23.0,32.0,33.80281690140845,23.404255319148938,31.654676258992804,13.333333333333334,13.333333333333334,17.24137931034483,,,,7.0,4.0,35
2019-08-09,279,170,108,112,76,86,16,7,1,11,3,4,0,191739093943.66,103340566952.49,5,4,41.32841328413284,28.14814814814815,32.20973782771536,44.0,33.0,-1,1.85540973499604,62.0,9.526837772070675,0.8483700631642066,39.39393939393939,29.292929292929294,32.323232323232325,45.07042253521127,29.078014184397162,33.81294964028777,30.0,20.0,24.137931034482758,,,,11.0,8.0,49
2019-08-13,279,40,235,66,56,76,5,52,1,16,1,15,0,102536789789.79999,222954426573.29,1,1,24.264705882352942,20.66420664206642,28.46441947565543,40.0,65.0,-14,0.4599002198150746,-195.0,0.037993888949728216,0.370108033490154,19.19191919191919,22.22222222222222,28.28282828282828,27.083333333333332,20.27972027972028,29.078014184397162,27.586206896551722,17.24137931034483,25.925925925925924,,,,10.0,8.0,34
2019-08-14,284,195,87,87,75,80,26,4,0,12,0,6,0,218238793521.35,77385919519.84999,3,0,31.294964028776977,27.075812274368232,29.304029304029307,47.0,63.0,-6,2.820135689740953,108.0,7.074842399436573,0.7947771160439135,29.292929292929294,28.28282828282828,31.313131313131315,33.793103448275865,27.083333333333332,28.87323943661972,26.47058823529412,23.52941176470588,25.0,,,,12.0,8.0,44
2019-08-16,283,148,129,102,73,84,14,8,1,15,5,4,0,156272242135.48,107077114554.65,4,2,36.69064748201439,26.353790613718413,30.656934306569344,45.0,64.0,1,1.4594364331298992,19.0,8.605973663905642,0.7861163361839347,36.36363636363637,29.292929292929294,30.303030303030305,37.67123287671233,26.20689655172414,30.76923076923077,33.33333333333333,18.181818181818183,31.25,,,,14.0,8.0,41
2019-08-19,282,132,143,109,82,85,7,4,1,15,1,2,1,99792446870.28,114077440997.40001,1,1,39.35018050541516,29.71014492753623,31.135531135531135,47.0,16.0,-1,0.8747780980864955,-11.0,8.372061026707168,1.0552126591830286,38.38383838383838,30.303030303030305,31.313131313131315,40.97222222222222,30.069930069930066,31.914893617021278,35.294117647058826,26.47058823529412,27.27272727272727,,,,14.0,8.0,33
2019-08-20,283,88,192,95,75,83,7,15,1,12,0,11,0,90890028337.23,153617101555.02,1,0,34.42028985507246,27.27272727272727,30.514705882352942,28.0,27.0,-11,0.5916660802552413,-104.0,3.4802054167689356,0.7746486550920936,32.6530612244898,27.55102040816326,30.612244897959183,34.48275862068966,27.083333333333332,30.28169014084507,39.39393939393939,27.27272727272727,31.25,,,,10.0,4.0,14
2019-08-21,284,53,231,60,63,75,1,38,1,17,0,27,0,56274035509.85,185966853521.91,3,1,21.660649819494584,22.82608695652174,27.472527472527474,15.0,57.0,-27,0.30260250385545173,-178.0,-4.419732156812103,0.7582132550589464,21.649484536082475,26.804123711340207,29.896907216494846,23.28767123287671,22.06896551724138,27.27272727272727,14.705882352941178,14.705882352941178,21.21212121212121,,,,12.0,4.0,8
2019-08-22,284,43,238,53,51,73,2,58,0,27,1,39,0,28439825717.73,252057946517.54,0,0,19.133574007220215,18.478260869565215,26.73992673992674,10.0,111.0,-38,0.11283050628102674,-195.0,-12.002080121439825,1.60127145452634,19.587628865979383,19.587628865979383,28.865979381443296,19.310344827586206,18.055555555555554,26.056338028169012,17.142857142857142,17.142857142857142,23.52941176470588,,,,9.0,4.0,9
2019-08-23,288,200,85,63,63,75,42,8,1,23,0,11,0,226504338730.28,68019840726.4,1,1,22.5,22.58064516129032,27.173913043478258,45.0,104.0,-11,3.3299745531801674,115.0,-2.9249772305893273,0.7065943414563033,25.773195876288657,27.835051546391753,30.927835051546392,21.232876712328768,20.689655172413794,27.27272727272727,18.91891891891892,16.216216216216218,16.666666666666664,,,,6.0,3.0,21
2019-08-26,288,239,46,112,78,86,53,2,1,17,1,0,0,255002919755.68,51913171835.05,0,0,40.14336917562724,28.05755395683453,31.272727272727273,97.0,68.0,1,4.912104399359985,193.0,8.750570627240794,1.0577242972665652,48.45360824742268,32.98969072164948,34.02061855670103,39.310344827586206,27.083333333333332,30.985915492957744,21.62162162162162,18.91891891891892,25.0,,,,5.0,2.0,33
2019-08-27,283,201,78,141,92,90,43,3,1,7,6,0,0,296919467442.81,103910481649.71,1,0,51.08695652173913,33.45454545454545,33.088235294117645,138.0,13.0,6,2.857454442793824,123.0,15.189411192549345,0.901824728447302,57.73195876288659,34.02061855670103,34.02061855670103,46.52777777777778,34.96503496503497,31.914893617021278,51.42857142857142,25.71428571428571,35.294117647058826,,,,5.0,2.0,43
2019-08-28,288,88,198,117,78,88,7,17,1,15,7,2,1,64669250723.4,189057871063.24,1,0,41.785714285714285,27.956989247311824,31.88405797101449,103.0,22.0,5,0.34206061011746025,-110.0,8.968672819925409,1.2993148912756327,43.87755102040816,29.591836734693878,33.6734693877551,40.27777777777778,28.671328671328673,31.20567375886525,42.10526315789473,21.052631578947366,29.72972972972973,,,,3.0,1.0,34
2019-08-29,285,100,180,115,77,90,3,5,2,11,4,2,0,103599750595.94,174364759316.61,2,2,41.21863799283154,27.697841726618705,32.608695652173914,53.0,25.0,2,0.5941553270395912,-80.0,5.105098147232315,0.9350342078453443,41.41414141414141,28.28282828282828,31.313131313131315,43.262411347517734,27.857142857142858,33.093525179856115,33.33333333333333,25.64102564102564,34.21052631578947,,,,5.0,3.0,39
2019-08-30,286,197,84,138,98,95,21,2,1,5,6,1,0,226578542970.53,64879834639.73,5,4,49.28571428571429,35.12544802867383,34.29602888086642,31.0,24.0,5,3.492279908367425,113.0,11.426216311343556,0.6715492906565012,47.474747474747474,33.33333333333333,33.33333333333333,50.349650349650354,38.028169014084504,35.46099290780142,50.0,28.947368421052634,32.432432432432435,,,,9.0,6.0,64
2019-09-03,288,48,235,105,74,86,4,36,1,11,2,5,0,25213005387.649998,217760475672.96,9,3,37.5,26.523297491039425,31.046931407942242,28.0,43.0,-3,0.11578320312596918,-187.0,1.7736412601019502,1.7641187463669628,32.0,28.000000000000004,28.999999999999996,39.58333333333333,25.874125874125873,32.3943661971831,44.44444444444444,25.0,31.428571428571427,,,,18.0,9.0,27
2019-09-04,287,154,129,109,81,89,7,9,2,6,1,4,0,134929252771.63,137491374906.0,3,1,38.92857142857143,28.92857142857143,32.014388489208635,32.0,47.0,-3,0.9813652155553636,25.0,4.111821384989867,1.2164670508897357,39.0,28.999999999999996,33.0,37.76223776223776,27.972027972027973,32.3943661971831,43.24324324324324,32.432432432432435,27.77777777777778,,,,20.0,10.0,30
2019-09-05,281,177,102,120,92,87,16,0,3,3,1,0,0,155841010741.16,92523561832.33,8,3,43.63636363636363,33.45454545454545,31.868131868131865,27.0,45.0,1,1.6843386447181212,75.0,8.590406284844086,1.0302525107339475,45.0,33.0,32.0,42.25352112676056,32.3943661971831,32.62411347517731,45.45454545454545,39.39393939393939,28.125,,,,27.0,13.0,43
2019-09-06,275,195,77,138,98,89,14,2,4,3,3,0,0,178780355665.15,69560813535.49,2,1,51.11111111111111,36.2962962962963,33.2089552238806,37.0,11.0,3,2.570130315884475,118.0,14.526644342795223,0.985345963516258,54.0,42.0,37.0,48.59154929577465,33.098591549295776,31.20567375886525,53.57142857142857,32.142857142857146,29.629629629629626,,,,27.0,12.0,44
2019-09-09,277,195,77,161,114,93,14,1,5,4,5,1,1,172438156759.12,50157265317.48,0,0,59.19117647058824,42.066420664206646,34.44444444444444,44.0,3.0,4,3.4379497300668147,118.0,19.52949466062947,0.7366214550258462,66.0,45.0,38.0,56.33802816901409,40.42553191489361,31.428571428571427,50.0,40.0,36.666666666666664,,,,22.0,8.0,47
2019-09-11,277,186,87,193,133,106,41,6,6,1,4,0,0,214148753581.32,97066613944.11,3,3,70.95588235294117,49.25925925925926,39.55223880597015,69.0,9.0,4,2.2062040168066925,99.0,22.759284209074607,0.9690540939079815,75.0,47.0,43.0,65.95744680851064,48.92086330935252,35.507246376811594,80.64516129032258,58.06451612903226,46.666666666666664,,,,16.0,8.0,61
2019-09-12,283,115,161,190,133,105,13,5,6,1,1,0,0,97223003425.86,170362118717.91,4,2,68.34532374100719,48.188405797101446,38.46153846153847,68.0,12.0,1,0.5706843995456781,-46.0,18.156957851949823,1.2516299987424875,67.0,40.0,41.0,67.13286713286713,51.06382978723404,35.714285714285715,77.14285714285715,60.0,42.42424242424242,,,,17.0,9.0,54
2019-09-13,283,200,78,209,150,110,11,2,6,2,0,1,0,208685706698.92,53362079839.96,2,2,75.45126353790613,54.54545454545454,40.44117647058824,65.0,13.0,-1,3.910749118565024,122.0,22.531184027348385,0.6556550896937653,74.0,48.0,42.0,74.64788732394366,55.00000000000001,38.1294964028777,82.85714285714286,71.42857142857143,45.45454545454545,,,,11.0,8.0,72
2019-09-16,282,124,153,193,151,111,18,4,12,2,0,1,0,83012138893.08,162199687495.72,5,1,69.92753623188406,55.1094890510949,40.959409594095945,42.0,11.0,-1,0.5117897585053637,-29.0,18.60849148717741,1.5835750967482,64.0,46.0,43.0,71.83098591549296,59.285714285714285,39.568345323741006,79.41176470588235,64.70588235294117,40.625,,,,14.0,8.0,53
2019-09-17,287,37,248,127,120,92,2,56,7,3,0,2,0,32552216585.1,231612599042.22,4,0,45.195729537366546,43.01075268817204,33.33333333333333,31.0,62.0,-2,0.14054596649626191,-211.0,6.061546907895345,1.0615284956688165,31.0,32.0,35.0,50.0,48.59154929577465,30.985915492957744,64.86486486486487,51.35135135135135,38.23529411764706,,,,18.0,8.0,27
2019-09-18,286,183,96,139,132,98,11,5,7,2,0,2,1,136797349965.41,101061426214.39,8,2,49.29078014184397,47.14285714285714,35.507246376811594,31.0,65.0,-2,1.3536059710379549,87.0,10.2036015580697,1.4082754071617116,34.0,36.0,35.0,54.861111111111114,51.40845070422535,34.04255319148936,68.42105263157895,60.526315789473685,42.857142857142854,,,,23.0,7.0,32
2019-09-19,286,44,240,107,109,90,2,25,6,4,0,6,0,38793693764.95,194858694343.18,7,6,37.80918727915194,38.92857142857143,32.608695652173914,15.0,86.0,-6,0.19908628606854753,-196.0,-0.4559597238215751,0.9208737425048439,28.000000000000004,31.0,32.0,40.27777777777778,40.42553191489361,32.142857142857146,53.84615384615385,53.84615384615385,36.11111111111111,,,,26.0,11.0,21
2019-09-20,286,255,31,229,190,132,165,1,10,2,14,1,1,654348056675.41,73748649056.7,4,3,81.20567375886525,68.10035842293907,48.0,178.0,31.0,13,8.872678551336298,224.0,11.432395178780494,0.9270939326855282,79.7979797979798,64.64646464646465,47.474747474747474,84.82758620689656,72.53521126760563,48.93617021276596,71.05263157894737,60.526315789473685,45.714285714285715,,,,28.0,12.0,52
2019-09-23,297,223,74,243,216,150,100,9,32,1,25,1,4,425640345933.92,131764352303.66,3,3,83.21917808219177,74.74048442906575,52.816901408450704,267.0,35.0,24,3.2303148650782463,149.0,17.789776644611358,0.9328853809551221,78.78787878787878,65.65656565656566,51.515151515151516,86.39455782312925,79.86111111111111,52.816901408450704,82.6086956521739,78.26086956521739,55.81395348837209,,,,26.0,14.0,76
2019-09-24,298,129,166,240,212,144,19,12,48,1,6,1,5,204466675426.88998,178159868688.19,1,1,81.63265306122449,72.85223367697594,50.349650349650354,284.0,22.0,5,1.1476584313425902,-37.0,13.836388914673694,0.6771251903110563,78.78787878787878,67.67676767676768,49.494949494949495,83.78378378378379,75.86206896551724,50.349650349650354,80.85106382978722,74.46808510638297,52.27272727272727,,,,23.0,15.0,81
2019-09-25,304,73,230,210,194,139,8,45,34,1,2,4,2,86958708547.79,257272566026.68,62,38,70.0,65.31986531986533,47.6027397260274,127.0,66.0,-2,0.33800225920229715,-157.0,4.387060461003621,0.9390212512096399,59.59595959595959,58.58585858585859,47.474747474747474,75.83892617449665,68.4931506849315,46.85314685314685,73.07692307692307,69.23076923076923,50.0,,,,77.0,51.0,63
2019-09-26,310,200,107,228,207,154,32,11,31,1,8,3,2,327993462867.88,94053548878.2,58,16,74.50980392156863,68.31683168316832,51.67785234899329,59.0,68.0,5,3.4873055485937465,93.0,8.78594933081069,0.5359894200433368,70.70707070707071,62.62626262626263,51.515151515151516,78.37837837837837,71.72413793103448,51.40845070422535,71.1864406779661,69.49152542372882,52.63157894736842,,,,128.0,61.0,59
2019-09-27,312,96,213,210,202,149,8,31,20,3,8,6,2,97579296255.18001,189573877181.66,8,2,67.96116504854369,66.01307189542483,49.501661129568106,48.0,87.0,2,0.5147296542427848,-117.0,2.0030695678416803,0.8756134829945644,62.0,56.99999999999999,49.0,70.54794520547945,68.53146853146853,50.71428571428571,71.42857142857143,74.60317460317461,47.540983606557376,,,,132.0,60.0,42
2019-09-30,312,92,218,186,176,143,6,59,17,7,2,13,1,111886522456.34001,230449421893.71,2,1,60.19417475728155,57.51633986928104,47.50830564784053,46.0,101.0,-11,0.48551444189756027,-126.0,-4.256307977336032,0.8692189401708792,61.61616161616161,54.54545454545454,48.484848484848484,58.666666666666664,58.50340136054422,46.52777777777778,61.66666666666667,60.0,48.275862068965516,,,,131.0,58.0,26
2019-10-01,317,62,254,144,157,137,7,49,19,8,3,11,0,110370102111.61,297408519853.66,8,1,45.85987261146497,50.482315112540185,44.771241830065364,21.0,139.0,-8,0.3711060536057194,-192.0,-12.886794238576297,0.6577486026361453,44.44444444444444,51.515151515151516,47.474747474747474,45.33333333333333,46.93877551020408,43.05555555555556,49.23076923076923,56.92307692307692,44.44444444444444,,,,138.0,58.0,24
2019-10-03,315,119,191,137,151,129,17,17,13,7,1,6,0,139245510515.45,169038769855.8,6,1,43.91025641025641,48.86731391585761,42.43421052631579,30.0,125.0,-5,0.8237489579120495,-72.0,-14.201426020743842,0.7563428678487997,42.42424242424242,48.484848484848484,48.484848484848484,44.0,48.97959183673469,38.88888888888889,46.03174603174603,49.2063492063492,40.98360655737705,,,,82.0,21.0,21
2019-10-04,313,80,232,114,135,118,4,15,15,8,1,5,0,54086372011.44,245995861558.0,3,0,36.655948553054664,43.83116883116883,38.81578947368421,28.0,81.0,-4,0.2198669996677473,-152.0,-19.254429064393378,1.5683462580923186,34.0,44.0,42.0,36.666666666666664,42.17687074829932,36.80555555555556,40.98360655737705,47.540983606557376,38.333333333333336,,,,27.0,5.0,24
2019-10-07,314,98,210,110,121,116,5,28,12,9,2,10,0,97037655973.55,179832955206.33,1,0,35.36977491961415,39.285714285714285,38.15789473684211,26.0,60.0,-8,0.5395988508458562,-112.0,-21.47847452139176,0.864839993515806,34.0,38.0,41.0,34.899328859060404,38.35616438356164,37.06293706293706,38.70967741935484,43.54838709677419,36.0655737704918,,,,20.0,3.0,23
2019-10-09,315,225,86,134,139,122,36,8,10,11,4,3,2,247625369953.71,71504648339.22,0,0,42.94871794871795,44.983818770226534,40.0,45.0,51.0,1,3.4630667474786883,139.0,-10.722641014518423,0.7554804052426202,43.0,48.0,46.0,42.95302013422819,44.52054794520548,37.06293706293706,42.857142857142854,41.269841269841265,37.096774193548384,,,,18.0,2.0,37
2019-10-10,312,89,219,119,131,119,8,19,10,11,2,7,0,90233558601.9,204422090358.6,1,1,38.51132686084142,42.671009771986974,39.273927392739274,49.0,55.0,-5,0.4414080613480229,-130.0,-14.922790161069127,0.9206734757467682,44.0,47.0,46.0,36.486486486486484,41.78082191780822,36.36363636363637,34.42622950819672,37.704918032786885,35.0,,,,11.0,2.0,19
2019-10-11,310,169,136,131,139,121,10,10,11,15,3,9,0,186475751214.98,150153210885.72,1,1,42.671009771986974,45.57377049180328,40.33333333333333,54.0,37.0,-6,1.241903187517613,33.0,-10.28930373056463,1.0005989768875652,46.0,50.0,46.0,41.21621621621622,42.465753424657535,37.76223776223776,40.67796610169492,45.76271186440678,36.84210526315789,,,,6.0,2.0,28
2019-10-14,310,187,121,149,152,128,18,9,11,17,1,7,0,182007820596.61002,88418015025.91,3,2,48.69281045751634,50.0,42.80936454849498,36.0,38.0,-6,2.058492497748049,66.0,-4.626226313830461,0.750770064571643,56.99999999999999,53.0,50.0,43.91891891891892,47.26027397260274,39.16083916083916,46.55172413793103,51.724137931034484,39.285714285714285,,,,6.0,4.0,39
2019-10-15,311,192,114,165,156,128,12,8,13,20,0,6,0,239202930618.18002,73831994387.94,2,2,53.74592833876222,51.31578947368421,42.80936454849498,40.0,27.0,-6,3.239827565287229,78.0,0.8388360090464033,0.5198457301743695,66.66666666666666,58.58585858585859,50.505050505050505,46.97986577181208,47.26027397260274,39.16083916083916,49.152542372881356,49.152542372881356,38.59649122807017,,,,7.0,6.0,44
2019-10-16,309,175,131,160,161,128,19,9,11,15,4,4,1,182797257135.13,152047772281.82,3,1,52.459016393442624,53.31125827814569,42.95302013422819,49.0,26.0,0,1.202235681535116,44.0,3.807270115060893,1.1111613830074134,62.62626262626263,57.57575757575758,50.505050505050505,49.664429530201346,52.73972602739726,39.86013986013986,42.10526315789473,47.368421052631575,37.5,,,,10.0,7.0,51
2019-10-17,314,231,82,198,178,137,36,4,13,13,7,1,0,279083906145.49,57701765349.97,1,1,64.28571428571429,58.36065573770492,45.51495016611295,67.0,21.0,6,4.836661486053392,149.0,11.576244925127977,0.5824416653625218,72.72727272727273,61.61616161616161,51.515151515151516,65.1006711409396,60.273972602739725,44.05594405594406,48.333333333333336,48.333333333333336,38.983050847457626,,,,10.0,7.0,66
2019-10-18,305,239,63,233,205,146,55,3,21,5,7,0,1,296521267227.83,84493820181.0,1,0,77.66666666666666,69.02356902356902,49.829351535836174,110.0,16.0,7,3.509384077943588,176.0,19.510837163109695,1.0810018822088516,82.82828282828282,70.70707070707071,53.535353535353536,77.3972602739726,69.93006993006993,48.57142857142857,69.0909090909091,63.63636363636363,46.2962962962963,,,,10.0,6.0,64
2019-10-22,317,163,149,246,208,151,37,14,23,4,12,1,2,203560424852.95,237386400015.94998,4,3,79.35483870967742,67.75244299674267,50.0,128.0,21.0,11,0.8575066846258791,14.0,18.097359340768513,1.2757448439260939,80.8080808080808,63.63636363636363,53.535353535353536,80.27210884353741,71.52777777777779,49.645390070921984,75.0,65.625,45.16129032258064,,,,11.0,7.0,65
2019-10-23,316,159,152,246,211,154,17,11,26,4,9,2,3,225892570293.98,142177745738.59,3,2,79.09967845659163,68.72964169381108,50.993377483443716,109.0,28.0,7,1.5888039940463627,7.0,16.448349005962964,0.6583899810793291,79.7979797979798,67.67676767676768,54.54545454545454,79.72972972972973,68.75,51.42857142857142,76.5625,70.3125,44.44444444444444,,,,12.0,7.0,70
2019-10-24,307,127,179,215,197,149,15,23,13,9,6,4,2,154628955707.88998,215831222195.02,7,3,71.42857142857143,66.32996632996633,51.02739726027398,69.0,48.0,2,0.7164346017008184,-52.0,12.006203424674403,0.9903167784185208,72.72727272727273,63.63636363636363,52.52525252525253,70.06802721088435,65.73426573426573,51.07913669064749,72.72727272727273,72.72727272727273,48.148148148148145,,,,16.0,9.0,54
2019-10-25,301,139,160,209,197,146,17,14,8,7,6,2,1,202045566037.26,155659586597.62,6,5,70.84745762711864,67.46575342465754,50.69444444444444,49.0,48.0,4,1.29799629083911,-21.0,9.698137935549312,0.6693008340096126,69.6969696969697,67.67676767676768,53.535353535353536,69.6551724137931,66.19718309859155,50.72463768115942,76.47058823529412,70.58823529411765,45.09803921568628,,,,21.0,13.0,67
2019-10-27,296,227,67,220,205,147,14,1,9,6,7,1,2,43019934934.64,8841070138.39,5,3,75.86206896551724,71.18055555555556,51.9434628975265,46.0,38.0,6,4.86591942618319,160.0,16.726251252669613,0.696283560155479,73.73737373737373,70.70707070707071,52.52525252525253,75.17241379310344,68.53146853146853,51.449275362318836,82.6086956521739,80.43478260869566,52.17391304347826,,,,25.0,16.0,78
2019-10-29,292,197,93,230,212,151,43,10,14,5,15,1,0,316085556093.59,84788533138.12,11,8,80.7017543859649,74.91166077738515,54.51263537906137,74.0,25.0,14,3.727928110027433,104.0,19.85165688254412,0.568218996550576,80.8080808080808,74.74747474747475,53.535353535353536,78.62068965517241,72.91666666666666,52.51798561151079,87.8048780487805,82.5,64.1025641025641,,,,32.0,21.0,81
2019-10-30,295,163,129,231,221,159,24,5,12,6,11,1,2,227327439035.73,156149021140.01,6,3,80.20833333333334,77.27272727272727,56.785714285714285,81.0,16.0,10,1.4558364655510605,34.0,18.92462041167411,0.8679312006342592,81.81818181818183,77.77777777777779,54.54545454545454,77.93103448275862,75.0,55.39568345323741,84.0909090909091,83.72093023255815,66.66666666666666,,,,35.0,22.0,76
2019-10-31,296,184,111,242,237,167,25,3,14,6,12,0,1,332433645627.61,129268696363.01999,2,1,83.73702422145328,82.57839721254355,59.430604982206404,92.0,18.0,12,2.571648473146586,73.0,19.987381127021877,0.6445895210667736,85.85858585858585,83.83838383838383,57.57575757575758,82.06896551724138,80.55555555555556,57.55395683453237,84.44444444444444,86.36363636363636,69.76744186046511,,,,30.0,20.0,76
2019-11-01,298,170,124,250,245,168,26,3,17,3,6,0,1,223823769985.9,158259231920.07,16,10,85.91065292096219,84.48275862068965,59.154929577464785,75.0,11.0,6,1.4142857087727043,46.0,19.44610463300911,0.969371134440147,83.83838383838383,87.87878787878788,57.57575757575758,86.11111111111111,81.25,56.11510791366906,89.58333333333334,87.2340425531915,71.73913043478261,,,,40.0,25.0,74
2019-11-04,301,149,150,252,252,175,18,8,31,2,6,0,0,191060078556.87,160122486888.76,13,6,85.71428571428571,85.71428571428571,60.97560975609756,69.0,14.0,6,1.1932120357935916,-1.0,16.536082707463144,0.8324868535814581,83.83838383838383,84.84848484848484,61.61616161616161,84.82758620689656,83.44827586206897,56.42857142857143,92.0,94.0,72.91666666666666,,,,48.0,28.0,70
2019-11-05,303,83,216,225,237,166,9,16,28,2,6,1,1,156827337931.09,182342062233.4,20,4,76.01351351351352,80.06756756756756,57.43944636678201,53.0,27.0,5,0.8600721962349486,-133.0,7.365333547584031,0.44677558574895493,75.75757575757575,79.7979797979798,56.56565656565656,73.10344827586206,76.55172413793103,54.285714285714285,84.61538461538461,90.38461538461539,68.0,,,,57.0,24.0,44
2019-11-06,310,160,148,232,243,168,17,10,31,2,5,1,3,199994928694.97,162577175322.41,8,2,76.56765676567657,80.19801980198021,56.949152542372886,44.0,34.0,4,1.230153791873651,12.0,6.7375163481494695,0.8788178260496058,79.7979797979798,78.78787878787878,56.56565656565656,74.65753424657534,78.76712328767124,54.60992907801418,75.86206896551724,86.20689655172413,63.63636363636363,,,,59.0,23.0,47
2019-11-07,317,189,123,238,251,180,23,3,41,2,8,0,2,229684540415.52,129547248354.96,13,5,76.77419354838709,80.96774193548387,59.60264900662252,49.0,29.0,8,1.772978919522732,66.0,8.867045060892169,0.8666687172272144,74.74747474747475,76.76767676767676,59.59595959595959,75.34246575342466,80.82191780821918,56.73758865248227,83.07692307692308,87.6923076923077,66.12903225806451,,,,70.0,27.0,53
2019-11-08,319,102,216,206,228,171,14,18,32,4,4,1,2,180788849358.49,217162239239.68,6,2,66.02564102564102,73.07692307692307,56.25,54.0,31.0,3,0.8325059181166159,-114.0,1.643456884982716,0.5672298682158727,61.61616161616161,68.68686868686868,58.58585858585859,67.3469387755102,73.46938775510205,52.816901408450704,69.6969696969697,78.78787878787878,60.317460317460316,,,,60.0,19.0,44
2019-11-11,327,189,134,213,234,177,24,3,42,3,4,1,4,192775883921.87,109735409705.75,10,6,66.5625,73.125,56.730769230769226,61.0,24.0,3,1.756733623529441,55.0,3.909071710155221,0.80288083651539,61.61616161616161,72.72727272727273,55.55555555555556,68.70748299319727,72.78911564625851,54.929577464788736,68.91891891891892,74.32432432432432,61.97183098591549,,,,57.0,19.0,47
2019-11-13,331,93,238,182,211,172,13,38,39,2,7,1,3,114310839801.0,257030783766.53,12,2,56.17283950617284,65.3250773993808,54.6031746031746,51.0,59.0,6,0.4447359889188702,-145.0,-4.173372972873063,0.8786253243658478,49.0,65.65656565656566,52.52525252525253,59.183673469387756,63.94557823129252,52.112676056338024,59.74025974025974,67.53246753246754,62.16216216216216,,,,49.0,17.0,39
2019-11-14,333,136,196,172,204,173,21,14,40,2,6,3,0,171429246858.69,164664000234.3,9,6,52.4390243902439,62.38532110091744,54.2319749216301,58.0,55.0,3,1.0410851589586294,-60.0,-6.812996311997881,0.6664945178110847,47.0,58.58585858585859,52.52525252525253,53.06122448979592,61.904761904761905,48.59154929577465,58.0246913580247,67.90123456790124,66.66666666666666,,,,50.0,21.0,48
2019-11-15,333,155,173,182,210,173,12,12,32,1,3,0,1,214900496240.58,139169262559.86,4,3,55.319148936170215,64.02439024390245,54.0625,46.0,64.0,3,1.5441663790389506,-18.0,-6.9358092853896105,0.5802184074121935,52.0,63.63636363636363,52.52525252525253,58.108108108108105,64.1891891891892,51.40845070422535,54.32098765432099,64.19753086419753,60.75949367088608,,,,41.0,19.0,45
2019-11-18,335,168,161,193,209,174,16,8,37,1,7,1,1,177754610810.44,124866425309.73,5,1,58.30815709969789,63.33333333333333,54.037267080745345,49.0,34.0,6,1.4235580971387733,7.0,-5.756135331212591,0.7330071480516775,57.99999999999999,64.64646464646465,52.52525252525253,61.74496644295302,63.758389261744966,52.77777777777778,52.4390243902439,60.97560975609756,58.22784810126582,,,,40.0,18.0,47
2019-11-19,333,169,159,189,219,171,17,7,28,0,7,1,1,198027352839.22,193187376898.09,5,2,57.446808510638306,66.76829268292683,53.43750000000001,45.0,27.0,6,1.0250532722108607,10.0,-4.568733423735177,1.0369149687884336,52.0,63.63636363636363,50.505050505050505,61.74496644295302,68.45637583892618,51.388888888888886,56.25,67.5,61.038961038961034,,,,35.0,14.0,47
2019-11-20,331,180,148,195,227,179,22,3,21,0,5,0,1,267450557027.34,120639644338.0,1,0,59.63302752293578,69.6319018404908,56.289308176100626,55.0,18.0,5,2.2169375456546865,32.0,-2.4306611257233124,0.5486019299912457,54.0,69.6969696969697,55.55555555555556,65.1006711409396,71.14093959731544,54.861111111111114,56.41025641025641,66.66666666666666,60.0,,,,24.0,12.0,54
2019-11-21,335,101,230,188,217,173,12,15,11,1,1,0,2,159237964278.55002,188215741790.38998,3,1,56.62650602409639,65.55891238670695,53.72670807453416,51.0,25.0,1,0.8460395648302806,-129.0,-8.640456005294551,0.5190424337550931,53.0,66.66666666666666,51.515151515151516,58.38926174496645,66.44295302013423,52.083333333333336,57.831325301204814,62.65060240963856,59.49367088607595,,,,18.0,7.0,34
2019-11-22,337,138,192,181,214,175,14,10,12,1,1,1,1,146441163316.33002,163958190570.17,2,1,54.191616766467064,64.26426426426426,54.01234567901234,48.0,28.0,0,0.8931616213077007,-54.0,-10.156628347301488,0.8047255758119788,50.0,63.63636363636363,52.52525252525253,54.36241610738255,63.758389261744966,52.083333333333336,58.82352941176471,65.88235294117646,59.25925925925925,,,,16.0,5.0,31
2019-11-25,337,256,80,214,232,188,28,5,23,1,3,0,2,281913817296.62,41357208087.23,4,2,64.26426426426426,69.87951807228916,58.204334365325074,54.0,30.0,3,6.816558233380058,176.0,0.09782744201908855,0.46944512031451513,62.0,67.67676767676768,59.59595959595959,65.54054054054053,71.62162162162163,57.04225352112676,64.70588235294117,69.41176470588235,58.536585365853654,,,,15.0,6.0,49
2019-11-26,339,110,225,188,221,180,7,19,21,1,3,3,1,306001823610.07,454870969292.67,2,1,55.952380952380956,65.97014925373135,55.21472392638037,49.0,34.0,0,0.6727222537105558,-115.0,-5.685101995321913,0.7267321486576498,54.0,62.62626262626263,55.55555555555556,53.74149659863946,65.98639455782312,53.90070921985816,61.79775280898876,69.66292134831461,56.97674418604651,,,,12.0,5.0,35
2019-11-27,350,200,144,213,235,187,19,2,18,1,5,0,1,221004452112.31,90403148362.39,1,1,61.38328530259366,67.91907514450867,55.654761904761905,54.0,26.0,5,2.4446543744958054,56.0,-2.0510811542718606,0.5681330266473102,63.0,65.65656565656566,56.56565656565656,60.13513513513513,66.8918918918919,54.60992907801418,61.61616161616161,71.71717171717171,56.25,,,,12.0,6.0,59
2019-11-28,349,211,136,237,244,197,24,1,22,1,7,0,1,304504433872.59,87642783763.42,5,3,68.29971181556196,70.52023121387283,58.63095238095239,50.0,22.0,7,3.4743811275387957,75.0,2.0162620705972936,0.4465458829309077,69.0,71.71717171717171,63.63636363636363,66.66666666666666,70.06802721088435,56.42857142857143,70.0,70.0,56.70103092783505,,,,14.0,8.0,64
2019-11-29,346,150,192,222,240,190,12,6,21,1,5,0,1,119844361563.29,266003534081.16998,5,1,64.53488372093024,69.97084548104957,57.05705705705706,55.0,9.0,5,0.4505367268042384,-42.0,-0.366240782492566,1.7340428726900639,60.0,68.68686868686868,59.59595959595959,63.94557823129252,70.74829931972789,55.714285714285715,70.10309278350515,70.10309278350515,56.38297872340425,,,,17.0,8.0,41
2019-12-02,343,108,230,173,217,189,7,19,15,1,10,0,1,166943411317.35,185945099779.81,4,4,50.882352941176464,64.0117994100295,57.446808510638306,43.0,26.0,10,0.8978102220227305,-122.0,-6.401449517971933,0.5230116631256355,51.0,62.62626262626263,60.60606060606061,49.65986394557823,66.66666666666666,54.285714285714285,52.68817204301075,61.29032258064516,58.88888888888889,,,,17.0,10.0,51
2019-12-03,342,93,248,150,194,168,4,32,11,1,3,1,2,80629304170.32,224153565662.72,7,3,44.11764705882353,57.227138643067846,50.90909090909091,23.0,57.0,2,0.3597056505968838,-155.0,-13.179545739216932,1.04251906907144,43.0,56.56565656565656,51.515151515151516,41.49659863945578,58.50340136054422,51.77304964539007,49.46236559139785,55.91397849462365,48.888888888888886,,,,22.0,12.0,40
2019-12-04,336,202,131,167,204,178,12,2,7,2,3,1,2,227087588720.85,108450089967.20999,6,3,50.0,61.261261261261254,54.93827160493827,23.0,53.0,2,2.0939363793013928,71.0,-7.6089202796853215,0.7364047676266483,51.0,61.61616161616161,53.535353535353536,46.62162162162162,59.45945945945946,54.22535211267606,54.65116279069767,63.95348837209303,57.831325301204814,,,,27.0,14.0,44
2019-12-05,337,117,217,152,202,176,13,8,6,3,2,2,2,92213241140.29001,209650977669.3,4,2,45.50898203592814,60.66066066066066,54.32098765432099,29.0,42.0,0,0.43984169387345123,-100.0,-11.357990910387366,1.2258285524599892,44.44444444444444,60.204081632653065,53.06122448979592,45.94594594594595,62.83783783783784,55.633802816901415,45.97701149425287,57.47126436781609,53.57142857142857,,,,26.0,13.0,26
2019-12-06,337,75,261,108,172,160,5,29,3,3,0,2,1,73690089804.1,222002665514.9,3,1,32.33532934131736,51.651651651651655,49.382716049382715,30.0,39.0,-2,0.33193335599456664,-186.0,-18.806656345085678,0.8657048671052635,29.292929292929294,48.97959183673469,47.95918367346938,30.405405405405407,52.02702702702703,52.112676056338024,39.08045977011494,54.02298850574713,46.42857142857143,,,,24.0,13.0,30
2019-12-09,333,154,176,109,168,158,10,16,5,4,2,3,1,139090319948.06,132808420541.09,3,1,33.03030303030303,51.06382978723404,49.375,28.0,53.0,-1,1.047300460176969,-22.0,-16.881232010027315,0.8354813477806986,29.292929292929294,43.87755102040816,48.97959183673469,34.45945945945946,54.729729729729726,50.0,34.93975903614458,53.01204819277109,48.75,,,,23.0,10.0,23
2019-12-10,331,68,263,87,138,151,5,28,4,5,1,5,1,70579902122.79,197693770750.68,8,2,26.443768996960486,42.073170731707314,47.33542319749217,20.0,73.0,-4,0.357016317989105,-195.0,-23.80058804350227,0.724210967543893,22.22222222222222,37.755102040816325,45.91836734693878,26.351351351351347,43.24324324324324,48.59154929577465,31.70731707317073,45.1219512195122,46.835443037974684,,,,24.0,9.0,14
2019-12-11,331,181,147,105,144,146,13,7,3,6,1,4,1,168911293144.3,120432333165.0,1,1,31.914893617021278,43.90243902439025,45.76802507836991,28.0,51.0,-3,1.4025410677121128,34.0,-18.147634511905846,0.8779012218268529,34.34343434343434,43.87755102040816,44.89795918367347,32.432432432432435,47.2972972972973,47.88732394366197,28.04878048780488,37.80487804878049,43.037974683544306,,,,19.0,7.0,19
2019-12-12,325,228,97,132,168,148,20,2,4,5,4,1,1,225254260699.15,55930925477.22,3,2,40.86687306501548,52.17391304347826,47.284345047923324,38.0,37.0,3,4.027365161173551,131.0,-8.373621069831376,0.5836360423877232,43.43434343434344,52.04081632653062,45.91836734693878,43.91891891891892,54.729729729729726,50.0,31.57894736842105,47.368421052631575,43.83561643835616,,,,18.0,7.0,31
2019-12-13,323,245,75,172,191,158,30,1,6,2,4,1,1,279999693386.4,53816335933.5,1,1,53.75,59.87460815047022,50.967741935483865,63.0,10.0,3,5.2028754564857636,170.0,1.9750285284914533,0.6278579400924403,59.183673469387756,62.88659793814433,49.48453608247423,55.4054054054054,60.810810810810814,53.52112676056338,43.24324324324324,54.054054054054056,47.88732394366197,,,,16.0,7.0,41
2019-12-16,317,116,200,149,181,153,8,5,5,2,4,0,1,106241134062.14,151742836447.99,1,1,47.452229299363054,57.82747603833865,50.32894736842105,58.0,8.0,4,0.7001393709847664,-84.0,-1.886751207584986,0.8284064916735264,46.93877551020408,58.76288659793815,49.48453608247423,47.2972972972973,58.108108108108105,51.40845070422535,48.529411764705884,55.88235294117647,49.23076923076923,,,,14.0,7.0,40
2019-12-17,317,208,106,174,191,159,12,3,6,1,3,0,1,227328220076.34,82323464327.92,3,2,55.4140127388535,61.0223642172524,52.131147540983605,50.0,9.0,3,2.761402498451971,102.0,4.120860874107583,0.7106041774219557,55.10204081632652,63.91752577319587,51.546391752577314,56.75675675675676,60.810810810810814,54.54545454545454,52.94117647058824,57.35294117647059,47.69230769230769,,,,9.0,7.0,60
2019-12-18,317,143,173,178,198,164,7,5,5,1,2,0,1,196613814922.88998,128389488244.56999,8,6,56.507936507936506,63.05732484076433,53.59477124183007,27.0,13.0,2,1.5313856111674735,-30.0,2.6367648995841932,0.5397658103536446,60.204081632653065,64.94845360824742,53.608247422680414,52.702702702702695,61.48648648648649,53.52112676056338,59.42028985507246,63.76811594202898,53.73134328358209,,,,16.0,12.0,59
2019-12-19,315,167,143,173,197,166,6,4,6,1,3,1,1,197357992470.84,89261996173.02,2,0,55.27156549520767,63.141025641025635,54.60526315789473,25.0,12.0,2,2.2109968512052243,24.0,4.054679016868773,0.5281925965636619,64.28571428571429,67.0103092783505,55.670103092783506,50.67567567567568,60.810810810810814,56.33802816901409,52.23880597014925,62.68656716417911,49.23076923076923,,,,15.0,10.0,64
2019-12-20,314,146,165,186,199,170,4,2,6,0,4,0,1,240841576463.5,130431714034.09,12,7,59.61538461538461,63.9871382636656,56.10561056105611,17.0,11.0,4,1.8464955263913267,-19.0,3.096722192062744,0.47920423970794906,68.36734693877551,71.1340206185567,57.73195876288659,55.4054054054054,63.51351351351351,57.74647887323944,56.060606060606055,54.54545454545454,50.0,,,,26.0,16.0,59
2019-12-23,315,135,174,181,199,166,3,3,3,2,6,1,1,129777943162.15,137685788475.51,9,8,57.82747603833865,63.78205128205128,54.60526315789473,13.0,9.0,5,0.9425660019024652,-39.0,1.2621854958932754,0.8231381859726804,68.36734693877551,69.0721649484536,57.73195876288659,51.67785234899329,62.41610738255034,53.84615384615385,56.060606060606055,59.09090909090909,51.5625,,,,34.0,23.0,48
2019-12-24,314,118,192,174,196,166,8,1,3,1,3,0,1,109877681256.55,109332646100.0,7,5,55.769230769230774,63.022508038585215,54.78547854785478,15.0,6.0,3,1.0049851089861257,-74.0,-2.062654306811087,0.6115347658766335,62.244897959183675,65.97938144329896,55.670103092783506,52.348993288590606,62.41610738255034,55.94405594405595,53.84615384615385,60.0,50.79365079365079,,,,38.0,26.0,55
2019-12-26,311,124,184,161,184,160,9,4,5,1,8,0,0,83130751947.92,172908953539.74,4,1,52.103559870550164,59.54692556634305,53.156146179402,20.0,8.0,8,0.4807776014260239,-60.0,-4.195079066589264,1.4017147252271782,55.10204081632652,60.204081632653065,54.63917525773196,49.333333333333336,58.666666666666664,53.47222222222222,54.09836065573771,60.65573770491803,50.0,,,,34.0,21.0,56
2019-12-27,305,207,97,185,196,171,9,3,3,2,5,0,0,188351550068.81,49948961134.42,5,2,61.258278145695364,64.90066225165563,57.96610169491525,26.0,8.0,5,3.7708802303601128,110.0,2.5026731591333444,0.5659210816019223,70.40816326530613,69.38775510204081,58.76288659793815,55.333333333333336,61.33333333333333,58.333333333333336,61.111111111111114,66.66666666666666,55.55555555555556,,,,37.0,23.0,62
2019-12-30,302,174,124,190,198,170,12,4,3,3,4,0,0,148773057657.76,76192241816.28,2,1,63.54515050167224,66.22073578595318,58.02047781569966,30.0,11.0,4,1.9526011324944592,50.0,5.216737946330508,0.7186443678125823,74.48979591836735,72.44897959183673,58.76288659793815,53.02013422818792,59.73154362416108,56.25,73.07692307692307,73.07692307692307,61.53846153846154,,,,27.0,17.0,64
2019-12-31,304,122,178,196,202,167,9,2,4,3,6,1,0,72656769486.33,156636540184.64,7,3,65.33333333333333,67.33333333333333,56.80272108843537,30.0,9.0,5,0.46385581168151224,-56.0,2.21117964965243,1.4775998083162183,65.97938144329896,72.16494845360825,57.291666666666664,59.45945945945946,62.16216216216216,55.94405594405595,80.0,72.72727272727273,58.18181818181818,,,,25.0,12.0,35
2020-01-01,304,166,134,202,207,175,13,4,7,3,7,0,0,83361161200.29,94162331757.48,8,5,67.33333333333333,69.0,59.523809523809526,34.0,10.0,7,0.8852920233006869,32.0,4.030371407744411,1.399319024168477,65.97938144329896,70.10309278350515,61.458333333333336,63.94557823129252,66.66666666666666,57.74647887323944,78.57142857142857,73.21428571428571,60.71428571428571,,,,26.0,12.0,43
2020-01-02,309,227,80,239,244,192,47,4,12,2,11,1,0,224904512732.69,44514968168.4,7,4,78.10457516339869,80.0,64.21404682274247,69.0,10.0,10,5.052334573887077,147.0,11.315628503874333,0.5616215550461722,69.38775510204081,75.25773195876289,66.66666666666666,80.95238095238095,80.95238095238095,62.676056338028175,85.24590163934425,85.24590163934425,63.934426229508205,,,,29.0,15.0,66
2020-01-03,317,110,201,224,243,192,13,8,15,4,5,1,0,107614791926.45999,169689290576.98,11,9,71.3375796178344,77.63578274760383,62.54071661237784,73.0,16.0,4,0.6341872934971122,-91.0,5.587945178546047,0.8629370017400573,65.3061224489796,72.16494845360825,64.58333333333334,71.14093959731544,77.85234899328859,59.02777777777778,80.59701492537313,85.07462686567165,67.16417910447761,,,,35.0,22.0,70
2020-01-06,325,26,298,150,192,177,3,74,12,4,3,1,0,23775193159.14,248689857088.56,13,2,46.58385093167702,59.813084112149525,56.19047619047619,63.0,86.0,2,0.09560178061734743,-272.0,-8.38716379050237,0.912622354774628,28.57142857142857,50.51546391752577,57.291666666666664,47.651006711409394,60.40268456375839,54.166666666666664,68.0,70.66666666666667,58.666666666666664,,,,46.0,23.0,46
2020-01-07,328,250,73,186,213,189,27,1,19,2,5,0,0,203857137943.68,82948875897.70999,30,8,57.230769230769226,65.74074074074075,59.43396226415094,43.0,83.0,5,2.4576238766040706,177.0,2.156053859913742,1.3934831797690483,35.714285714285715,53.608247422680414,60.416666666666664,59.45945945945946,67.56756756756756,58.04195804195804,79.74683544303798,77.21518987341773,60.75949367088608,,,,69.0,28.0,50
2020-01-08,333,138,193,177,207,189,12,7,13,2,8,0,0,150429516477.46,140161651696.38,15,8,53.63636363636364,62.91793313069909,58.51393188854489,42.0,82.0,8,1.0732573043825309,-55.0,-0.4402753182800474,0.6662203963728174,35.35353535353536,50.0,58.76288659793815,54.729729729729726,64.1891891891892,57.34265734265735,73.49397590361446,75.90361445783132,60.24096385542169,,,,76.0,31.0,48
2020-01-09,335,284,50,250,249,210,37,3,22,2,8,0,2,270157969229.32,42043433944.62,3,3,75.30120481927712,75.22658610271903,64.81481481481481,76.0,11.0,8,6.425687530309122,234.0,11.792064610955665,0.8839521021226425,67.67676767676768,71.42857142857143,63.91752577319587,73.64864864864865,72.97297297297297,62.93706293706294,87.05882352941177,83.52941176470588,69.04761904761905,,,,72.0,30.0,58
2020-01-10,338,187,144,256,265,210,21,9,24,2,14,0,2,188785408069.51,125636658761.77,9,4,76.4179104477612,79.57957957957959,64.41717791411043,70.0,19.0,14,1.5026299642963408,43.0,12.641754927397418,0.8642254859593669,71.0,75.51020408163265,62.88659793814433,72.97297297297297,78.37837837837837,63.63636363636363,88.50574712643679,86.20689655172413,67.44186046511628,,,,70.0,25.0,53
2020-01-13,343,236,105,276,272,228,17,7,33,2,9,0,1,194222894755.44,86169897872.0,12,7,81.17647058823529,80.4733727810651,68.8821752265861,75.0,19.0,9,2.2539529412457466,131.0,17.70503137331813,0.9971898731731292,77.0,77.55102040816327,67.0103092783505,79.05405405405406,78.37837837837837,67.36111111111111,89.13043478260869,86.95652173913044,73.33333333333333,,,,69.0,30.0,54
2020-01-14,345,213,129,280,288,232,12,6,27,2,14,0,0,185746756499.02,124485700443.67,20,13,81.87134502923976,84.70588235294117,69.66966966966966,50.0,22.0,14,1.492113197234816,84.0,19.595607577713746,1.106593517005016,73.0,80.61224489795919,67.0103092783505,81.75675675675676,82.43243243243244,69.44444444444444,91.48936170212765,92.5531914893617,72.82608695652173,,,,59.0,35.0,73
2020-01-15,351,227,122,291,305,237,25,5,36,2,28,0,1,193077614881.86002,119509054611.35,25,20,83.62068965517241,88.15028901734104,69.91150442477876,54.0,18.0,28,1.6155898438805243,105.0,22.16407219458344,1.151688186672283,77.0,84.84848484848484,68.36734693877551,81.08108108108108,85.03401360544217,68.53146853146853,94.0,96.0,73.46938775510205,,,,69.0,47.0,77
2020-01-16,359,205,149,306,309,245,29,4,36,2,21,0,3,168659416639.97,124898715268.93,18,11,86.19718309859155,87.53541076487252,70.8092485549133,66.0,15.0,21,1.3503695076191549,56.0,21.799289081034107,1.0188610735147945,80.0,81.81818181818183,68.36734693877551,84.45945945945947,86.39455782312925,70.62937062937063,94.39252336448598,94.39252336448598,73.33333333333333,,,,84.0,55.0,79
2020-01-17,363,183,175,307,318,257,20,7,34,2,20,0,1,184630852881.76,155454724496.81,21,13,85.51532033426183,89.07563025210085,73.42857142857143,74.0,16.0,20,1.1876824810528595,8.0,18.97840307354425,0.8804662040542003,77.0,81.81818181818183,68.36734693877551,84.45945945945947,88.43537414965986,74.12587412587412,94.5945945945946,96.3963963963964,77.06422018348624,,,,96.0,64.0,79
2020-01-20,368,108,257,285,295,248,9,17,26,2,16,0,1,105982652367.98,217936543852.52,27,12,78.2967032967033,81.49171270718232,69.85915492957746,58.0,28.0,16,0.4863005097470005,-149.0,8.621653521772707,0.8641435791495414,61.0,69.6969696969697,65.3061224489796,79.19463087248322,80.4054054054054,69.44444444444444,92.17391304347827,93.04347826086956,74.33628318584071,,,,111.0,69.0,78
2020-01-21,375,151,221,266,295,242,14,8,26,3,5,2,1,167035512284.65,144419923622.24,30,12,71.69811320754717,79.94579945799458,66.85082872928176,43.0,32.0,3,1.1565960436426053,-70.0,3.673524387399171,0.5907489674615961,55.00000000000001,66.66666666666666,63.26530612244898,71.81208053691275,79.05405405405406,67.58620689655173,85.24590163934425,91.80327868852459,68.90756302521008,,,,121.0,68.0,70
2020-01-22,379,148,226,260,292,243,16,8,28,1,3,3,2,127916422976.03,194590191760.88,28,8,69.5187165775401,78.49462365591397,66.57534246575342,39.0,33.0,0,0.6573631580219556,-78.0,-0.9754936444271971,0.9962031620507944,49.0,67.67676767676768,64.28571428571429,72.48322147651007,77.7027027027027,66.20689655172414,82.39999999999999,88.0,68.85245901639344,,,,124.0,56.0,39
2020-01-23,380,269,108,275,298,255,24,7,33,1,14,0,0,324810005589.22,66995685344.54,12,7,73.13829787234043,79.67914438502673,69.48228882833789,54.0,23.0,14,4.848222746268111,161.0,7.004473406583394,0.5137430499986769,57.99999999999999,68.68686868686868,65.3061224489796,74.49664429530202,80.4054054054054,71.52777777777779,83.46456692913385,87.4015748031496,70.39999999999999,,,,118.0,52.0,61
2020-01-24,380,230,145,286,305,259,20,5,31,1,14,0,0,233036854088.19,87825908692.5,13,9,76.06382978723404,81.55080213903744,70.57220708446866,60.0,20.0,14,2.653395308485894,85.0,9.992322868164534,0.5978027063961536,70.0,73.73737373737373,66.3265306122449,77.85234899328859,82.43243243243244,71.52777777777779,78.74015748031496,86.61417322834646,72.8,,,,110.0,48.0,55
2020-01-27,384,140,242,259,290,253,18,15,32,2,16,0,1,127843570355.69,177454876741.67,10,9,68.15789473684211,76.92307692307693,68.37837837837839,62.0,27.0,16,0.7204286109409003,-102.0,3.146972543475586,0.8030114128014172,54.0,65.65656565656566,62.244897959183675,70.66666666666667,78.37837837837837,70.34482758620689,76.15384615384615,83.84615384615385,70.86614173228347,,,,93.0,45.0,57
2020-01-28,390,126,261,244,289,252,14,12,25,2,11,1,4,112206840260.41,229305944353.44,19,11,63.541666666666664,75.8530183727034,67.37967914438502,52.0,32.0,10,0.4893324530979465,-135.0,-4.371536846850844,0.986565713419021,49.0,62.62626262626263,60.204081632653065,64.66666666666666,78.37837837837837,68.96551724137932,73.13432835820896,82.83582089552239,70.99236641221374,,,,82.0,44.0,62
2020-01-29,390,243,141,251,288,260,24,9,26,2,14,0,4,234329082573.53,106152237102.3,26,13,65.53524804177546,75.78947368421053,69.70509383378017,56.0,36.0,14,2.207481339726309,102.0,1.0719953086543121,0.7807106788648199,54.0,65.65656565656566,64.28571428571429,67.33333333333333,80.4054054054054,73.61111111111111,72.18045112781954,78.19548872180451,69.46564885496184,,,,80.0,49.0,77
2020-01-30,390,86,304,197,254,237,10,35,22,2,8,2,4,99359625299.27,246752310882.36,21,10,51.43603133159269,66.84210526315789,63.53887399463807,48.0,56.0,6,0.4026694823808157,-218.0,-10.279144674932052,0.7025482417228824,46.0,55.55555555555556,59.183673469387756,50.66666666666667,68.24324324324324,68.05555555555556,56.390977443609025,73.68421052631578,61.832061068702295,,,,89.0,52.0,58
2020-01-31,393,137,251,178,252,234,14,18,17,3,8,5,3,148118862739.11,237125036329.69,10,5,46.1139896373057,65.79634464751958,62.06896551724138,48.0,62.0,3,0.6246445547536824,-114.0,-14.732973637523731,0.8738037159116232,38.0,53.535353535353536,53.06122448979592,46.666666666666664,64.86486486486487,65.97222222222221,51.470588235294116,75.73529411764706,64.44444444444444,,,,86.0,48.0,50
2020-02-01,391,46,343,115,180,205,8,111,12,2,0,10,1,35748592847.65,295677980455.57,15,4,29.947916666666668,47.24409448818898,54.81283422459893,32.0,164.0,-10,0.12090380485070229,-297.0,-27.617332532352002,1.1092354565484353,24.0,29.292929292929294,40.816326530612244,28.666666666666668,52.702702702702695,61.111111111111114,35.82089552238806,54.47761194029851,58.333333333333336,,,,91.0,43.0,24
2020-02-03,388,190,197,135,184,204,32,30,17,1,6,6,2,235830758217.4,157251947951.2,10,7,35.43307086614173,48.67724867724868,54.98652291105122,54.0,159.0,0,1.4997000755156644,-7.0,-23.995372724768412,0.6431065923261455,31.0,34.34343434343434,43.87755102040816,33.557046979865774,52.38095238095239,59.44055944055944,40.909090909090914,55.3030303030303,58.46153846153847,,,,82.0,39.0,33
2020-02-04,387,306,77,176,212,222,64,6,17,1,12,1,3,326327504756.67,62403455739.76,9,6,46.31578947368421,56.233421750663126,59.83827493261455,104.0,147.0,11,5.229317846074865,229.0,-8.978620225660597,0.7599511238370956,45.0,49.494949494949495,51.02040816326531,44.0,59.45945945945946,63.44827586206897,50.0,57.692307692307686,62.5,,,,65.0,32.0,55
2020-02-05,388,267,116,216,233,242,53,8,24,1,12,2,3,320021682005.15,86929158346.51,4,1,56.54450261780105,61.477572559366756,64.87935656836461,149.0,44.0,10,3.6814078048415633,151.0,0.00559626220488596,0.6252293307206953,54.0,53.535353535353536,60.204081632653065,54.0,63.51351351351351,65.51724137931035,61.36363636363637,65.15151515151516,67.6923076923077,,,,48.0,23.0,64
2020-02-06,383,237,143,228,243,248,43,4,21,2,13,0,2,280527681076.36,127512439860.55,8,2,60.47745358090185,64.97326203208557,67.20867208672087,160.0,18.0,13,2.2000024576672703,94.0,4.837073378018849,0.7533367299507421,61.0,56.56565656565656,60.204081632653065,57.99999999999999,66.8918918918919,69.6551724137931,62.99212598425197,69.29133858267717,69.84126984126983,,,,46.0,20.0,57
2020-02-07,386,200,183,228,243,248,31,5,22,1,13,0,2,200805001532.4,134656848782.18,12,9,60.0,64.45623342175067,66.48793565683646,127.0,17.0,13,1.4912349676117909,17.0,5.093800945149694,0.732879927442728,60.0,56.56565656565656,58.16326530612245,56.00000000000001,65.54054054054053,67.8082191780822,64.61538461538461,69.23076923076923,71.31782945736434,,,,43.0,25.0,70
2020-02-10,382,108,273,194,225,239,20,23,19,1,12,3,2,97028712231.53,204845145051.22,10,4,51.59574468085106,60.32171581769437,64.76964769647697,94.0,32.0,9,0.47366859589114835,-165.0,-3.8121659896791815,0.8351923666379345,49.0,49.494949494949495,57.14285714285714,51.33333333333333,60.13513513513513,67.12328767123287,53.96825396825397,69.04761904761905,68.0,,,,43.0,22.0,52
2020-02-11,384,186,192,204,227,234,20,14,18,1,13,4,1,216923242159.12,87606767934.11,8,6,53.825857519788926,60.37234042553191,62.903225806451616,71.0,42.0,9,2.4761014163000548,-6.0,-3.4577068890094758,0.39124003307084515,51.0,54.54545454545454,60.204081632653065,50.0,57.432432432432435,63.013698630136986,60.46511627906976,68.21705426356588,64.84375,,,,42.0,22.0,59
2020-02-12,383,158,220,181,216,232,19,20,18,2,8,3,3,178241078463.45,132264981374.62,15,8,47.883597883597886,57.446808510638306,62.53369272237197,59.0,57.0,5,1.34760596955448,-62.0,-5.937355823491831,0.5329316093926549,51.0,54.54545454545454,60.204081632653065,44.29530201342282,53.37837837837838,62.06896551724138,49.6124031007752,64.34108527131784,64.84375,,,,53.0,29.0,52
2020-02-13,388,160,227,185,211,229,21,11,17,3,15,4,4,170245976347.18,136636833069.36,9,6,48.42931937172775,55.52631578947368,61.06666666666667,60.0,45.0,11,1.2459742554246644,-67.0,-8.277768883356785,0.5656985382396538,49.0,51.515151515151516,56.12244897959183,44.29530201342282,52.02702702702703,61.37931034482759,52.63157894736842,62.40601503759399,64.39393939393939,,,,54.0,33.0,66
2020-02-14,382,123,257,170,204,216,14,18,12,2,10,5,3,114746348187.67,224374004019.61,6,2,45.21276595744681,54.54545454545454,58.536585365853654,54.0,49.0,5,0.5114066074144726,-134.0,-13.58743320512454,0.9358487255562571,44.0,50.0,53.535353535353536,40.939597315436245,51.70068027210885,59.02777777777778,51.181102362204726,61.417322834645674,61.904761904761905,,,,48.0,26.0,46
2020-02-17,384,86,292,152,195,211,9,40,14,4,8,15,1,77383087172.03,211722522327.32,6,3,40.21164021164021,51.86170212765957,56.8733153638814,44.0,69.0,-7,0.36549294010580907,-206.0,-21.659259034210347,0.8058173377027275,36.0,46.0,53.535353535353536,38.513513513513516,52.054794520547944,55.55555555555556,45.38461538461539,56.15384615384615,60.9375,,,,44.0,25.0,40
2020-02-18,390,144,241,138,186,219,17,19,16,7,9,14,2,128750212681.5,215998697249.88,10,2,35.9375,48.69109947643979,58.09018567639257,40.0,77.0,-5,0.5960693944952555,-97.0,-23.002373822907664,1.0024174684391371,34.0,45.0,55.55555555555556,32.666666666666664,47.2972972972973,57.534246575342465,41.04477611940299,52.98507462686567,60.60606060606061,,,,46.0,21.0,23
2020-02-19,390,306,81,184,209,224,52,2,24,4,12,3,3,284125389095.6,61879326146.09,6,3,47.91666666666667,54.712041884816756,59.41644562334217,78.0,61.0,9,4.591604446771326,225.0,-7.935725098129325,0.8227576703464067,50.0,52.0,56.56565656565656,43.624161073825505,53.74149659863946,58.620689655172406,51.11111111111111,57.77777777777777,62.40601503759399,,,,37.0,16.0,44
2020-02-20,391,190,193,191,208,230,30,5,21,3,9,2,4,253482589740.81,136188104612.12,5,2,49.61038961038961,54.166666666666664,60.84656084656085,99.0,26.0,7,1.8612682103386249,-3.0,-6.414061812953204,0.5289167638930009,49.0,51.0,57.57575757575758,46.97986577181208,50.67567567567568,59.310344827586206,52.94117647058824,60.29411764705882,64.92537313432835,,,,33.0,12.0,47
2020-02-24,394,57,333,136,179,220,10,68,17,8,4,8,2,34506192652.64,314612700605.47,3,1,34.87179487179487,46.134020618556704,57.59162303664922,92.0,75.0,-4,0.10967832063433253,-276.0,-18.730969395062846,1.5606655005400363,28.999999999999996,42.0,52.52525252525253,36.241610738255034,43.91891891891892,56.55172413793104,37.5886524822695,51.42857142857142,62.31884057971014,,,,30.0,11.0,24
2020-02-25,388,130,249,128,170,211,15,16,17,7,6,11,0,141634024021.49,186433746787.97,7,0,33.246753246753244,44.38642297650131,56.11702127659575,55.0,89.0,-5,0.7597016444805431,-119.0,-21.31827053079128,0.6872281470058421,26.0,38.0,49.494949494949495,33.557046979865774,43.24324324324324,55.172413793103445,37.77777777777778,50.0,61.832061068702295,100.0,100.0,100.0,31.0,8.0,21
2020-02-26,387,102,283,118,153,198,13,27,18,12,4,19,0,109493304374.64,248858165116.62,9,4,30.729166666666668,40.05235602094241,52.800000000000004,38.0,111.0,-15,0.43998276818978077,-181.0,-26.523821649185138,0.8191776004124941,24.0,33.0,45.45454545454545,29.53020134228188,37.16216216216216,51.724137931034484,36.56716417910448,48.1203007518797,59.23076923076923,100.0,100.0,100.0,30.0,10.0,18
2020-02-27,388,113,272,109,152,191,14,35,13,18,2,21,0,126869961658.74,234260668838.21,2,0,28.31168831168831,39.686684073107045,50.797872340425535,42.0,78.0,-19,0.5415760242124196,-159.0,-29.741948747165964,0.767096691687448,25.0,33.0,44.44444444444444,26.0,36.241610738255034,50.0,32.83582089552239,48.1203007518797,56.15384615384615,100.0,100.0,100.0,26.0,7.0,15
2020-02-28,389,24,363,47,109,168,0,194,11,32,1,48,0,14481274366.7,488552604344.12,2,0,12.176165803108809,28.385416666666668,44.56233421750663,27.0,256.0,-47,0.02964117730196333,-339.0,-41.34473767220375,2.2305356432303234,8.0,18.0,33.33333333333333,12.0,30.201342281879196,45.20547945205479,14.814814814814813,33.582089552238806,51.908396946564885,100.0,100.0,100.0,23.0,5.0,5
2020-03-02,386,121,263,46,99,154,13,51,9,35,0,36,0,137893712712.06,263059225907.06,1,0,12.010443864229766,25.984251968503933,41.28686327077748,27.0,280.0,-36,0.5241926499121474,-142.0,-41.208398514750044,0.8776850375610633,9.0,16.0,33.33333333333333,12.666666666666668,28.187919463087248,40.41095890410959,13.533834586466165,31.060606060606062,48.4375,,,,21.0,4.0,4
2020-03-03,385,302,80,69,122,176,78,7,16,19,3,5,1,357363138798.38,36262669629.04,0,0,18.06282722513089,32.10526315789474,47.31182795698925,91.0,252.0,-2,9.854849145254192,222.0,-22.68578654255336,0.38306015083122097,15.0,24.0,41.41414141414141,21.333333333333336,33.78378378378378,46.206896551724135,16.666666666666664,36.36363636363637,53.125,,,,14.0,4.0,17
2020-03-04,384,88,294,61,103,164,10,57,10,21,0,18,0,107546630463.44,319996012914.24,0,0,16.010498687664043,27.176781002638524,44.20485175202156,101.0,115.0,-18,0.3360874077273671,-206.0,-28.135524373612412,0.8906008407609355,17.0,24.0,38.38383838383838,18.0,28.859060402684566,43.83561643835616,12.977099236641221,27.692307692307693,49.2063492063492,,,,5.0,0.0,8
2020-03-05,383,217,160,72,109,160,16,10,8,25,1,4,0,260091702446.9,146578618733.19,0,0,18.947368421052634,28.835978835978835,43.24324324324324,104.0,74.0,-3,1.7744177472454723,57.0,-19.504372597299863,0.764335231714957,19.0,23.0,37.37373737373738,20.0,29.333333333333332,44.21768707482993,17.692307692307693,32.8125,46.774193548387096,,,,3.0,0.0,19
2020-03-06,380,62,316,55,91,146,6,106,5,46,2,36,0,30198621175.690002,369068467692.8,1,0,14.588859416445624,24.266666666666666,39.67391304347826,32.0,173.0,-34,0.08182389940943507,-254.0,-27.577215965566133,2.397863375635525,11.0,19.0,31.313131313131315,20.0,30.666666666666664,43.53741496598639,11.023622047244094,20.8,41.80327868852459,,,,2.0,0.0,5
2020-03-09,377,19,357,18,52,115,4,224,3,80,0,71,0,45274664853.05,433652657221.59,0,0,4.825737265415549,13.978494623655912,31.59340659340659,26.0,340.0,-71,0.10440306106533397,-338.0,-38.54161096560597,0.509767510380764,3.0,6.0,25.252525252525253,8.053691275167784,18.79194630872483,36.3013698630137,2.4193548387096775,14.634146341463413,31.092436974789916,,,,1.0,0.0,2
2020-03-11,377,145,228,26,49,109,26,49,4,82,1,42,1,192504343588.08,249659658987.13998,1,1,6.989247311827956,13.20754716981132,30.02754820936639,36.0,379.0,-41,0.7710670773526769,-83.0,-34.97346063581199,0.8247854576597607,5.0,6.0,25.252525252525253,10.135135135135135,18.91891891891892,36.55172413793103,4.838709677419355,12.195121951219512,26.05042016806723,,,,2.0,1.0,4
2020-03-12,372,3,367,4,12,63,1,343,0,144,0,140,1,1947444156.5500002,540584076883.3,1,0,1.08991825613079,3.278688524590164,17.59776536312849,31.0,616.0,-140,0.0036024815377061316,-364.0,-45.79782480065906,2.269098907356494,2.0,2.0,11.11111111111111,0.6711409395973155,4.026845637583892,24.65753424657534,0.847457627118644,3.418803418803419,14.15929203539823,,,,3.0,1.0,1
2020-03-13,372,258,111,11,22,77,119,36,1,124,0,23,1,515736699719.52,84544723379.98,1,0,2.989130434782609,5.994550408719346,21.448467966573816,146.0,428.0,-23,6.100164257461458,147.0,-29.27366703760002,0.38102651440595403,2.0,1.0,17.17171717171717,4.054054054054054,9.45945945945946,27.586206896551722,2.5,5.88235294117647,17.391304347826086,,,,4.0,1.0,11
2020-03-16,371,24,345,3,9,49,8,269,2,172,0,6,1,28333182109.95,367601952116.85,1,0,0.8174386920980926,2.459016393442623,13.687150837988826,128.0,648.0,-6,0.07707571177680718,-321.0,-38.39914381499656,0.9025569247125291,2.0,2.0,6.0606060606060606,0.6711409395973155,4.026845637583892,19.863013698630137,0.0,0.8547008547008548,12.389380530973451,,,,4.0,1.0,1
2020-03-17,367,98,268,6,10,48,19,102,2,201,0,17,0,124294473276.34999,277681911079.3,0,0,1.6528925619834711,2.7624309392265194,13.559322033898304,146.0,407.0,-17,0.44761458459155506,-170.0,-38.45943074059561,0.8169341535748157,2.0202020202020203,3.0303030303030303,8.16326530612245,2.666666666666667,4.666666666666667,18.367346938775512,0.0,0.0,11.926605504587156,,,,4.0,1.0,1
2020-03-18,366,35,328,3,3,22,14,233,2,247,0,64,1,89941319445.44,430849536760.74,0,0,0.8287292817679558,0.8310249307479225,6.232294617563739,41.0,604.0,-64,0.20875343193275,-293.0,-44.46867890827981,0.511164372653507,2.0202020202020203,1.0101010101010102,2.0408163265306123,0.6666666666666667,1.3333333333333335,11.564625850340136,0.0,0.0,2.7777777777777777,,,,3.0,0.0,0
2020-03-19,364,57,306,3,3,17,21,203,2,252,0,94,0,120341953589.3,364599472171.36,0,0,0.8333333333333334,0.8356545961002786,4.829545454545454,54.0,538.0,-94,0.33006617610444555,-249.0,-47.18424269710842,0.5643550393511912,1.0101010101010102,1.0101010101010102,3.061224489795918,1.3333333333333335,1.3333333333333335,8.16326530612245,0.0,0.0,1.8691588785046727,,,,2.0,0.0,1
2020-03-20,359,277,79,9,6,32,178,28,3,225,0,12,0,424892951216.22,103751950247.17,0,0,2.528089887640449,1.6901408450704223,9.195402298850574,213.0,464.0,-12,4.095276765439015,198.0,-26.92012852307134,0.8561885593459202,1.0101010101010102,1.0101010101010102,8.16326530612245,4.697986577181208,3.3557046979865772,14.383561643835616,0.9259259259259258,0.0,2.8846153846153846,,,,1.0,0.0,11
2020-03-23,356,2,354,4,5,10,1,344,0,306,0,155,0,4026032436.6,297325260505.59,0,0,1.13314447592068,1.4204545454545454,2.8901734104046244,200.0,575.0,-155,0.013540835480153581,-352.0,-36.959710261654266,0.41723551862105734,1.0101010101010102,1.0101010101010102,1.0204081632653061,2.013422818791946,2.7027027027027026,5.517241379310345,0.0,0.0,0.9708737864077669,,,,0.0,0.0,1
2020-03-24,347,192,150,3,4,12,75,74,1,294,0,55,0,241922699148.66,127502980956.55,0,0,0.872093023255814,1.1661807580174928,3.5608308605341246,254.0,446.0,-55,1.897388573456973,42.0,-25.658754096834414,0.6746114200887626,0.0,0.0,3.061224489795918,2.013422818791946,2.7027027027027026,5.517241379310345,0.0,0.0,1.0638297872340425,,,,0.0,0.0,9
2020-03-25,347,259,85,5,5,17,137,26,2,262,0,17,0,324591327251.91,59062433525.39,0,0,1.4534883720930232,1.4577259475218658,5.044510385756676,213.0,444.0,-17,5.495732361118736,174.0,-9.26814280542925,0.5544409049259339,2.0202020202020203,1.0101010101010102,4.081632653061225,2.013422818791946,2.684563758389262,8.21917808219178,0.0,0.0,1.0752688172043012,,,,0.0,0.0,11
2020-03-26,344,269,71,12,6,25,178,12,1,243,0,1,0,342841318406.61,90121528324.39,0,0,3.519061583577713,1.7647058823529411,7.48502994011976,390.0,112.0,-1,3.8042111000665897,198.0,5.992170562749294,0.9959311654129495,6.0606060606060606,1.0101010101010102,6.122448979591836,4.026845637583892,2.684563758389262,11.643835616438356,0.0,1.0869565217391304,2.2222222222222223,,,,0.0,0.0,20
2020-03-27,338,151,184,15,5,27,61,49,0,230,0,7,1,217389490718.7,197717557319.45,0,0,4.477611940298507,1.4970059880239521,8.231707317073171,376.0,87.0,-7,1.0994951266136992,-33.0,7.459777639728216,0.7463900057843317,6.0606060606060606,2.0202020202020203,5.1020408163265305,4.054054054054054,2.027027027027027,13.793103448275861,3.4090909090909087,0.0,2.3529411764705883,,,,0.0,0.0,16
2020-03-30,335,95,237,15,8,26,30,96,0,240,0,13,0,87547782626.09999,229216907559.86002,0,0,4.518072289156627,2.416918429003021,8.0,269.0,157.0,-13,0.3819429533278948,-142.0,3.2272828023465507,1.049486260615519,5.05050505050505,4.040404040404041,5.1020408163265305,4.761904761904762,2.7210884353741496,13.194444444444445,3.488372093023256,0.0,2.4096385542168677,,,,0.0,0.0,11
2020-03-31,331,269,59,43,12,30,144,10,0,193,0,5,2,269517482842.66998,82822192345.96,0,0,13.190184049079754,3.6923076923076925,9.404388714733543,235.0,155.0,-5,3.254169869313014,210.0,17.192363302373494,1.4010706929877699,16.161616161616163,4.040404040404041,5.1020408163265305,12.244897959183673,4.761904761904762,15.384615384615385,11.25,1.2658227848101267,3.8461538461538463,,,,0.0,0.0,21
2020-04-01,327,105,221,28,10,27,26,67,0,184,0,10,2,46818818602.2,239648186707.14,0,0,8.695652173913043,3.115264797507788,8.544303797468354,200.0,173.0,-10,0.1953647938901976,-116.0,12.746545313384658,2.431928049630975,7.07070707070707,2.0202020202020203,5.1020408163265305,10.344827586206897,4.827586206896552,14.084507042253522,7.6923076923076925,1.2987012987012987,2.631578947368421,,,,0.0,0.0,9
2020-04-03,320,118,198,36,14,30,44,72,0,202,0,19,2,101063646989.92,251349163342.28,0,0,11.428571428571429,4.45859872611465,9.70873786407767,214.0,149.0,-19,0.40208467633645734,-80.0,10.681638206232293,1.4821743553860467,10.1010101010101,5.05050505050505,6.122448979591836,12.32876712328767,6.206896551724138,15.492957746478872,11.428571428571429,0.0,2.898550724637681,,,,0.0,0.0,12
2020-04-07,315,283,32,91,32,39,182,2,0,154,3,3,1,465002704976.51,21411291731.23,0,0,29.354838709677416,10.355987055016183,12.828947368421053,252.0,141.0,0,21.71763902960923,251.0,25.412734438585858,0.4072150747115133,30.303030303030305,13.131313131313133,9.183673469387756,32.41379310344827,11.805555555555555,18.439716312056735,21.21212121212121,3.0303030303030303,6.153846153846154,,,,0.0,0.0,27
2020-04-08,314,186,119,108,42,46,69,17,1,147,5,2,1,304630572809.53,216600626871.79,0,0,34.83870967741935,13.592233009708737,15.131578947368421,295.0,91.0,3,1.4064159333659112,67.0,28.680758045055217,1.1113534573967152,32.323232323232325,14.14141414141414,11.224489795918368,40.27777777777778,17.482517482517483,21.428571428571427,26.865671641791046,4.477611940298507,7.575757575757576,,,,0.0,0.0,28
2020-04-09,319,276,40,160,56,54,133,1,3,112,1,0,1,414625901647.22,56639927644.1,0,0,50.63291139240506,17.77777777777778,17.475728155339805,384.0,20.0,1,7.320381908899035,236.0,39.78151443836125,0.9425737735912388,54.54545454545454,19.19191919191919,17.346938775510203,53.47222222222222,19.444444444444446,21.27659574468085,39.726027397260275,12.5,10.0,,,,0.0,0.0,35
2020-04-13,321,127,191,159,59,58,36,53,5,92,0,1,1,199788561466.09,221862383526.22,0,0,50.0,18.61198738170347,18.64951768488746,238.0,71.0,-1,0.9005066937923648,-64.0,34.0737535824461,0.738385922672443,52.52525252525253,20.2020202020202,19.387755102040817,52.41379310344828,20.689655172413794,23.239436619718308,41.891891891891895,12.32876712328767,8.450704225352112,,,,0.0,0.0,21
2020-04-15,320,185,134,175,64,59,58,18,6,82,0,0,1,290765138245.98,293812355429.7,0,0,55.20504731861199,20.189274447949526,18.91025641025641,227.0,72.0,0,0.9896286962498105,51.0,34.77324928272641,1.3950656646852844,61.61616161616161,21.21212121212121,20.408163265306122,54.861111111111114,20.833333333333336,22.535211267605636,47.2972972972973,17.56756756756757,9.722222222222223,,,,0.0,0.0,27
2020-04-16,318,228,89,191,80,61,63,6,19,40,0,1,1,345528290925.45,111340649179.79,0,0,60.63492063492063,25.396825396825395,19.614147909967848,157.0,77.0,-1,3.1033435988638782,139.0,39.59745186005245,0.8254960081593455,61.61616161616161,25.252525252525253,20.408163265306122,62.5,27.083333333333332,23.943661971830984,55.55555555555556,22.22222222222222,9.859154929577464,,,,0.0,0.0,31
2020-04-17,317,233,81,230,101,72,86,2,15,37,1,0,1,404274511200.91,97021453750.61,0,0,73.01587301587301,32.1656050955414,23.225806451612904,207.0,26.0,1,4.166856871059491,152.0,44.17415780436595,0.6903388570544146,72.0,28.28282828282828,22.448979591836736,73.97260273972603,36.3013698630137,27.77777777777778,72.46376811594203,28.985507246376812,14.705882352941178,,,,0.0,0.0,59
2020-04-20,318,149,165,224,106,71,42,24,29,19,0,0,1,188263427551.04,228037215123.92,0,0,70.88607594936708,33.65079365079365,22.829581993569132,191.0,32.0,0,0.8255820325148853,-16.0,39.466370597732165,1.0938105087867467,70.0,30.303030303030305,23.46938775510204,71.23287671232876,36.3013698630137,27.083333333333332,71.42857142857143,32.857142857142854,13.043478260869565,,,,0.0,0.0,49
2020-04-21,320,47,273,166,82,63,11,135,28,26,1,1,1,103818814540.81999,326956716239.88,1,1,52.20125786163522,25.86750788643533,20.192307692307693,139.0,161.0,0,0.3175307598350441,-226.0,24.743880683071616,0.5421873844619312,47.0,25.252525252525253,20.408163265306122,51.369863013698634,28.08219178082192,25.0,61.111111111111114,22.22222222222222,10.0,,,,1.0,1.0,23
2020-04-22,318,192,119,178,87,65,49,11,51,14,2,3,1,397151746619.69,91562170693.89,2,2,56.32911392405063,27.61904761904762,20.967741935483872,102.0,170.0,-1,4.337509078366489,73.0,26.98243240262149,0.3719751011469666,55.00000000000001,32.323232323232325,23.46938775510204,53.74149659863946,26.53061224489796,24.137931034482758,63.76811594202898,23.18840579710145,10.44776119402985,,,,3.0,3.0,44
2020-04-23,317,198,116,200,101,68,47,10,78,4,0,0,1,276104439585.23,167298491283.46,0,0,63.49206349206349,32.1656050955414,22.006472491909385,107.0,156.0,0,1.6503701705080895,82.0,29.211481960823527,1.0342507288523313,60.0,30.303030303030305,23.46938775510204,63.94557823129252,32.6530612244898,23.28767123287671,67.64705882352942,33.82352941176471,16.923076923076923,,,,3.0,3.0,59
2020-04-24,317,74,243,156,85,63,17,84,48,12,2,3,1,208677939333.75,273265244507.66,0,0,49.523809523809526,27.070063694267514,20.388349514563107,113.0,105.0,-1,0.7636461040251332,-169.0,18.42126192328215,0.398779941868427,44.0,26.262626262626267,23.46938775510204,50.34013605442177,27.2108843537415,21.91780821917808,55.88235294117647,27.941176470588236,12.307692307692308,,,,3.0,3.0,36
2020-04-27,323,211,103,183,99,66,57,2,137,3,4,3,1,346077176224.04,67202857731.28001,0,0,57.009345794392516,31.03448275862069,21.019108280254777,121.0,96.0,1,5.149738982944413,108.0,22.95351748156786,0.3977956351001529,56.99999999999999,29.292929292929294,23.46938775510204,56.08108108108109,34.45945945945946,23.809523809523807,58.9041095890411,26.38888888888889,11.594202898550725,,,,3.0,3.0,54
2020-04-28,325,175,146,196,109,72,45,9,140,2,2,2,1,278272704569.1,167300963645.84,1,1,60.681114551083596,33.95638629283489,22.78481012658228,119.0,95.0,0,1.663306047406735,29.0,22.763828396494304,0.7206311423295123,61.0,31.313131313131315,26.53061224489796,60.13513513513513,36.486486486486484,23.809523809523807,61.33333333333333,32.432432432432435,15.492957746478872,,,,3.0,3.0,63
2020-04-29,326,216,105,219,125,77,49,3,130,1,1,1,0,331677814868.09,118791134951.99,1,1,67.5925925925926,38.69969040247678,24.137931034482758,151.0,14.0,0,2.7921091502504725,111.0,26.58782508677394,0.7367702143586744,73.0,37.37373737373738,26.53061224489796,66.21621621621621,40.54054054054054,27.027027027027028,63.1578947368421,36.84210526315789,15.068493150684931,,,,2.0,2.0,66
2020-04-30,326,212,111,248,134,79,68,6,110,1,0,0,0,465267553995.89,106054458152.86,0,0,76.78018575851394,41.61490683229814,24.842767295597483,162.0,18.0,0,4.387062666665871,101.0,29.224403131529165,0.4353504964544818,90.0,46.464646464646464,28.57142857142857,71.62162162162163,41.21621621621622,26.351351351351347,69.33333333333334,36.0,16.666666666666664,,,,2.0,2.0,62
2020-05-04,327,45,281,161,91,71,7,181,88,1,0,5,1,94140584537.5,347992556860.73,1,0,49.38650306748466,28.08641975308642,22.118380062305295,124.0,190.0,-5,0.2705247071568142,-236.0,14.48255534413723,0.5919694006419133,54.0,30.303030303030305,25.510204081632654,46.62162162162162,28.37837837837838,24.324324324324326,48.717948717948715,24.675324675324674,13.333333333333334,,,,3.0,2.0,31
2020-05-05,329,90,234,137,91,65,7,24,91,2,1,8,0,118550962051.17,299876031171.23,1,0,41.76829268292683,27.914110429447852,20.18633540372671,82.0,211.0,-7,0.39533323683171295,-144.0,6.405862709196441,0.972889068720294,44.0,28.28282828282828,20.408163265306122,39.189189189189186,27.7027027027027,22.972972972972975,43.75,27.848101265822784,14.473684210526317,,,,4.0,2.0,29
2020-05-06,327,178,147,149,94,69,30,14,71,2,0,8,1,314724588542.36,138690510524.85,0,0,45.70552147239264,29.01234567901235,21.49532710280374,44.0,219.0,-8,2.26925827406172,31.0,8.218261192776081,0.5336035865032446,54.0,30.303030303030305,22.448979591836736,40.26845637583892,26.174496644295303,24.161073825503358,45.45454545454545,32.89473684210527,14.864864864864865,,,,3.0,1.0,34
2020-05-07,328,130,193,148,100,66,24,12,75,1,2,3,1,134147832369.35,597852561427.6699,0,0,45.25993883792049,30.76923076923077,20.43343653250774,61.0,50.0,-1,0.22438280108561454,-63.0,5.026770590272795,3.001901778009591,46.0,29.292929292929294,19.387755102040817,46.308724832214764,31.543624161073826,23.48993288590604,42.30769230769231,31.16883116883117,15.789473684210526,,,,2.0,0.0,29
2020-05-08,328,125,201,136,96,67,10,16,82,1,0,6,1,252281577546.17,184127401272.68,1,1,41.59021406727829,29.53846153846154,20.743034055727556,64.0,42.0,-6,1.3701468429055728,-76.0,1.6229122721811216,0.45388605643529606,51.0,32.323232323232325,22.448979591836736,38.92617449664429,29.53020134228188,24.161073825503358,34.61538461538461,25.97402597402597,11.842105263157894,,,,3.0,1.0,36
2020-05-11,330,176,152,161,108,71,28,12,50,1,0,7,1,235070214696.57,191227116470.94998,1,1,48.93617021276596,32.926829268292686,21.846153846153847,62.0,40.0,-7,1.2292723910433507,24.0,3.7044988488518324,0.9419350383842402,59.0,35.35353535353536,22.448979591836736,45.63758389261745,33.557046979865774,25.503355704697988,42.5,28.749999999999996,14.102564102564102,,,,3.0,2.0,40
2020-05-12,326,137,187,140,101,68,17,13,32,2,1,5,1,251500443013.73,237494108477.17,1,1,43.07692307692308,31.17283950617284,21.18380062305296,55.0,41.0,-4,1.0589755031245602,-50.0,1.7657328776610335,0.6918198945055689,57.99999999999999,35.35353535353536,20.408163265306122,37.58389261744966,31.543624161073826,26.174496644295303,34.21052631578947,25.0,12.162162162162163,,,,3.0,3.0,38
2020-05-13,326,262,61,199,127,73,89,1,29,1,1,1,1,451271439766.54,73148398027.7,1,1,61.23076923076923,39.19753086419753,22.741433021806852,134.0,26.0,0,6.169259367726023,201.0,12.649259307904597,0.6962070665536426,68.0,42.42424242424242,19.387755102040817,60.13513513513513,37.83783783783784,29.054054054054053,54.54545454545454,37.66233766233766,14.666666666666666,,,,4.0,4.0,52
2020-05-14,329,101,223,179,116,74,14,25,19,2,2,1,1,141532890495.71,300564610315.77997,1,1,54.57317073170732,35.58282208588957,22.910216718266255,120.0,39.0,1,0.47089007034797725,-122.0,5.741428109223319,0.9618270308218309,60.0,39.39393939393939,20.408163265306122,53.37837837837838,34.45945945945946,29.054054054054053,50.0,32.91139240506329,14.285714285714285,,,,5.0,5.0,47
2020-05-15,328,150,172,173,112,71,17,13,21,2,2,1,1,187096124202.49,208730324013.33,1,1,52.90519877675841,34.46153846153846,22.049689440993788,120.0,39.0,1,0.8963533453363567,-22.0,4.806525293804709,0.9729344212226496,55.00000000000001,36.36363636363637,20.408163265306122,51.35135135135135,34.45945945945946,26.351351351351347,53.16455696202531,32.05128205128205,15.789473684210526,,,,5.0,5.0,49
2020-05-18,326,33,293,85,81,64,6,145,7,4,0,9,1,63395831102.05,406909980771.91,1,1,26.153846153846157,25.077399380804955,20.0,37.0,183.0,-9,0.1557981718260826,-260.0,-7.916849239847224,0.7229095504012037,27.0,28.28282828282828,19.387755102040817,24.489795918367346,25.170068027210885,23.809523809523807,28.205128205128204,20.77922077922078,13.333333333333334,,,,5.0,5.0,24
2020-05-19,328,181,146,105,89,68,20,10,9,15,1,7,0,280571691603.14,167049523900.43,1,1,32.11009174311927,27.384615384615387,21.11801242236025,43.0,168.0,-6,1.6795719320360052,35.0,-4.005750219920394,0.7381202339422543,34.0,28.28282828282828,18.367346938775512,31.756756756756754,29.72972972972973,25.675675675675674,30.37974683544304,21.794871794871796,15.789473684210526,,,,5.0,5.0,31
2020-05-20,329,255,68,137,102,73,47,2,11,10,1,2,0,361305293277.25,63106134632.200005,1,1,41.76829268292683,31.28834355828221,22.60061919504644,73.0,157.0,-1,5.725359275814263,187.0,6.958268193216648,0.6549807303519259,49.0,32.323232323232325,18.367346938775512,41.21621621621622,33.78378378378378,28.37837837837838,33.75,25.31645569620253,16.883116883116884,,,,5.0,5.0,42
2020-05-21,323,198,125,154,113,79,37,1,14,4,1,1,0,264960684283.72,156802446740.9,1,1,47.82608695652174,35.3125,25.0,104.0,13.0,0,1.6897739148263446,73.0,10.597712595482738,0.9374035106718908,55.00000000000001,38.38383838383838,22.448979591836736,44.5945945945946,35.13513513513514,29.054054054054053,44.5945945945946,31.506849315068493,20.0,,,,5.0,5.0,47
2020-05-22,324,121,197,149,109,79,12,22,13,3,3,7,0,156476515273.39,284755675389.38,0,0,46.13003095975232,33.95638629283489,24.9211356466877,96.0,25.0,-4,0.5495114893124473,-76.0,6.206448996442831,1.1177440506986507,52.0,37.37373737373738,23.46938775510204,45.94594594594595,33.78378378378378,29.72972972972973,38.666666666666664,29.72972972972973,16.901408450704224,,,,4.0,4.0,37
2020-05-26,322,187,131,171,124,80,38,9,11,5,3,3,1,223459573030.03,199077059460.63,0,0,53.43750000000001,38.9937106918239,25.477707006369428,87.0,32.0,0,1.1224777663255667,56.0,9.020886374281496,1.2717231101186048,59.0,42.42424242424242,22.448979591836736,52.02702702702703,39.86486486486486,30.405405405405407,48.61111111111111,32.3943661971831,19.11764705882353,,,,3.0,3.0,37
2020-05-27,324,189,126,182,130,81,52,8,18,1,2,0,1,395175186599.95,84582358561.01,2,1,56.52173913043478,40.49844236760124,25.63291139240506,102.0,39.0,2,4.6720757534197475,63.0,11.732125900462147,0.3210564381157707,68.0,47.474747474747474,23.46938775510204,51.67785234899329,39.59731543624161,29.53020134228188,50.68493150684932,32.87671232876712,20.28985507246377,,,,4.0,3.0,47
2020-05-28,322,235,82,213,153,84,47,1,20,1,3,0,1,418363667242.26,88027521957.65,2,2,66.77115987460816,48.113207547169814,26.837060702875398,137.0,18.0,3,4.752646194488294,153.0,18.491575065844295,0.6030016839587498,75.0,56.56565656565656,26.53061224489796,61.48648648648649,45.27027027027027,30.405405405405407,66.19718309859155,42.25352112676056,19.402985074626866,,,,5.0,4.0,52
2020-05-29,322,228,90,249,177,99,63,6,17,1,4,0,0,489801679604.64,241166884891.06,3,3,77.8125,55.4858934169279,31.528662420382165,162.0,15.0,4,2.030965734893053,138.0,23.42844622691681,1.2473540492630388,84.0,65.65656565656566,34.69387755102041,76.35135135135135,52.702702702702695,35.13513513513514,72.22222222222221,47.22222222222222,19.11764705882353,,,,7.0,6.0,54
2020-06-01,324,272,50,289,212,113,102,2,26,1,5,0,1,487826214871.34,80367110421.4,2,1,89.75155279503106,66.04361370716511,35.75949367088608,212.0,9.0,5,6.069973305167416,222.0,31.73232883849923,0.8962148145476827,92.0,73.73737373737373,35.714285714285715,88.51351351351352,66.21621621621621,40.54054054054054,89.1891891891892,55.4054054054054,25.71428571428571,,,,9.0,7.0,68
2020-06-02,328,230,91,301,230,123,69,1,24,0,2,0,2,423156753287.54004,124372994779.17,2,1,92.33128834355828,70.5521472392638,38.4375,234.0,9.0,2,3.4023202065599083,139.0,34.5234868272097,0.742867329947189,94.0,75.0,37.755102040816325,91.2751677852349,73.8255033557047,44.966442953020135,92.20779220779221,58.44155844155844,26.027397260273972,,,,11.0,8.0,68
2020-06-03,329,187,139,306,249,122,50,2,42,0,2,0,2,394348350370.36,194396064542.67,4,2,93.57798165137615,76.14678899082568,38.006230529595015,221.0,5.0,2,2.0285819638277727,48.0,32.18730947342111,0.6631843154459854,97.0,81.0,37.755102040816325,89.86486486486487,78.37837837837837,42.567567567567565,96.20253164556962,65.82278481012658,29.333333333333332,,,,13.0,9.0,68
2020-06-04,331,148,177,299,240,119,31,15,48,0,4,0,1,279877233342.54,271334363617.27,4,2,90.88145896656535,72.94832826747721,36.95652173913043,150.0,18.0,4,1.0314846583063844,-29.0,26.178941288564758,0.8106356069932252,91.0,78.0,35.714285714285715,89.26174496644296,74.49664429530202,42.281879194630875,93.75,63.74999999999999,28.000000000000004,,,,15.0,9.0,59
2020-06-05,335,269,65,320,277,130,85,0,67,0,2,0,1,506738858711.18,79620724920.1,3,3,96.09609609609609,83.18318318318319,39.75535168195719,166.0,17.0,2,6.364409005566029,204.0,32.56089178406975,0.6502507200342129,96.0,81.0,36.734693877551024,94.63087248322147,86.57718120805369,45.63758389261745,98.80952380952381,79.76190476190477,32.5,,,,15.0,9.0,65
2020-06-08,350,186,163,334,301,141,49,13,74,0,1,0,1,363082162836.7,248211566710.16,5,3,95.97701149425288,86.49425287356321,41.228070175438596,165.0,28.0,1,1.4627930827279938,23.0,28.80465499880617,0.7800859246274655,97.0,88.0,40.816326530612244,94.63087248322147,87.24832214765101,46.97986577181208,96.96969696969697,83.83838383838383,32.631578947368425,,,,18.0,11.0,62
2020-06-09,362,117,241,337,301,139,12,35,66,0,2,0,1,184189103604.4,381115578616.07,5,3,93.61111111111111,83.61111111111111,39.26553672316384,146.0,48.0,2,0.4832893587641802,-124.0,18.09904927241178,1.0045269353015567,97.0,87.0,37.755102040816325,89.33333333333333,82.66666666666667,45.33333333333333,96.36363636363636,81.81818181818183,32.075471698113205,,,,21.0,13.0,57
2020-06-10,362,201,156,340,303,143,39,14,69,0,5,0,1,307140147226.74,175915564148.27002,4,0,94.44444444444444,84.16666666666667,40.3954802259887,100.0,62.0,5,1.7459520919244396,45.0,17.30526112998252,0.7379707292205014,96.0,87.0,36.734693877551024,92.0,82.0,46.666666666666664,96.36363636363636,84.54545454545455,34.90566037735849,,,,21.0,11.0,53
2020-06-11,371,73,293,317,282,133,10,39,65,0,2,0,1,110418307943.26,402038786948.25,4,1,85.90785907859079,76.42276422764228,36.63911845730027,61.0,88.0,2,0.27464590862342075,-220.0,3.2900459625555847,0.9071562686950385,83.0,76.0,31.63265306122449,84.66666666666667,75.33333333333333,43.333333333333336,89.91596638655463,78.15126050420169,32.17391304347826,,,,21.0,10.0,36
2020-06-12,378,203,172,317,294,144,30,3,51,0,1,0,2,431700391414.92,139213133325.65,3,2,84.30851063829788,78.19148936170212,39.130434782608695,79.0,56.0,1,3.1010033400015375,31.0,3.8405867645927767,0.3805969967574913,89.0,81.0,35.714285714285715,84.66666666666667,78.66666666666666,45.33333333333333,80.15873015873017,75.39682539682539,34.166666666666664,,,,21.0,9.0,38
2020-06-15,381,131,240,285,270,140,37,21,58,0,5,0,2,118007483780.98,358036846995.58997,1,1,75.19788918205805,71.2401055408971,37.634408602150536,77.0,63.0,5,0.3295959194457813,-109.0,-2.707903783488389,1.6560682372863027,68.0,66.0,34.69387755102041,78.0,72.0,43.333333333333336,77.51937984496125,74.4186046511628,33.064516129032256,,,,17.0,7.0,38
2020-06-16,388,156,226,285,270,140,34,16,66,0,8,0,2,272972105686.76,257778927124.98,1,1,73.83419689119171,69.94818652849742,36.93931398416886,101.0,40.0,8,1.0589387919766375,-70.0,-6.343323683180342,0.651846444719623,74.0,69.0,33.6734693877551,73.33333333333333,70.0,43.333333333333336,74.26470588235294,70.58823529411765,32.06106870229007,,,,13.0,5.0,41
2020-06-17,391,212,173,285,273,147,33,10,98,0,12,0,2,283834032948.32,185388800162.04,4,1,73.26478149100257,70.17994858611826,38.481675392670155,104.0,47.0,12,1.5310203890431,39.0,-3.9698910790010604,0.800403139488865,70.0,68.0,33.6734693877551,73.33333333333333,70.0,44.0,75.53956834532374,71.94244604316546,35.82089552238806,,,,13.0,6.0,50
2020-06-18,395,291,101,320,309,159,55,9,120,0,8,0,1,379871965835.06,89468441164.23,4,2,81.42493638676844,78.62595419847328,41.19170984455959,122.0,35.0,8,4.245876656526961,190.0,5.629243252967232,0.6785849782948319,81.0,81.0,34.69387755102041,77.33333333333333,72.66666666666667,47.333333333333336,86.01398601398601,83.21678321678321,39.130434782608695,,,,13.0,7.0,57
2020-06-19,403,270,130,347,333,167,65,8,128,0,7,0,1,572064460364.6,178140979521.36002,1,1,86.53366583541147,83.0423940149626,42.38578680203046,153.0,27.0,7,3.211301868338534,140.0,11.308356890535286,0.6467542330418278,87.0,81.0,34.69387755102041,81.33333333333333,81.33333333333333,50.66666666666667,91.3907284768212,86.09271523178808,39.04109589041096,,,,11.0,6.0,59
2020-06-22,413,300,111,374,363,181,88,7,142,0,8,0,1,495472016964.26,138031953069.81,2,1,90.77669902912622,88.10679611650485,44.69135802469136,208.0,24.0,8,3.589545796788616,189.0,18.5574572662033,0.7529372393355931,91.0,87.0,39.795918367346935,88.0,87.33333333333333,50.66666666666667,93.20987654320987,89.50617283950618,42.038216560509554,,,,12.0,6.0,56
2020-06-23,421,318,102,399,390,204,92,5,176,0,11,0,1,459189500053.51,130019308440.46,3,3,95.0,92.85714285714286,49.39467312348668,245.0,20.0,11,3.5317023722194887,216.0,26.012650801068432,0.882760417000896,97.0,96.0,46.93877551020408,91.33333333333333,90.66666666666666,56.00000000000001,97.05882352941177,92.94117647058823,44.84848484848485,,,,14.0,8.0,65
2020-06-24,425,107,315,375,382,201,20,72,152,0,3,0,1,186624999029.18,472042728527.87,5,3,88.23529411764706,89.88235294117646,48.201438848920866,200.0,84.0,3,0.39535615686994197,-208.0,11.056778019372778,0.859181104884837,89.0,92.0,43.87755102040816,85.33333333333334,89.33333333333333,57.333333333333336,90.28571428571428,89.14285714285714,42.60355029585799,,,,15.0,10.0,61
2020-06-25,437,250,183,375,389,207,52,16,160,0,3,0,2,346781105146.62,280660854908.22,6,3,86.0091743119266,89.22018348623854,48.47775175644028,164.0,93.0,3,1.2355877176388643,67.0,11.964222900926131,1.1056440583512845,85.0,89.0,42.857142857142854,83.33333333333334,87.33333333333333,55.333333333333336,88.70967741935483,90.86021505376344,45.81005586592179,,,,17.0,11.0,64
2020-06-26,441,218,216,386,400,212,37,6,146,0,5,0,3,280033399339.86,218172983729.65,8,1,87.72727272727273,90.9090909090909,49.187935034802784,109.0,94.0,5,1.2835383857006997,2.0,9.430267160149615,0.7863101489623873,89.0,93.0,43.87755102040816,84.0,89.33333333333333,59.333333333333336,90.0,91.05263157894737,43.71584699453552,,,,24.0,11.0,42
2020-06-29,445,110,331,335,359,204,16,58,131,0,4,0,2,141936459652.03,296138438463.24,7,4,75.45045045045045,80.85585585585585,46.89655172413793,105.0,80.0,4,0.47929090322953377,-221.0,-3.9334163340150567,0.6933707311126733,72.0,79.0,40.816326530612244,74.0,80.66666666666666,54.0,78.35051546391753,81.95876288659794,44.38502673796791,,,,29.0,14.0,38
2020-06-30,449,174,269,320,354,199,17,34,96,0,1,1,1,179812871495.09,260828874462.03,7,3,71.42857142857143,79.01785714285714,45.33029612756264,70.0,98.0,0,0.6893902059960242,-95.0,-9.039698639855773,0.9382787035164453,67.0,78.0,42.857142857142854,71.33333333333334,78.66666666666666,53.02013422818792,73.73737373737373,79.7979797979798,40.625,,,,33.0,14.0,22
2020-07-01,446,252,189,334,359,202,51,18,87,1,4,1,1,314918332988.32,132269394838.93,6,1,75.0561797752809,80.67415730337079,46.330275229357795,84.0,110.0,3,2.3808858683583556,63.0,-5.460371518150308,0.56001564419914,73.0,82.0,42.857142857142854,74.0,80.0,54.36241610738255,76.92307692307693,80.51282051282051,41.7989417989418,,,,34.0,12.0,34
2020-07-02,441,286,153,356,381,212,47,7,75,1,3,1,1,359319943459.84,119261844309.84,0,0,80.9090909090909,86.5909090909091,49.187935034802784,115.0,59.0,2,3.0128658963744823,133.0,1.1272550284986167,0.6204328735643443,80.0,88.0,46.93877551020408,79.33333333333333,82.66666666666667,57.04697986577181,82.63157894736842,88.94736842105263,44.02173913043478,,,,28.0,9.0,39
2020-07-03,444,230,209,363,375,213,31,10,76,1,5,1,1,277039376252.39,156811023563.14,5,3,81.941309255079,84.65011286681715,49.07834101382488,129.0,35.0,4,1.7667085512061593,21.0,1.1540394507409566,0.6228975730876537,82.0,86.0,46.93877551020408,83.33333333333334,82.66666666666667,57.04697986577181,80.82901554404145,85.49222797927462,43.85026737967914,,,,25.0,11.0,41
2020-07-06,444,297,137,388,403,230,66,8,64,1,12,1,1,419947368586.19,72558410060.04,4,4,87.58465011286681,90.9706546275395,53.11778290993071,144.0,25.0,11,5.787714590751033,160.0,8.121169934504454,0.37456636426806256,87.0,93.0,50.0,88.66666666666667,88.66666666666667,61.74496644295302,87.04663212435233,91.70984455958549,47.8494623655914,,,,22.0,11.0,60
2020-07-07,443,217,221,378,405,240,51,14,61,1,6,1,1,409009263295.45996,189671505425.25,6,5,85.52036199095022,91.6289592760181,55.55555555555556,148.0,32.0,5,2.156408588514375,-4.0,5.837460648449721,0.45534063336538333,78.0,89.0,52.04081632653062,86.66666666666667,88.66666666666667,65.1006711409396,88.54166666666666,95.3125,49.72972972972973,,,,21.0,13.0,68
2020-07-08,444,152,286,359,395,230,34,27,68,1,6,1,0,243637300427.0,351092665172.33997,8,5,81.03837471783297,89.1647855530474,53.11778290993071,151.0,49.0,5,0.6939401605197487,-134.0,-2.6442980943693275,0.7658708368607332,73.0,88.0,45.91836734693878,83.33333333333334,88.0,62.41610738255034,83.41968911917098,90.67357512953367,49.46236559139785,,,,23.0,17.0,64
2020-07-09,451,268,176,363,402,241,34,10,59,1,10,1,1,373758805668.51,101675300258.47,16,5,80.84632516703786,89.53229398663697,54.89749430523918,119.0,51.0,9,3.676003952959797,92.0,1.4170196709922358,0.41423439479743296,77.0,86.0,46.93877551020408,78.66666666666666,88.66666666666667,63.08724832214765,84.84848484848484,91.91919191919192,52.35602094240838,0.0,100.0,100.0,39.0,22.0,78
2020-07-10,448,137,309,335,384,231,16,18,66,1,12,1,1,198077443871.32,299569494045.23,11,3,75.11210762331838,86.09865470852019,52.981651376146786,84.0,55.0,11,0.6612069913948369,-172.0,-8.317638737978589,0.6705399391763636,70.0,82.0,44.89795918367347,72.66666666666667,84.0,61.07382550335571,79.48717948717949,89.74358974358975,50.53191489361703,100.0,100.0,100.0,45.0,22.0,58
2020-07-13,449,180,259,312,377,233,32,15,62,2,13,1,1,276898145469.19,197049808589.14,9,4,69.79865771812081,84.3400447427293,53.31807780320366,82.0,43.0,12,1.4052190532523596,-79.0,-11.949183483958754,0.49457107300970055,67.0,81.0,47.95918367346938,66.66666666666666,82.66666666666667,62.16216216216216,73.84615384615385,87.17948717948718,49.2063492063492,50.0,100.0,50.0,50.0,22.0,56
2020-07-14,451,89,360,251,346,215,14,58,50,2,7,1,1,77586296963.91,406495945730.59,6,3,55.90200445434298,77.06013363028953,48.86363636363637,62.0,91.0,6,0.1908661027958474,-271.0,-24.594408324352003,1.2952652073933422,52.0,71.0,45.91836734693878,54.0,76.0,58.108108108108105,59.183673469387756,80.61224489795919,43.455497382198956,66.66666666666666,100.0,33.33333333333333,50.0,20.0,38
2020-07-15,459,170,288,237,339,218,22,30,47,2,6,1,1,220445910821.44,357644515789.99,4,2,51.85995623632385,74.17943107221006,48.660714285714285,68.0,103.0,5,0.6163827518353072,-118.0,-27.63310352126647,0.9576481107237335,46.0,68.0,43.87755102040816,51.33333333333333,72.0,57.432432432432435,55.392156862745104,78.43137254901961,44.72361809045226,33.33333333333333,100.0,33.33333333333333,46.0,17.0,36
2020-07-16,454,207,242,237,329,220,36,30,44,3,7,1,1,376037246193.04,188949847887.27002,10,3,52.43362831858407,72.78761061946902,49.66139954853273,72.0,118.0,6,1.9901431538457166,-35.0,-25.943022397022013,0.42980420738756464,55.00000000000001,70.0,43.87755102040816,50.0,70.66666666666667,58.108108108108105,53.5,75.5,46.15384615384615,0.0,100.0,50.0,40.0,15.0,43
2020-07-17,453,343,107,299,365,229,67,6,44,3,5,0,0,405821712652.31,136658678093.12,5,2,66.29711751662971,80.93126385809313,51.92743764172335,125.0,66.0,5,2.9696007477533244,236.0,-10.818287923807882,1.079474228668868,71.0,81.0,47.95918367346938,62.66666666666667,78.66666666666666,56.75675675675676,66.16161616161617,82.32323232323232,50.0,100.0,100.0,66.66666666666666,34.0,14.0,55
2020-07-20,451,280,165,312,371,238,46,7,41,4,11,0,0,404816402408.13,114423647724.91,11,7,69.48775055679288,82.62806236080178,54.21412300683372,149.0,43.0,11,3.5378735991826065,115.0,-3.8825485095907633,0.47965809105270646,71.0,81.0,50.0,68.66666666666667,81.33333333333333,62.41610738255034,68.87755102040816,84.18367346938776,49.735449735449734,100.0,100.0,66.66666666666666,36.0,17.0,64
2020-07-21,452,225,222,333,378,251,40,11,36,5,12,0,2,358324091313.9,239529290957.94,7,3,74.0,84.0,57.04545454545455,153.0,24.0,12,1.495951037473825,3.0,-3.5330785678871734,0.6775044691469371,80.0,85.0,52.04081632653062,68.66666666666667,81.33333333333333,63.51351351351351,75.1269035532995,85.27918781725889,54.45026178010471,66.66666666666666,100.0,66.66666666666666,37.0,17.0,62
2020-07-22,444,151,288,312,362,245,24,12,20,7,8,0,0,290777351233.89,307568735465.38,5,1,70.42889390519187,81.7155756207675,56.451612903225815,110.0,30.0,8,0.945406075796088,-137.0,-10.216616374891167,0.5545823842035912,72.0,82.0,53.06122448979592,70.0,80.66666666666666,63.51351351351351,69.79166666666666,82.29166666666666,52.406417112299465,100.0,100.0,100.0,38.0,16.0,47
2020-07-23,444,261,173,322,357,249,46,14,30,6,9,0,0,359095214339.65,125103172398.89,10,3,72.85067873303167,80.76923076923077,57.638888888888886,110.0,37.0,9,2.870392552434075,88.0,-4.629958118005127,0.5255972807454056,73.0,83.0,54.08163265306123,74.0,78.0,63.51351351351351,71.72774869109948,81.67539267015707,54.59459459459459,100.0,100.0,100.0,38.0,16.0,57
2020-07-24,446,122,323,276,342,242,24,17,29,5,10,0,0,257483707699.44,322811367645.5,13,5,62.30248306997742,77.20090293453724,55.8891454965358,94.0,43.0,10,0.797628997942227,-201.0,-14.280215517777537,0.4735396773470003,62.62626262626263,76.76767676767676,52.57731958762887,63.33333333333333,76.66666666666667,61.48648648648649,60.9375,77.60416666666666,52.68817204301075,100.0,100.0,100.0,46.0,19.0,47
2020-07-27,445,106,333,216,301,233,19,47,29,6,11,0,0,240554316887.0,270835676835.32,4,1,48.86877828054298,68.09954751131222,53.93518518518518,89.0,78.0,11,0.8881928691886025,-227.0,-23.759784516994063,0.35838873443007263,50.505050505050505,66.66666666666666,50.51546391752577,47.333333333333336,65.33333333333333,59.863945578231295,48.421052631578945,70.52631578947368,50.27027027027027,100.0,100.0,100.0,39.0,13.0,42
2020-07-28,442,269,168,242,319,237,45,11,36,8,7,0,0,419008569507.43,136005040567.82,14,6,55.125284738041,72.66514806378133,55.373831775700936,88.0,75.0,7,3.080831179183304,101.0,-15.34601708873922,0.5197267825025502,57.57575757575758,76.76767676767676,53.608247422680414,55.70469798657718,68.45637583892618,61.224489795918366,52.910052910052904,73.54497354497354,51.098901098901095,100.0,100.0,100.0,46.0,16.0,50
2020-07-29,439,218,216,278,328,241,34,14,39,7,2,0,0,281984776207.77997,276122483323.91,7,5,63.76146788990825,75.22935779816514,56.705882352941174,98.0,72.0,2,1.021230769813819,2.0,-13.025515852137634,0.9882773699065666,69.6969696969697,77.77777777777779,54.63917525773196,64.42953020134227,72.48322147651007,62.585034013605444,59.45945945945946,75.67567567567568,52.24719101123596,100.0,100.0,100.0,48.0,20.0,48
2020-07-30,441,143,296,226,314,239,23,28,35,6,5,0,0,286713682800.82,290401370090.19,11,6,51.598173515981735,71.68949771689498,55.97189695550351,102.0,53.0,5,0.9873014122205253,-153.0,-18.72635971558259,0.4893218039884666,51.515151515151516,71.71717171717171,50.51546391752577,56.375838926174495,71.14093959731544,61.904761904761905,47.593582887700535,72.19251336898395,53.333333333333336,66.66666666666666,66.66666666666666,100.0,49.0,23.0,47
2020-07-31,441,234,200,233,314,240,53,15,34,7,20,0,1,364150765082.9,192709865846.01,10,4,53.31807780320366,71.85354691075516,56.33802816901409,110.0,57.0,20,1.8896321861065715,34.0,-14.156949420250111,0.6191681156800608,56.56565656565656,73.73737373737373,52.57731958762887,57.71812080536913,70.46979865771812,59.863945578231295,47.28260869565217,71.73913043478261,54.23728813559322,80.0,80.0,100.0,46.0,22.0,58
2020-08-03,447,230,211,238,308,256,66,14,49,8,26,0,1,216429936567.87,316346018378.7,5,2,53.72460496613996,69.52595936794582,59.122401847575055,142.0,57.0,26,0.6841557155582095,19.0,-10.929318870639595,1.5932738243303985,49.494949494949495,66.66666666666666,53.06122448979592,57.71812080536913,70.46979865771812,63.94557823129252,52.10526315789473,70.0,57.377049180327866,80.0,80.0,100.0,47.0,23.0,55
2020-08-04,444,294,143,274,328,257,62,9,40,7,16,0,0,395648733553.04,140031523924.91,6,4,62.272727272727266,74.54545454545455,59.62877030162414,181.0,38.0,16,2.8254261787881507,151.0,-1.515048156369403,0.7276580331063074,58.58585858585859,67.67676767676768,55.10204081632652,66.0,76.66666666666667,62.83783783783784,60.752688172043015,76.34408602150538,58.333333333333336,80.0,80.0,100.0,39.0,21.0,72
2020-08-05,441,251,186,293,336,261,46,6,41,5,13,0,0,310643235324.8,239777243785.34,19,12,67.04805491990847,76.88787185354691,60.981308411214954,174.0,29.0,13,1.2955492790754681,65.0,2.2417285451134568,1.0416140762738126,60.60606060606061,70.70707070707071,56.12244897959183,71.33333333333334,79.33333333333333,65.54054054054053,67.02702702702703,78.37837837837837,59.77653631284916,66.66666666666666,66.66666666666666,66.66666666666666,51.0,28.0,72
2020-08-06,439,270,160,302,337,270,47,8,60,5,20,0,0,385670381430.88,141894152219.12,11,4,69.42528735632185,77.47126436781609,63.38028169014085,155.0,23.0,20,2.718014628504976,110.0,7.692563982155734,0.6208575856444882,64.64646464646465,71.71717171717171,57.14285714285714,73.33333333333333,78.66666666666666,66.21621621621621,68.68131868131869,79.67032967032966,63.63636363636363,75.0,75.0,100.0,51.0,26.0,70
2020-08-07,441,246,178,332,359,280,53,11,56,3,16,0,0,363800746156.37,162070500750.04,12,10,75.97254004576659,82.15102974828376,65.42056074766354,146.0,25.0,16,2.2447067447360878,68.0,10.214565460916106,0.6156806340743624,65.65656565656566,73.73737373737373,58.16326530612245,84.0,84.66666666666667,69.5945945945946,74.72527472527473,84.61538461538461,64.77272727272727,83.33333333333334,83.33333333333334,100.0,53.0,32.0,84
2020-08-10,445,270,162,349,376,289,80,10,64,3,32,0,2,388905594348.84,168825278832.57,14,13,79.13832199546485,85.26077097505669,66.89814814814815,180.0,29.0,32,2.3035981165743045,108.0,14.319803897951644,0.7235058297170244,71.71717171717171,80.8080808080808,61.224489795918366,82.66666666666667,85.33333333333334,70.27027027027027,79.55801104972376,87.29281767955801,65.71428571428571,90.9090909090909,90.9090909090909,90.9090909090909,62.0,43.0,89
2020-08-11,449,206,237,357,380,287,34,22,62,4,11,0,1,325604651609.44,191837236495.76,15,8,80.2247191011236,85.39325842696628,65.82568807339449,167.0,43.0,11,1.697296403749209,-31.0,10.808183742127268,0.5121075554725083,75.75757575757575,76.76767676767676,59.183673469387756,78.0,87.33333333333333,70.06802721088435,83.87096774193549,88.17204301075269,64.64088397790056,90.0,90.0,90.0,71.0,47.0,85
2020-08-12,456,214,236,364,392,302,27,16,65,3,4,0,1,248231802123.68,247478099026.94,21,11,80.53097345132744,86.72566371681415,68.17155756207674,141.0,48.0,4,1.0030455345329687,-22.0,8.20170759018679,0.9040264173442114,79.7979797979798,80.8080808080808,60.204081632653065,80.0,88.66666666666667,76.19047619047619,80.6282722513089,87.95811518324608,65.05376344086021,91.66666666666666,91.66666666666666,83.33333333333334,73.0,46.0,80
2020-08-13,459,245,202,378,405,312,51,10,73,3,9,0,1,301266086750.3,216398186486.11,31,15,83.07692307692308,89.01098901098901,69.95515695067265,112.0,48.0,9,1.3921839717896038,43.0,9.18216194232675,0.8712004388109779,80.8080808080808,82.82828282828282,66.3265306122449,84.0,91.33333333333333,75.67567567567568,82.9896907216495,90.20618556701031,66.66666666666666,91.66666666666666,91.66666666666666,81.81818181818183,93.0,57.0,84
2020-08-14,463,115,342,334,384,304,14,35,69,2,5,0,1,174841457281.59,392689907469.02,20,9,72.76688453159042,83.66013071895425,67.40576496674058,92.0,61.0,5,0.4452405166419601,-227.0,-3.5254603963052205,0.7552262145359102,64.64646464646465,73.73737373737373,61.224489795918366,74.0,88.66666666666667,72.97297297297297,74.37185929648241,83.91959798994975,65.12820512820512,100.0,100.0,90.0,101.0,56.0,65
2020-08-17,464,284,171,343,393,310,50,6,73,3,8,0,1,298428775059.8,157959921317.25,12,8,74.56521739130434,85.43478260869564,68.43267108167771,115.0,51.0,8,1.8892689523466488,113.0,2.627149806145971,0.8790800861822241,74.74747474747475,81.81818181818183,64.28571428571429,74.0,88.0,72.97297297297297,74.37185929648241,84.42211055276381,66.3265306122449,83.33333333333334,100.0,81.81818181818183,99.0,51.0,69
2020-08-18,466,334,124,391,414,324,52,4,69,1,5,0,2,404302605337.99,77391218929.66,21,11,84.63203463203463,89.6103896103896,71.20879120879121,116.0,45.0,5,5.22414055405247,210.0,12.724495780211008,0.5155964620835737,86.86868686868688,87.87878787878788,68.36734693877551,84.0,90.0,73.64864864864865,83.41708542713567,89.44723618090453,69.89795918367348,92.85714285714286,100.0,84.61538461538461,105.0,54.0,72
2020-08-19,464,288,167,410,427,337,50,1,78,1,11,0,2,340842486104.48,158722724296.03,9,8,88.93709327548807,92.62472885032538,74.22907488986785,152.0,11.0,11,2.147408240478425,121.0,16.844104109135564,0.8030847910965345,87.87878787878788,89.8989898989899,71.42857142857143,89.33333333333333,93.33333333333333,76.35135135135135,88.83248730964468,92.89340101522842,72.68041237113401,93.33333333333333,100.0,92.85714285714286,93.0,51.0,81
2020-08-20,473,224,239,400,432,348,47,3,78,0,11,0,3,239857962037.15,262018158913.87,10,6,85.28784648187633,92.3076923076923,75.48806941431671,149.0,8.0,11,0.9154249576877439,-15.0,13.482148709820379,1.0238288631448327,79.0,87.87878787878788,69.38775510204081,84.0,92.66666666666666,79.72972972972973,88.72549019607843,93.62745098039215,74.6268656716418,93.33333333333333,100.0,85.71428571428571,72.0,42.0,78
2020-08-21,481,290,188,415,451,360,65,8,83,0,19,0,1,299309237277.18,197346850905.09,10,9,87.0020964360587,94.74789915966386,76.7590618336887,162.0,12.0,19,1.5166658900532786,102.0,16.3902660998568,1.0170685591374207,76.0,90.9090909090909,70.40816326530613,88.0,94.66666666666667,79.72972972972973,90.52132701421802,96.2085308056872,77.88461538461539,100.0,100.0,73.33333333333333,62.0,42.0,90
2020-08-24,490,273,207,433,463,369,63,8,99,0,24,0,2,372662834809.41,140499818861.62,15,10,89.27835051546393,95.66115702479338,77.35849056603774,175.0,19.0,24,2.6524079378098713,66.0,16.994755137838652,0.49722388510084514,83.0,92.92929292929293,72.44897959183673,88.66666666666667,96.0,78.37837837837837,91.58878504672897,96.26168224299066,78.67298578199052,100.0,100.0,80.0,65.0,44.0,93
2020-08-25,504,208,290,432,472,381,48,9,124,0,21,0,2,360621859986.74,203158539867.53,24,11,86.57314629258516,94.77911646586345,77.59674134419552,176.0,25.0,21,1.7750760574568232,-82.0,10.026619489623943,0.4040623365389463,77.0,90.9090909090909,72.44897959183673,86.0,95.33333333333334,81.75675675675676,90.41095890410958,96.34703196347031,76.38888888888889,93.33333333333333,93.33333333333333,82.75862068965517,68.0,44.0,91
2020-08-26,513,296,213,448,479,400,63,8,131,0,17,0,2,437845395772.84,152040289609.31,33,18,88.18897637795276,94.47731755424064,80.0,174.0,25.0,17,2.879798485637909,83.0,12.268730412952245,0.4825585430483755,79.0,88.88888888888889,73.46938775510205,88.66666666666667,94.66666666666667,83.78378378378379,90.9090909090909,96.36363636363636,78.80184331797236,94.73684210526315,97.36842105263158,89.1891891891892,92.0,54.0,89
2020-08-27,521,228,288,453,486,414,43,13,135,0,15,0,1,318544160925.96,247204187684.09,21,15,87.62088974854933,94.18604651162791,81.49606299212599,154.0,30.0,15,1.288587235961543,-60.0,6.974391600333181,0.6143679252541451,77.0,87.87878787878788,76.53061224489795,86.66666666666667,93.33333333333333,83.1081081081081,92.0,97.33333333333334,80.45454545454545,92.85714285714286,95.23809523809523,92.85714285714286,103.0,63.0,88
2020-08-28,527,195,326,447,495,415,35,18,129,0,4,0,1,482505836590.69,181018638067.94,17,8,85.46845124282983,94.82758620689656,80.73929961089495,141.0,39.0,4,2.665503628469438,-131.0,-1.1371400424577836,0.22440768896867863,77.0,90.9090909090909,77.55102040816327,87.33333333333333,93.33333333333333,82.43243243243244,86.46288209606988,97.37991266375546,79.91071428571429,93.18181818181817,95.45454545454545,86.36363636363636,110.0,62.0,79
2020-08-31,529,31,498,248,423,368,4,324,77,0,2,0,2,90464987446.4,800723521304.68,34,10,47.41873804971319,81.03448275862068,71.59533073929961,82.0,355.0,2,0.11297905586562322,-467.0,-24.866813896831772,0.5509781924357238,43.0,72.72727272727273,71.42857142857143,42.66666666666667,78.0,71.62162162162163,51.31578947368421,84.21052631578947,70.4035874439462,53.333333333333336,93.33333333333333,77.77777777777779,129.0,62.0,44
2020-09-01,530,278,247,267,422,365,41,24,73,0,0,0,2,377514246867.55,196593177479.41,21,3,50.857142857142854,80.53435114503816,70.73643410852713,80.0,366.0,0,1.9202815260824022,31.0,-20.131350972837375,0.5861151386331656,50.0,78.78787878787878,69.38775510204081,46.0,76.66666666666667,73.64864864864865,53.91304347826087,81.30434782608695,68.44444444444444,53.333333333333336,93.33333333333333,75.55555555555556,126.0,54.0,40
2020-09-02,531,395,130,343,457,382,78,6,76,0,7,0,1,375161035907.63,92268689258.12,25,1,65.20912547528516,87.04761904761905,73.88781431334623,123.0,354.0,7,4.065962559174584,265.0,-4.281873417957975,0.7472920604262439,69.0,80.8080808080808,73.46938775510205,61.33333333333333,86.0,76.35135135135135,64.78260869565217,88.69565217391305,70.66666666666667,71.73913043478261,95.65217391304348,82.6086956521739,118.0,37.0,53
2020-09-03,523,300,217,359,454,377,43,10,72,0,5,0,2,270939194480.63,186374535764.33,5,3,69.3050193050193,87.81431334622823,74.06679764243614,162.0,40.0,5,1.4537350468479866,83.0,0.19083925855370243,0.9509906789825341,74.0,79.7979797979798,72.44897959183673,64.66666666666666,89.33333333333333,77.02702702702703,68.12227074235808,89.08296943231441,72.32142857142857,82.05128205128204,94.87179487179486,76.92307692307693,102.0,25.0,55
2020-09-04,526,87,436,269,411,364,14,23,50,1,6,0,1,64734475299.56,451511096050.4,0,0,51.631477927063344,79.03846153846153,71.09375,135.0,39.0,6,0.14337294446543125,-349.0,-17.58594559932158,1.3917638725190669,49.0,72.72727272727273,70.40816326530613,49.333333333333336,76.0,71.62162162162163,52.863436123348016,82.37885462555066,70.72072072072072,59.09090909090909,86.36363636363636,72.72727272727273,85.0,17.0,44
2020-09-07,524,179,337,229,391,357,23,14,45,1,7,0,1,244188031037.79,180080870430.02,5,2,44.1233140655106,75.4826254826255,70.0,80.0,47.0,7,1.3559909525908376,-158.0,-23.147166924808342,0.39171151475222804,45.0,69.6969696969697,69.38775510204081,42.0,72.66666666666667,72.2972972972973,44.49339207048458,78.41409691629956,68.46846846846847,47.61904761904761,83.33333333333334,71.42857142857143,56.0,9.0,45
2020-09-08,521,125,392,187,344,336,15,50,37,1,4,0,1,173629922770.72,278636969436.9,5,0,36.240310077519375,66.79611650485437,66.27218934911244,52.0,87.0,4,0.6231402929826946,-267.0,-33.23627532347548,0.5117267405291408,32.0,65.65656565656566,63.26530612244898,38.666666666666664,62.66666666666667,69.5945945945946,38.05309734513274,67.69911504424779,65.61085972850678,27.500000000000004,80.0,65.0,40.0,6.0,34
2020-09-09,515,144,365,157,299,319,14,40,30,1,3,0,1,259735567121.11,252798732903.7,4,3,30.784313725490197,58.7426326129666,63.67265469061876,52.0,104.0,3,1.0274401463082192,-221.0,-39.39628162771852,0.3839839715849046,33.0,62.62626262626263,65.3061224489796,32.0,56.666666666666664,66.21621621621621,30.630630630630627,58.55855855855856,62.67281105990783,21.052631578947366,57.89473684210527,55.26315789473685,19.0,8.0,30
2020-09-10,509,387,118,208,334,332,56,3,35,1,8,0,1,443377996709.45996,113559055557.4,6,1,41.269841269841265,66.40159045725646,67.07070707070707,85.0,93.0,8,3.9043825658214324,269.0,-19.96610560970771,0.8399947908944608,41.0,63.63636363636363,65.3061224489796,43.333333333333336,65.33333333333333,70.27027027027027,42.34234234234234,67.56756756756756,66.3594470046083,25.0,71.875,62.5,20.0,6.0,40
2020-09-11,504,268,230,217,345,330,25,4,27,2,8,0,3,321328475891.94,156761597516.99,3,2,43.48697394789579,69.27710843373494,67.3469387755102,95.0,47.0,8,2.0497907713470074,38.0,-14.803474586259938,0.5684567457285566,47.0,69.6969696969697,66.3265306122449,46.666666666666664,68.66666666666667,70.27027027027027,42.27272727272727,69.0909090909091,66.04651162790698,24.137931034482758,72.41379310344827,65.51724137931035,23.0,8.0,40
2020-09-14,504,401,101,339,393,351,161,6,42,2,28,0,2,334449539232.43,252802358809.34,0,0,67.93587174348697,78.91566265060241,71.63265306122449,242.0,13.0,28,1.322968428014816,300.0,2.784592311719212,3.0010519870535464,56.00000000000001,65.65656565656566,67.3469387755102,72.0,80.0,73.64864864864865,70.0,83.18181818181817,71.62790697674419,72.41379310344827,86.20689655172413,75.86206896551724,18.0,6.0,57
2020-09-15,504,315,180,356,401,353,58,3,51,2,16,0,3,367960367911.35,110836405078.48,4,2,71.34268537074149,80.52208835341365,72.0408163265306,244.0,13.0,16,3.319851159470646,135.0,9.558466547932788,0.5271320658481086,59.0,71.71717171717171,69.38775510204081,74.66666666666667,83.33333333333334,75.67567567567568,75.22522522522522,81.53153153153153,70.50691244239631,66.66666666666666,88.88888888888889,74.07407407407408,17.0,8.0,66
2020-09-16,494,251,234,359,400,349,33,7,41,2,14,0,1,329334172327.82,139380384867.97,6,5,73.11608961303462,81.63265306122449,72.40663900414937,252.0,16.0,14,2.3628444751374906,17.0,9.402336687155735,0.45396537264144593,68.0,74.74747474747475,69.38775510204081,73.33333333333333,84.66666666666667,75.0,73.97260273972603,82.1917808219178,71.02803738317756,86.36363636363636,86.36363636363636,81.81818181818183,19.0,10.0,65
2020-09-17,489,147,338,316,377,345,18,22,34,4,13,0,0,178730744984.01,270644765553.73,28,20,65.02057613168725,77.7319587628866,72.17573221757321,109.0,32.0,13,0.660388700362754,-191.0,-1.1781660272444272,0.6585685708502461,59.0,70.70707070707071,70.40816326530613,68.66666666666667,82.0,75.67567567567568,64.97695852534562,77.41935483870968,69.95305164319248,68.42105263157895,84.21052631578947,78.94736842105263,41.0,29.0,65
2020-09-18,482,226,251,320,364,335,28,18,30,3,15,0,0,528787933297.37,256901095198.29,16,6,66.80584551148226,76.31027253668763,71.27659574468085,79.0,47.0,15,2.0583327326386955,-25.0,-1.9186050179203438,0.43744064897623686,57.57575757575758,69.38775510204081,67.0103092783505,72.66666666666667,79.33333333333333,75.0,67.12962962962963,76.27906976744187,70.61611374407583,64.28571428571429,92.85714285714286,71.42857142857143,54.0,33.0,68
2020-09-21,475,25,449,168,278,300,4,226,17,4,2,0,0,47161616129.69,519822996969.78,7,1,35.59322033898305,59.148936170212764,64.65517241379311,50.0,266.0,2,0.09072629799876235,-424.0,-22.492087329858656,0.6137061528277287,31.313131313131315,52.04081632653062,63.91752577319587,36.666666666666664,61.33333333333333,70.27027027027027,36.96682464454976,60.952380952380956,60.86956521739131,33.33333333333333,58.333333333333336,66.66666666666666,61.0,34.0,39
2020-09-22,468,91,377,123,237,274,5,74,15,6,1,0,0,202873832523.83,367796442927.04,8,2,26.565874730021598,51.40997830802603,60.21978021978022,37.0,318.0,1,0.551592698693049,-286.0,-33.069954269916614,0.43760425204458814,23.46938775510204,46.391752577319586,56.25,30.0,53.333333333333336,64.1891891891892,25.853658536585368,51.9607843137255,59.20398009950249,20.0,60.0,60.0,65.0,34.0,31
2020-09-23,460,210,243,124,221,276,26,17,14,9,1,0,1,223771641925.85,307746354876.41,8,1,27.252747252747252,48.78587196467991,61.74496644295302,35.0,317.0,1,0.727130113419917,-33.0,-29.298680732316583,1.1885046636283707,26.53061224489796,39.175257731958766,56.25,33.33333333333333,52.0,67.56756756756756,22.885572139303484,50.5,59.390862944162436,33.33333333333333,66.66666666666666,83.33333333333334,67.0,30.0,19
2020-09-24,453,60,392,71,174,245,10,123,9,12,5,1,1,70516608017.33,476534302111.93,1,0,15.848214285714285,39.01345291479821,55.68181818181818,41.0,214.0,4,0.14797803160194503,-332.0,-40.877748454006976,1.0343509967852829,10.204081632653061,29.896907216494846,50.0,17.333333333333336,40.666666666666664,58.108108108108105,16.580310880829018,41.66666666666667,56.08465608465608,42.857142857142854,57.14285714285714,71.42857142857143,40.0,10.0,18
2020-09-25,436,389,45,129,219,260,112,4,10,6,5,0,1,501871414127.16,19265112835.899998,0,0,29.79214780600462,50.93023255813953,61.32075471698113,148.0,144.0,5,26.050790275774386,344.0,-16.773462613782236,0.3318304110137971,27.55102040816326,42.857142857142854,56.70103092783505,31.333333333333336,54.36241610738255,64.62585034013605,28.49162011173184,51.41242937853108,60.3448275862069,66.66666666666666,83.33333333333334,83.33333333333334,24.0,4.0,34
2020-09-28,428,376,52,219,274,274,104,1,15,5,13,0,0,416119022006.08,26935562243.16,0,0,51.52941176470588,64.92890995260665,65.86538461538461,226.0,128.0,13,15.448685208408785,324.0,2.919569092678838,0.46805078446633713,45.91836734693878,57.14285714285714,59.79381443298969,54.666666666666664,66.44295302013423,68.70748299319727,51.445086705202314,67.2514619883041,66.07142857142857,75.0,100.0,100.0,17.0,3.0,46
2020-09-29,425,158,263,216,266,278,26,10,25,4,8,0,0,200299364978.55,267241673850.32,1,1,51.18483412322274,63.48448687350835,67.31234866828088,242.0,15.0,8,0.7495064751418078,-105.0,-1.7074866437603369,0.8015413824945268,46.93877551020408,57.14285714285714,62.88659793814433,54.0,63.08724832214765,68.70748299319727,50.29585798816568,66.46706586826348,67.6829268292683,80.0,100.0,100.0,10.0,2.0,38
2020-09-30,428,187,238,225,274,282,23,7,25,2,8,0,0,214975792538.55,235664707085.77,1,1,53.06603773584906,65.08313539192399,67.95180722891565,153.0,18.0,8,0.9122103822712397,-51.0,-2.955081865197034,0.861330128427171,46.93877551020408,59.183673469387756,65.97938144329896,56.00000000000001,63.758389261744966,68.02721088435374,52.90697674418605,68.82352941176471,68.26347305389223,100.0,100.0,100.0,3.0,2.0,41
2020-10-01,427,258,164,250,295,285,31,1,21,2,6,0,0,321613155297.55,97323770522.5,1,1,59.10165484633569,70.07125890736341,68.84057971014492,80.0,18.0,6,3.304569413730196,94.0,3.242999629800577,0.47605921823609776,63.26530612244898,70.40816326530613,67.0103092783505,57.333333333333336,68.0,69.17808219178082,58.04597701149425,71.51162790697676,69.41176470588235,100.0,100.0,100.0,3.0,3.0,49
2020-10-05,431,229,195,263,298,289,45,1,22,5,11,0,1,316611121672.47003,156145462389.06,5,1,61.882352941176464,70.44917257683215,69.47115384615384,99.0,9.0,11,2.0276677709889874,34.0,5.526144309874532,0.5791673523449974,66.3265306122449,66.3265306122449,67.0103092783505,61.33333333333333,68.66666666666667,69.86301369863014,59.65909090909091,74.13793103448276,70.34883720930233,100.0,100.0,100.0,8.0,4.0,50
2020-10-06,432,249,178,279,307,293,33,3,23,3,12,0,1,317006108231.54,120303090984.47,0,0,65.64705882352942,72.57683215130024,70.4326923076923,109.0,5.0,12,2.6350620390332486,71.0,9.30060228978839,0.530870387024209,76.28865979381443,73.19587628865979,69.79166666666666,61.33333333333333,70.0,70.54794520547945,63.06818181818182,74.13793103448276,70.34883720930233,100.0,100.0,100.0,8.0,4.0,58
2020-10-07,433,139,291,252,292,293,20,23,22,3,16,0,1,280771314084.17,208344305901.99,0,0,59.154929577464785,68.86792452830188,70.26378896882494,98.0,27.0,16,1.347631330113007,-152.0,1.3312608511657942,0.35444651631874347,65.97938144329896,69.0721649484536,68.75,56.00000000000001,66.0,70.54794520547945,57.865168539325836,71.02272727272727,70.6896551724138,100.0,100.0,100.0,7.0,3.0,49
2020-10-08,435,189,239,241,283,287,17,11,22,2,16,1,3,373552855415.32,172059728074.83002,5,4,56.705882352941174,66.903073286052,68.82494004796163,70.0,37.0,15,2.171065010941196,-50.0,-0.3891823831123489,0.36424288314456044,70.40816326530613,71.42857142857143,68.04123711340206,53.691275167785236,65.77181208053692,68.96551724137932,51.13636363636363,64.9425287356322,69.36416184971098,100.0,100.0,50.0,11.0,6.0,59
2020-10-09,436,175,258,227,280,286,13,9,24,1,5,0,3,271827587624.35,230715477007.27,3,0,53.286384976525824,66.0377358490566,68.42105263157895,50.0,43.0,5,1.178193986594946,-83.0,-3.5082154365045994,0.575707040912443,66.3265306122449,72.44897959183673,65.97938144329896,47.651006711409394,61.07382550335571,67.58620689655173,49.714285714285715,65.89595375722543,70.34883720930233,100.0,100.0,75.0,13.0,5.0,38
2020-10-12,435,136,292,202,258,281,9,22,19,2,5,0,2,239330000802.45,180917246440.34,6,5,47.529411764705884,60.99290780141844,67.38609112709833,39.0,42.0,5,1.3228700166038203,-156.0,-9.807447619972457,0.3520779961838234,63.26530612244898,68.36734693877551,67.0103092783505,43.624161073825505,55.033557046979865,66.20689655172414,41.37931034482759,61.627906976744185,68.42105263157895,75.0,75.0,75.0,14.0,9.0,58
2020-10-13,433,174,255,193,252,279,25,10,21,4,6,0,3,201235749065.15,259023134530.3,11,10,45.95238095238095,60.28708133971292,67.71844660194175,47.0,41.0,6,0.7769026092208372,-81.0,-11.394253898737617,0.8782992013127728,51.041666666666664,66.66666666666666,66.3157894736842,46.308724832214764,55.70469798657718,66.89655172413794,42.69005847953216,60.946745562130175,69.04761904761905,50.0,50.0,75.0,25.0,19.0,53
2020-10-14,427,212,211,201,257,273,19,13,12,4,4,1,3,259075242527.42,212621411483.55,8,3,48.55072463768116,62.37864077669902,67.24137931034483,53.0,45.0,3,1.2184814347705712,1.0,-8.594001997588133,0.8245832130237373,59.375,67.70833333333334,67.36842105263158,43.624161073825505,59.06040268456376,65.51724137931035,46.012269938650306,61.49068322981367,68.125,66.66666666666666,83.33333333333334,83.33333333333334,33.0,22.0,54
2020-10-15,423,64,358,133,212,259,4,44,9,4,0,0,2,54648304252.72,443472768014.55,4,0,32.360097323600975,51.707317073170735,63.95061728395062,48.0,67.0,0,0.12322809469763661,-294.0,-20.90681661211739,1.450732076636571,34.375,52.083333333333336,61.05263157894737,28.859060402684566,46.97986577181208,64.13793103448275,32.5,54.088050314465406,64.15094339622641,83.33333333333334,100.0,100.0,32.0,18.0,34
2020-10-16,418,293,118,181,240,262,31,8,11,5,3,0,3,331230560991.98,117902143775.51,7,4,44.69135802469136,59.553349875930515,65.82914572864321,54.0,65.0,3,2.809368433729713,175.0,-7.8797390244793135,0.8838466388551013,53.608247422680414,63.541666666666664,63.1578947368421,41.61073825503356,55.033557046979865,65.51724137931035,41.66666666666667,61.29032258064516,67.74193548387096,66.66666666666666,66.66666666666666,66.66666666666666,36.0,22.0,54
2020-10-19,414,239,173,203,248,267,36,5,9,4,5,0,2,311030958151.78,127823307105.86,3,1,50.62344139650873,62.15538847117794,67.76649746192894,71.0,57.0,5,2.433288303941253,66.0,-2.1521889919263657,0.5677514201402926,50.51546391752577,64.58333333333334,67.36842105263158,53.02013422818792,61.74496644295302,68.27586206896552,48.34437086092716,60.66666666666667,67.33333333333333,50.0,75.0,75.0,33.0,18.0,48
2020-10-20,409,198,201,208,246,271,21,6,10,3,5,0,1,268278270251.61,163696703271.11002,3,2,52.26130653266332,62.278481012658226,69.48717948717949,88.0,19.0,5,1.6388739961811865,-3.0,-0.6943727691339632,0.6010679461392627,52.52525252525253,65.97938144329896,68.75,52.02702702702703,62.16216216216216,67.36111111111111,51.70068027210885,59.589041095890416,71.91780821917808,75.0,75.0,75.0,25.0,10.0,40
2020-10-21,402,202,194,204,244,270,23,5,13,3,4,0,2,307611858045.6,233091844959.51,3,2,52.17391304347826,62.88659793814433,70.49608355091384,80.0,16.0,4,1.3197023606683225,8.0,1.1055319651992157,0.7889939007722617,52.52525252525253,64.94845360824742,66.66666666666666,56.75675675675676,61.48648648648649,69.44444444444444,46.42857142857143,62.589928057553955,74.10071942446042,75.0,75.0,75.0,20.0,9.0,41
2020-10-22,405,217,183,227,255,274,40,7,16,1,8,0,1,221912664702.91,276455380502.18,6,4,57.61421319796954,65.21739130434783,70.98445595854922,84.0,18.0,8,0.8027069840341201,34.0,3.9389228532280853,1.4772418495319486,55.55555555555556,62.88659793814433,67.70833333333334,62.83783783783784,66.8918918918919,71.52777777777779,52.816901408450704,64.53900709219859,72.3404255319149,80.0,80.0,80.0,22.0,13.0,57
2020-10-23,413,249,160,254,271,285,31,7,22,1,7,0,2,295452424602.99,160691489923.21,4,3,63.5,68.26196473551637,72.70408163265306,94.0,19.0,7,1.8386314343353125,89.0,9.091777448226628,0.8464175967722444,60.60606060606061,64.94845360824742,69.79166666666666,68.91891891891892,68.24324324324324,71.52777777777779,59.183673469387756,69.86301369863014,75.34246575342466,83.33333333333334,83.33333333333334,83.33333333333334,19.0,12.0,69
2020-10-26,414,91,321,204,242,274,11,24,29,2,2,0,4,95338921715.59,355043924535.5,8,2,50.87281795511222,60.80402010050251,69.89795918367348,82.0,38.0,2,0.268527117708945,-230.0,-2.497990760290751,1.0557186886446266,44.44444444444444,52.57731958762887,67.70833333333334,50.0,59.45945945945946,67.36111111111111,54.966887417218544,66.66666666666666,73.15436241610739,100.0,100.0,100.0,24.0,13.0,47
2020-10-27,409,224,181,222,249,277,33,8,21,2,6,0,4,420435113531.74,132449836798.43001,12,5,56.060606060606055,63.358778625954194,71.57622739018088,75.0,39.0,6,3.1742969541863837,43.0,1.2552473752283468,0.3898718609616304,55.55555555555556,58.76288659793815,71.875,56.08108108108109,63.51351351351351,68.75,56.4625850340136,65.75342465753424,73.79310344827587,50.0,100.0,100.0,33.0,16.0,51
2020-10-28,407,103,299,181,241,271,14,20,12,2,2,0,5,142872604083.16,370133375137.17,12,5,45.822784810126585,61.47959183673469,70.20725388601036,58.0,52.0,2,0.38600302939504433,-196.0,-7.492010255778972,0.8924323881370895,39.39393939393939,58.76288659793815,69.79166666666666,47.2972972972973,58.108108108108105,65.97222222222221,48.61111111111111,65.73426573426573,73.94366197183099,50.0,100.0,100.0,42.0,19.0,31
2020-10-29,406,144,255,173,219,258,19,17,9,3,6,1,3,183314408319.5,270631901256.18,7,2,44.02035623409669,56.01023017902813,67.01298701298701,66.0,45.0,5,0.6773569836690269,-111.0,-10.683455479011336,0.8336902046748074,36.36363636363637,47.42268041237113,64.58333333333334,43.91891891891892,56.08108108108109,64.58333333333334,49.29577464788733,61.267605633802816,70.92198581560284,50.0,75.0,75.0,43.0,17.0,26
2020-10-30,399,197,196,175,225,255,27,8,12,2,8,1,6,244905413038.58002,221327428829.63998,14,3,45.21963824289406,58.44155844155844,67.28232189973615,60.0,45.0,7,1.1065298789834515,1.0,-7.758723867479944,0.9083370091548681,41.0,52.04081632653062,67.0103092783505,40.816326530612244,55.78231292517006,63.63636363636363,51.82481751824818,64.96350364963503,70.58823529411765,100.0,100.0,100.0,53.0,17.0,31
2020-11-02,395,151,240,150,202,245,22,25,12,4,4,1,3,292621323635.38,213902307529.77,3,2,39.0625,53.018372703412076,65.33333333333333,68.0,50.0,3,1.3680138705126135,-89.0,-9.719284720283198,0.45991249082212105,45.0,56.12244897959183,69.0721649484536,33.78378378378378,47.61904761904761,62.93706293706294,40.0,56.2962962962963,64.92537313432835,100.0,100.0,100.0,48.0,17.0,27
2020-11-03,399,246,148,180,218,254,27,9,10,2,1,1,2,342102260892.03,189939370362.88998,6,2,46.63212435233161,56.919060052219315,67.37400530503979,76.0,42.0,0,1.8011129564051107,98.0,-1.9969678258285626,0.9228528151170018,56.99999999999999,63.26530612244898,73.19587628865979,42.857142857142854,54.794520547945204,64.7887323943662,43.16546762589928,54.67625899280576,65.94202898550725,,,,42.0,14.0,16
2020-11-04,394,208,177,190,215,251,14,9,8,4,4,0,3,403749211288.08,122635609645.99,6,4,49.86876640419948,56.87830687830689,67.47311827956989,63.0,43.0,4,3.292267331271688,31.0,1.2655979580592849,0.35693980005078657,66.0,65.3061224489796,74.22680412371135,44.89795918367347,54.794520547945204,64.7887323943662,42.857142857142854,52.63157894736842,65.15151515151516,100.0,100.0,100.0,36.0,13.0,33
2020-11-05,392,331,58,262,262,267,53,7,10,3,6,0,2,487946738739.65,32308692060.69,4,3,69.12928759894459,69.68085106382979,72.16216216216216,94.0,25.0,6,15.10264599455374,273.0,16.148763713493096,0.3778739535960876,78.0,75.51020408163265,79.38144329896907,70.74829931972789,69.17808219178082,71.12676056338029,60.30534351145038,65.64885496183206,67.6923076923077,100.0,100.0,100.0,33.0,14.0,49
2020-11-06,390,234,153,278,281,273,28,3,12,2,7,0,2,421716677359.96,127995503912.72,4,2,73.74005305039788,75.1336898395722,74.18478260869566,95.0,19.0,7,3.2947772731730343,81.0,19.19312661582154,0.46419276263642023,79.0,79.59183673469387,78.35051546391753,70.06802721088435,72.6027397260274,72.53521126760563,73.64341085271317,74.4186046511628,72.65625,100.0,100.0,100.0,23.0,13.0,66
2020-11-09,390,264,121,282,286,276,38,8,13,2,9,0,1,434044131335.03,97426540329.46,3,2,74.40633245382587,76.47058823529412,75.0,119.0,18.0,9,4.455091291010187,143.0,24.800091264233256,0.4897359087165769,80.0,84.6938775510204,80.41237113402062,73.8255033557047,75.34246575342466,74.64788732394366,70.54263565891473,71.31782945736434,71.09375,100.0,100.0,100.0,23.0,13.0,70
2020-11-10,389,166,221,254,270,284,41,46,16,2,8,0,1,513168230210.23004,251363839037.97,12,9,67.1957671957672,72.38605898123325,77.3841961852861,107.0,57.0,8,2.0415356169536896,-55.0,19.570045582304104,0.36792462276032667,70.0,79.59183673469387,86.5979381443299,65.1006711409396,69.86301369863014,76.05633802816901,67.1875,69.53125,71.65354330708661,100.0,100.0,100.0,29.0,20.0,72
2020-11-11,395,230,160,270,282,289,25,7,19,1,5,0,1,531736950249.53,230427694808.01,18,12,70.3125,74.40633245382587,77.4798927613941,104.0,61.0,5,2.3076086869356907,70.0,21.250506296343158,0.6229392392818899,78.0,85.71428571428571,86.5979381443299,67.78523489932886,71.23287671232876,78.16901408450704,66.9172932330827,69.17293233082707,69.6969696969697,100.0,100.0,100.0,41.0,28.0,71
2020-11-12,397,243,150,290,299,297,33,3,21,1,9,0,2,293503462514.89,289865591617.98,21,11,74.93540051679587,78.4776902887139,79.2,99.0,56.0,9,1.0125501991340333,93.0,23.731047675364835,1.5999206769061702,84.0,86.73469387755102,87.62886597938144,73.15436241610739,76.71232876712328,79.02097902097903,69.62962962962963,73.88059701492537,72.72727272727273,100.0,100.0,100.0,58.0,36.0,71
2020-11-13,401,241,156,302,308,305,45,3,37,2,21,0,3,379452371768.65,162041014957.41,32,17,77.23785166240408,80.0,80.26315789473685,103.0,13.0,21,2.341705721038487,85.0,25.333255316051545,0.659720724509604,85.0,88.77551020408163,87.62886597938144,74.49664429530202,76.71232876712328,79.02097902097903,74.28571428571429,76.97841726618705,76.08695652173914,100.0,100.0,100.0,86.0,51.0,80
2020-11-14,404,314,82,323,325,314,18,0,35,1,8,0,3,68316432434.7,10059420768.3,19,12,82.1882951653944,83.76288659793815,81.98433420365535,96.0,6.0,8,6.791288883151589,232.0,33.92647657225842,0.5638500082337689,86.0,90.81632653061224,87.62886597938144,80.53691275167785,82.1917808219178,80.41958041958041,81.11888111888112,80.41958041958041,79.5774647887324,100.0,100.0,100.0,102.0,61.0,81
2020-11-17,402,239,154,318,320,317,44,6,42,1,29,0,3,410805105250.26,199342915202.46,27,21,81.32992327365729,82.90155440414507,83.2020997375328,107.0,9.0,29,2.0607961152420753,85.0,33.75404836345401,0.7530818019645527,84.0,86.73469387755102,88.65979381443299,77.18120805369128,80.13698630136986,83.21678321678321,83.80281690140845,83.09859154929578,79.43262411347519,,,,117.0,73.0,69
2020-11-18,407,229,176,326,331,320,49,8,51,0,18,0,1,448823405313.37,185640547876.11,21,18,82.32323232323232,84.65473145780051,82.90155440414507,111.0,14.0,18,2.417701361304423,53.0,31.837852003108978,0.5381708363411605,83.0,86.73469387755102,86.5979381443299,77.85234899328859,80.82191780821918,84.02777777777779,86.39455782312925,87.07482993197279,79.3103448275862,,,,120.0,79.0,70
2020-11-19,415,161,248,328,336,330,20,12,44,0,10,0,3,219087775677.19,471218244715.16,4,3,80.78817733990148,84.0,83.54430379746836,113.0,26.0,10,0.4649390768169922,-87.0,23.040314854998424,1.3962980974443457,76.0,82.6530612244898,86.5979381443299,79.19463087248322,82.1917808219178,84.72222222222221,85.35031847133759,86.53846153846155,80.51948051948052,,,,103.0,71.0,60
2020-11-20,421,256,161,339,352,334,38,9,42,1,13,0,2,460971214401.3,196978950369.49,34,16,82.28155339805825,86.69950738916256,83.29177057356608,107.0,29.0,13,2.340205456149591,95.0,24.503219019088906,0.6794540657201177,78.0,86.73469387755102,86.5979381443299,80.66666666666666,85.03401360544217,86.20689655172413,86.41975308641975,88.19875776397515,78.61635220125787,,,,105.0,70.0,67
2020-11-23,429,283,141,372,370,344,55,5,44,1,23,0,4,504369378623.8,140339929617.6,49,17,88.78281622911695,89.58837772397095,84.31372549019608,113.0,26.0,23,3.5939121531421026,142.0,27.981485984290828,0.5584700218192006,87.87878787878788,85.71428571428571,88.65979381443299,88.66666666666667,91.0958904109589,86.11111111111111,89.28571428571429,90.41916167664671,80.60606060606061,100.0,100.0,50.0,135.0,75.0,79
2020-11-24,433,259,169,389,380,359,33,13,55,0,21,0,3,456900996169.17,121981426847.72,28,22,91.96217494089835,91.12709832134293,87.13592233009709,126.0,27.0,21,3.7456603679473197,90.0,28.215496809617015,0.40915198607237396,88.88888888888889,88.77551020408163,89.69072164948454,92.61744966442953,93.79310344827586,91.6083916083916,93.0635838150289,90.11627906976744,82.35294117647058,100.0,100.0,50.0,136.0,76.0,82
2020-11-25,436,99,334,346,370,364,16,30,49,0,4,0,2,148797491559.68,459664700555.62,22,13,81.0304449648712,87.88598574821853,87.5,104.0,48.0,4,0.32370876288699335,-235.0,12.024498581222822,0.9156600611773311,77.77777777777779,83.6734693877551,89.69072164948454,81.20805369127517,91.0344827586207,90.9090909090909,82.48587570621469,87.5,83.9080459770115,100.0,100.0,50.0,137.0,71.0,55
2020-11-26,450,300,143,375,394,379,45,3,57,0,11,0,2,445307211122.11,121060926270.31,36,14,84.84162895927602,90.36697247706422,87.93503480278422,94.0,46.0,11,3.6783727404150954,157.0,17.721072603039673,0.5703342879996862,83.83838383838383,88.77551020408163,90.72164948453609,82.0,91.0958904109589,90.97222222222221,87.16577540106952,90.32258064516128,84.78260869565217,100.0,100.0,66.66666666666666,169.0,82.0,64
2020-11-27,454,304,139,395,405,390,87,8,81,0,26,0,3,991096243147.1,390573282284.24,28,14,88.36689038031321,91.6289592760181,89.65517241379311,148.0,41.0,26,2.5375423463446967,165.0,22.903038028677884,0.8618773841794812,79.7979797979798,86.73469387755102,90.72164948453609,92.0,95.23809523809523,92.41379310344827,89.47368421052632,91.005291005291,87.02702702702703,100.0,100.0,87.5,163.0,80.0,72
2020-12-01,471,318,147,427,429,413,78,6,93,0,26,0,3,424922612045.53,147450751984.75,12,12,91.82795698924731,93.4640522875817,91.3716814159292,210.0,17.0,26,2.881793455278393,171.0,27.51910327745516,0.7506663262629518,89.8989898989899,90.9090909090909,90.81632653061224,92.66666666666666,95.2054794520548,93.75,92.27053140096618,93.65853658536587,90.54726368159204,88.88888888888889,88.88888888888889,77.77777777777779,126.0,75.0,92
2020-12-02,472,261,205,436,433,418,42,3,110,0,31,0,1,446661711299.47,170526987634.2,17,11,93.16239316239316,93.52051835853132,91.86813186813187,207.0,17.0,31,2.619302184928116,56.0,25.57824354877245,0.48607248870838393,94.94949494949495,93.93939393939394,93.87755102040816,94.0,92.51700680272108,93.05555555555556,91.42857142857143,93.75,91.17647058823529,100.0,100.0,66.66666666666666,115.0,64.0,86
2020-12-03,484,322,158,456,450,439,60,4,120,0,24,0,1,483154530605.35004,169080448152.07,62,33,95.19832985386222,94.9367088607595,94.20600858369099,180.0,13.0,24,2.8575422876263232,164.0,29.190917263004877,0.7131914346006721,96.96969696969697,95.95959595959596,94.89795918367348,93.95973154362416,94.52054794520548,95.1048951048951,95.0,94.4954128440367,93.45794392523365,100.0,100.0,90.9090909090909,155.0,84.0,84
2020-12-04,498,275,218,465,465,453,42,7,136,0,36,0,3,514789937746.56,147313332926.37,37,28,94.12955465587044,95.28688524590164,94.375,144.0,14.0,36,3.494523730610737,57.0,26.783798702358574,0.3609842104828948,94.94949494949495,96.96969696969697,95.91836734693877,95.33333333333334,94.52054794520548,95.1048951048951,92.44444444444444,94.61883408071749,93.15068493150685,100.0,100.0,95.0,156.0,98.0,95
2020-12-07,508,358,141,483,481,471,74,4,136,0,29,0,4,460799449494.37,154300137235.57,37,27,95.64356435643563,96.39278557114228,95.9266802443992,176.0,15.0,29,2.9863839251864532,217.0,32.591793339494195,0.8501944678931594,94.94949494949495,97.97979797979798,96.93877551020408,93.33333333333333,95.2054794520548,97.2027972027972,96.96969696969697,96.06986899563319,95.55555555555556,100.0,100.0,88.0,165.0,111.0,95
2020-12-08,513,178,332,483,481,475,31,13,124,0,12,0,1,341484175083.12,289313662368.95,40,25,94.89194499017681,95.62624254473161,95.95959595959596,147.0,24.0,12,1.180325091760233,-154.0,18.844669787547687,0.45423466980075305,97.97979797979798,97.97979797979798,96.93877551020408,92.0,95.2054794520548,97.2027972027972,94.78260869565217,94.2982456140351,95.08928571428571,100.0,100.0,93.33333333333333,193.0,124.0,86
2020-12-09,522,279,235,490,495,488,47,7,128,0,11,0,3,381051283241.72,187683323456.51,47,24,94.5945945945946,96.6796875,96.63366336633663,152.0,24.0,11,2.0302884466451663,44.0,16.89665580169568,0.5847612660727929,96.96969696969697,97.97979797979798,96.93877551020408,91.33333333333333,97.26027397260275,97.91666666666666,94.84978540772532,95.23809523809523,96.47577092511013,100.0,100.0,91.66666666666666,223.0,137.0,88
2020-12-10,525,166,356,468,492,487,16,24,117,0,9,0,1,221465083467.43,339226133015.17,58,21,89.82725527831093,95.53398058252426,95.86614173228347,94.0,44.0,9,0.6528538397055813,-190.0,3.4466205647837356,0.7142366429854273,92.92929292929293,95.95959595959596,95.91836734693877,88.66666666666667,95.8904109589041,97.22222222222221,87.98283261802575,94.37229437229438,95.15418502202643,97.43589743589743,100.0,94.87179487179486,219.0,125.0,71
2020-12-11,528,265,257,465,494,489,35,5,113,0,9,0,1,302218657990.33,281395570488.2,26,11,88.74045801526718,95.36679536679536,95.69471624266144,98.0,36.0,9,1.0739993435788755,8.0,1.8296073344001016,0.9600829002681169,85.85858585858585,94.94949494949495,95.91836734693877,88.66666666666667,97.26027397260275,96.52777777777779,88.46153846153845,93.53448275862068,94.73684210526315,97.5609756097561,100.0,97.5609756097561,208.0,108.0,66
2020-12-14,537,318,214,477,499,504,55,9,126,0,16,0,2,335302531041.06,160207204024.83,20,10,89.32584269662921,94.50757575757575,96.73704414587331,106.0,38.0,16,2.0929304214627735,104.0,5.237912985750093,0.7100003388419598,87.87878787878788,94.94949494949495,96.93877551020408,90.0,94.52054794520548,97.22222222222221,88.13559322033898,93.16239316239316,96.52173913043478,95.91836734693877,100.0,95.91836734693877,191.0,91.0,65
2020-12-15,540,233,300,482,504,505,30,8,111,0,12,0,3,308730700316.29,245372236786.28,10,7,89.92537313432835,94.91525423728814,96.5583173996176,120.0,22.0,12,1.258213660843771,-67.0,-0.4241752472744089,0.6172772485603327,89.79591836734694,96.93877551020408,96.90721649484536,88.66666666666667,95.23809523809523,97.22222222222221,90.29535864978902,93.19148936170212,96.53679653679653,92.15686274509804,98.0392156862745,94.11764705882352,161.0,73.0,60
2020-12-16,550,342,195,500,518,516,39,6,117,0,25,0,3,405032142937.97,147392333364.84,14,7,91.57509157509158,95.74861367837339,96.81050656660413,124.0,23.0,25,2.747986504395684,147.0,5.436860189726012,0.6382295368047473,92.85714285714286,97.95918367346938,96.90721649484536,89.33333333333333,95.23809523809523,98.61111111111111,91.25,94.11764705882352,96.15384615384616,96.55172413793103,100.0,94.82758620689656,128.0,56.0,66
2020-12-17,554,207,342,499,524,518,21,16,99,0,16,0,1,254595484612.53,273907520496.68,23,8,90.72727272727272,96.1467889908257,96.46182495344506,90.0,30.0,16,0.9294943203854672,-135.0,-3.6791388125872544,0.6511746705926404,88.77551020408163,96.93877551020408,96.93877551020408,90.0,94.5578231292517,98.6013986013986,90.83333333333333,95.7983193277311,94.87179487179486,95.16129032258065,100.0,96.7741935483871,93.0,43.0,57
2020-12-18,556,209,340,470,523,518,18,19,84,1,10,0,1,369913950613.02997,256605302677.83,15,7,85.14492753623189,95.61243144424132,96.1038961038961,78.0,41.0,10,1.4415678349307532,-131.0,-11.254922265502167,0.42641481549320853,89.79591836734694,98.9795918367347,95.91836734693877,82.66666666666667,94.5578231292517,98.6013986013986,82.57261410788381,93.72384937238493,94.46808510638299,93.65079365079364,100.0,96.82539682539682,82.0,39.0,59
2020-12-21,557,26,531,164,396,477,3,370,43,1,0,0,2,29948129480.99,652901943059.79,25,4,29.764065335753177,72.6605504587156,88.8268156424581,42.0,405.0,0,0.04586926076623343,-505.0,-36.375942506416905,1.0674734590837094,33.33333333333333,82.6530612244898,91.83673469387756,30.0,72.78911564625851,90.20979020979021,28.749999999999996,69.32773109243698,86.75213675213675,27.419354838709676,69.35483870967742,88.70967741935483,87.0,33.0,27
2020-12-22,556,372,176,229,412,473,68,14,46,1,4,0,1,488602613111.52,157854442167.24,22,5,41.63636363636364,75.45787545787546,88.24626865671642,89.0,403.0,4,3.095273128860489,196.0,-22.622535099866923,0.6828594038854624,54.54545454545454,86.73469387755102,90.81632653061224,44.666666666666664,78.52348993288591,91.6083916083916,34.166666666666664,71.00840336134453,84.61538461538461,42.62295081967213,67.21311475409836,90.1639344262295,99.0,31.0,39
2020-12-23,556,506,47,384,475,495,148,5,57,1,16,0,2,488590131447.52,38158088727.53,19,7,69.81818181818183,86.99633699633699,92.5233644859813,219.0,389.0,16,12.804365935000718,459.0,2.3997409082326477,0.8408036369360375,73.73737373737373,89.79591836734694,92.85714285714286,70.66666666666667,87.91946308724832,95.1048951048951,66.94214876033058,84.16666666666667,90.67796610169492,72.88135593220339,91.52542372881356,93.10344827586206,104.0,31.0,54
2020-12-24,554,306,236,400,487,498,27,10,52,1,11,0,1,345642838237.95,153074938896.82,2,2,72.99270072992701,89.52205882352942,93.43339587242026,243.0,29.0,11,2.25799755811714,70.0,4.331788190616617,0.5742301026103502,76.76767676767676,89.79591836734694,91.83673469387756,72.0,88.59060402684564,96.5034965034965,70.24793388429752,89.16666666666667,91.94915254237289,80.7017543859649,92.98245614035088,94.64285714285714,83.0,25.0,58
2020-12-28,555,418,134,447,504,504,67,3,76,1,30,0,1,368870448282.8,64135890901.14,0,0,81.56934306569343,92.64705882352942,94.3820224719101,242.0,18.0,30,5.751388857315201,284.0,16.66202967610183,0.5423738617685453,80.61224489795919,94.84536082474226,94.84536082474226,81.33333333333333,91.2751677852349,97.9020979020979,79.25311203319502,90.7949790794979,91.94915254237289,93.22033898305084,100.0,94.82758620689656,68.0,18.0,68
2020-12-29,558,221,328,433,504,507,30,5,67,1,15,0,2,239323810948.41,221168543405.1,10,4,78.58439201451905,92.13893967093236,94.41340782122904,124.0,18.0,15,1.0820879283454707,-107.0,7.571075997811178,0.6226670404087207,76.53061224489795,92.78350515463917,94.84536082474226,79.33333333333333,89.93288590604027,98.6013986013986,77.36625514403292,91.70124481327801,91.59663865546219,85.0,98.33333333333333,94.91525423728814,53.0,18.0,56
2020-12-30,557,282,263,461,504,509,36,9,57,1,27,0,1,296284305080.82,168139587751.14,8,4,83.81818181818181,92.3076923076923,94.96268656716418,133.0,17.0,27,1.7621329339723635,19.0,6.060455222883611,0.6084917461876467,90.81632653061224,93.81443298969072,95.87628865979381,81.33333333333333,90.60402684563759,97.9020979020979,80.3347280334728,91.56118143459916,92.3076923076923,92.06349206349206,96.82539682539682,96.7741935483871,39.0,17.0,60
2020-12-31,554,257,286,457,506,509,24,4,49,1,19,0,0,260265533700.31,238222943780.05,10,7,83.3941605839416,93.01470588235294,95.14018691588785,90.0,18.0,19,1.092529248318801,-29.0,2.338572184206125,0.8224964228501698,87.75510204081633,94.84536082474226,95.87628865979381,81.33333333333333,91.94630872483222,98.6013986013986,82.98755186721992,93.30543933054393,92.40506329113924,83.05084745762711,91.52542372881356,96.55172413793103,30.0,17.0,71
2021-01-01,557,407,142,500,522,519,49,3,49,0,28,0,1,294693192856.12,71703187146.89,4,1,90.74410163339383,95.42961608775137,96.28942486085343,109.0,16.0,28,4.109903681860281,265.0,13.844669325215847,0.697387920731333,90.81632653061224,95.87628865979381,95.87628865979381,92.0,97.31543624161074,98.61111111111111,89.21161825726142,93.30543933054393,94.9367088607595,93.54838709677419,98.38709677419355,96.72131147540983,32.0,16.0,73
2021-01-04,559,396,156,511,525,521,67,4,48,1,55,0,3,472567757798.23,105262150398.3,9,6,92.74047186932849,95.8029197080292,96.66048237476808,140.0,11.0,55,4.48943666845193,240.0,22.363159034153085,0.5654298581155536,95.87628865979381,96.875,96.875,93.33333333333333,95.9731543624161,99.3103448275862,91.35802469135803,95.0413223140496,94.53781512605042,91.80327868852459,96.72131147540983,98.33333333333333,41.0,22.0,80
2021-01-05,564,296,260,511,530,526,53,7,57,1,45,0,0,406887297558.38,204033161218.72,5,1,91.74147217235189,95.66787003610109,96.69117647058823,169.0,14.0,45,1.994221405618491,36.0,19.33465194012365,0.5708802118230468,91.75257731958763,96.875,96.875,92.0,95.9731543624161,99.30555555555556,91.39344262295081,94.65020576131687,94.56066945606695,92.42424242424242,96.96969696969697,98.46153846153847,36.0,19.0,76
2021-01-06,568,220,343,495,531,529,34,11,43,1,30,0,1,373952865422.64,340070612423.95,8,6,88.23529411764706,95.16129032258065,96.53284671532847,154.0,22.0,30,1.099632993151583,-123.0,8.69860511502786,0.5832849877224491,89.69072164948454,96.875,95.83333333333334,90.0,93.95973154362416,99.30555555555556,85.65573770491804,95.06172839506173,94.56066945606695,91.42857142857143,95.71428571428572,98.55072463768117,36.0,21.0,78
2021-01-07,565,340,220,497,531,529,64,4,57,2,37,0,3,439427525597.96,220392113759.29,22,13,89.06810035842294,95.67567567567568,97.06422018348624,151.0,22.0,37,1.9938441448857749,120.0,11.711292053995827,0.7751130144342766,93.81443298969072,96.875,96.875,88.66666666666667,94.63087248322147,99.30555555555556,87.34693877551021,95.49180327868852,95.0,89.39393939393939,96.96969696969697,100.0,48.0,27.0,80
2021-01-08,566,336,222,510,535,530,44,9,57,0,41,0,1,515597504978.01,154984200763.87,31,17,91.23434704830053,96.22302158273382,97.06959706959707,142.0,24.0,41,3.326774615972381,114.0,13.928582926543456,0.4549492190564673,95.87628865979381,97.91666666666666,97.91666666666666,89.33333333333333,95.30201342281879,99.30555555555556,89.7119341563786,96.28099173553719,95.7983193277311,94.20289855072464,95.65217391304348,95.58823529411765,75.0,43.0,85
2021-01-11,576,246,326,504,544,539,33,21,62,0,49,0,2,422183311978.56,233441182617.72,26,16,88.57644991212655,96.113074204947,96.94244604316546,141.0,34.0,49,1.8085211325797705,-80.0,6.054723707938969,0.4172476690485014,93.81443298969072,97.91666666666666,97.91666666666666,90.66666666666666,96.64429530201343,99.30555555555556,84.89795918367346,95.08196721311475,95.0,89.6103896103896,96.1038961038961,97.36842105263158,92.0,53.0,82
2021-01-12,574,300,268,502,541,543,44,11,70,1,22,0,2,517715155529.37,233626070211.62,30,14,88.38028169014085,95.92198581560284,98.014440433213,121.0,41.0,22,2.2159990751906253,32.0,4.892300457492439,0.5051459622014206,90.81632653061224,97.91666666666666,98.95833333333334,90.66666666666666,94.63087248322147,99.30555555555556,87.29508196721312,95.47325102880659,96.23430962343096,84.21052631578947,97.36842105263158,100.0,117.0,66.0,78
2021-01-13,580,176,399,478,540,546,24,14,50,1,16,0,1,451913113934.52,332660168007.46,28,13,83.27526132404182,94.57092819614711,97.5,101.0,46.0,16,1.3584827923383533,-223.0,-8.876032923926811,0.3247024985373288,88.88888888888889,96.90721649484536,98.96907216494846,85.23489932885906,93.91891891891892,98.61111111111111,80.08130081300813,93.90243902439023,96.66666666666667,82.5,95.0,96.20253164556962,137.0,73.0,66
2021-01-14,579,267,300,472,541,545,25,15,46,2,15,0,1,360597892697.58,286813270743.55,23,15,82.37347294938918,94.91228070175438,97.49552772808586,93.0,40.0,15,1.2572566526044866,-33.0,-11.103577800420638,0.7078904678343191,87.87878787878788,96.90721649484536,98.96907216494846,86.57718120805369,93.91891891891892,98.61111111111111,77.04918032786885,94.26229508196722,96.63865546218487,83.9506172839506,96.29629629629629,96.25,138.0,75.0,66
2021-01-15,583,107,468,397,522,547,15,17,34,3,11,0,0,226439182835.69998,455103403892.08,20,10,68.92361111111111,91.09947643979058,97.33096085409252,64.0,46.0,11,0.49755545860385647,-361.0,-29.352610780820754,0.45951154726354065,76.76767676767676,94.84536082474226,97.9381443298969,70.46979865771812,91.21621621621621,98.61111111111111,63.82113821138211,89.02439024390245,96.25,71.95121951219512,92.6829268292683,97.53086419753086,127.0,68.0,54
2021-01-18,581,75,503,276,469,535,11,75,26,2,3,0,1,161581407884.04,498450774817.04,18,4,47.83362218370884,81.56521739130434,95.0266429840142,51.0,107.0,3,0.3241672318462132,-428.0,-48.15877092515875,0.4599643429227819,55.55555555555556,87.62886597938144,96.90721649484536,48.322147651006716,81.20805369127517,97.9020979020979,43.49593495934959,78.86178861788618,92.9460580912863,50.602409638554214,83.13253012048193,93.90243902439023,119.0,56.0,29
2021-01-19,579,501,76,372,510,539,70,3,35,2,9,0,1,526695677894.17,42155247252.38,13,5,64.69565217391305,89.00523560209425,96.07843137254902,96.0,95.0,9,12.494190218856653,425.0,-21.34724399394194,0.5276136466378483,76.76767676767676,93.81443298969072,98.96907216494846,63.758389261744966,87.91946308724832,97.2027972027972,58.13008130081301,87.39837398373984,95.0207468879668,71.60493827160494,90.12345679012346,93.75,102.0,47.0,51
2021-01-20,578,313,257,395,508,539,39,8,84,2,21,0,0,469838752703.77997,127446292419.37,9,7,68.81533101045297,88.81118881118881,96.25,120.0,86.0,21,3.686562737798179,56.0,-16.766652247781863,0.330361618479392,78.78787878787878,93.81443298969072,98.96907216494846,72.48322147651007,87.24832214765101,98.6013986013986,61.943319838056674,88.25910931174089,94.21487603305785,70.88607594936708,87.34177215189874,94.87179487179486,83.0,41.0,65
2021-01-21,575,157,409,336,476,525,24,37,63,1,13,0,0,365885308267.10004,382138638633.03,6,5,58.844133099824866,83.6555360281195,94.25493716337523,133.0,48.0,13,0.9574674510170688,-252.0,-28.16641304357609,0.4009150183401414,68.68686868686868,92.78350515463917,94.84536082474226,58.38926174496645,82.5503355704698,96.5034965034965,55.32786885245902,79.50819672131148,92.88702928870293,58.22784810126582,87.34177215189874,93.58974358974359,66.0,31.0,50
2021-01-22,574,119,454,239,441,518,19,48,32,2,9,0,2,224050482672.06,548872116138.73,4,1,41.929824561403514,77.77777777777779,93.33333333333333,82.0,93.0,9,0.40820161215008816,-335.0,-41.92237645876227,0.6421202896880261,45.0,88.65979381443299,94.84536082474226,43.624161073825505,75.16778523489933,95.1048951048951,40.16393442622951,72.95081967213115,91.21338912133892,40.25974025974026,84.4155844155844,94.73684210526315,50.0,22.0,28
2021-01-25,572,132,435,189,382,503,12,57,32,3,9,0,1,247527361904.56,429156167468.05,11,4,33.274647887323944,67.61061946902655,90.95840867992767,55.0,142.0,9,0.5767768953780398,-303.0,-51.87411329645264,0.5261103180341132,45.0,75.51020408163265,91.83673469387756,33.557046979865774,70.94594594594594,94.4055944055944,29.629629629629626,62.139917695473244,88.18565400843882,28.947368421052634,68.42105263157895,92.0,43.0,22.0,35
2021-01-27,567,184,382,165,352,488,21,41,21,3,0,0,1,130098379035.75,528448622705.47,10,6,29.307282415630553,62.857142857142854,89.05109489051095,52.0,146.0,0,0.24618926693325896,-198.0,-54.87347772619565,1.956524744844939,33.0,68.36734693877551,90.81632653061224,31.543624161073826,64.1891891891892,90.9090909090909,26.033057851239672,57.438016528925615,86.86440677966102,30.555555555555557,70.83333333333334,90.14084507042254,40.0,23.0,37
2021-01-28,565,249,312,171,337,481,24,20,21,2,1,0,1,243929707642.99,418629528797.05,8,2,30.481283422459892,60.39426523297491,88.09523809523809,57.0,118.0,1,0.582686339265012,-63.0,-50.413566924994946,1.369650992819911,28.000000000000004,66.3265306122449,89.79591836734694,32.21476510067114,60.13513513513513,90.84507042253522,29.338842975206614,54.54545454545454,84.38818565400844,34.285714285714285,72.85714285714285,92.7536231884058,39.0,18.0,22
2021-01-29,561,210,346,155,319,473,24,32,17,2,4,0,1,210105556429.53,561579540292.06,6,1,27.87769784172662,57.68535262206148,87.43068391866913,69.0,93.0,4,0.37413321062277416,-136.0,-49.99827535534337,1.6222468333529592,16.0,51.02040816326531,88.77551020408163,29.53020134228188,58.108108108108105,88.81118881118881,29.045643153526974,56.016597510373444,83.82978723404256,37.878787878787875,72.72727272727273,95.38461538461539,39.0,14.0,20
2021-02-01,555,439,114,271,389,480,150,7,26,2,10,0,1,756553897395.2,80611490975.24,0,0,49.18330308529946,71.11517367458866,89.55223880597015,198.0,59.0,10,9.385186754920301,325.0,-26.343209686514548,0.41031439155577654,55.55555555555556,77.31958762886599,91.75257731958763,45.33333333333333,68.91891891891892,91.6083916083916,47.67932489451477,68.35443037974683,86.20689655172413,53.84615384615385,76.92307692307693,93.75,35.0,13.0,46
2021-02-02,555,392,159,323,414,495,87,6,30,2,34,0,1,812101014131.44,93790412964.74,1,0,58.620689655172406,75.68555758683729,92.3507462686567,261.0,45.0,34,8.658678306883507,233.0,-10.586412491233336,0.28473269448889066,65.65656565656566,87.62886597938144,92.78350515463917,56.00000000000001,72.97297297297297,94.4055944055944,55.55555555555556,71.36752136752136,89.51965065502183,64.70588235294117,79.41176470588235,97.01492537313433,25.0,9.0,53
2021-02-03,547,371,164,392,442,496,64,4,23,1,27,0,0,679370075687.32,156696115185.34,3,3,72.32472324723247,82.00371057513914,94.11764705882352,301.0,17.0,27,4.335589780791705,207.0,1.6385811731882693,0.5217733310410491,75.51020408163265,87.62886597938144,94.84536082474226,70.66666666666667,81.08108108108108,95.8041958041958,71.42857142857143,78.78787878787878,91.55555555555556,74.60317460317461,87.3015873015873,98.38709677419355,18.0,6.0,55
2021-02-04,551,383,161,426,459,507,78,5,32,1,34,0,1,620043449230.48,230465924683.51,10,9,78.1651376146789,84.68634686346863,95.48022598870057,229.0,15.0,34,2.690390998504277,222.0,12.8327578504028,0.8842142234716737,83.50515463917526,90.625,97.91666666666666,72.66666666666667,81.75675675675676,96.5034965034965,77.39130434782608,82.6086956521739,92.85714285714286,85.29411764705883,89.70588235294117,98.52941176470588,20.0,13.0,80
2021-02-05,552,206,344,384,441,496,31,21,38,1,27,0,2,435412484803.17,444272699812.72,19,14,70.32967032967034,81.21546961325967,93.40866290018832,173.0,30.0,27,0.9800568096727866,-138.0,4.33961512016921,0.6110229564164351,77.31958762886599,88.54166666666666,97.91666666666666,67.33333333333333,82.43243243243244,95.8041958041958,68.6695278969957,76.82403433476395,89.42731277533039,72.72727272727273,83.33333333333334,95.38461538461539,33.0,26.0,70
2021-02-08,549,362,176,396,440,492,84,13,37,1,45,0,3,580251470550.78,136274906666.92,12,10,73.06273062730627,81.63265306122449,93.18181818181817,193.0,39.0,45,4.257948031246995,186.0,13.256280010218644,0.48305384817386227,84.375,89.47368421052632,96.84210526315789,72.66666666666667,82.43243243243244,95.8041958041958,66.95652173913044,76.95652173913044,89.28571428571429,78.78787878787878,84.84848484848484,95.45454545454545,45.0,36.0,81
2021-02-09,554,204,348,379,435,494,24,22,36,1,20,0,2,357869049712.97,394978567739.71,16,10,69.28702010968921,79.96323529411765,92.6829268292683,139.0,56.0,20,0.906046755298391,-144.0,4.313747091159818,0.6469940906732422,83.33333333333334,90.52631578947368,95.78947368421052,72.0,83.1081081081081,94.4055944055944,61.63793103448276,73.70689655172413,88.49557522123894,69.56521739130434,79.71014492753623,98.55072463768117,60.0,46.0,66
2021-02-10,544,257,280,361,421,479,36,8,39,1,27,0,2,400768328385.47,330169306822.49,8,3,67.22532588454376,78.83895131086143,91.58699808795411,144.0,43.0,27,1.2138267249685215,-23.0,2.6963127099087205,0.7561681778599378,83.33333333333334,90.52631578947368,95.78947368421052,69.33333333333334,85.13513513513513,93.00699300699301,58.515283842794766,70.3056768558952,88.34080717488789,69.35483870967742,77.41935483870968,93.54838709677419,65.0,46.0,72
2021-02-11,539,317,211,382,429,481,57,9,42,1,31,0,4,366697864949.02,246491125613.02,18,12,71.80451127819549,81.09640831758034,92.85714285714286,117.0,39.0,31,1.4876716718991305,106.0,7.749924750389488,1.0098798657156334,83.50515463917526,92.70833333333334,95.83333333333334,76.51006711409396,85.03401360544217,94.36619718309859,62.71929824561403,74.12280701754386,90.54054054054053,75.86206896551724,79.3103448275862,93.10344827586206,73.0,49.0,73
2021-02-12,539,199,336,354,416,478,38,10,45,2,25,0,5,335529764748.76,332105032334.77,8,4,66.41651031894934,78.49056603773586,92.10019267822736,131.0,27.0,25,1.010312196686432,-137.0,-0.11798657875140339,0.5862167226173987,77.31958762886599,88.54166666666666,94.79166666666666,68.45637583892618,85.03401360544217,92.95774647887323,59.388646288209614,70.74235807860262,89.68609865470853,70.6896551724138,75.86206896551724,94.82758620689656,62.0,39.0,71
2021-02-15,550,261,286,354,417,481,49,16,53,2,38,0,4,441454934041.13,197657526629.61,12,10,65.07352941176471,77.07948243992607,90.92627599243856,144.0,35.0,38,2.2334334622550016,-25.0,-1.2444608322731088,0.40860291027699225,73.19587628865979,87.5,94.79166666666666,67.78523489932886,82.31292517006803,93.66197183098592,58.36909871244635,69.52789699570815,86.78414096916299,70.76923076923077,76.92307692307693,93.75,62.0,39.0,77
2021-02-16,551,250,292,352,414,476,40,12,64,1,31,0,1,413620258100.81,296662855060.01,17,10,64.58715596330276,76.38376383763837,89.81132075471699,127.0,38.0,31,1.3942435025009836,-42.0,-3.0513740148728017,0.6140709151779172,75.51020408163265,87.62886597938144,94.84536082474226,65.54054054054053,80.82191780821918,92.19858156028369,57.26495726495726,68.37606837606837,85.52631578947368,72.3076923076923,78.46153846153847,92.1875,63.0,39.0,74
2021-02-17,555,269,279,371,414,483,56,8,90,2,32,0,4,405340085544.37,300493160389.69,15,8,67.94871794871796,76.24309392265194,90.96045197740112,145.0,36.0,32,1.3489161783872579,-10.0,-2.9810279159211746,0.7147647285585389,71.42857142857143,85.56701030927834,94.84536082474226,70.94594594594594,77.3972602739726,92.19858156028369,62.82051282051282,70.94017094017094,87.28070175438597,74.24242424242425,78.78787878787878,95.38461538461539,70.0,44.0,77
2021-02-18,558,308,244,392,430,494,74,11,80,1,38,0,5,452126261564.02997,296065357339.46,17,10,71.40255009107467,78.75457875457876,92.50936329588015,170.0,31.0,38,1.5271163962814973,64.0,0.794023138262073,0.8265873413715421,77.55102040816327,83.6734693877551,95.91836734693877,70.94594594594594,81.37931034482759,92.85714285714286,67.79661016949152,74.57627118644068,90.43478260869566,76.11940298507463,80.59701492537313,93.93939393939394,69.0,42.0,79
2021-02-19,564,154,405,348,426,490,21,48,77,1,11,0,2,217234673835.18,553773535672.11,16,12,62.589928057553955,77.03435804701627,90.57301293900186,151.0,67.0,11,0.39228070653741914,-251.0,-11.732278326102563,0.9693235156442129,58.58585858585859,80.8080808080808,93.93939393939394,59.863945578231295,74.30555555555556,91.36690647482014,61.60337552742617,73.83966244725738,87.93103448275862,76.71232876712328,87.67123287671232,92.95774647887323,77.0,50.0,65
2021-02-22,566,125,439,279,375,482,24,63,71,1,17,0,1,207611477454.78,475073975649.32,16,8,50.0,67.56756756756756,88.76611418047882,119.0,122.0,17,0.43700873568378795,-314.0,-25.533604686503807,0.6515614397427274,39.39393939393939,69.6969696969697,90.9090909090909,52.38095238095239,65.27777777777779,90.64748201438849,47.67932489451477,64.13502109704642,84.84848484848484,66.66666666666666,80.0,94.5945945945946,81.0,48.0,58
2021-02-23,564,351,206,317,387,479,70,11,87,1,23,0,2,485729369859.09,203445748681.55,20,6,57.117117117117125,70.1086956521739,88.70370370370371,115.0,122.0,23,2.387513000428402,145.0,-14.256070701214359,0.713664593591698,48.484848484848484,69.6969696969697,89.8989898989899,55.78231292517006,67.36111111111111,89.20863309352518,56.72268907563025,67.64705882352942,86.26609442060087,73.23943661971832,84.50704225352112,94.20289855072464,84.0,44.0,57
2021-02-24,568,387,173,356,416,488,63,9,107,2,19,0,2,285447400275.31,136980775924.05,6,5,63.68515205724508,74.68581687612208,89.70588235294117,157.0,83.0,19,2.0838500756746945,214.0,-1.0924987902858074,1.0734909606819487,59.59595959595959,75.75757575757575,90.9090909090909,59.863945578231295,68.96551724137932,91.36690647482014,63.559322033898304,72.88135593220339,86.52173913043478,76.62337662337663,89.6103896103896,94.73684210526315,75.0,41.0,69
2021-02-25,567,387,171,396,434,491,91,2,126,1,44,0,4,616668886639.37,145659883466.53,8,7,70.84078711985688,77.91741472172352,90.25735294117648,224.0,22.0,44,4.233621996416531,216.0,10.267817687509535,0.5345677759262516,64.64646464646465,75.75757575757575,91.91919191919192,65.98639455782312,73.79310344827587,90.64748201438849,71.48936170212767,77.02127659574468,87.82608695652175,85.8974358974359,91.02564102564102,94.73684210526315,66.0,38.0,85
2021-02-26,576,134,439,340,416,495,31,65,122,1,21,0,3,143068112402.48,912648984647.43,11,3,59.859154929577464,73.6283185840708,89.67391304347827,185.0,76.0,21,0.15676137793299508,-305.0,-6.1204508124129955,1.947158056271431,45.45454545454545,64.64646464646465,90.9090909090909,54.729729729729726,69.6551724137931,89.92805755395683,62.60504201680672,75.21008403361344,87.1244635193133,78.3132530120482,86.74698795180723,95.06172839506173,61.0,29.0,55
2021-03-01,577,407,162,384,433,501,89,7,144,1,39,0,2,531510079917.98,82730793331.78,4,3,67.48681898066783,76.5017667844523,90.59674502712477,211.0,74.0,39,6.4245737108604155,245.0,7.398181874215306,0.3910525105759707,57.14285714285714,71.42857142857143,92.85714285714286,68.24324324324324,72.41379310344827,90.64748201438849,68.75,78.75,88.93617021276596,74.69879518072288,83.13253012048193,92.5925925925926,49.0,24.0,72
2021-03-02,581,405,170,433,459,511,77,8,123,1,50,0,2,583628387792.6901,110080220935.26,15,8,75.5671902268761,80.66783831282952,91.74147217235189,197.0,80.0,50,5.301846079469005,235.0,18.419621911911424,0.4493440408241859,71.71717171717171,77.55102040816327,93.87755102040816,77.02702702702703,81.37931034482759,91.36690647482014,73.64016736401673,79.9163179916318,90.2127659574468,82.75862068965517,85.0574712643678,94.11764705882352,44.0,26.0,81
2021-03-03,587,381,201,485,490,529,83,13,132,2,51,0,2,610069518202.37,115029590673.96,8,6,83.62068965517241,85.06944444444444,93.79432624113475,249.0,28.0,51,5.303587664947463,180.0,25.000855034582056,0.3574038005608188,81.81818181818183,82.6530612244898,94.89795918367348,84.45945945945947,84.82758620689656,93.5251798561151,82.08333333333333,83.75,92.79661016949152,88.17204301075269,91.39784946236558,95.6043956043956,46.0,27.0,85
2021-03-04,592,317,268,488,500,536,57,8,127,2,44,0,4,370529086403.0,369605555674.32,11,8,83.56164383561644,86.20689655172413,94.36619718309859,217.0,29.0,44,1.002498692767199,49.0,23.952805079292528,1.1798876441729198,78.78787878787878,87.75510204081633,96.93877551020408,85.8108108108108,85.51724137931035,94.24460431654677,81.17154811715481,83.68200836820083,92.34042553191489,90.81632653061224,91.83673469387756,96.875,49.0,28.0,75
2021-03-05,600,108,489,429,481,539,12,72,98,2,6,0,2,149498662808.12,539241019861.58,25,8,72.46621621621621,81.94207836456559,93.73913043478261,152.0,93.0,6,0.2772390402467813,-381.0,1.4369583421235212,0.7966370663703292,57.57575757575758,81.63265306122449,94.89795918367348,73.8255033557047,78.62068965517241,94.24460431654677,73.25102880658436,81.06995884773663,92.43697478991596,83.16831683168317,89.10891089108911,95.0,63.0,33.0,56
2021-03-08,601,325,270,434,485,537,66,10,116,2,21,0,2,311842333663.28,246670003920.4,18,9,73.3108108108108,82.48299319727892,93.3913043478261,135.0,90.0,21,1.264208573020946,55.0,3.9787245901334036,0.9521401210144778,60.204081632653065,80.41237113402062,94.84536082474226,71.81208053691275,77.3972602739726,94.28571428571428,74.6938775510204,82.85714285714286,92.05020920502092,85.0,91.0,93.93939393939394,77.0,39.0,61
2021-03-09,605,211,391,407,485,542,21,36,104,2,17,0,0,273561231935.94,376419265305.14,18,4,68.28859060402685,81.92567567567568,93.60967184801382,99.0,118.0,17,0.7267460971057915,-180.0,-5.617958890768813,0.7425453619676754,60.204081632653065,79.38144329896907,95.87628865979381,64.66666666666666,78.91156462585033,96.45390070921985,68.57142857142857,81.63265306122449,90.7949790794979,80.58252427184466,89.32038834951457,94.11764705882352,80.0,35.0,44
2021-03-10,607,354,244,439,495,542,42,6,103,2,17,0,0,369424118474.09,127311424892.08,3,2,73.41137123745818,83.33333333333334,93.28743545611016,129.0,52.0,17,2.901735793054279,110.0,0.7049665275136334,0.4999833808453177,72.44897959183673,84.5360824742268,95.87628865979381,70.66666666666667,82.99319727891157,94.32624113475178,74.28571428571429,80.81632653061224,91.21338912133892,76.19047619047619,88.57142857142857,94.23076923076923,75.0,31.0,56
2021-03-12,602,232,366,402,483,535,33,20,95,1,20,0,1,198454790018.06,415494879471.17,9,4,67.9054054054054,82.14285714285714,93.04347826086956,96.0,62.0,20,0.4776347431059742,-134.0,-6.092457072492443,1.3271224310416723,57.14285714285714,82.4742268041237,95.87628865979381,66.0,78.2312925170068,93.61702127659575,69.54732510288066,82.3045267489712,91.13924050632912,77.22772277227723,87.12871287128714,94.0,73.0,27.0,46
2021-03-15,597,184,412,330,447,521,32,22,71,1,18,0,2,222194702981.03,312703099911.71,3,2,56.218057921635435,76.67238421955403,91.40350877192982,107.0,48.0,18,0.7105612417777931,-228.0,-16.57379196513517,0.6285199860186497,44.89795918367347,76.28865979381443,94.84536082474226,54.666666666666664,74.14965986394559,90.0709219858156,58.36734693877551,75.91836734693878,89.9581589958159,64.8936170212766,82.97872340425532,93.54838709677419,51.0,21.0,38
2021-03-16,598,261,327,345,453,522,39,13,77,1,18,0,3,269666287060.63,257786478103.97,3,1,58.673469387755105,77.56849315068493,91.41856392294221,104.0,55.0,18,1.0460839103898563,-66.0,-17.35246433851903,0.76300297680443,44.89795918367347,81.44329896907216,93.81443298969072,60.0,75.51020408163265,90.84507042253522,61.63265306122449,76.73469387755102,89.91596638655463,63.1578947368421,78.94736842105263,93.61702127659575,36.0,13.0,47
2021-03-17,595,68,526,245,387,507,6,133,59,1,4,0,1,70855411659.99,465158069446.08,4,0,41.737649063032364,66.38078902229846,88.94736842105263,77.0,168.0,4,0.1523254487326558,-458.0,-37.531466896069645,0.8486931606997407,27.55102040816326,54.63917525773196,90.72164948453609,42.66666666666667,68.02721088435374,88.73239436619718,44.71544715447154,67.47967479674797,87.86610878661088,47.31182795698925,73.11827956989248,90.21739130434783,22.0,9.0,26
2021-03-18,591,112,476,164,335,484,7,94,48,1,1,0,1,188700196806.78,388440464137.68,5,2,28.08219178082192,57.758620689655174,85.3615520282187,52.0,240.0,1,0.4857892372919638,-364.0,-49.896856748295065,0.48435432402477224,17.346938775510203,44.329896907216494,89.69072164948454,28.666666666666668,59.183673469387756,87.32394366197182,30.89430894308943,60.56910569105691,82.84518828451883,31.11111111111111,62.22222222222222,84.26966292134831,24.0,9.0,21
2021-03-19,586,352,226,207,344,484,53,16,47,1,9,0,1,709027804645.4,158215440090.71,4,1,35.751295336787564,59.82608695652174,85.96802841918296,66.0,243.0,9,4.481407151153463,126.0,-35.71978078820632,0.34755202358547516,34.69387755102041,55.670103092783506,91.75257731958763,36.0,60.544217687074834,87.32394366197182,34.69387755102041,60.40816326530612,84.03361344537815,39.53488372093023,61.627906976744185,82.55813953488372,19.0,6.0,35
2021-03-22,585,344,230,238,354,483,63,8,47,4,8,0,2,298093434470.72003,234711209650.98,2,2,41.31944444444444,61.88811188811189,86.25,123.0,118.0,8,1.2700434500507691,114.0,-24.01978193838942,1.1776385869737416,40.20618556701031,59.79381443298969,92.78350515463917,44.666666666666664,63.6986301369863,87.32394366197182,37.80487804878049,60.16260162601627,84.03361344537815,46.98795180722892,66.26506024096386,83.13253012048193,18.0,6.0,32
2021-03-23,587,344,237,271,371,492,58,7,50,1,14,0,4,419045270851.88,152354424700.78,1,1,46.88581314878893,64.63414634146342,87.70053475935828,174.0,31.0,14,2.75046341236806,107.0,-14.246184012104017,0.5277208148714367,37.11340206185567,57.73195876288659,92.78350515463917,53.333333333333336,67.8082191780822,90.14084507042254,44.08163265306123,64.08163265306122,84.81012658227847,54.65116279069767,68.6046511627907,85.88235294117646,16.0,6.0,45
2021-03-24,592,101,489,205,324,477,7,78,46,1,6,0,2,63970612419.64,462554891731.05,4,2,35.16295025728988,55.95854922279793,84.2756183745583,128.0,93.0,6,0.13829842374002038,-388.0,-30.568526865069472,1.4934658088976798,29.896907216494846,44.329896907216494,88.65979381443299,36.666666666666664,59.589041095890416,86.61971830985915,34.69387755102041,54.285714285714285,81.43459915611815,39.56043956043956,67.03296703296702,83.33333333333334,16.0,8.0,35
2021-03-25,586,78,505,125,266,455,4,93,33,2,0,0,2,88428426816.66,533707117585.84,3,1,21.70138888888889,46.50349650349651,81.3953488372093,69.0,178.0,0,0.1656871791717063,-427.0,-46.321287370029594,0.932211208596218,13.402061855670103,30.927835051546392,84.5360824742268,24.832214765100673,48.275862068965516,82.97872340425532,20.408163265306122,47.755102040816325,81.43459915611815,29.411764705882355,57.647058823529406,75.0,14.0,7.0,25
2021-03-26,591,438,141,188,302,459,69,11,29,2,3,0,5,461390081648.87,65287307612.270004,7,3,32.469775474956826,52.52173913043479,81.67259786476868,80.0,182.0,3,7.067071664051237,297.0,-23.358291164920352,0.4395573055421166,26.31578947368421,41.05263157894737,85.26315789473684,34.22818791946309,58.620689655172406,84.39716312056737,32.6530612244898,51.83673469387755,81.0126582278481,35.55555555555556,56.666666666666664,75.28089887640449,17.0,9.0,40
2021-03-30,594,393,194,265,344,475,65,19,26,3,10,0,2,524796091262.19,96576399903.14,1,0,45.53264604810997,59.61871750433275,84.21985815602837,138.0,123.0,10,5.433999318555332,199.0,-8.508137953727342,0.3727959974081953,43.15789473684211,54.25531914893617,86.17021276595744,50.0,61.80555555555556,88.57142857142857,43.673469387755105,58.36734693877551,83.12236286919831,45.744680851063826,64.8936170212766,78.49462365591397,16.0,7.0,38
2021-03-31,594,318,269,274,348,471,33,13,24,2,11,0,3,285691167431.04,228134884847.05,0,0,47.32297063903281,60.62717770034843,83.9572192513369,167.0,43.0,11,1.2522905807350675,49.0,-3.268716268388694,0.9439950695269913,42.5531914893617,54.83870967741935,84.94623655913979,50.0,61.111111111111114,89.28571428571429,46.72131147540984,61.47540983606557,82.62711864406779,49.46236559139785,63.44086021505376,78.26086956521739,15.0,6.0,37
2021-04-01,585,471,109,362,396,485,142,3,25,1,18,0,5,463299727459.17,84505189302.05,1,1,63.620386643233736,70.2127659574468,88.02177858439202,240.0,35.0,18,5.482500320816758,362.0,16.8773328539178,0.7881624559189182,57.291666666666664,65.26315789473685,90.52631578947368,69.17808219178082,73.94366197183099,92.02898550724638,63.6734693877551,69.79591836734694,87.34177215189874,60.97560975609756,70.73170731707317,80.24691358024691,12.0,5.0,50
2021-04-05,584,127,456,261,326,466,37,87,20,2,18,0,6,243845963245.81,367023503625.46,8,4,45.86994727592268,57.801418439716315,84.57350272232304,212.0,103.0,18,0.6643878684528329,-329.0,-0.5321818107797398,0.41919605271901017,40.625,44.21052631578947,87.36842105263159,47.26027397260274,60.56338028169014,88.40579710144928,46.34146341463415,61.382113821138205,84.03361344537815,48.148148148148145,58.0246913580247,76.25,17.0,8.0,38
2021-04-06,574,325,243,290,331,463,51,8,20,1,25,0,4,419721805772.86,183195096581.47,8,3,51.78571428571429,59.63963963963964,85.58225508317929,230.0,98.0,25,2.291119214461084,82.0,5.135344059957767,0.5837533687592839,43.29896907216495,47.91666666666667,87.36842105263159,55.172413793103445,63.829787234042556,89.85507246376811,50.20576131687243,61.72839506172839,83.33333333333334,61.33333333333333,60.0,82.43243243243244,18.0,8.0,45
2021-04-07,561,417,134,335,363,462,63,7,25,1,25,0,3,484994335946.91,173086384288.13,5,5,61.131386861313864,66.97416974169742,87.5,151.0,102.0,25,2.802036323894543,283.0,20.005401959138545,1.1105995564619182,54.08163265306123,59.79381443298969,90.625,63.6986301369863,71.63120567375887,92.7536231884058,60.416666666666664,65.41666666666667,83.98268398268398,68.75,73.4375,84.12698412698413,22.0,13.0,61
2021-04-08,552,341,207,357,381,460,61,5,28,1,32,0,1,479183383642.12,178150989118.61,11,9,66.23376623376623,71.48217636022514,88.6319845857418,175.0,20.0,32,2.689759882966957,134.0,25.169274453142414,0.6124498345004573,55.10204081632652,61.855670103092784,90.625,71.91780821917808,76.59574468085107,91.30434782608695,65.12605042016807,70.16806722689076,86.8995633187773,75.43859649122807,80.7017543859649,85.71428571428571,33.0,22.0,75
2021-04-09,555,281,264,366,395,466,40,7,26,2,21,0,2,364295456547.43,282453177555.39996,12,11,67.52767527675276,73.69402985074626,89.272030651341,164.0,19.0,21,1.2897552072182923,17.0,23.608539063250014,0.8252681853400649,56.12244897959183,59.79381443298969,90.625,69.86301369863014,80.98591549295774,92.80575539568345,69.0376569037657,73.52941176470588,86.8995633187773,74.57627118644068,79.66101694915254,87.93103448275862,44.0,32.0,70
2021-04-12,562,21,541,171,247,424,6,391,16,5,2,0,1,76772643379.95,700318029499.56,17,6,31.03448275862069,45.321100917431195,79.84934086629002,107.0,403.0,2,0.1096253989559728,-520.0,-4.693932390424241,0.35408770152686964,28.57142857142857,40.20618556701031,81.25,32.19178082191781,48.59154929577465,80.43478260869566,28.870292887029287,42.016806722689076,77.39130434782608,39.705882352941174,57.35294117647059,85.07462686567165,53.0,34.0,41
2021-04-13,562,452,106,215,289,446,98,14,16,5,5,0,2,484103609986.64,202134340895.65,14,5,39.01996370235935,53.027522935779814,83.9924670433145,144.0,412.0,5,2.394959747272998,346.0,14.430924178636396,1.7804687315732834,32.6530612244898,45.36082474226804,87.5,39.726027397260275,54.861111111111114,85.71428571428571,37.65690376569037,50.0,81.57894736842105,51.470588235294116,70.58823529411765,83.5820895522388,59.0,36.0,50
2021-04-15,559,218,336,219,290,436,32,21,18,7,9,0,2,403610818733.8,256689932193.72,26,8,40.036563071297984,53.50553505535055,82.57575757575758,136.0,426.0,9,1.5723671562981325,-118.0,7.510521924290056,0.41263233031210983,33.6734693877551,50.51546391752577,84.375,41.78082191780822,57.931034482758626,84.28571428571429,38.13559322033898,48.927038626609445,81.33333333333333,52.23880597014925,64.17910447761194,80.59701492537313,80.0,39.0,33
2021-04-16,555,360,187,261,307,443,43,3,21,3,11,0,1,428604831441.49,187357696661.81,4,2,48.06629834254144,57.06319702602231,84.54198473282443,173.0,38.0,11,2.28762863270647,173.0,16.106025387202486,0.8415411760089601,42.857142857142854,52.04081632653062,85.56701030927834,51.369863013698634,59.02777777777778,86.42857142857143,45.1063829787234,55.603448275862064,83.40807174887892,59.375,65.625,82.8125,73.0,32.0,38
2021-04-19,550,95,455,184,250,408,19,121,19,9,6,1,2,161394491105.13,467216631230.07,4,4,34.137291280148425,46.728971962616825,78.61271676300578,94.0,145.0,5,0.34543824067267637,-360.0,-3.2753492789433984,0.6044241320376892,28.57142857142857,44.89795918367347,78.35051546391753,35.61643835616438,47.22222222222222,80.0,33.047210300429185,45.02164502164502,77.37556561085974,43.54838709677419,54.83870967741935,80.32786885245902,65.0,25.0,19
2021-04-20,545,310,224,198,253,410,38,7,27,2,7,0,3,351575754093.32,284244643488.95,4,0,37.21804511278196,47.82608695652174,80.078125,100.0,131.0,7,1.236877324328497,86.0,2.4699521278965815,1.118889112289215,29.896907216494846,41.23711340206185,78.125,38.35616438356164,47.22222222222222,82.14285714285714,37.76824034334764,48.706896551724135,80.54298642533936,44.642857142857146,57.14285714285714,76.36363636363637,52.0,19.0,26
2021-04-22,541,302,230,220,267,417,50,8,41,0,11,0,2,437505273939.56,209618676991.39,6,4,41.509433962264154,50.857142857142854,82.08661417322834,107.0,136.0,11,2.087148341068531,72.0,6.669835070105285,0.6291088431158885,30.612244897959183,39.795918367346935,81.44329896907216,40.41095890410959,51.74825174825175,81.29496402877699,42.73504273504273,51.293103448275865,83.2579185520362,59.61538461538461,67.3076923076923,80.3921568627451,44.0,18.0,32
2021-04-23,536,262,264,230,274,417,32,8,40,1,9,0,2,257765416326.68,345278378158.47003,7,5,43.977055449330784,52.79383429672448,83.23353293413174,120.0,23.0,9,0.7465437531926056,-2.0,6.5273858103432,1.3293584444047992,31.63265306122449,36.734693877551024,83.50515463917526,43.15068493150685,54.54545454545454,81.29496402877699,44.73684210526316,55.06607929515418,83.72093023255815,66.66666666666666,68.62745098039215,86.0,25.0,15.0,51
2021-04-26,540,326,204,264,291,428,49,3,43,0,16,0,3,402638635396.25,179399857395.97,9,4,50.094876660341555,55.64053537284895,84.75247524752476,131.0,19.0,16,2.2443643001763878,122.0,12.572954764194902,0.7120230951635982,36.734693877551024,43.87755102040816,83.50515463917526,49.31506849315068,53.84615384615385,82.01438848920863,50.0,58.590308370044056,86.04651162790698,76.36363636363637,69.0909090909091,88.88888888888889,30.0,17.0,58
2021-04-27,546,395,143,329,332,438,60,7,42,2,28,0,3,486947293388.85,122701070219.31,7,5,61.61048689138576,62.75992438563327,85.71428571428571,141.0,18.0,28,3.968565983316232,252.0,24.179051445917136,0.6960291888430611,53.06122448979592,53.06122448979592,85.56701030927834,60.544217687074834,60.83916083916085,83.45323741007195,61.30434782608696,64.62882096069869,86.23853211009175,79.66101694915254,76.27118644067797,89.47368421052632,33.0,18.0,68
2021-04-28,553,357,192,381,373,451,52,8,55,1,15,0,5,507776637989.67,179452228951.95,4,2,70.29520295202953,69.71962616822431,87.2340425531915,161.0,18.0,15,2.829592259484455,165.0,29.63136885156006,0.6571176443417235,68.36734693877551,63.26530612244898,86.5979381443299,66.44295302013423,69.93006993006993,87.05035971223022,69.6969696969697,69.1304347826087,86.69724770642202,84.375,81.25,90.47619047619048,33.0,20.0,76
2021-04-29,569,238,325,366,383,460,38,10,81,1,23,0,5,446904849304.58,261647854928.86,3,1,65.35714285714286,69.50998185117967,86.30393996247655,150.0,25.0,23,1.7080394159015366,-87.0,21.54494338912696,0.4287416821239842,62.244897959183675,64.28571428571429,85.56701030927834,55.333333333333336,65.03496503496503,84.17266187050359,67.52136752136752,70.25862068965517,87.27272727272727,82.05128205128204,82.05128205128204,88.31168831168831,30.0,17.0,70
2021-04-30,574,229,336,354,365,463,32,11,83,1,24,0,4,289579887361.08,440636485758.44,9,4,62.43386243386243,65.52962298025135,85.89981447124305,122.0,29.0,24,0.6571854504119065,-107.0,13.523324901801026,1.0370704625618887,61.61616161616161,57.14285714285714,86.5979381443299,50.66666666666667,60.13986013986013,83.45323741007195,62.97872340425532,66.95278969957081,86.87782805429865,83.13253012048193,80.72289156626506,86.58536585365853,32.0,16.0,55
2021-05-03,574,363,204,374,379,462,87,9,102,2,47,0,5,413571587334.44,232799689412.99,9,5,65.72934973637962,67.67857142857143,85.39741219963032,157.0,30.0,47,1.77651262498361,159.0,19.897224470628345,1.0016319274524148,60.0,59.59595959595959,84.6938775510204,57.71812080536913,64.53900709219859,82.48175182481752,67.22689075630252,67.64705882352942,87.16814159292035,82.92682926829268,82.92682926829268,86.25,32.0,17.0,69
2021-05-04,574,198,371,368,375,458,26,44,91,1,12,0,4,303086371535.79,405342228272.91,12,5,64.67486818980667,66.96428571428571,84.65804066543437,145.0,64.0,12,0.7477295736671362,-173.0,8.647422479622561,0.7137509885486347,60.0,56.56565656565656,85.71428571428571,56.375838926174495,60.28368794326241,78.83211678832117,66.24472573839662,70.042194092827,87.16814159292035,80.72289156626506,81.92771084337349,86.25,37.0,17.0,41
2021-05-05,579,386,181,391,392,472,64,10,84,2,19,0,3,514241412212.68,120391312042.7,7,5,68.1184668989547,69.38053097345133,86.44688644688645,177.0,63.0,19,4.271416296470717,205.0,17.885604664914503,0.4992715617171157,62.0,60.0,85.85858585858585,61.74496644295302,65.0,84.55882352941177,70.88607594936708,70.88607594936708,87.16814159292035,78.4090909090909,82.95454545454545,88.23529411764706,40.0,20.0,64
2021-05-06,575,320,245,412,403,477,65,5,91,0,26,0,5,493814006714.13,179381659993.21,9,4,72.40773286467487,71.96428571428571,88.17005545286506,155.0,59.0,26,2.75286786136789,75.0,19.19482241001454,0.4744588243078926,65.0,63.0,86.86868686868688,65.77181208053692,65.71428571428571,86.76470588235294,76.72413793103449,77.15517241379311,89.14027149321268,80.68181818181817,78.4090909090909,89.41176470588236,46.0,23.0,64
2021-05-07,574,304,265,417,403,482,56,16,87,0,33,0,8,500964298400.49,195738354924.75998,8,4,73.41549295774648,72.09302325581395,89.09426987060998,185.0,31.0,33,2.5593568444623744,39.0,18.418229470025,0.44822581649872756,70.0,63.0,86.86868686868688,66.44295302013423,67.85714285714286,88.14814814814815,74.67811158798283,73.8197424892704,90.13452914798206,86.04651162790698,84.88372093023256,90.47619047619048,45.0,23.0,70
2021-05-10,581,378,198,439,426,496,104,8,85,0,44,0,9,571121082773.59,148098994909.82,10,8,76.61431064572426,75.53191489361703,90.84249084249085,225.0,29.0,44,3.8563467842665324,180.0,24.712151358983817,0.4950516682990722,75.0,70.0,88.88888888888889,71.81208053691275,72.85714285714285,93.33333333333333,77.4468085106383,77.4468085106383,90.66666666666666,84.26966292134831,80.89887640449437,89.65517241379311,46.0,26.0,81
2021-05-11,587,337,246,456,449,506,78,10,87,0,39,0,3,445813684334.2,304961386373.33,13,11,78.75647668393782,78.7719298245614,91.500904159132,238.0,34.0,39,1.4618692865871232,91.0,25.519893817248686,0.937100677711891,73.0,71.0,88.88888888888889,72.97297297297297,74.82014388489209,93.28358208955224,81.77966101694916,81.77966101694916,91.5929203539823,86.31578947368422,85.26315789473684,91.48936170212765,47.0,32.0,85
2021-05-12,592,213,377,445,452,516,36,44,77,0,17,0,3,341288696212.81,436232280125.98,14,12,76.1986301369863,78.6086956521739,92.3076923076923,218.0,62.0,17,0.782355437140619,-164.0,13.332914149978912,0.722161195000401,67.0,66.0,89.8989898989899,68.24324324324324,74.82014388489209,93.23308270676691,82.70042194092827,83.54430379746836,93.01310043668121,81.81818181818183,84.84848484848484,91.83673469387756,54.0,39.0,75
2021-05-14,596,175,420,404,436,513,19,72,109,0,13,0,1,248706993893.3,537527597486.42,23,11,68.82453151618398,75.4325259515571,91.28113879003558,133.0,126.0,13,0.4626869300409888,-245.0,-1.2036180362866453,0.9005369281335757,56.00000000000001,65.0,86.86868686868688,64.86486486486487,67.85714285714286,89.55223880597015,72.91666666666666,80.3347280334728,93.07359307359307,77.77777777777779,84.84848484848484,93.87755102040816,68.0,46.0,67
2021-05-17,602,428,162,444,464,527,91,14,112,0,27,0,3,586040651955.36,118758926367.13,31,9,74.87352445193929,79.31623931623932,92.78169014084507,146.0,130.0,27,4.934708235267137,266.0,11.92366503463774,0.5353863253272874,72.0,71.0,90.9090909090909,68.91891891891892,75.88652482269504,93.28358208955224,77.08333333333334,81.58995815899581,93.53448275862068,80.95238095238095,86.66666666666667,92.23300970873787,91.0,51.0,74
2021-05-18,610,389,210,490,503,538,79,9,119,0,21,0,4,594629570685.73,141692025643.74,19,15,81.53078202995009,84.82293423271501,93.40277777777779,189.0,95.0,21,4.196633988286842,179.0,18.7378737351049,0.44139683316465134,82.0,79.0,91.91919191919192,76.35135135135135,81.69014084507043,95.55555555555556,83.05785123966942,86.66666666666667,93.58974358974359,84.68468468468468,90.09009009009009,91.66666666666666,100.0,58.0,80
2021-05-19,624,338,279,516,521,553,59,10,122,0,28,0,4,353727145848.42,329126408811.47003,15,9,83.76623376623377,85.83196046128501,93.72881355932203,229.0,33.0,28,1.0747455578717833,59.0,18.470332805328795,1.127215204731004,84.0,76.0,90.9090909090909,78.52348993288591,83.80281690140845,94.81481481481482,86.41975308641975,90.45643153526972,94.46808510638299,84.67741935483872,87.09677419354838,93.38842975206612,102.0,56.0,76
2021-05-20,632,259,365,505,524,560,45,17,147,0,18,0,3,280319180612.38,383582438186.48,15,9,80.92948717948718,85.20325203252033,93.64548494983278,183.0,36.0,18,0.7307925303819615,-106.0,9.899233646343582,0.9709856239567902,77.0,78.0,90.9090909090909,73.8255033557047,80.28169014084507,93.33333333333333,84.42622950819673,89.25619834710744,93.61702127659575,85.49618320610686,88.54961832061069,96.12403100775194,103.0,53.0,64
2021-05-21,636,386,247,529,545,569,51,12,145,0,21,0,3,574954086033.27,120018937317.31,24,13,83.96825396825398,87.76167471819646,94.20529801324503,155.0,39.0,21,4.790528052362166,139.0,14.771447697179507,0.32621728113389664,85.0,85.0,91.91919191919192,77.33333333333333,81.11888111888112,94.85294117647058,86.41975308641975,90.45643153526972,94.44444444444444,86.13138686131386,91.97080291970804,94.81481481481482,104.0,55.0,75
2021-05-24,649,376,270,546,565,581,68,10,140,1,34,0,5,473413333140.33,243354754639.57,18,13,84.9144634525661,88.9763779527559,94.31818181818183,164.0,39.0,34,1.945362990098538,106.0,17.21333347215833,0.7158523112039126,86.0,84.0,91.91919191919192,77.85234899328859,83.21678321678321,94.02985074626866,85.94377510040161,91.49797570850203,94.6058091286307,89.65517241379311,93.79310344827586,95.77464788732394,91.0,59.0,87
2021-05-25,656,313,339,547,571,583,53,21,146,1,26,0,4,398892533246.91,268624447644.38,15,6,84.15384615384616,88.94080996884736,93.57945425361156,172.0,43.0,26,1.4849450105709892,-26.0,12.615079142404426,0.6217764484445333,82.0,86.0,91.91919191919192,75.16778523489933,79.72027972027972,92.5925925925926,86.34538152610442,91.90283400809717,93.3609958506224,90.78947368421053,94.73684210526315,95.94594594594594,87.0,50.0,80
2021-05-26,663,367,291,556,581,597,64,12,149,2,33,0,2,408354818391.6,220508399643.47,21,12,84.49848024316108,89.38461538461539,94.61172741679873,185.0,43.0,33,1.8518787449904417,76.0,13.72049629475282,0.6810210378467487,81.0,86.0,93.93939393939394,77.18120805369128,81.81818181818183,93.38235294117648,86.34538152610442,92.71255060728745,94.56066945606695,90.625,93.125,96.17834394904459,93.0,53.0,82
2021-05-27,667,338,323,560,589,599,47,18,131,3,26,0,1,756427557247.6,339675638261.84,37,17,84.59214501510573,90.06116207951071,94.33070866141732,164.0,51.0,26,2.2269114179584037,15.0,11.547025478536934,0.46990626571142696,81.0,86.0,93.93939393939394,79.19463087248322,82.51748251748252,92.64705882352942,84.33734939759037,92.71255060728745,93.75,92.07317073170732,95.1219512195122,96.875,115.0,61.0,73
2021-05-28,678,253,420,552,595,609,36,41,118,2,12,0,2,416630796075.69,264136812010.94,19,13,82.02080237741455,89.47368421052632,94.27244582043343,147.0,71.0,12,1.577329539581306,-167.0,0.5309728032796706,0.3818992399906815,84.0,89.0,95.95959595959596,78.52348993288591,84.61538461538461,91.91176470588235,80.72289156626506,89.47368421052632,93.75,85.71428571428571,93.71428571428572,95.90643274853801,110.0,61.0,68
2021-05-31,683,362,313,553,607,619,60,26,119,2,22,0,3,488497303130.70996,170440821846.59,21,4,81.56342182890856,90.59701492537313,95.08448540706605,143.0,85.0,22,2.8660815985174932,49.0,1.9095929019183053,0.4035298650830489,83.0,91.0,96.96969696969697,83.22147651006712,87.41258741258741,93.38235294117648,79.11646586345381,91.09311740890689,95.41666666666667,82.77777777777777,92.22222222222223,94.88636363636364,113.0,52.0,58
2021-06-01,693,210,479,509,597,623,36,38,104,2,14,0,1,276322765819.46,309708823744.27997,28,10,73.98255813953489,87.79411764705883,94.25113464447806,132.0,105.0,14,0.8922017864354226,-269.0,-12.821234878255252,0.4913836397040599,80.0,91.0,95.95959595959596,73.8255033557047,85.3146853146853,93.38235294117648,71.2,85.88709677419355,94.1908713692946,74.60317460317461,90.47619047619048,94.05405405405406,126.0,56.0,43
2021-06-02,699,518,177,580,620,634,101,6,111,0,30,0,2,524367569178.01996,171690033810.81,12,6,83.5734870317003,90.37900874635568,95.1951951951952,197.0,70.0,30,3.0541526350669552,341.0,5.1480135440876325,0.9582211572252434,92.0,90.0,96.96969696969697,80.53691275167785,86.7132867132867,92.64705882352942,80.80000000000001,90.32258064516128,95.83333333333334,85.12820512820512,93.33333333333333,95.28795811518324,117.0,50.0,62
2021-06-03,700,475,219,616,643,643,79,6,131,0,43,0,5,534408743485.94,155194500948.25,16,10,88.50574712643679,93.59534206695778,96.40179910044976,216.0,50.0,43,3.4434773153730487,256.0,16.235980877470368,0.629871950079777,94.0,92.0,97.97979797979798,87.24832214765101,90.20979020979021,95.58823529411765,84.39999999999999,93.54838709677419,96.6804979253112,91.87817258883248,96.93877551020408,95.81151832460732,96.0,43.0,68
2021-06-04,709,357,344,629,651,651,76,6,140,0,45,0,3,453300768746.77,237552862800.26,10,9,89.21985815602837,93.26647564469914,96.44444444444444,256.0,18.0,45,1.9082100859711209,13.0,13.48501304312525,0.5438555771736576,92.0,91.0,96.96969696969697,86.57718120805369,89.72602739726028,95.62043795620438,85.2,93.11740890688259,96.65271966527197,94.66019417475728,97.07317073170731,96.5,87.0,39.0,68
2021-06-07,715,472,234,638,665,666,112,12,152,0,58,0,5,529656233712.79,194018313262.96,18,12,89.60674157303372,94.46022727272727,97.79735682819384,267.0,24.0,58,2.7299290711538546,238.0,22.315510479544542,0.7388814743972286,94.0,96.0,98.98989898989899,89.33333333333333,92.46575342465754,97.08029197080292,85.6,92.71255060728745,97.5,92.45283018867924,97.1563981042654,98.04878048780488,84.0,47.0,87
2021-06-08,722,368,348,656,673,670,60,10,148,0,47,0,2,436635546716.91,272040114656.16,30,18,91.23783031988873,94.65541490857946,97.5254730713246,248.0,28.0,47,1.6050410332637424,20.0,18.85400823528532,0.6588437569209803,95.0,99.0,98.98989898989899,92.66666666666666,93.83561643835617,96.35036496350365,87.95180722891565,91.869918699187,97.05882352941177,92.27272727272727,96.34703196347031,98.12206572769952,86.0,55.0,92
2021-06-09,739,176,558,616,671,679,27,52,106,0,18,0,1,305622166779.61,500169114181.42,34,13,83.69565217391305,92.04389574759945,96.58605974395448,199.0,74.0,18,0.6110376632907316,-382.0,-4.299846224732747,0.516191071891186,85.0,95.0,96.96969696969697,83.33333333333334,93.15068493150685,96.32352941176471,80.4,88.70967741935483,95.83333333333334,86.86440677966102,93.61702127659575,97.36842105263158,108.0,62.0,70
2021-06-10,748,620,124,665,692,696,96,0,128,0,32,0,3,561736183582.88,75281902586.46,38,20,89.14209115281501,93.38731443994602,97.75280898876404,183.0,62.0,32,7.461769220533918,496.0,19.82510744307548,0.6700823695056909,90.0,96.0,97.97979797979798,88.66666666666667,94.5578231292517,97.05882352941177,87.6,90.76305220883533,98.33333333333333,90.65040650406505,94.28571428571428,97.46835443037975,130.0,72.0,82
2021-06-11,758,346,404,686,712,708,66,7,135,0,40,0,2,408024826024.47,237144176155.67,27,16,90.74074074074075,94.68085106382979,97.9253112033195,189.0,59.0,40,1.7205770457404264,-58.0,12.65281729183613,0.4977607051567989,97.0,99.0,98.98989898989899,90.66666666666666,95.23809523809523,97.05882352941177,87.2,92.0,97.9253112033195,91.796875,95.29411764705881,97.97570850202429,147.0,79.0,78
2021-06-14,761,269,484,648,707,709,41,30,145,0,33,0,0,347243722201.51,387337809203.18,15,9,85.37549407114624,93.51851851851852,97.65840220385675,203.0,37.0,33,0.8964880627477334,-215.0,-1.3927548739326951,0.6199581980639678,85.0,98.0,97.97979797979798,88.66666666666667,93.91891891891892,97.08029197080292,81.2,91.2,97.91666666666666,87.64478764478764,93.7984496124031,97.6,144.0,76.0,71
2021-06-15,761,423,326,659,704,711,61,15,127,0,37,0,0,384313197254.15,225183235565.23,15,6,86.8247694334651,93.12169312169311,97.93388429752066,168.0,52.0,37,1.706668777049453,97.0,2.2052446987046253,0.7602799264384389,87.0,97.0,98.98989898989899,90.0,93.24324324324324,97.08029197080292,82.39999999999999,90.8,98.33333333333333,89.1891891891892,93.7984496124031,97.6,129.0,64.0,68
2021-06-16,768,211,552,624,700,713,40,25,121,0,31,0,1,191906932387.27,420617938364.04,22,10,81.67539267015707,91.98423127463863,97.53761969904241,142.0,70.0,31,0.45624999526571963,-341.0,-16.629491890183992,0.837800286636659,71.0,93.0,94.94949494949495,84.66666666666667,93.24324324324324,97.79411764705883,78.4,89.2,97.93388429752066,87.12121212121212,93.5361216730038,98.03149606299213,117.0,61.0,62
2021-06-17,776,219,549,562,686,712,33,30,111,0,29,0,3,198621082169.1,459857967014.77,17,4,72.7979274611399,89.20676202860858,96.34641407307171,134.0,70.0,29,0.4319183235173146,-330.0,-32.10004421423284,0.9235706894225926,52.0,85.0,93.93939393939394,73.33333333333333,87.16216216216216,94.85294117647058,72.39999999999999,88.0,96.69421487603306,80.51470588235294,92.98892988929889,97.70992366412213,96.0,45.0,51
2021-06-18,777,175,598,469,655,708,28,38,96,0,13,0,1,334149551144.74,578645010611.93,23,10,60.594315245478036,84.95460440985732,95.54655870445345,101.0,93.0,13,0.5774689922433952,-423.0,-49.81686623022344,0.5067668470498289,43.0,75.0,93.93939393939394,65.33333333333333,82.43243243243244,94.11764705882352,60.0,85.6,95.45454545454545,64.96350364963503,89.37728937728939,96.96969696969697,92.0,39.0,39
2021-06-21,780,488,285,526,666,715,89,9,105,0,30,0,1,432949924225.1,135184352300.78,10,5,67.6962676962677,86.04651162790698,96.10215053763442,150.0,77.0,30,3.2026630068974478,203.0,-33.41566472274429,0.5346427950948055,56.00000000000001,82.0,94.94949494949495,67.33333333333333,83.1081081081081,95.58823529411765,68.8,87.2,95.86776859504133,71.11913357400722,88.04347826086956,97.00374531835206,87.0,35.0,55
2021-06-22,776,456,314,565,682,715,80,6,103,0,27,0,1,356905406113.93,236851999825.78,8,5,73.09184993531694,88.57142857142857,96.62162162162163,197.0,53.0,27,1.5068709843128074,142.0,-22.275559110235893,0.9637383123581287,57.99999999999999,83.0,95.95959595959596,74.0,86.48648648648648,95.58823529411765,73.6,89.2,95.86776859504133,77.65567765567766,91.17647058823529,98.09885931558935,80.0,34.0,56
2021-06-23,777,256,516,516,674,712,39,20,95,0,25,0,2,234837566576.85,357432869941.02997,6,4,66.66666666666666,87.4189364461738,96.08636977058029,208.0,35.0,25,0.6570116693956938,-260.0,-32.73939101599003,0.7551220992224946,49.0,81.0,94.94949494949495,66.66666666666666,84.45945945945947,94.85294117647058,66.8,88.0,96.28099173553719,72.99270072992701,90.84249084249085,96.96969696969697,64.0,28.0,50
2021-06-24,772,286,478,482,647,703,34,25,80,2,25,0,1,270102986663.71,297040107527.87,9,4,62.67880364109233,84.46475195822454,95.38670284938942,153.0,51.0,25,0.9093148696708151,-192.0,-38.12227034032987,0.6579968939133686,45.0,75.0,94.94949494949495,64.0,80.4054054054054,92.64705882352942,62.24899598393574,85.94377510040161,95.850622406639,68.88888888888889,88.84758364312268,96.55172413793103,56.0,28.0,52
2021-06-25,775,442,325,525,666,705,57,14,77,1,28,0,2,438890028734.99,153973104889.62,3,1,68.2704811443433,86.94516971279373,95.65807327001356,130.0,59.0,28,2.8504330613428936,117.0,-27.08402081093878,0.47712048335535306,63.26530612244898,83.6734693877551,94.84536082474226,67.33333333333333,83.89261744966443,92.7536231884058,66.26506024096386,86.69354838709677,95.81589958158996,72.42647058823529,90.03690036900369,97.33840304182509,36.0,19.0,64
2021-06-28,770,425,338,541,665,705,74,21,88,1,33,0,3,312048935292.74,193701020230.67,11,5,70.81151832460732,87.3850197109067,96.31147540983606,165.0,60.0,33,1.610982404331865,87.0,-19.010897359254706,0.7805153217831896,69.38775510204081,86.73469387755102,96.90721649484536,72.0,85.23489932885906,94.92753623188406,69.07630522088354,87.90322580645162,95.81589958158996,72.28464419475655,88.34586466165413,97.28682170542635,37.0,19.0,64
2021-06-29,776,296,474,505,657,703,64,15,93,1,28,0,3,245256600979.11,325281966030.87,9,3,65.75520833333334,85.88235294117646,95.5163043478261,195.0,50.0,28,0.7539815501355971,-178.0,-25.263322321268554,0.8282332289528258,61.458333333333336,81.25,93.6842105263158,70.0,84.56375838926175,94.96402877697841,62.4,86.34538152610442,95.39748953974896,68.01470588235294,87.82287822878229,96.57794676806084,38.0,17.0,51
2021-06-30,770,356,404,508,651,694,61,22,99,3,31,0,3,250721365853.63,261676777018.46,11,7,66.66666666666666,85.65789473684211,95.06849315068493,199.0,58.0,31,0.9581338042693137,-48.0,-23.98282905218405,0.9196921295182645,53.125,80.20833333333334,93.6842105263158,68.0,84.56375838926175,94.24460431654677,66.0,85.2,94.9579831932773,71.42857142857143,88.67924528301887,96.12403100775194,43.0,20.0,49
2021-07-01,774,389,376,507,655,698,60,22,90,3,41,0,1,273442106301.65,217595678148.5,11,6,66.18798955613578,85.73298429319371,95.09536784741145,185.0,59.0,41,1.2566522856903304,13.0,-19.718093161855883,0.823278228883157,51.041666666666664,80.20833333333334,93.6842105263158,66.0,82.5503355704698,93.5251798561151,68.0,85.94377510040161,95.7983193277311,70.0,89.25925925925927,95.80152671755725,45.0,22.0,56
2021-07-02,763,453,292,538,656,693,76,8,91,2,45,0,3,384160641571.58,163392575770.01,12,9,71.16402116402116,87.0026525198939,95.58620689655173,197.0,52.0,45,2.351151144788373,161.0,-8.573153509816017,0.659834169509905,52.083333333333336,79.16666666666666,92.63157894736842,68.66666666666667,83.22147651006712,95.68345323741008,76.30522088353415,89.11290322580645,96.62447257383965,74.71264367816092,90.03831417624522,95.66929133858267,54.0,30.0,71
2021-07-05,762,506,246,591,671,695,112,11,99,2,48,0,6,399301714501.28,120779723352.64,11,6,78.27814569536424,89.11022576361222,95.99447513812154,248.0,41.0,48,3.3060326966923137,260.0,5.948635660227151,0.6221688524628418,67.70833333333334,79.16666666666666,93.6842105263158,76.66666666666667,85.90604026845638,94.96402877697841,77.91164658634538,90.7258064516129,97.46835443037975,83.46153846153847,93.07692307692308,96.04743083003953,54.0,31.0,78
2021-07-06,764,267,489,552,660,693,45,41,74,3,25,0,3,275596052208.99,335320777689.19,16,11,73.11258278145696,87.64940239043824,95.71823204419888,233.0,60.0,25,0.8218877878913932,-222.0,-5.764977777687077,0.6643391932364398,55.78947368421052,75.78947368421053,93.61702127659575,72.0,85.23489932885906,94.28571428571428,72.69076305220884,90.7258064516129,96.59574468085106,80.45977011494253,90.42145593869732,96.47058823529412,61.0,39.0,69
2021-07-07,765,425,331,567,664,693,60,22,70,3,22,0,6,394364864910.31,130417304454.97,21,13,75.19893899204244,88.29787234042553,95.850622406639,217.0,74.0,22,3.023869160295939,94.0,0.048707621784692456,0.42461755034473586,63.1578947368421,76.84210526315789,95.74468085106383,73.33333333333333,85.23489932885906,94.28571428571428,72.06477732793523,89.43089430894308,96.56652360515021,83.58778625954199,93.12977099236642,96.09375,71.0,45.0,75
2021-07-08,761,270,479,526,637,688,42,19,82,3,15,0,4,167991724458.49,335459730553.03,25,8,70.13333333333334,85.16042780748663,95.6884561891516,147.0,82.0,15,0.5007805979619172,-209.0,-10.13083489977587,1.1255913743407393,47.368421052631575,67.36842105263158,94.68085106382979,68.0,81.87919463087249,95.0354609929078,72.76422764227642,87.34693877551021,96.12068965517241,77.22007722007721,91.5057915057915,96.03174603174604,85.0,47.0,52
2021-07-09,759,416,335,533,632,690,56,4,81,4,29,0,10,306299754913.7,159749617868.54,20,12,71.2566844919786,84.71849865951742,96.23430962343096,158.0,45.0,29,1.9173739443042548,81.0,-4.283689581211268,0.6476519869611143,49.473684210526315,71.57894736842105,93.61702127659575,71.33333333333334,81.87919463087249,95.0354609929078,71.13821138211382,85.71428571428571,96.98275862068965,79.37743190661479,90.27237354085604,97.2,93.0,50.0,61
2021-07-12,762,424,329,550,643,693,77,9,81,4,48,0,9,310772317904.1,174698619652.36,14,8,73.23568575233023,85.84779706275033,96.25,175.0,32.0,48,1.7789054001830047,95.0,1.437038114067521,0.7244644933111771,51.578947368421055,69.47368421052632,95.78947368421052,74.0,83.89261744966443,95.0,73.17073170731707,87.34693877551021,96.56652360515021,80.76923076923077,91.53846153846153,96.82539682539682,96.0,52.0,67
2021-07-13,758,407,344,572,651,690,60,11,89,3,47,0,3,343895201786.69,150319380098.1,15,9,76.36849132176235,87.14859437751004,96.10027855153204,193.0,24.0,47,2.287763570886604,63.0,4.721075102960549,0.5171598804789102,61.05263157894737,73.68421052631578,94.73684210526315,72.0,86.57718120805369,94.28571428571428,76.82926829268293,88.16326530612245,96.56652360515021,84.10852713178295,91.47286821705426,97.2,95.0,50.0,68
2021-07-14,764,348,409,593,659,693,46,18,77,3,37,0,7,284849436486.19,205471569594.53,17,14,78.54304635761589,87.51660026560425,95.850622406639,183.0,38.0,37,1.3863204386295453,-61.0,1.3053213529492846,0.6137511371919103,62.10526315789474,72.63157894736842,95.78947368421052,79.33333333333333,87.91946308724832,92.85714285714286,76.01626016260163,88.16326530612245,95.70815450643777,86.36363636363636,92.04545454545455,97.6470588235294,91.0,51.0,68
2021-07-15,769,336,429,574,654,701,63,23,88,2,43,0,7,387033655825.97003,172952667912.0,32,18,75.6258234519104,86.2796833773087,96.42365887207703,169.0,52.0,43,2.237801015147662,-93.0,-3.221674710075092,0.34999393507965787,58.76288659793815,70.10309278350515,93.81443298969072,75.67567567567568,85.71428571428571,94.92753623188406,75.80645161290323,87.09677419354838,96.59574468085106,81.57894736842105,91.72932330827066,98.0544747081712,98.0,61.0,82
2021-07-16,771,382,382,576,665,704,56,11,107,1,52,0,5,400570549224.96,176818811626.7,35,19,75.68988173455979,87.5,96.57064471879286,165.0,52.0,52,2.265429484226174,0.0,-2.4261479704105593,0.44141740317358863,61.855670103092784,75.25773195876289,94.84536082474226,78.37837837837837,88.43537414965986,96.37681159420289,72.98387096774194,87.5,95.31914893617022,81.71641791044776,91.4179104477612,98.45559845559846,113.0,68.0,83
2021-07-19,773,304,464,527,639,703,58,14,116,1,50,0,4,223512726617.84,340565343747.06,17,10,69.0694626474443,83.74836173001312,96.16963064295486,177.0,48.0,50,0.6562990942021519,-160.0,-9.73384186814533,0.9982832820904344,45.36082474226804,59.79381443298969,92.78350515463917,70.94594594594594,82.43243243243244,94.92753623188406,66.26506024096386,85.14056224899599,95.33898305084746,79.182156133829,91.82156133828995,98.84615384615385,116.0,70.0,77
2021-07-20,780,133,645,416,591,697,27,96,81,2,22,0,4,184650147461.69,405302208516.77,38,17,54.166666666666664,76.953125,94.70108695652173,141.0,121.0,22,0.4555863342996065,-512.0,-33.53325094136783,0.4526069701028234,34.73684210526316,56.84210526315789,92.63157894736842,53.37837837837838,75.67567567567568,92.7007299270073,51.00401606425703,73.89558232931726,92.43697478991596,64.13043478260869,87.31884057971014,98.49624060150376,139.0,78.0,50
2021-07-22,775,574,197,492,615,696,126,15,92,3,45,0,4,501466076681.45,104905798749.62,29,13,64.48230668414155,80.60288335517694,95.21203830369357,211.0,125.0,45,4.780155936644698,377.0,-9.264079444266237,0.6095419526839835,50.526315789473685,65.26315789473685,92.63157894736842,64.1891891891892,79.72972972972973,93.43065693430657,59.83935742971887,77.10843373493977,92.85714285714286,73.80073800738008,89.66789667896678,99.23371647509579,151.0,77.0,61
2021-07-23,781,320,455,491,610,701,49,32,93,3,42,0,3,308988721898.22003,235912048380.71,20,12,63.601036269430054,79.22077922077922,94.98644986449864,202.0,143.0,42,1.309762362792003,-135.0,-14.06761741702304,0.536965119227808,50.51546391752577,62.10526315789474,93.6842105263158,65.54054054054053,77.02702702702703,92.7007299270073,58.23293172690763,77.51004016064257,93.72384937238493,71.94244604316546,87.76978417266187,97.75280898876404,139.0,71.0,54
2021-07-26,780,380,396,493,607,698,76,27,108,2,48,0,4,340160949390.49,232319132060.47,15,12,64.02597402597404,79.03645833333334,94.70827679782904,251.0,74.0,48,1.4641968845766435,-16.0,-12.154304296644995,0.6553735837741631,48.95833333333333,58.51063829787234,93.61702127659575,60.810810810810814,76.35135135135135,92.7536231884058,63.70967741935484,77.41935483870968,93.69747899159664,71.22302158273382,88.84892086330936,97.00374531835206,119.0,64.0,67
2021-07-27,781,303,475,469,592,693,63,27,103,1,39,1,2,286993080296.56,351601670525.34,16,6,60.67270375161707,76.98309492847855,93.90243902439023,188.0,86.0,38,0.816244928153367,-172.0,-18.257650057238536,0.7814991736429499,43.29896907216495,56.38297872340425,90.42553191489363,55.70469798657718,72.2972972972973,92.80575539568345,59.67741935483871,74.59677419354838,91.9831223628692,70.25089605734766,88.5304659498208,97.38805970149254,118.0,60.0,51
2021-07-28,786,267,515,439,570,695,48,34,98,1,27,1,3,285161503509.4,334545753908.02,21,13,56.4993564993565,73.73868046571799,93.66576819407008,187.0,88.0,26,0.8523841662261907,-248.0,-27.184722432259832,0.6082311503240327,40.20618556701031,54.736842105263165,90.52631578947368,55.70469798657718,66.66666666666666,92.02898550724638,52.82258064516129,71.37096774193549,91.13924050632912,65.7243816254417,85.86572438162544,97.79411764705883,101.0,56.0,53
2021-07-29,790,473,311,490,596,697,98,25,105,1,48,1,2,472375716051.1,192420798047.37,25,8,62.82051282051282,76.80412371134021,93.55704697986577,209.0,86.0,47,2.454909868603761,162.0,-14.181445700741733,0.6195340778064596,49.48453608247423,55.78947368421052,87.36842105263159,56.375838926174495,73.46938775510205,92.02898550724638,61.29032258064516,73.79032258064517,92.01680672268907,72.02797202797203,88.11188811188812,97.8102189781022,97.0,51.0,64
2021-07-30,788,405,372,492,604,697,64,22,95,2,36,0,5,412143396074.12,292383570001.36,18,8,63.32046332046332,78.13712807244502,93.80888290713324,210.0,81.0,36,1.4095983439568884,33.0,-9.442736866790053,0.772354537792116,51.041666666666664,57.446808510638306,88.29787234042553,58.38926174496645,76.19047619047619,93.47826086956522,61.29032258064516,75.80645161290323,92.01680672268907,71.83098591549296,88.02816901408451,97.43589743589743,95.0,47.0,54
2021-08-02,791,507,273,545,616,703,105,8,111,1,54,0,4,456956929399.26,145596702944.85,14,8,69.87179487179486,79.38144329896907,93.98395721925134,267.0,55.0,54,3.1385115195386595,234.0,4.706072870572587,0.5917272712179961,61.458333333333336,63.829787234042556,91.48936170212765,67.11409395973155,76.87074829931973,94.24460431654677,64.91935483870968,76.20967741935483,90.7949790794979,78.397212543554,88.50174216027874,97.46376811594203,94.0,43.0,60
2021-08-03,793,400,381,553,617,709,60,23,111,3,52,1,7,454265626262.11,172261221952.41,20,9,70.62579821200511,79.30591259640103,94.53333333333333,229.0,53.0,51,2.6370742127186833,19.0,6.029774831664783,0.3981187792670577,68.75,67.02127659574468,91.48936170212765,70.0,77.55102040816327,94.24460431654677,65.46184738955823,76.30522088353415,91.66666666666666,76.04166666666666,86.80555555555556,98.19494584837545,98.0,46.0,60
2021-08-04,796,188,605,480,600,702,21,86,85,8,19,1,1,292393589438.27997,393941031866.61,24,15,60.913705583756354,76.62835249042146,92.98013245033113,186.0,117.0,18,0.7422267948399079,-417.0,-14.668608865759715,0.41866421936426773,68.75,71.27659574468085,90.42553191489363,62.66666666666667,76.87074829931973,93.5251798561151,53.01204819277109,68.27309236947792,89.16666666666667,64.16382252559727,85.32423208191126,96.80851063829788,101.0,48.0,36
2021-08-05,793,268,524,429,568,693,32,46,74,7,9,1,1,373673047973.02,253860243174.87,25,8,54.64968152866242,72.82051282051282,92.03187250996015,113.0,155.0,8,1.4719636414892179,-256.0,-24.24238388272886,0.34746128726518255,63.541666666666664,70.52631578947368,90.52631578947368,57.99999999999999,72.6027397260274,93.47826086956522,46.98795180722892,64.2570281124498,88.75,56.55172413793104,81.03448275862068,94.64285714285714,101.0,48.0,34
2021-08-06,790,409,369,433,571,693,47,10,68,3,11,0,0,305200502358.2,261772070926.59,26,11,55.370843989769824,73.4877734877735,92.4,100.0,142.0,11,1.1659016994360292,40.0,-17.506749602823838,0.950681420695241,59.375,71.57894736842105,91.57894736842105,57.333333333333336,73.28767123287672,93.47826086956522,46.0,65.2,89.62655601659752,61.18881118881119,81.46853146853147,94.56521739130434,109.0,51.0,33
2021-08-09,789,227,553,372,519,684,26,73,61,8,15,1,1,211504487346.58002,291633172496.12,15,2,47.753530166880616,67.05426356589147,91.56626506024097,105.0,129.0,14,0.7252415270056219,-326.0,-29.960248545490913,0.5660021257002591,56.84210526315789,65.95744680851064,91.48936170212765,44.666666666666664,63.013698630136986,90.57971014492753,42.971887550200805,61.044176706827315,88.75,50.526315789473685,74.73684210526315,94.54545454545455,110.0,45.0,25
2021-08-10,787,102,684,237,412,653,10,266,34,14,5,1,2,216193153478.78,351893108320.83,6,4,30.541237113402065,53.43709468223087,87.76881720430107,83.0,349.0,4,0.6143716610717795,-582.0,-53.25818889874381,0.24272409758841598,47.87234042553192,56.98924731182796,88.17204301075269,29.333333333333332,51.369863013698634,87.68115942028986,27.710843373493976,52.208835341365464,85.0,27.915194346289752,54.416961130742045,90.10989010989012,96.0,40.0,16
2021-08-11,783,276,500,224,393,642,46,47,33,16,8,2,1,300372449777.1,290593052112.73,6,3,29.015544041450774,51.23859191655802,86.75675675675676,82.0,386.0,6,1.0336532397910747,-224.0,-55.011636956281336,0.5340282202487674,52.12765957446809,64.51612903225806,88.17204301075269,27.333333333333332,45.89041095890411,85.5072463768116,26.506024096385545,48.99598393574297,85.83333333333333,24.372759856630825,51.61290322580645,87.73234200743495,78.0,28.0,19
2021-08-12,780,642,134,338,479,658,203,3,48,8,22,0,5,399194567808.87,118712893271.67,9,6,43.953185955786736,62.69633507853403,89.15989159891599,259.0,316.0,22,3.362689231196886,508.0,-19.635776860694506,1.4247658486163826,63.829787234042556,66.66666666666666,89.24731182795699,40.0,56.16438356164384,85.5072463768116,40.8,57.99999999999999,88.79668049792531,42.18181818181818,69.0909090909091,91.35338345864662,62.0,26.0,33
2021-08-13,770,320,441,325,462,648,48,27,43,6,19,1,2,345842830501.39,215369780526.42,8,5,42.81949934123847,61.273209549071616,89.1334250343879,297.0,77.0,18,1.6058094578360056,-121.0,-20.741237594664298,0.45187402479512906,56.38297872340425,66.66666666666666,89.24731182795699,35.333333333333336,55.47945205479452,86.95652173913044,41.6,58.4,89.25619834710744,43.39622641509434,65.28301886792453,90.15748031496062,44.0,20.0,39
2021-08-16,766,218,544,294,422,624,28,56,37,9,16,2,2,264761942312.61002,204704189962.97,4,4,38.94039735099338,56.266666666666666,86.1878453038674,279.0,86.0,14,1.2933879973854183,-326.0,-31.832700334235142,0.3098337814543917,57.446808510638306,64.51612903225806,86.02150537634408,36.666666666666664,54.794520547945204,84.78260869565217,38.0,53.2,84.71074380165288,34.48275862068966,57.08812260536399,88.44621513944223,33.0,22.0,58
2021-08-17,771,284,486,277,394,615,37,44,33,13,23,3,2,321105145211.29,276726029147.52,7,2,36.54353562005277,52.46338215712384,84.82758620689656,113.0,127.0,20,1.16037203366985,-202.0,-34.956737474897054,0.5035989518547451,47.31182795698925,60.0,85.55555555555556,40.26845637583892,55.172413793103445,86.13138686131386,36.8,48.8,81.89300411522635,30.451127819548873,51.8796992481203,86.66666666666667,34.0,20.0,45
2021-08-18,765,260,495,260,381,607,26,32,30,15,18,3,1,254075892702.32,282818778420.26,8,3,34.57446808510639,51.14093959731544,84.42280945757997,91.0,132.0,15,0.8983699530897875,-235.0,-39.10300554278851,0.5846728549257579,45.744680851063826,58.24175824175825,87.91208791208791,42.281879194630875,55.86206896551724,86.13138686131386,31.72690763052209,48.19277108433735,82.23140495867769,28.846153846153843,48.84615384615385,84.33734939759037,36.0,20.0,35
2021-08-20,762,99,660,187,303,571,18,170,31,19,8,5,2,141547432681.52,464087646739.41,6,1,25.0334672021419,40.945945945945944,79.97198879551821,81.0,246.0,3,0.3050015092537043,-561.0,-58.752549713121766,0.4918008450745993,36.17021276595745,46.15384615384615,81.31868131868131,29.53020134228188,42.758620689655174,78.83211678832117,22.48995983935743,40.16064257028113,77.59336099585063,20.784313725490197,38.82352941176471,82.44897959183673,33.0,15.0,17
2021-08-23,759,137,619,133,236,531,22,219,21,34,8,6,2,251774116179.27,315216381390.24,11,5,17.876344086021508,32.065217391304344,74.78873239436619,66.0,421.0,2,0.7987342379505713,-482.0,-71.30914723019106,0.2770943159439742,32.97872340425532,45.05494505494506,79.12087912087912,22.14765100671141,36.11111111111111,70.58823529411765,13.654618473895583,30.120481927710845,73.02904564315352,13.88888888888889,26.984126984126984,77.27272727272727,36.0,15.0,11
2021-08-24,753,612,137,211,297,560,178,8,25,16,8,0,2,425643220135.34,119842357383.5,5,1,28.62957937584803,40.74074074074074,79.54545454545455,218.0,397.0,8,3.55169265215024,475.0,-33.838492371134365,1.2577533368398477,41.935483870967744,52.22222222222223,82.22222222222221,36.91275167785235,47.22222222222222,79.41176470588235,23.694779116465863,36.144578313253014,76.76348547717843,23.577235772357724,37.39837398373984,81.43459915611815,37.0,12.0,24
2021-08-25,748,437,299,227,326,568,71,7,19,16,7,0,2,272591274946.78,221656734560.24,8,6,31.053351573187417,45.15235457063712,81.49210903873745,271.0,234.0,7,1.2297901775355147,138.0,-18.481890004785228,1.1884453854293808,42.391304347826086,57.30337078651685,84.26966292134831,37.16216216216216,49.65034965034965,81.48148148148148,29.71887550200803,42.168674698795186,80.08298755186722,24.380165289256198,41.078838174273855,81.89655172413794,38.0,16.0,22
2021-08-26,739,338,396,236,325,564,49,10,21,13,12,2,1,270009795899.08,227894205344.39,4,4,32.6417704011065,45.51820728291317,81.8577648766328,298.0,25.0,10,1.1848032532948591,-58.0,-15.059585531532775,0.7204026079112531,42.391304347826086,56.17977528089888,82.02247191011236,37.16216216216216,53.14685314685315,81.48148148148148,29.31726907630522,42.570281124497996,82.15767634854771,29.48717948717949,39.91416309012876,81.69642857142857,34.0,17.0,38
2021-08-27,729,478,242,278,344,563,58,5,25,10,11,0,3,404174510951.93,85714730264.03,5,3,38.93557422969188,48.86363636363637,82.79411764705881,178.0,22.0,11,4.71534483871019,236.0,2.6417827207557423,0.41888911185348965,50.0,58.24175824175825,84.61538461538461,43.91891891891892,56.33802816901409,80.0,36.17886178861789,44.3089430894309,85.71428571428571,34.070796460176986,45.33333333333333,80.55555555555556,33.0,19.0,54
2021-08-30,720,570,147,377,399,573,95,3,30,8,26,0,5,494485771733.57,71385649766.75,7,5,53.47517730496454,57.41007194244604,85.39493293591654,202.0,18.0,26,6.926963239100354,423.0,27.113243662858636,0.559776468643677,64.21052631578948,65.21739130434783,85.86956521739131,64.62585034013605,65.95744680851064,85.82089552238806,49.797570850202426,55.465587044534416,85.77405857740585,45.370370370370374,50.697674418604656,84.46601941747572,29.0,19.0,70
2021-08-31,707,384,317,384,414,563,50,9,25,10,34,0,5,614147773242.21,155062612495.41,9,8,55.41125541125541,60.526315789473685,85.3030303030303,203.0,17.0,34,3.960643790007016,67.0,30.100776550042315,0.3058483749367488,65.26315789473685,69.56521739130434,84.78260869565217,69.86301369863014,73.04964539007092,85.82089552238806,50.81300813008131,58.13008130081301,86.1344537815126,46.116504854368934,50.73170731707317,84.18367346938776,33.0,26.0,70
2021-09-01,696,325,360,394,408,560,51,5,23,12,26,0,5,365686103823.72003,232120263293.2,13,8,57.77126099706745,60.62407132243685,86.28659476117103,196.0,17.0,26,1.5754165475928652,-35.0,27.40461328583415,0.5730406851173195,69.47368421052632,66.30434782608695,90.10989010989012,68.4931506849315,73.04964539007092,85.18518518518519,53.87755102040816,58.77551020408164,86.97478991596638,48.97959183673469,51.28205128205128,84.32432432432432,38.0,28.0,65
2021-09-02,687,460,220,445,430,556,65,2,23,7,40,0,3,463250129343.6,106107895840.44,20,15,66.12184249628528,64.7590361445783,86.875,166.0,16.0,40,4.365840314468335,240.0,38.712370628506996,0.47892477514119025,75.78947368421053,72.82608695652173,87.91208791208791,76.87074829931973,76.76056338028168,86.76470588235294,62.55144032921811,62.139917695473244,88.98305084745762,57.446808510638306,55.080213903743314,83.61581920903954,54.0,39.0,72
2021-09-03,676,347,320,461,435,550,44,10,23,5,26,0,2,418873119903.3,166478602883.06,23,14,69.95447647951441,66.92307692307692,87.8594249201278,160.0,17.0,26,2.5160778181057304,27.0,37.53694130334975,0.4309783235624998,80.0,71.73913043478261,89.01098901098901,78.91156462585033,80.98591549295774,88.23529411764706,64.58333333333334,62.083333333333336,89.27038626609442,64.40677966101694,59.65909090909091,84.93975903614458,72.0,50.0,68
2021-09-06,676,326,338,472,449,553,48,7,31,5,23,0,0,338757792409.19,174315700907.05,17,13,71.40695915279879,68.75957120980092,88.05732484076432,157.0,19.0,23,1.9433578882823936,-12.0,34.39426452382355,0.4963043849182993,83.15789473684211,72.04301075268818,87.91208791208791,79.72972972972973,79.72027972027972,88.97058823529412,65.41666666666667,64.58333333333334,90.12875536480686,66.29213483146067,63.84180790960452,84.52380952380952,82.0,58.0,68
2021-09-07,670,215,452,426,435,545,36,16,30,5,19,0,1,273209435537.59,255280077688.58,21,12,64.9390243902439,67.23338485316846,87.62057877813506,128.0,33.0,19,1.070234066094583,-237.0,20.28530455470954,0.44444830517301254,77.89473684210526,73.11827956989248,87.91208791208791,75.83892617449665,81.11888111888112,88.23529411764706,55.41666666666667,59.583333333333336,89.22413793103449,61.627906976744185,63.1578947368421,84.66257668711657,94.0,62.0,60
2021-09-08,664,351,299,439,441,541,54,3,32,3,19,0,0,319111765526.97,224126318229.34,21,11,67.53846153846153,68.69158878504673,87.68233387358185,138.0,26.0,19,1.423803184061744,52.0,22.570717258343507,0.8244910930240998,78.94736842105263,74.19354838709677,86.81318681318682,76.51006711409396,80.55555555555556,88.97058823529412,59.75103734439834,63.48547717842323,88.8412017167382,64.24242424242425,62.80487804878049,85.35031847133759,102.0,65.0,63
2021-09-09,660,346,303,454,451,538,48,2,48,0,30,0,1,267226661524.08002,184916278343.46,13,6,70.17001545595053,70.5790297339593,87.62214983713355,138.0,21.0,30,1.4451224300963827,43.0,23.961891533658836,0.7901850858013336,79.16666666666666,75.53191489361703,86.95652173913044,79.72972972972973,81.25,88.97058823529412,65.41666666666667,66.94560669456067,89.17748917748918,63.190184049079754,63.580246913580254,84.51612903225806,95.0,56.0,70
2021-09-13,659,374,281,470,463,546,60,8,55,0,32,1,3,328297476464.73,145430871418.37,18,8,72.75541795665634,72.5705329153605,88.92508143322475,162.0,13.0,31,2.2574125649037495,93.0,27.53153608138514,0.5895957499241063,76.28865979381443,73.68421052631578,87.09677419354838,81.63265306122449,82.51748251748252,90.37037037037037,70.0,71.1297071129707,91.8103448275862,66.66666666666666,65.21739130434783,84.4155844155844,90.0,50.0,65
2021-09-14,653,387,257,508,494,550,59,4,43,1,30,1,3,434662923250.6,170243082883.63998,15,8,79.375,78.16455696202532,90.1639344262295,167.0,14.0,29,2.5531899204838133,130.0,32.295924489284204,0.5897863546281508,79.38144329896907,80.0,91.39784946236558,84.35374149659864,88.81118881118881,91.91176470588235,81.40495867768594,76.34854771784232,91.84549356223177,71.42857142857143,69.93464052287581,85.13513513513513,88.0,45.0,65
2021-09-15,653,416,231,547,523,552,59,3,46,0,36,0,7,474627669699.89996,204079454294.59,12,6,85.202492211838,83.01587301587303,90.93904448105437,178.0,15.0,36,2.325700405954496,185.0,38.95799695559149,0.7743326682383681,89.69072164948454,84.04255319148936,92.3913043478261,89.79591836734694,91.54929577464789,92.5925925925926,84.42622950819673,80.49792531120332,92.27467811158799,79.22077922077922,78.43137254901961,86.39455782312925,79.0,39.0,65
2021-09-16,657,292,358,531,510,557,46,12,55,0,21,0,3,455714036436.81,242258676821.74,24,14,82.19814241486068,80.31496062992126,91.1620294599018,164.0,19.0,21,1.8811051162973857,-66.0,31.90927892950626,0.43359749066336223,86.5979381443299,84.04255319148936,94.56521739130434,87.75510204081633,89.43661971830986,92.5925925925926,79.91803278688525,79.33884297520662,92.34042553191489,77.84810126582279,71.3375796178344,85.90604026845638,82.0,42.0,62
2021-09-17,667,197,464,469,475,556,23,34,47,0,15,0,2,391582966380.89,583449095459.09,24,8,71.6030534351145,73.87247278382581,89.96763754045307,128.0,49.0,15,0.671151895561293,-267.0,15.673078622555856,0.6325974318558228,75.51020408163265,81.05263157894737,90.32258064516128,69.17808219178082,82.26950354609929,91.04477611940298,71.54471544715447,70.66115702479338,91.06382978723404,71.51515151515152,67.27272727272727,87.17948717948718,93.0,44.0,43
2021-09-20,669,100,565,334,400,536,15,110,45,0,9,0,1,124939639081.83,442219021909.1,32,6,50.75987841945289,62.01550387596899,86.59127625201938,84.0,156.0,9,0.2825288666743781,-465.0,-8.187238032999524,0.6264533338692956,55.10204081632652,65.26315789473685,86.02150537634408,46.25850340136054,70.92198581560284,86.56716417910447,50.806451612903224,59.01639344262295,87.34177215189874,52.121212121212125,56.96969696969697,85.80645161290322,107.0,42.0,30
2021-09-21,675,358,311,358,410,545,47,9,59,0,13,0,1,452356650390.03,186150556664.81,39,7,53.83458646616541,62.98003072196621,87.2,85.0,153.0,13,2.4300580051692307,47.0,-2.9468725833343683,0.47370284967707815,60.204081632653065,69.47368421052632,86.02150537634408,51.35135135135135,73.04964539007092,88.05970149253731,51.61290322580645,59.42622950819673,88.60759493670885,55.55555555555556,56.14035087719298,85.09316770186336,131.0,41.0,39
2021-09-22,670,478,184,410,458,550,80,3,95,0,33,0,2,491516520651.65,132965502864.96,21,8,61.933534743202415,70.89783281733746,88.70967741935483,142.0,122.0,33,3.6965717427537204,294.0,13.89837423904601,0.7027663109877316,67.3469387755102,76.84210526315789,86.95652173913044,62.0,80.85106382978722,91.11111111111111,59.67741935483871,65.57377049180327,89.45147679324894,62.048192771084345,66.86746987951807,86.53846153846155,140.0,43.0,52
2021-09-23,673,444,226,463,494,560,57,5,76,0,35,0,3,542541202592.13,135619213089.17,5,3,69.62406015037594,76.11710323574731,89.74358974358975,184.0,17.0,35,4.000474492027967,218.0,24.431568400986002,0.4910921876458673,73.46938775510205,78.94736842105263,90.21739130434783,70.0,85.1063829787234,91.85185185185185,68.67469879518072,73.06122448979592,89.9581589958159,68.45238095238095,71.42857142857143,87.34177215189874,121.0,32.0,58
2021-09-24,675,206,464,424,459,558,33,11,75,0,22,0,2,380944662361.1,338622226952.52,9,5,63.56821589205397,70.50691244239631,89.28,170.0,19.0,22,1.1249842214714223,-258.0,9.515291567439766,0.3946415503149857,67.3469387755102,75.0,89.24731182795699,62.66666666666667,78.01418439716312,90.37037037037037,62.8,67.3469387755102,90.7949790794979,63.31360946745562,66.27218934911244,86.07594936708861,106.0,29.0,46
2021-09-27,675,286,380,407,465,563,56,7,74,0,20,0,3,389064685850.29,236578694454.14,21,11,61.111111111111114,71.53846153846153,90.22435897435898,146.0,23.0,20,1.6445465926168126,-94.0,4.914298416920534,0.457652937488245,67.0103092783505,76.84210526315789,91.39784946236558,59.333333333333336,79.43262411347519,92.5925925925926,60.0,68.57142857142857,90.33613445378151,60.946745562130175,66.27218934911244,87.34177215189874,95.0,34.0,45
2021-09-28,675,238,426,374,448,558,39,16,69,0,22,0,3,283128443461.62,365272649249.79,27,9,56.15615615615616,68.92307692307692,89.42307692307693,128.0,34.0,22,0.7751153666805312,-188.0,-3.744122218858017,0.7207771514090695,59.79381443298969,77.08333333333334,91.48936170212765,57.333333333333336,75.71428571428571,90.29850746268657,54.800000000000004,64.48979591836735,89.91596638655463,55.02958579881657,65.08875739644971,86.70886075949366,83.0,36.0,37
2021-09-29,675,380,291,410,461,562,59,7,66,0,26,0,1,460206214942.84,312878554277.07,23,9,61.56156156156156,70.92307692307692,90.06410256410257,154.0,30.0,26,1.4708781047847204,89.0,2.7216487486456096,0.8877975137101862,63.91752577319587,76.04166666666666,92.5531914893617,54.0,73.57142857142858,88.80597014925374,64.0,67.47967479674797,91.59663865546219,63.31360946745562,70.83333333333334,87.34177215189874,85.0,37.0,46
2021-09-30,673,343,322,416,461,563,53,1,65,0,23,0,1,345694768021.19,324834997569.08,21,9,62.65060240963856,70.92307692307692,90.5144694533762,151.0,24.0,23,1.064216511792803,21.0,4.836274682117988,1.0009404848547772,59.79381443298969,75.0,93.61702127659575,54.666666666666664,70.92198581560284,89.62962962962962,67.06827309236948,69.91869918699187,91.10169491525424,64.88095238095238,70.05988023952095,88.53503184713377,101.0,43.0,44
2021-10-01,672,327,335,434,471,563,49,9,71,0,26,0,3,319866570821.36,259381901922.35,15,10,65.26315789473685,72.35023041474655,90.36918138041734,161.0,17.0,26,1.2331876991059962,-8.0,5.17009848182628,0.7915416312477944,60.824742268041234,75.0,93.61702127659575,58.666666666666664,75.88652482269504,91.11111111111111,68.4,70.32520325203252,91.10169491525424,69.04761904761905,70.83333333333334,86.70886075949366,107.0,48.0,48
2021-10-04,673,506,159,509,513,572,101,0,77,0,50,0,5,525361671648.8,93337710557.72,20,15,76.54135338345864,78.80184331797236,91.81380417335474,203.0,10.0,50,5.628611078090635,347.0,23.179667338167743,0.5653952445736337,75.25773195876289,87.5,94.68085106382979,72.48322147651007,80.71428571428572,91.04477611940298,79.2,75.60975609756098,91.94915254237289,76.92307692307693,76.92307692307693,90.56603773584906,106.0,52.0,70
2021-10-05,674,388,278,532,527,575,71,3,77,0,45,0,6,450247909252.49,187504162913.56,20,13,79.87987987987988,80.70444104134764,92.0,221.0,12.0,45,2.4012688692146833,110.0,26.611950373648856,0.581227479825638,77.55102040816327,82.6530612244898,94.73684210526315,75.67567567567568,82.14285714285714,91.7910447761194,80.80000000000001,78.77551020408163,91.94915254237289,83.52941176470588,81.17647058823529,90.625,99.0,56.0,79
2021-10-06,679,171,505,458,492,576,31,51,67,0,18,0,5,264576823884.81,423687796671.01,17,9,68.25633383010432,74.77203647416414,91.57392686804452,203.0,54.0,18,0.6244617521760998,-334.0,7.213492617116961,0.5422491613075586,61.224489795918366,75.51020408163265,94.73684210526315,62.83783783783784,77.85714285714286,89.55223880597015,71.6,73.46938775510205,91.52542372881356,72.0,73.71428571428571,91.46341463414635,93.0,56.0,66
2021-10-07,688,494,187,531,537,591,88,6,82,0,33,0,7,547564434236.88,127193945473.52,26,10,78.08823529411765,80.50974512743629,92.6332288401254,190.0,60.0,33,4.304956750876756,307.0,22.64174377219661,0.6136440811881577,70.40816326530613,82.6530612244898,93.6842105263158,78.52348993288591,84.39716312056737,92.64705882352942,78.3132530120482,77.45901639344262,92.3076923076923,81.52173913043478,80.43478260869566,92.48554913294798,98.0,57.0,79
2021-10-08,686,346,330,527,536,590,54,10,77,0,29,0,6,497937315832.21,178037305032.72,24,10,77.72861356932154,80.6015037593985,92.76729559748428,173.0,67.0,29,2.796814497617217,16.0,21.169689790928725,0.3748853738344531,72.44897959183673,82.6530612244898,93.6842105263158,75.83892617449665,80.85106382978722,92.64705882352942,77.91164658634538,79.91803278688525,92.7038626609442,81.86813186813187,80.21978021978022,92.44186046511628,107.0,57.0,66
2021-10-11,692,383,303,546,548,598,59,14,80,0,37,0,4,471716164519.92,252508962770.44998,19,12,79.94143484626647,81.66915052160954,93.29173166926678,201.0,30.0,37,1.868116518892623,80.0,23.00523518799004,0.6766314573298405,79.7979797979798,84.84848484848484,95.83333333333334,77.02702702702703,80.1418439716312,92.64705882352942,80.32128514056225,82.78688524590164,93.10344827586206,81.81818181818183,79.67914438502673,92.65536723163842,106.0,54.0,67
2021-10-12,692,341,346,544,548,600,51,14,85,0,32,0,1,492672450288.05,207664531035.36,32,26,79.53216374269006,81.66915052160954,93.60374414976599,164.0,38.0,32,2.372443901862858,-5.0,20.20960032653751,0.41541514729773693,81.81818181818183,84.6938775510204,95.78947368421052,73.8255033557047,80.1418439716312,94.81481481481482,79.83870967741935,82.37704918032787,93.16239316239316,82.4468085106383,80.31914893617021,92.09039548022598,118.0,67.0,74
2021-10-13,689,366,313,545,565,597,60,14,80,0,35,0,2,709222496924.52,156213761021.53,26,18,80.02936857562408,84.58083832335329,93.42723004694837,170.0,42.0,35,4.540076957924162,53.0,20.618284518362916,0.2575571040577856,87.87878787878788,87.75510204081633,96.84210526315789,73.15436241610739,80.98591549295774,92.64705882352942,79.43548387096774,85.59670781893004,93.13304721030042,82.16216216216216,84.32432432432432,92.57142857142857,127.0,76.0,82
2021-10-14,694,334,355,549,578,607,57,12,74,1,41,0,1,601043917587.4299,281941465378.85,29,16,79.79651162790698,85.62962962962963,93.81761978361669,168.0,40.0,41,2.131803907523131,-21.0,17.164618079781818,0.44133752973352525,87.87878787878788,90.81632653061224,96.84210526315789,71.81208053691275,82.51748251748252,93.43065693430657,79.03225806451613,84.71074380165288,93.93939393939394,82.8125,86.45833333333334,92.3913043478261,130.0,82.0,80
2021-10-18,698,385,308,546,581,608,78,16,84,0,54,0,1,707008019876.93,251323122917.47,30,21,78.90173410404624,85.56701030927834,93.25153374233128,195.0,42.0,54,2.813143540752113,77.0,19.025910184396075,0.44434277237975706,85.85858585858585,91.83673469387756,95.78947368421052,71.81208053691275,81.81818181818183,94.16058394160584,78.62903225806451,84.71074380165288,93.07359307359307,81.12244897959184,86.22448979591837,91.53439153439153,136.0,93.0,86
2021-10-19,700,114,580,435,518,595,18,157,65,0,21,1,3,318288675108.86,633645255616.98,36,6,62.861271676300575,76.28865979381443,91.11791730474732,153.0,185.0,20,0.502313672022909,-466.0,-6.62781461708072,0.39129280185900833,79.0,86.86868686868688,95.83333333333334,55.78231292517006,74.46808510638297,91.11111111111111,59.83935742971887,73.77049180327869,89.69957081545064,63.775510204081634,75.38461538461539,90.47619047619048,153.0,87.0,53
2021-10-20,700,118,581,323,461,585,16,112,67,0,3,1,2,283061370894.39,589642179200.67,28,6,46.67630057803468,67.79411764705883,89.58652373660031,112.0,285.0,2,0.4800561779316963,-463.0,-28.378610249257974,0.42307154047596046,67.0,80.8080808080808,95.83333333333334,38.095238095238095,65.95744680851064,88.14814814814815,41.365461847389554,64.48979591836735,90.12875536480686,49.48979591836735,66.66666666666666,86.77248677248677,149.0,67.0,28
2021-10-21,704,313,388,317,437,576,48,58,62,0,12,0,4,337956725653.18,448401566682.21,44,9,45.67723342939482,63.98243045387994,87.93893129770993,82.0,327.0,12,0.7536921160953387,-75.0,-27.433647463523236,1.0703323196574221,59.0,72.72727272727273,94.79166666666666,36.054421768707485,60.28368794326241,86.66666666666667,44.97991967871486,63.26530612244898,88.8412017167382,46.96969696969697,63.13131313131313,84.29319371727748,167.0,58.0,22
2021-10-22,701,214,480,259,394,562,28,68,44,0,10,1,5,303748836115.02,409524101983.19,22,3,37.48191027496382,57.94117647058824,86.1963190184049,92.0,238.0,9,0.7417117445446183,-266.0,-36.03853604440242,0.6010870619381353,49.0,69.6969696969697,92.70833333333334,27.2108843537415,50.35460992907801,85.18518518518519,36.94779116465863,59.756097560975604,85.8974358974359,40.0,55.154639175257735,83.9572192513369,160.0,45.0,20
2021-10-25,704,160,542,193,343,548,29,128,32,1,6,3,3,269916886082.57,479102068065.31,2,1,27.769784172661872,50.219619326500734,83.53658536585365,105.0,254.0,3,0.5633807576171339,-382.0,-49.01552310083213,0.5239847972055451,36.0,64.64646464646465,88.65979381443299,18.91891891891892,41.13475177304964,82.83582089552239,27.309236947791167,50.40650406504065,85.1063829787234,30.808080808080806,49.23857868020304,79.47368421052632,132.0,25.0,16
2021-10-26,701,558,140,284,396,556,137,10,44,1,8,0,3,550496749442.0,133959880072.6,10,6,40.98124098124098,58.14977973568281,85.01529051987767,194.0,206.0,8,4.109415066239657,418.0,-19.865769418575347,0.9698982024128889,47.0,69.6969696969697,89.69072164948454,31.756756756756754,50.35460992907801,84.32835820895522,41.12903225806452,60.40816326530612,86.38297872340426,44.67005076142132,55.10204081632652,81.38297872340425,106.0,25.0,30
2021-10-27,696,342,347,304,397,549,57,18,52,0,11,0,2,313837965832.13,335082482187.26,10,5,44.18604651162791,58.72781065088757,84.72222222222221,223.0,156.0,11,0.9365991435408505,-5.0,-15.993401173152925,1.0523080070006443,49.0,66.66666666666666,90.625,36.486486486486484,55.319148936170215,82.96296296296296,44.17670682730924,58.13008130081301,85.95744680851064,47.64397905759162,57.89473684210527,81.31868131868131,88.0,24.0,23
2021-10-28,701,103,598,211,337,537,20,98,38,0,5,1,3,196339532293.35,512558125482.13,7,1,30.535455861070908,49.41348973607038,82.48847926267281,214.0,126.0,4,0.38305808167350036,-495.0,-37.102559317450996,0.449646700894813,30.0,54.54545454545454,89.58333333333334,23.64864864864865,43.75,80.2919708029197,35.7429718875502,53.06122448979592,85.40772532188842,29.381443298969074,46.391752577319586,76.75675675675676,51.0,16.0,20
2021-10-29,696,293,398,210,325,528,39,24,31,0,6,1,4,314632269318.12,412491600403.74,8,3,30.612244897959183,48.005908419497786,81.60741885625966,116.0,140.0,5,0.7627604271460634,-105.0,-35.46537673423859,0.9651535112762732,27.0,51.0,88.65979381443299,27.7027027027027,41.66666666666667,78.83211678832117,34.0080971659919,54.132231404958674,84.34782608695653,30.36649214659686,43.455497382198956,76.50273224043715,37.0,16.0,18
2021-11-01,697,501,192,294,374,536,99,14,33,2,14,1,3,495215471138.6,85996641683.99,4,2,42.670537010159656,54.91923641703378,82.71604938271605,158.0,136.0,13,5.758544304071286,309.0,-13.188258741920784,0.4531310105845976,48.0,68.0,90.72164948453609,40.26845637583892,51.388888888888886,79.56204379562044,45.564516129032256,57.55102040816327,85.28138528138528,38.02083333333333,47.39583333333333,77.59562841530054,39.0,17.0,32
2021-11-02,700,432,256,318,391,543,86,18,38,1,22,1,7,385742972865.18,184717518342.42,4,3,46.08695652173913,57.24743777452416,83.66718027734977,224.0,56.0,21,2.088285812448547,176.0,-0.7253815647794539,0.8080790426006775,46.0,65.0,90.72164948453609,42.281879194630875,55.55555555555556,81.02189781021897,53.01204819277109,62.34817813765182,85.77586206896551,40.10416666666667,47.91666666666667,79.23497267759562,33.0,14.0,37
2021-11-03,699,276,414,311,387,539,34,25,34,1,19,3,3,294879147229.52,280175657190.64,8,6,45.13788098693759,56.66178623718887,83.30757341576506,219.0,57.0,16,1.0524795415358847,-138.0,-5.7659946704997225,0.6334248223901807,48.0,69.0,91.75257731958763,44.29530201342282,51.388888888888886,80.2919708029197,46.58634538152611,59.2741935483871,84.97854077253218,42.40837696335078,50.78534031413613,78.88888888888889,31.0,15.0,39
2021-11-04,695,613,77,368,424,544,44,3,41,2,18,0,6,94827483860.41,9808385913.26,7,6,53.80116959064327,62.35294117647059,84.73520249221184,164.0,46.0,18,9.668000902392341,536.0,23.65311109746194,0.8234420995005293,55.00000000000001,70.0,93.81443298969072,53.02013422818792,59.310344827586206,81.02189781021897,55.82329317269076,64.65863453815261,85.83690987124464,51.075268817204304,57.52688172043011,81.14285714285714,31.0,20.0,64
2021-11-08,687,398,284,418,444,548,74,13,48,4,43,0,6,455103465980.18,194240861197.06,9,6,61.834319526627226,66.07142857142857,86.2992125984252,152.0,41.0,43,2.3429852152399144,114.0,27.588180973581856,0.5981294468222776,66.0,77.0,92.85714285714286,59.06040268456376,62.06896551724138,85.29411764705883,63.05220883534136,68.27309236947792,87.1244635193133,60.1123595505618,60.1123595505618,82.14285714285714,32.0,23.0,68
2021-11-09,685,410,263,445,460,552,54,9,46,3,27,0,6,456104925211.87,169207220662.01,6,4,66.02373887240356,68.65671641791045,87.20379146919431,172.0,25.0,27,2.6955405533368797,147.0,32.464724812796476,0.5783386784097473,70.0,79.0,91.83673469387756,65.77181208053692,62.06896551724138,86.02941176470588,65.06024096385542,69.87951807228916,87.98283261802575,65.3409090909091,66.47727272727273,84.33734939759037,34.0,25.0,69
2021-11-10,687,264,418,423,440,556,42,20,40,4,15,1,6,255996153392.14,306155630768.01,1,0,62.38938053097345,65.37890044576523,87.42138364779875,170.0,42.0,14,0.8361634661102202,-154.0,21.42184617126099,0.7553295174524743,62.0,75.0,93.87755102040816,62.66666666666667,61.37931034482759,86.66666666666667,61.044176706827315,65.86345381526104,88.03418803418803,64.24581005586593,62.56983240223464,83.4319526627219,31.0,22.0,56
2021-11-11,686,207,473,366,420,546,28,24,36,5,8,3,4,226601534274.47,302164363870.43,14,2,54.22222222222223,62.68656716417911,86.1198738170347,124.0,53.0,5,0.7499280569420098,-266.0,6.27307570189185,0.5835654917234214,54.54545454545454,68.68686868686868,93.81443298969072,50.0,57.24137931034483,83.7037037037037,54.03225806451613,64.11290322580645,86.80851063829788,57.865168539325836,61.79775280898876,82.63473053892216,37.0,18.0,31
2021-11-12,683,350,326,375,424,540,44,25,32,6,13,0,7,425296774320.38,143449415921.79,13,2,55.72065378900446,63.47305389221557,85.57844690966719,114.0,69.0,13,2.964785681332128,24.0,7.789511572071774,0.36212385895612026,65.65656565656566,76.76767676767676,92.78350515463917,53.333333333333336,60.689655172413794,83.7037037037037,57.66129032258065,64.11290322580645,87.2340425531915,49.43181818181818,57.38636363636363,80.48780487804879,43.0,14.0,33
2021-11-15,681,237,440,327,398,532,49,52,27,6,25,4,6,302299968167.29,227985693264.62,8,4,48.87892376681614,59.93975903614458,84.84848484848484,121.0,101.0,21,1.3259602558324324,-203.0,-2.3028833167847544,0.40622361135418045,64.28571428571429,77.55102040816327,92.78350515463917,50.66666666666667,61.37931034482759,83.5820895522388,45.564516129032256,57.66129032258065,87.65957446808511,43.35260115606936,52.02312138728323,77.01863354037268,42.0,12.0,27
2021-11-16,676,296,368,329,395,525,61,12,30,5,15,1,7,324371162967.8,280551114153.86,9,4,49.62292609351433,60.03039513677811,84.54106280193237,154.0,89.0,14,1.156192745646728,-72.0,-4.370366530173161,0.6956866224212784,61.458333333333336,71.875,91.57894736842105,47.651006711409394,58.333333333333336,83.5820895522388,47.17741935483871,57.66129032258065,87.2340425531915,48.23529411764706,58.235294117647065,77.07006369426752,45.0,12.0,28
2021-11-17,672,249,415,303,369,516,37,17,33,7,21,5,6,301743481055.72,275816858466.89,12,10,46.048632218844986,56.50842266462482,83.63047001620745,147.0,81.0,16,1.0939994122655932,-166.0,-10.816212844969385,0.5484463641140754,53.125,69.79166666666666,90.52631578947368,45.33333333333333,51.03448275862069,82.08955223880598,46.774193548387096,57.25806451612904,86.01694915254238,41.46341463414634,52.4390243902439,76.97368421052632,56.0,22.0,28
2021-11-18,665,100,563,207,319,491,18,65,29,5,8,8,3,141384112052.75,467136042211.61,18,8,31.74846625766871,49.304482225656876,80.36006546644845,116.0,94.0,0,0.30266153599148704,-463.0,-31.12333037989532,0.5868598163496397,34.69387755102041,64.28571428571429,85.56701030927834,31.756756756756754,41.95804195804196,78.78787878787878,31.85483870967742,49.596774193548384,83.47457627118644,29.746835443037973,46.20253164556962,73.28767123287672,60.0,28.0,21
2021-11-22,662,76,586,129,219,449,13,232,30,4,7,11,2,105200634610.72,583100588938.38,13,2,19.938176197836167,34.112149532710276,74.0924092409241,68.0,314.0,-4,0.1804159292691732,-510.0,-50.68029922035751,0.7188546670455507,17.708333333333336,40.625,83.15789473684211,16.89189189189189,28.47222222222222,71.42857142857143,20.56451612903226,35.22267206477733,75.31914893617021,23.225806451612904,33.5483870967742,68.53146853146853,60.0,28.0,17
2021-11-23,664,547,113,187,271,477,122,2,37,4,12,0,2,565176035272.43,118971749509.53,16,3,28.8135593220339,42.08074534161491,78.32512315270937,153.0,299.0,12,4.7505062134700955,434.0,-19.9481060828509,1.0189878187877972,31.25,50.0,85.26315789473684,27.7027027027027,36.80555555555556,73.88059701492537,28.225806451612907,42.10526315789473,80.85106382978722,29.29936305732484,42.038216560509554,73.79310344827587,68.0,27.0,28
2021-11-24,663,330,325,181,277,475,47,5,44,3,12,1,4,314840469815.17,263800582817.0,4,3,28.06201550387597,43.28125,78.51239669421489,182.0,239.0,11,1.1934790532042783,5.0,-15.022340419868492,0.8507770728430372,22.105263157894736,50.526315789473685,87.2340425531915,22.2972972972973,37.5,68.88888888888889,29.959514170040485,42.68292682926829,83.2618025751073,34.193548387096776,45.16129032258064,74.12587412587412,63.0,26.0,23
2021-11-25,661,396,259,232,297,479,81,5,60,1,15,2,5,412698182348.88,169966344993.13998,0,0,36.08087091757387,46.55172413793103,79.17355371900825,250.0,12.0,13,2.4281170626192905,137.0,-4.1356990759191845,0.6296885568227883,31.57894736842105,52.63157894736842,89.36170212765957,31.08108108108108,37.5,72.5925925925926,38.21138211382114,48.57142857142857,82.75862068965517,40.25974025974026,48.05194805194805,72.91666666666666,51.0,16.0,38
2021-11-26,661,84,576,156,206,442,19,235,36,3,9,4,4,160965486209.75,569379491739.96,6,4,24.299065420560748,32.237871674491394,73.30016583747927,147.0,245.0,5,0.2827033438065314,-492.0,-26.256942231462936,0.5158528773297237,15.789473684210526,25.263157894736842,78.72340425531915,23.64864864864865,26.027397260273972,67.64705882352942,24.489795918367346,35.24590163934426,75.32467532467533,29.87012987012987,37.66233766233766,71.83098591549296,39.0,12.0,16
2021-11-29,659,133,525,119,166,408,18,172,29,9,3,7,0,264193938152.11002,378950136481.73,3,2,18.59375,26.059654631083202,67.77408637873754,118.0,412.0,-4,0.6971733553257273,-392.0,-40.03932041829553,0.36337208156065165,14.893617021276595,23.404255319148938,73.11827956989248,18.91891891891892,22.602739726027394,66.17647058823529,16.872427983539097,26.859504132231404,66.66666666666666,23.225806451612904,29.677419354838708,67.58620689655173,29.0,12.0,12
2021-11-30,662,401,256,156,200,426,75,18,34,7,1,3,0,470635559933.32,552648112088.08,5,1,24.261275272161743,31.25,70.41322314049587,112.0,425.0,-2,0.8516007738723824,145.0,-24.773057165945914,1.8393668700854604,13.829787234042554,25.53191489361702,69.89247311827957,26.351351351351347,27.397260273972602,69.11764705882352,25.311203319502074,32.083333333333336,71.49122807017544,26.875,36.875,70.27027027027027,18.0,10.0,28
2021-12-01,661,376,281,163,209,440,49,12,37,0,7,2,1,394332434645.34,147358844817.27,5,1,25.38940809968847,32.70735524256651,72.84768211920529,142.0,202.0,5,2.676001125920373,95.0,-14.096536799357267,0.5000290466450134,17.20430107526882,29.03225806451613,78.26086956521739,29.054054054054053,32.19178082191781,71.53284671532847,27.160493827160494,33.057851239669425,73.7991266375546,24.050632911392405,34.810126582278485,69.17808219178082,19.0,8.0,25
2021-12-02,659,492,161,211,242,452,68,6,36,1,12,0,0,439250781987.33,78596947381.56,4,2,32.96875,38.05031446540881,75.08305647840533,192.0,36.0,12,5.588649389332196,331.0,6.902370798072816,0.5468048553826296,29.03225806451613,37.634408602150536,79.34782608695652,33.108108108108105,34.69387755102041,71.01449275362319,34.15637860082305,39.004149377593365,78.50877192982456,33.33333333333333,40.0,70.83333333333334,23.0,10.0,37
2021-12-03,653,312,333,224,248,451,45,13,34,0,12,0,1,249068768488.54,312020804452.54,1,1,35.33123028391167,39.36507936507937,75.67114093959731,162.0,31.0,12,0.7982441072336403,-21.0,7.22192493988517,1.1737473893593082,23.655913978494624,33.33333333333333,80.43478260869566,35.13513513513514,38.775510204081634,68.84057971014492,36.62551440329218,39.83402489626556,79.3859649122807,40.666666666666664,42.95302013422819,73.18840579710145,18.0,7.0,26
2021-12-06,654,116,533,172,213,424,24,48,36,0,8,2,1,93963310027.28,368963078899.34,2,1,27.086614173228345,33.75594294770206,71.14093959731544,137.0,67.0,6,0.2546685980277038,-417.0,-12.340965893564693,0.8545852303722034,12.903225806451612,23.655913978494624,76.92307692307693,24.832214765100673,29.054054054054053,63.57142857142857,29.629629629629626,36.92946058091287,75.87719298245614,34.0,39.59731543624161,67.15328467153284,17.0,6.0,20
2021-12-07,661,512,144,241,249,448,60,9,36,1,6,1,0,431304625175.07,62180206364.57,5,1,37.480559875583204,38.967136150234744,74.17218543046357,129.0,70.0,5,6.936365290367152,368.0,10.244467273303506,0.5125963536685875,28.723404255319153,30.851063829787233,80.43478260869566,31.756756756756754,34.01360544217687,66.90647482014388,37.86008230452675,40.24896265560166,77.19298245614034,47.46835443037975,46.496815286624205,72.41379310344827,17.0,6.0,31
2021-12-08,654,512,139,328,306,460,64,5,37,0,13,1,3,487703127922.34,58891669875.76,3,3,51.57232704402516,48.34123222748815,77.05192629815745,148.0,62.0,12,8.28136014738954,373.0,29.753790294609292,0.44478843714714844,54.25531914893617,55.319148936170215,84.78260869565217,49.32432432432432,43.53741496598639,71.94244604316546,49.586776859504134,46.47302904564315,80.53097345132744,55.26315789473685,51.65562913907284,71.42857142857143,15.0,8.0,49
2021-12-09,644,381,260,372,334,471,50,9,36,0,11,0,2,357512994025.14,161212520084.37,0,0,59.33014354066985,53.52564102564102,79.9660441426146,174.0,23.0,11,2.2176503030784263,121.0,33.68549252635269,0.6607825468922873,60.0,59.57446808510638,86.95652173913044,54.729729729729726,46.25850340136054,74.10071942446042,58.50622406639005,53.333333333333336,83.11111111111111,65.03496503496503,57.34265734265735,75.93984962406014,11.0,6.0,51
2021-12-10,646,381,258,400,359,475,57,5,40,0,16,1,0,328887606299.36,155883660503.74,2,1,63.69426751592356,57.440000000000005,80.50847457627118,171.0,19.0,15,2.109827324022002,123.0,36.978670471861534,0.6999360417948174,65.26315789473685,64.8936170212766,86.95652173913044,58.78378378378378,51.02040816326531,74.10071942446042,63.74999999999999,56.06694560669456,83.92857142857143,67.58620689655173,61.37931034482759,77.03703703703704,12.0,6.0,50
2021-12-13,646,254,389,384,349,470,40,14,40,0,13,0,1,230736414911.08002,304378359335.61,3,2,61.04928457869634,55.84,79.3918918918919,147.0,28.0,13,0.7580578836640229,-135.0,26.709444262912292,0.8613541423044013,60.63829787234043,58.06451612903226,84.61538461538461,54.36241610738255,49.65986394557823,74.10071942446042,61.72839506172839,56.611570247933884,83.25991189427313,67.13286713286713,59.44055944055944,74.81481481481481,13.0,7.0,44
2021-12-14,653,291,356,378,348,468,46,19,41,2,18,1,1,270719504399.37,252322834750.8,5,1,59.34065934065934,55.23809523809524,78.52348993288591,143.0,38.0,17,1.0729092539989058,-65.0,21.295708632946123,0.7618684686430268,55.319148936170215,56.52173913043478,82.22222222222221,57.71812080536913,52.38095238095239,74.82014388489209,57.72357723577236,53.086419753086425,81.57894736842105,66.21621621621621,60.810810810810814,74.82014388489209,13.0,7.0,48
2021-12-15,646,207,435,343,336,460,30,13,42,1,17,0,1,152147214934.71,324685238458.19,9,2,54.44444444444444,53.84615384615385,78.09847198641766,116.0,46.0,17,0.4685991135821289,-228.0,8.410486126160322,1.0154992939014926,41.935483870967744,51.64835164835166,82.02247191011236,46.97986577181208,43.91891891891892,75.0,55.465587044534416,54.50819672131148,81.14035087719299,68.79432624113475,64.53900709219859,73.48484848484848,19.0,6.0,30
2021-12-16,648,192,448,297,299,450,16,36,38,1,10,1,3,194619915931.03,265289091007.89,9,2,47.068145800316955,47.839999999999996,76.27118644067797,92.0,68.0,9,0.733614470130028,-256.0,-4.0484315477723385,0.5841916238313392,44.086021505376344,47.25274725274725,79.7752808988764,42.281879194630875,42.567567567567565,73.04964539007092,42.74193548387097,46.53061224489796,78.50877192982456,61.702127659574465,56.02836879432624,73.48484848484848,28.0,8.0,25
2021-12-17,651,90,559,194,233,415,8,138,33,3,7,6,2,145899935559.42,509205727714.12,8,1,30.50314465408805,37.101910828025474,69.86531986531986,54.0,187.0,1,0.286524537369956,-469.0,-25.33056400124591,0.5619127436226611,24.46808510638298,31.868131868131865,73.03370786516854,24.666666666666668,32.432432432432435,60.99290780141844,27.82258064516129,33.87755102040816,73.24561403508771,45.13888888888889,50.69444444444444,71.32352941176471,34.0,8.0,17
2021-12-20,647,43,604,95,152,356,5,273,23,8,1,14,1,28499364288.29,534984373677.96,6,0,15.031645569620252,24.358974358974358,60.236886632825716,29.0,447.0,-13,0.05327139574630926,-561.0,-48.0001344289596,1.336402997945943,7.446808510638298,13.186813186813188,64.04494382022472,11.409395973154362,19.047619047619047,51.42857142857142,12.145748987854251,22.131147540983605,61.23348017621145,28.87323943661972,40.845070422535215,65.18518518518519,37.0,6.0,10
2021-12-21,646,486,153,143,195,372,86,11,35,4,5,2,2,381191823253.54,78704169225.29,2,0,22.626582278481013,31.30016051364366,63.05084745762712,99.0,422.0,3,4.843349812414406,333.0,-22.442616472509982,0.6558416615073743,20.212765957446805,25.555555555555554,65.9090909090909,18.120805369127517,26.53061224489796,55.00000000000001,18.548387096774192,29.795918367346943,66.8122270742358,36.17021276595745,42.5531914893617,63.1578947368421,34.0,5.0,24
2021-12-22,647,522,123,211,236,397,86,2,38,3,8,0,4,381807188776.98,45430650232.93,4,2,33.43898573692552,38.00322061191627,67.51700680272108,177.0,286.0,8,8.404176185447385,399.0,2.8212744626169837,0.504975424762406,31.182795698924732,37.07865168539326,70.11494252873564,33.557046979865774,36.054421768707485,59.285714285714285,28.455284552845526,34.15637860082305,72.48908296943232,43.35664335664335,47.183098591549296,65.9090909090909,29.0,5.0,30
2021-12-23,637,413,221,256,250,402,52,5,37,4,8,0,4,263361659918.05002,125596530084.47,1,1,41.091492776886035,40.71661237785016,69.3103448275862,224.0,18.0,8,2.09688643261821,192.0,14.057794839837452,0.8912157813952739,31.914893617021278,38.88888888888889,71.5909090909091,44.21768707482993,40.41095890410959,64.02877697841727,36.17886178861789,37.03703703703704,72.0524017467249,52.94117647058824,48.888888888888886,68.54838709677419,21.0,4.0,36
2021-12-24,637,148,480,210,228,379,17,14,23,6,8,0,4,133836415131.8,231792560199.52,2,2,33.70786516853933,37.19412724306688,65.3448275862069,155.0,21.0,8,0.577397372101148,-332.0,-2.605269211838234,0.5340054323616141,30.107526881720432,34.831460674157306,67.81609195402298,31.756756756756754,32.19178082191781,60.0,28.04878048780488,34.5679012345679,68.42105263157895,48.529411764705884,48.888888888888886,64.0,15.0,5.0,23
2021-12-27,641,349,288,235,247,389,51,16,41,5,19,1,2,231631101122.46,134329305058.86,1,1,37.6,40.16260162601626,66.7238421955403,120.0,35.0,18,1.7243527093433901,61.0,2.81083737003825,0.7027596784517447,29.347826086956523,39.77272727272727,70.93023255813954,37.16216216216216,39.04109589041096,60.99290780141844,33.33333333333333,34.5679012345679,70.04405286343612,51.07913669064749,51.449275362318836,64.34108527131784,10.0,6.0,50
2021-12-28,637,512,119,330,289,409,70,1,53,2,14,0,4,324086604881.4,59279002795.47,3,2,53.14009661835749,47.377049180327866,70.76124567474048,138.0,31.0,14,5.467139958470526,393.0,24.02755431069245,0.7869783910940931,45.744680851063826,42.69662921348314,72.41379310344827,52.38095238095239,47.58620689655172,66.42857142857143,50.204081632653065,43.80165289256198,73.89380530973452,64.44444444444444,56.71641791044776,68.8,11.0,8.0,72
2021-12-29,636,319,309,333,311,413,50,11,52,2,9,0,5,212972400457.29,175190049500.8,5,5,53.70967741935484,51.06732348111659,71.45328719723183,171.0,28.0,9,1.215664936816617,10.0,22.897709523398333,0.849216283436048,37.634408602150536,45.45454545454545,70.93023255813954,53.74149659863946,49.6551724137931,66.42857142857143,54.285714285714285,50.0,76.65198237885463,63.70370370370371,58.2089552238806,68.0,12.0,11.0,62
2021-12-30,633,260,369,344,311,416,34,12,48,2,11,0,5,224584664945.94998,248792276870.22998,7,3,55.753646677471636,51.320132013201324,72.22222222222221,154.0,24.0,11,0.9026995040649647,-109.0,15.867203682644867,0.7805554815279394,36.17021276595745,37.07865168539326,70.11494252873564,50.68493150684932,50.0,66.90647482014388,59.42622950819673,51.867219917012456,78.31858407079646,68.42105263157895,61.36363636363637,68.54838709677419,18.0,13.0,58
2021-12-31,640,476,159,414,359,433,44,5,44,2,15,1,4,308576873129.98,65641342197.12,9,4,66.45264847512038,58.66013071895425,74.27101200686106,128.0,28.0,14,4.7009531310820565,317.0,31.07678517038743,0.6368305763420391,51.06382978723404,50.56179775280899,75.86206896551724,69.17808219178082,58.333333333333336,69.06474820143885,65.4320987654321,58.333333333333336,80.0,75.71428571428571,64.74820143884892,68.93939393939394,25.0,15.0,64
2022-01-03,641,471,165,495,401,450,76,7,47,2,25,0,7,362215233368.76,55548431475.24,13,8,79.45425361155698,65.52287581699346,77.18696397941682,154.0,24.0,25,6.520710373797193,306.0,43.37559341655538,0.43776602408476123,76.59574468085107,60.67415730337079,85.0574712643678,78.62068965517241,60.83916083916085,72.46376811594203,78.42323651452283,67.64705882352942,81.08108108108108,83.91608391608392,69.71830985915493,70.58823529411765,37.0,22.0,77
2022-01-04,646,323,316,507,416,456,62,13,57,2,24,0,5,336673201526.93,156435607740.01,9,4,80.73248407643312,67.42301458670988,77.55102040816327,182.0,25.0,24,2.1521519709660217,7.0,38.72419649994621,0.47494410828031386,76.84210526315789,67.77777777777779,85.22727272727273,81.25,61.97183098591549,70.07299270072993,80.16528925619835,68.20083682008368,82.95964125560538,83.6734693877551,71.23287671232876,71.42857142857143,43.0,24.0,73
2022-01-05,654,321,328,512,435,468,45,14,47,2,16,0,3,356951882158.25,182554485807.88998,17,10,80.50314465408806,69.6,78.65546218487395,183.0,34.0,16,1.9553169596384827,-7.0,33.85363115374564,0.5005114550667578,75.78947368421053,68.88888888888889,86.36363636363636,83.33333333333334,69.71830985915493,74.45255474452554,77.77777777777779,67.91666666666667,83.03571428571429,85.06493506493507,72.54901960784314,71.23287671232876,55.0,29.0,65
2022-01-06,666,285,368,500,444,478,46,8,48,4,18,0,3,251049188848.34,264571980632.33,19,9,77.04160246533128,69.59247648902821,78.61842105263158,153.0,35.0,18,0.9488880426730361,-83.0,25.720029626975414,0.8161727062736205,72.63157894736842,73.33333333333333,82.95454545454545,80.55555555555556,64.7887323943662,74.45255474452554,72.95081967213115,68.87966804979253,82.66666666666667,82.53012048192771,72.72727272727273,74.0506329113924,67.0,35.0,51
2022-01-07,672,345,321,493,451,482,61,10,49,4,27,0,7,342078338667.8,193875934774.17,29,10,75.26717557251908,70.03105590062113,78.62969004893964,152.0,32.0,27,1.7644187715523263,24.0,23.987200173452,0.6091333715490984,71.57894736842105,74.44444444444444,84.0909090909091,78.62068965517241,67.6056338028169,74.45255474452554,70.32520325203252,67.07818930041152,81.93832599118943,81.65680473372781,73.96449704142012,74.53416149068323,87.0,41.0,52
2022-01-10,674,465,204,535,489,488,96,6,59,4,24,0,9,419027566616.77,112487618875.47,23,12,81.30699088145896,75.69659442724458,79.22077922077922,203.0,24.0,24,3.7250994447722876,261.0,34.235694989822214,0.6119062855905102,77.89473684210526,78.02197802197803,85.39325842696628,84.24657534246576,78.01418439716312,74.45255474452554,78.714859437751,72.35772357723577,83.11688311688312,84.52380952380952,77.38095238095238,74.21383647798741,97.0,45.0,58
2022-01-11,676,276,393,518,478,499,55,30,55,3,27,0,4,321980483894.06,263366130075.34,10,8,78.24773413897282,73.6517719568567,80.61389337641357,212.0,46.0,27,1.2225584352929226,-117.0,23.92697958286964,0.5744429518149048,74.73684210526315,72.52747252747253,83.14606741573034,78.91156462585033,75.177304964539,77.37226277372264,77.32793522267207,71.31147540983606,84.27947598253274,80.92485549132948,76.30057803468208,76.82926829268293,98.0,49.0,64
2022-01-12,684,400,277,542,511,504,52,25,57,1,22,0,3,416804888267.14,160914338014.84,21,14,80.8955223880597,77.77777777777779,80.5111821086262,203.0,61.0,22,2.5902283998378133,123.0,26.99339301201085,0.5574965209207257,76.84210526315789,78.02197802197803,84.26966292134831,84.35374149659864,79.43262411347519,76.64233576642336,79.43548387096774,77.9591836734694,84.84848484848484,82.22222222222221,76.11111111111111,75.7396449704142,102.0,53.0,69
2022-01-13,687,376,301,558,523,517,54,17,59,1,15,0,4,412464409830.0,194464456708.77,28,16,83.03571428571429,79.36267071320182,82.06349206349206,161.0,72.0,15,2.121027239685794,75.0,27.080209528866526,0.5889454938829531,82.10526315789474,81.31868131868131,87.64044943820225,83.6734693877551,79.43262411347519,78.1021897810219,81.78137651821862,79.50819672131148,86.58008658008657,84.69945355191257,78.14207650273224,76.30057803468208,111.0,60.0,67
2022-01-14,694,404,286,566,535,523,71,6,63,0,26,1,4,361768777034.14,199671486055.63,29,15,83.23529411764706,80.33033033033034,81.97492163009404,177.0,48.0,25,1.8118199257221357,118.0,29.16903660313379,0.7796511080009226,76.84210526315789,79.12087912087912,86.51685393258427,81.08108108108108,76.59574468085107,77.37226277372264,83.80566801619433,81.9672131147541,87.1244635193133,87.36842105263159,81.57894736842105,76.53631284916202,111.0,65.0,78
2022-01-17,700,408,284,579,551,535,85,14,90,0,33,1,6,373300105124.23,193545032363.94,35,22,84.27947598253274,81.99404761904762,82.94573643410853,210.0,37.0,32,1.9287506404312174,124.0,31.109138568616633,0.7448447135647712,77.89473684210526,76.92307692307693,85.39325842696628,81.87919463087249,79.43262411347519,78.1021897810219,85.88709677419355,84.89795918367346,88.46153846153845,87.17948717948718,82.56410256410255,78.37837837837837,123.0,75.0,88
2022-01-18,708,102,604,471,496,523,20,113,116,1,7,3,5,118234468290.7,456790055989.46,32,7,67.67241379310344,72.94117647058823,80.21472392638037,176.0,133.0,4,0.25883765800153086,-502.0,1.3123800562613788,0.6524327777082255,58.333333333333336,64.83516483516483,83.14606741573034,61.74496644295302,65.24822695035462,70.8029197080292,68.54838709677419,77.55102040816327,85.47008547008546,75.36945812807882,76.35467980295566,79.16666666666666,145.0,74.0,51
2022-01-19,716,349,363,467,491,529,53,32,113,0,13,2,4,276656015541.06,340855005757.06,35,7,66.24113475177305,71.36627906976744,80.15151515151516,158.0,159.0,11,0.8116530808359113,-14.0,0.22958962791633297,1.184536262582636,54.166666666666664,63.73626373626373,84.26966292134831,59.333333333333336,64.53900709219859,70.07299270072993,67.61133603238866,74.18032786885246,85.83690987124464,75.0,75.94339622641509,78.60696517412936,159.0,67.0,42
2022-01-20,718,315,390,443,465,526,57,26,105,1,15,2,3,239237167610.93,329134176639.99,45,15,62.57062146892656,67.29377713458756,79.45619335347432,130.0,171.0,13,0.7268682032756806,-75.0,-3.747344136458263,1.1111949925067404,52.04081632653062,56.38297872340425,82.41758241758241,55.033557046979865,61.87050359712231,68.88888888888889,66.80161943319838,70.08196721311475,86.26609442060087,67.7570093457944,72.42990654205607,77.33990147783251,176.0,66.0,42
2022-01-21,719,104,614,333,408,504,12,106,90,2,4,6,2,149134981955.12,465318404069.95,8,2,46.835443037974684,58.87445887445888,75.90361445783132,122.0,164.0,-2,0.3205009315142002,-510.0,-28.878885784316253,0.528488658961517,31.63265306122449,43.61702127659575,78.02197802197803,38.666666666666664,50.35971223021583,65.92592592592592,50.20242914979757,65.71428571428571,82.47863247863248,55.55555555555556,63.25581395348837,74.01960784313727,155.0,53.0,34
2022-01-24,729,24,705,127,248,446,5,441,57,3,1,14,1,30499988787.410004,645696623317.8,14,5,17.590027700831026,35.22727272727273,66.17210682492582,74.0,573.0,-13,0.04723578796291531,-681.0,-58.771959464313255,0.7206940893674957,14.285714285714285,22.340425531914892,65.93406593406593,12.666666666666668,31.654676258992804,59.25925925925925,18.473895582329316,37.24696356275304,76.17021276595744,21.333333333333336,40.625,59.624413145539904,134.0,36.0,17
2022-01-25,735,508,224,191,305,470,101,31,70,3,2,2,1,462675537817.91,224713904093.71,12,4,26.200274348422496,42.776998597475455,69.11764705882352,118.0,578.0,0,2.0589537602665007,284.0,-35.78667766338913,1.1014609393479544,23.232323232323232,36.17021276595745,70.32967032967034,19.333333333333332,34.04255319148936,61.029411764705884,26.0,43.54838709677419,75.74468085106383,32.17391304347826,50.0,66.5137614678899,114.0,33.0,27
2022-01-27,738,293,438,216,299,460,59,61,57,9,8,4,1,269237593848.96,469097590815.54,8,4,29.508196721311474,41.75977653631285,67.34992679355784,165.0,533.0,4,0.5739479356116123,-145.0,-37.40532833528205,1.1655234389451186,24.242424242424242,32.97872340425532,68.13186813186813,20.666666666666668,31.20567375886525,55.88235294117647,29.71887550200803,44.534412955465584,76.17021276595744,37.17948717948718,48.717948717948715,64.70588235294117,87.0,30.0,21
2022-01-28,731,446,271,251,318,461,60,29,55,8,3,2,1,399935760184.32,239113228552.81,3,1,34.57300275482093,44.7887323943662,68.09453471196456,220.0,121.0,1,1.6725789811164342,175.0,-22.602248018074086,0.9839633740142096,27.27272727272727,34.73684210526316,67.3913043478261,23.333333333333332,34.285714285714285,56.2962962962963,36.54618473895582,48.987854251012145,76.17021276595744,42.98245614035088,50.877192982456144,66.97674418604652,45.0,16.0,31
2022-01-31,731,452,276,304,358,476,65,28,53,7,3,0,1,454456937126.14,94450096627.82,6,2,41.81568088033013,50.35161744022504,70.41420118343196,184.0,118.0,3,4.8116090226664845,176.0,-9.78260310677091,0.34036039746902047,30.0,39.175257731958766,70.96774193548387,35.333333333333336,43.884892086330936,59.70149253731343,45.78313253012048,54.83870967741935,79.14893617021276,46.92982456140351,54.18502202643172,67.28971962616822,43.0,16.0,36
2022-02-01,735,452,277,348,385,500,76,22,53,9,10,1,1,472789088306.41,176347864939.28,5,4,47.60601915184679,53.84615384615385,73.6377025036819,201.0,79.0,9,2.6810026221139704,175.0,1.1771063079271613,0.6086413118768017,47.0,47.42268041237113,76.34408602150538,45.33333333333333,51.798561151079134,68.65671641791045,48.99598393574297,56.451612903225815,80.0,47.8448275862069,54.97835497835498,68.66359447004609,34.0,15.0,40
2022-02-02,735,565,162,444,430,522,115,15,54,7,16,0,3,435051517586.58,98480571683.0,3,3,60.73871409028728,60.05586592178771,76.8777614138439,256.0,65.0,16,4.417638018867024,403.0,21.94177232595438,0.7894839518521983,61.0,55.670103092783506,83.87096774193549,62.66666666666667,58.156028368794324,72.5925925925926,61.84738955823293,63.56275303643725,81.19658119658119,58.189655172413794,59.307359307359306,71.88940092165899,25.0,14.0,65
2022-02-03,734,265,464,408,402,495,39,16,44,8,9,0,1,192615261223.15,305637875258.87,4,4,55.96707818930041,56.30252100840336,73.00884955752213,230.0,53.0,9,0.6302074344025858,-199.0,9.485852909737877,0.9062423869952827,48.0,49.48453608247423,80.64516129032258,53.333333333333336,56.73758865248227,66.66666666666666,63.05220883534136,62.75303643724697,80.85106382978722,53.47826086956522,51.96506550218341,65.11627906976744,21.0,14.0,60
2022-02-04,736,250,479,367,387,491,42,22,44,9,14,1,0,203441482853.78,293259163195.68,5,3,50.20519835841313,53.97489539748954,72.09985315712188,196.0,53.0,13,0.6937259202299221,-229.0,-2.711387455675922,0.7523441936341007,47.0,48.45360824742268,78.49462365591397,46.0,47.88732394366197,66.42335766423358,54.61847389558233,58.536585365853654,79.05982905982906,49.56896551724138,55.172413793103445,65.43778801843318,23.0,16.0,58
2022-02-07,735,206,528,300,349,475,34,59,42,9,11,5,0,200526929680.37,327715320906.12,7,2,41.0958904109589,48.675034867503484,69.95581737849778,115.0,97.0,6,0.6118936677294211,-322.0,-17.776471030826343,0.6376132581977296,35.0,42.857142857142854,75.53191489361703,33.33333333333333,43.97163120567376,62.5,46.98795180722892,53.036437246963565,76.49572649572649,42.42424242424242,49.35064935064935,65.11627906976744,24.0,16.0,49
2022-02-08,737,164,568,247,317,459,12,74,29,10,5,5,0,252104042898.39,283641130238.14,6,1,33.7431693989071,44.08901251738526,67.40088105726872,88.0,155.0,0,0.8888134195725703,-404.0,-34.66823513242582,0.32485152452474036,30.0,40.816326530612244,70.2127659574468,23.333333333333332,39.71631205673759,63.23529411764706,38.95582329317269,47.77327935222672,74.78632478632478,36.48068669527897,44.20600858369099,60.82949308755761,25.0,13.0,28
2022-02-09,730,440,284,283,343,460,39,29,25,11,7,3,2,376983496470.27,94483953776.14,6,2,39.08839779005525,48.174157303370784,68.04733727810651,85.0,162.0,4,3.989920842680374,156.0,-20.937352263631233,0.38830238386561367,40.4040404040404,48.45360824742268,72.04301075268818,38.0,47.183098591549296,64.23357664233576,39.75903614457831,50.20242914979757,74.2489270386266,38.49557522123894,46.46017699115044,61.97183098591549,28.0,12.0,28
2022-02-10,729,387,334,299,340,476,48,29,28,11,6,4,1,373308514976.83997,151823381563.7,1,1,41.29834254143646,47.81997187060478,70.62314540059347,99.0,132.0,2,2.4588341474940223,53.0,-14.242760649493718,0.4712325294129485,49.494949494949495,50.51546391752577,78.49462365591397,40.0,45.45454545454545,68.11594202898551,40.16064257028113,49.1869918699187,75.86206896551724,39.823008849557525,46.666666666666664,63.03317535545023,25.0,9.0,28
2022-02-11,720,103,614,206,276,437,14,80,20,15,6,8,0,85727955023.2,452823742136.13,4,1,28.81118881118881,39.31623931623932,65.51724137931035,101.0,138.0,-2,0.1893185958377334,-511.0,-36.64767101615868,0.8860853961780106,32.323232323232325,39.175257731958766,73.11827956989248,25.333333333333336,35.66433566433567,61.59420289855072,29.31726907630522,42.68292682926829,70.6896551724138,29.03225806451613,37.96296296296296,58.82352941176471,24.0,7.0,16
2022-02-14,715,29,685,76,150,373,5,400,11,32,2,25,0,37338038842.75,522118347065.6,4,0,10.704225352112676,21.52080344332855,56.34441087613293,67.0,509.0,-23,0.07151259681372349,-656.0,-62.870631024576426,0.5920043224501296,17.17171717171717,25.773195876288657,58.51063829787234,6.666666666666667,12.587412587412588,54.01459854014598,9.63855421686747,23.076923076923077,60.94420600858369,11.79245283018868,23.809523809523807,51.515151515151516,21.0,5.0,9
2022-02-15,709,584,122,148,218,400,136,17,11,28,1,5,0,497207780899.44,59574492530.51,4,1,20.99290780141844,31.502890173410403,60.882800608828006,155.0,497.0,-4,8.345984326174563,462.0,-29.07690867665071,0.573555503919301,37.37373737373738,40.20618556701031,73.40425531914893,17.333333333333336,23.61111111111111,57.2463768115942,16.46586345381526,32.52032520325203,65.51724137931035,21.256038647342994,31.70731707317073,51.813471502590666,19.0,5.0,22
2022-02-16,701,395,300,172,241,408,63,11,10,27,2,2,0,221462242826.03,253161914829.11,3,0,24.71264367816092,35.28550512445095,62.865947611710325,204.0,428.0,0,0.8747849887907587,95.0,-18.38789152579097,1.5051317564179216,34.34343434343434,44.329896907216494,72.3404255319149,19.333333333333332,27.586206896551722,58.992805755395686,22.58064516129032,36.0655737704918,67.82608695652173,26.633165829145728,35.53299492385787,54.83870967741935,16.0,3.0,13
2022-02-17,695,214,477,156,222,389,23,26,11,22,2,4,1,171815041664.38998,248249073562.48,1,1,22.707423580786028,32.93768545994065,60.59190031152648,222.0,54.0,-2,0.6921074838216752,-263.0,-27.056842404176948,0.6482191379936565,34.69387755102041,42.70833333333333,69.89247311827957,16.666666666666664,24.137931034482758,56.11510791366906,23.076923076923077,34.15637860082305,66.37554585152839,20.833333333333336,33.1578947368421,51.93370165745856,16.0,3.0,21
2022-02-18,690,160,523,132,199,380,15,21,10,25,0,7,1,102422199394.41,250060985303.48,0,0,19.35483870967742,29.74588938714499,59.65463108320252,101.0,58.0,-7,0.40958888196856447,-363.0,-39.333511193176065,0.7469131993668074,26.53061224489796,38.54166666666667,68.81720430107528,11.333333333333332,18.620689655172416,54.67625899280576,21.86234817813765,32.510288065843625,65.06550218340611,18.71657754010695,30.270270270270274,51.70454545454546,12.0,2.0,15
2022-02-21,686,94,591,77,137,350,10,154,6,43,1,26,1,110895291085.6,323270747121.63,1,0,11.35693215339233,20.57057057057057,55.29225908372828,48.0,201.0,-25,0.3430415281091792,-497.0,-56.33339545180442,0.4636536408445446,15.306122448979592,31.25,64.51612903225806,7.333333333333333,13.793103448275861,52.51798561151079,12.550607287449392,21.311475409836063,59.388646288209614,10.92896174863388,19.337016574585636,47.093023255813954,9.0,2.0,10
2022-02-22,681,114,561,62,103,321,9,109,9,42,1,36,1,161050974523.85,347446369630.62,1,1,9.212481426448738,15.55891238670695,51.11464968152867,34.0,284.0,-35,0.46352757893273666,-447.0,-68.08662951567266,0.4383958266682134,12.244897959183673,22.916666666666664,61.29032258064516,7.333333333333333,11.03448275862069,45.32374100719424,9.274193548387096,15.853658536585366,56.086956521739125,9.03954802259887,14.857142857142858,43.373493975903614,6.0,2.0,9
2022-02-23,675,469,201,93,131,331,80,5,15,14,1,6,1,260809349865.47,145124036650.99,0,0,13.963963963963963,19.96951219512195,53.21543408360129,99.0,268.0,-5,1.79714784596774,268.0,-42.04521149270164,1.2983535765121565,17.346938775510203,22.916666666666664,60.215053763440864,12.666666666666668,15.172413793103448,48.57142857142857,13.709677419354838,21.45748987854251,60.0,13.529411764705882,20.238095238095237,43.39622641509434,3.0,2.0,21
2022-02-24,669,7,662,15,46,230,2,531,7,46,0,72,1,2061075237.75,760879111260.41,1,0,2.272727272727273,7.076923076923077,37.27714748784441,91.0,645.0,-72,0.0027088077557232337,-655.0,-65.7195730255979,3.9035690534136944,0.0,4.166666666666666,33.33333333333333,1.3333333333333335,4.827586206896552,32.142857142857146,2.4193548387096775,7.6923076923076925,43.66812227074236,4.2682926829268295,9.876543209876543,34.83870967741935,3.0,1.0,2
2022-02-25,671,634,37,86,99,296,341,7,9,20,2,1,0,557354323328.6,20306224300.06,0,0,12.990936555891238,15.184049079754603,47.81906300484653,423.0,543.0,1,27.44746217183039,597.0,-23.03255427109623,0.6242885053584699,16.3265306122449,16.49484536082474,52.12765957446809,11.333333333333332,15.172413793103448,42.857142857142854,11.38211382113821,13.934426229508196,53.53982300884957,14.880952380952381,16.265060240963855,41.509433962264154,3.0,1.0,18
2022-02-28,673,447,223,120,134,298,76,14,13,19,4,4,0,449556660003.91,187349444800.76,0,0,18.099547511312217,20.489296636085626,48.1421647819063,419.0,552.0,0,2.3995622750950703,224.0,-5.069990464641819,0.8353541501036134,19.387755102040817,23.711340206185564,56.38297872340425,18.666666666666668,19.863013698630137,42.5531914893617,16.599190283400812,18.367346938775512,53.98230088495575,19.047619047619047,22.289156626506024,39.87341772151899,2.0,1.0,16
2022-03-02,667,292,369,126,132,294,52,22,11,19,4,3,0,330245377926.35,333723120741.52997,0,0,19.17808219178082,20.33898305084746,47.96084828711256,469.0,43.0,1,0.9895789575278677,-77.0,-4.736648457800101,0.7996612167825405,19.387755102040817,19.587628865979383,55.319148936170215,20.666666666666668,17.687074829931973,43.66197183098591,19.10569105691057,21.311475409836063,54.01785714285714,17.791411042944784,21.73913043478261,38.56209150326798,1.0,0.0,18
2022-03-03,661,337,315,158,140,298,48,28,14,23,8,7,0,280288676403.55,311558255419.01,0,0,24.233128834355828,21.705426356589147,49.01315789473684,176.0,64.0,1,0.8996348885912009,22.0,0.5220422003385892,1.1891949538735727,27.55102040816326,21.649484536082475,52.12765957446809,24.666666666666668,19.594594594594593,44.36619718309859,23.577235772357724,21.721311475409834,53.125,22.78481012658228,23.717948717948715,45.27027027027027,1.0,0.0,14
2022-03-04,654,108,541,119,116,273,10,72,12,40,0,19,0,110002487553.44,518981174268.23,3,1,18.421052631578945,18.096723868954758,45.27363184079602,110.0,122.0,-19,0.2119585314603076,-433.0,-17.734387497954515,0.9418366548283327,22.448979591836736,19.387755102040817,46.31578947368421,17.333333333333336,15.646258503401361,41.13475177304964,15.573770491803279,16.872427983539097,48.214285714285715,21.428571428571427,21.568627450980394,44.05594405594406,3.0,1.0,9
2022-03-07,651,107,543,88,89,236,17,167,11,70,3,37,0,170706346331.57,477274772983.33,9,4,13.685847589424572,13.928012519561817,39.267886855241265,75.0,267.0,-34,0.3576689068741799,-436.0,-33.40496295250536,0.5509380413307144,23.46938775510204,15.306122448979592,42.10526315789473,10.0,10.81081081081081,35.2112676056338,10.612244897959183,11.475409836065573,42.410714285714285,16.0,20.13422818791946,36.42857142857142,12.0,5.0,5
2022-03-08,648,490,154,132,113,254,77,10,10,51,2,4,0,474750134395.92,175137679317.56,3,1,20.625,17.739403453689167,42.40400667779633,104.0,249.0,-2,2.710725277654856,336.0,-8.036280151383792,1.1737885089450617,28.57142857142857,23.46938775510204,45.26315789473684,18.0,15.54054054054054,40.140845070422536,16.39344262295082,15.163934426229508,44.843049327354265,25.0,20.408163265306122,38.84892086330935,15.0,6.0,15
2022-03-09,636,539,94,205,152,277,135,5,8,27,3,0,0,543116303322.45,89409974717.54001,0,0,32.53968253968254,24.242424242424242,47.02886247877759,229.0,182.0,3,6.074448684704796,445.0,19.144125044332057,0.9439609832624918,38.38383838383838,26.53061224489796,49.473684210526315,31.333333333333336,20.945945945945947,42.95774647887324,27.755102040816325,23.26530612244898,51.33928571428571,38.23529411764706,27.941176470588236,42.1875,15.0,6.0,24
2022-03-10,635,452,178,269,182,291,70,13,11,13,3,0,0,551660661932.06,125386622055.55,3,0,42.76629570747218,29.02711323763955,49.48979591836735,282.0,28.0,3,4.399677197521583,274.0,33.73765086144745,0.5771618527211672,46.464646464646464,34.69387755102041,53.68421052631579,43.333333333333336,26.845637583892618,42.25352112676056,39.02439024390244,25.609756097560975,55.111111111111114,46.26865671641791,33.582089552238806,44.44444444444444,18.0,6.0,32
2022-03-11,637,384,245,316,205,293,65,1,11,13,15,0,0,359967517569.55,175562440658.96,2,2,50.079239302694134,32.591414944356124,49.66101694915254,270.0,19.0,15,2.0503674716439337,139.0,39.296427180773875,0.7644224561945719,50.505050505050505,33.6734693877551,54.736842105263165,52.666666666666664,32.21476510067114,45.774647887323944,47.5609756097561,30.89430894308943,54.46428571428571,51.470588235294116,35.294117647058826,41.86046511627907,17.0,7.0,34
2022-03-14,636,294,340,306,209,297,46,8,12,15,12,1,0,369311790233.37,193453750102.98,1,1,48.57142857142857,33.28025477707006,50.42444821731748,181.0,22.0,11,1.9090443583377246,-46.0,34.60269879789409,0.4529522211342813,55.55555555555556,40.816326530612244,54.736842105263165,46.0,27.516778523489933,44.36619718309859,45.74898785425101,32.79352226720648,56.44444444444444,51.49253731343284,35.07462686567165,43.30708661417323,9.0,4.0,40
2022-03-15,628,171,451,252,196,287,26,47,14,10,5,2,0,233754726046.54,381299161857.23,1,1,40.51446945337621,31.561996779388085,49.312714776632305,137.0,56.0,3,0.6130480982648079,-280.0,18.716547536542414,0.6184790867325023,42.42424242424242,32.6530612244898,56.84210526315789,38.666666666666664,27.333333333333332,45.07042253521127,41.1522633744856,32.510288065843625,53.84615384615385,40.0,33.84615384615385,40.32258064516129,7.0,4.0,28
2022-03-16,635,502,129,344,246,313,66,3,24,4,7,1,0,454567079200.22003,46645080064.52,5,3,54.6031746031746,39.109697933227345,52.96108291032149,138.0,58.0,6,9.745230977660619,373.0,37.69030547040401,0.3993207423341358,66.66666666666666,48.97959183673469,62.10526315789474,56.00000000000001,37.333333333333336,47.183098591549296,49.38775510204081,36.734693877551024,55.55555555555556,53.67647058823529,38.23529411764706,48.06201550387597,12.0,7.0,54
2022-03-17,629,429,194,408,276,329,74,9,22,2,11,0,0,606036909947.88,181016712397.88,4,2,65.07177033492823,44.16,55.952380952380956,166.0,59.0,11,3.3479610911051862,235.0,46.824416976503656,0.6605035560480745,81.0,55.10204081632652,69.47368421052632,69.33333333333334,41.333333333333336,50.349650349650354,59.42622950819673,41.80327868852459,59.64125560538116,58.64661654135338,43.609022556390975,45.66929133858268,13.0,9.0,80
2022-03-21,630,254,367,379,272,325,42,13,22,3,14,1,0,211991876651.30002,314822555422.89,3,1,60.35031847133758,43.45047923322684,55.178268251273344,182.0,25.0,13,0.6733694044460659,-113.0,36.99996022933634,1.027813393470695,62.0,44.44444444444444,61.458333333333336,59.333333333333336,40.26845637583892,50.349650349650354,59.756097560975604,43.49593495934959,58.666666666666664,61.36363636363637,46.21212121212121,49.6,14.0,8.0,66
2022-03-22,636,308,320,399,290,333,33,2,27,3,11,1,0,405520701732.2,149718031892.09,5,2,62.93375394321766,45.88607594936709,55.96638655462185,149.0,24.0,10,2.7085628671934523,-12.0,33.4650499093616,0.3553544987483785,75.0,53.535353535353536,64.58333333333334,60.0,41.61073825503356,50.349650349650354,60.40816326530612,45.30612244897959,58.744394618834086,61.87050359712231,46.043165467625904,51.127819548872175,18.0,9.0,64
2022-03-23,644,273,362,395,302,337,23,15,31,3,6,0,0,317868668108.53,239763693572.56,20,10,61.62246489859594,47.26134585289515,56.166666666666664,98.0,30.0,6,1.3257581386580242,-89.0,26.425376336236397,0.568839537483216,69.0,55.55555555555556,64.58333333333334,59.333333333333336,42.95302013422819,49.65034965034965,59.756097560975604,44.71544715447154,59.19282511210763,62.06896551724138,50.3448275862069,52.17391304347826,37.0,18.0,62
2022-03-24,645,280,360,395,309,333,30,5,38,3,6,1,0,305569566340.33,228970945946.53,9,4,61.52647975077882,48.28125,55.3156146179402,86.0,22.0,5,1.3345342356741086,-80.0,20.72432854953316,0.5828084113442782,72.0,57.57575757575758,62.5,60.0,44.29530201342282,49.65034965034965,59.591836734693885,45.30612244897959,56.95067264573991,59.183673469387756,51.02040816326531,53.57142857142857,41.0,19.0,60
2022-03-25,642,196,442,364,295,330,17,13,47,3,7,2,0,239977572850.14,267552173005.29,7,5,56.96400625978091,46.31083202511774,55.00000000000001,70.0,33.0,5,0.8969374838357048,-246.0,7.446311049154225,0.4943922202145089,68.0,58.58585858585859,63.541666666666664,52.0,39.59731543624161,51.048951048951054,55.28455284552846,44.3089430894309,56.00000000000001,57.34265734265735,48.25174825174825,51.470588235294116,44.0,22.0,60
2022-03-28,652,220,430,327,283,324,31,38,43,3,14,12,1,332961384862.44,188035742248.02,10,5,50.38520801232666,43.7403400309119,53.37726523887974,78.0,56.0,2,1.7707345469632174,-210.0,-2.1436254689155305,0.2889354069779562,63.0,56.56565656565656,63.541666666666664,44.0,36.241610738255034,44.75524475524475,50.0,43.145161290322584,58.14977973568281,49.00662251655629,43.70860927152318,47.5177304964539,51.0,26.0,49
2022-03-29,651,354,291,352,302,339,64,13,100,2,14,12,1,379335738882.75,184594997522.94,5,0,54.32098765432099,46.749226006191954,55.940594059405946,112.0,64.0,2,2.054962181928084,63.0,3.317696935479404,0.5919791887456727,67.67676767676768,59.183673469387756,66.3157894736842,52.0,38.92617449664429,51.388888888888886,53.62903225806451,46.37096774193548,57.52212389380531,49.00662251655629,47.019867549668874,51.06382978723404,51.0,24.0,50
2022-03-30,654,429,222,410,337,349,70,16,71,2,7,4,0,460338747098.34,218196278335.15,6,4,63.07692307692307,52.00617283950617,57.401315789473685,165.0,67.0,3,2.1097460992953265,207.0,15.170539106559673,0.91595497348135,77.77777777777779,61.224489795918366,70.52631578947368,66.0,50.33557046979866,52.77777777777778,61.29032258064516,50.806451612903224,57.9646017699115,53.59477124183007,49.673202614379086,52.44755244755245,37.0,18.0,55
2022-03-31,654,300,349,397,338,353,43,11,68,1,7,3,1,324251071143.1,289718336617.51,11,6,61.07692307692307,52.160493827160494,57.96387520525451,177.0,40.0,4,1.1191941626089774,-49.0,12.428866467300503,0.7680515879964612,73.73737373737373,60.204081632653065,67.36842105263158,68.0,52.348993288590606,56.55172413793104,57.028112449799195,50.602409638554214,58.590308370044056,52.63157894736842,49.34210526315789,52.112676056338024,39.0,20.0,58
2022-04-01,661,529,131,540,401,375,143,5,64,1,14,0,1,474842801608.36,91737165353.98,15,8,82.1917808219178,61.221374045801525,60.97560975609756,256.0,32.0,14,5.176122455671223,398.0,32.37259202839741,0.7801530921098815,87.87878787878788,70.40816326530613,72.63157894736842,88.0,63.758389261744966,57.931034482758626,80.64516129032258,59.67741935483871,59.471365638766514,75.625,55.625,58.78378378378378,47.0,23.0,69
2022-04-04,668,523,142,612,473,396,91,4,68,0,18,0,2,607427195759.03,61765279416.36,11,6,92.16867469879519,71.45015105740181,63.76811594202898,277.0,20.0,18,9.834444229813336,381.0,48.41261442299328,0.37451008979072764,91.91919191919192,79.59183673469387,74.73684210526315,96.0,74.49664429530202,60.689655172413794,88.35341365461848,67.8714859437751,62.28070175438597,94.57831325301204,69.27710843373494,62.091503267973856,48.0,24.0,76
2022-04-05,678,452,221,639,534,423,86,5,91,0,22,0,4,413603786755.69,275995567825.35,15,5,94.94799405646359,79.58271236959762,67.14285714285714,320.0,14.0,22,1.498588510006141,231.0,54.38477049825778,1.3647834980196794,94.94949494949495,84.6938775510204,76.84210526315789,96.66666666666667,79.19463087248322,63.44827586206897,92.3694779116466,77.91164658634538,65.78947368421053,97.14285714285714,79.42857142857143,66.66666666666666,58.0,29.0,74
2022-04-06,689,388,295,630,545,434,67,13,152,0,26,0,1,423507211319.16,264915380167.13,16,15,92.10526315789474,79.91202346041055,67.8125,244.0,22.0,26,1.5986509014764543,93.0,52.31904009011763,0.8227276111835397,89.8989898989899,80.61224489795919,76.84210526315789,95.33333333333334,77.85234899328859,65.97222222222221,88.75502008032129,78.714859437751,66.37554585152839,95.16129032258065,82.79569892473118,66.27906976744185,68.0,40.0,87
2022-04-07,699,238,456,610,537,439,41,38,110,0,8,0,0,267223458839.77,440244995175.47,32,17,87.89625360230548,77.60115606936417,67.53846153846153,194.0,56.0,8,0.6069880674810666,-218.0,34.741245390707235,0.8598683442449776,82.82828282828282,75.51020408163265,75.78947368421053,92.0,75.16778523489933,66.66666666666666,85.6,76.8,63.47826086956522,90.25641025641026,81.53846153846153,69.06077348066299,89.0,51.0,72
2022-04-08,705,500,198,641,567,449,51,6,93,0,12,0,4,501141542690.98,142540267563.58,43,29,91.96556671449068,81.58273381294964,68.75957120980092,159.0,57.0,12,3.515789266127525,302.0,45.5385246957578,0.7182604912022986,84.84848484848484,77.55102040816327,74.73684210526315,96.0,82.5503355704698,69.44444444444444,89.2,78.8,65.21739130434783,95.95959595959596,86.36363636363636,69.56521739130434,117.0,72.0,86
2022-04-11,711,382,317,640,566,447,64,8,98,0,25,0,4,322835264040.68,246974125042.29,30,13,91.16809116809117,80.85714285714286,67.93313069908815,156.0,52.0,25,1.3071622947764268,65.0,42.69250587809725,0.9218804148708215,84.84848484848484,79.59183673469387,75.0,94.0,79.86577181208054,67.36111111111111,89.1566265060241,79.11646586345381,65.06550218340611,94.6078431372549,84.31372549019608,68.25396825396825,136.0,79.0,82
2022-04-12,722,131,588,561,513,447,21,39,73,0,10,0,3,181841993406.9,448528071807.29,24,5,78.79213483146067,72.25352112676056,66.91616766467065,136.0,53.0,10,0.4054194259774857,-457.0,13.945697259606984,0.549527480359638,67.67676767676768,67.3469387755102,75.0,78.66666666666666,71.81208053691275,65.27777777777779,77.10843373493977,70.28112449799197,64.78260869565217,85.98130841121495,77.10280373831776,66.66666666666666,145.0,79.0,64
2022-04-13,730,386,335,554,519,453,53,9,75,0,14,0,4,269862868530.24,239289540721.82,24,8,77.26638772663877,72.58741258741259,67.11111111111111,138.0,56.0,14,1.1277670880064175,51.0,14.697447404499778,1.0216992659423951,62.62626262626263,66.3265306122449,71.875,80.66666666666666,73.15436241610739,65.51724137931035,76.20967741935483,72.17741935483872,65.21739130434783,82.72727272727273,75.45454545454545,68.13725490196079,153.0,72.0,58
2022-04-18,734,277,456,478,478,438,69,53,99,0,31,0,6,275297960507.3,369065929732.11,23,8,66.38888888888889,66.57381615598887,64.79289940828401,143.0,101.0,31,0.7459316569999502,-179.0,3.7667065413606178,0.8143589759871496,52.52525252525253,60.204081632653065,66.66666666666666,65.1006711409396,66.21621621621621,60.416666666666664,66.53225806451613,65.7258064516129,64.19213973799127,73.21428571428571,70.53571428571429,67.6328502415459,144.0,63.0,50
2022-04-19,741,173,559,401,428,429,25,84,67,0,9,0,5,208931492970.47,465066476565.82,12,5,55.15818431911968,59.03448275862069,62.71929824561403,147.0,146.0,9,0.44925081358965746,-386.0,-15.947910429330168,0.6888829293042497,39.39393939393939,51.02040816326531,60.416666666666664,49.664429530201346,56.75675675675676,57.638888888888886,57.028112449799195,59.43775100401606,62.77056277056276,63.47826086956522,63.47826086956522,67.13615023474179,113.0,39.0,41
2022-04-20,739,415,317,429,441,432,54,15,65,0,10,1,3,368539776630.43,200778302507.09,8,4,59.17241379310345,60.99585062240664,63.250366032210835,148.0,152.0,9,1.8355557947672951,98.0,-8.52416838712414,0.7132162741749815,47.474747474747474,55.10204081632652,62.5,57.71812080536913,61.48648648648649,59.02777777777778,59.67741935483871,60.88709677419355,63.04347826086957,64.62882096069869,63.31877729257642,66.66666666666666,91.0,30.0,48
2022-04-21,740,556,173,504,499,453,80,9,76,0,12,0,2,492136707364.47003,82324064850.54001,12,4,69.32599724896836,68.92265193370166,66.22807017543859,159.0,108.0,12,5.978041879466813,383.0,12.115751900897635,0.537612967117017,56.56565656565656,65.3061224489796,69.79166666666666,70.66666666666667,73.15436241610739,64.82758620689654,70.44534412955466,67.61133603238866,65.06550218340611,72.72727272727273,69.1304347826087,66.82242990654206,79.0,29.0,56
2022-04-22,740,237,489,452,467,439,40,21,73,0,10,0,3,232680650008.02002,346665112501.77997,6,4,62.17331499312242,64.59197786998617,64.27525622254758,174.0,45.0,10,0.6711971918051757,-252.0,-2.0476950123482363,0.7220867169953783,44.0,54.54545454545454,65.97938144329896,61.74496644295302,67.56756756756756,63.19444444444444,65.18218623481782,65.85365853658537,63.59649122807017,67.09956709956711,65.65217391304347,64.95327102803739,61.0,25.0,47
2022-04-25,743,104,636,324,389,417,20,138,61,1,5,0,4,150201332786.44,388325203335.96,8,5,44.38356164383562,53.507565337001374,60.610465116279066,140.0,168.0,5,0.3867926456900433,-532.0,-28.14720364811172,0.42276401684652215,23.0,42.0,61.855670103092784,44.966442953020135,51.35135135135135,59.72222222222222,48.582995951417004,56.91056910569105,61.23348017621145,48.717948717948715,56.22317596566524,60.0,46.0,22.0,42
2022-04-26,741,476,259,375,422,431,76,14,62,2,10,1,4,422426927418.39,110063027948.13,12,2,51.51098901098901,58.20689655172414,62.82798833819242,136.0,173.0,9,3.8380456661384006,217.0,-12.871547513448938,0.4788473086843061,42.0,54.0,63.91752577319587,57.04697986577181,60.810810810810814,63.19444444444444,52.226720647773284,60.97560975609756,63.87665198237885,51.293103448275865,55.41125541125541,61.00917431192661,46.0,19.0,47
2022-04-27,734,195,535,314,383,416,33,39,63,1,6,2,3,246941990535.32,356811344339.16,12,7,43.49030470914128,53.34261838440112,61.26656848306333,129.0,191.0,4,0.692079986954098,-340.0,-27.59650378074501,0.5266529710135739,31.0,47.0,63.91752577319587,45.33333333333333,56.08108108108109,61.111111111111114,48.582995951417004,57.3170731707317,65.19823788546255,42.22222222222222,50.0,55.92417061611374,50.0,22.0,35
2022-04-28,730,402,319,352,391,417,39,25,72,0,4,0,2,403193686373.82,207915720462.38,3,2,48.95688456189152,54.68531468531469,61.595273264401776,148.0,78.0,4,1.9392169359640765,83.0,-18.898358870379433,0.6498437923077417,49.0,55.00000000000001,64.94845360824742,51.33333333333333,54.36241610738255,61.37931034482759,54.47154471544715,60.40816326530612,65.04424778761062,41.25560538116592,48.41628959276018,56.45933014354066,41.0,20.0,53
2022-04-29,726,204,512,291,351,401,27,52,52,0,7,0,4,188392532695.13,431111663201.87,11,2,40.7563025210084,49.436619718309856,59.672619047619044,99.0,116.0,7,0.43699242858784443,-308.0,-30.916953177664972,0.9117720901654155,38.0,45.0,62.88659793814433,44.0,50.33557046979866,60.689655172413794,44.534412955465584,52.4390243902439,61.8421052631579,35.483870967741936,47.44186046511628,54.95049504950495,46.0,18.0,36
2022-05-02,726,229,487,246,335,390,31,47,48,2,8,4,3,209094234596.24,269645802504.69,10,3,34.45378151260504,47.183098591549296,57.94947994056464,97.0,124.0,4,0.7754403467586082,-258.0,-38.538266544505774,0.6063985123491621,36.0,44.0,57.73195876288659,34.0,45.63758389261745,57.931034482758626,38.55421686746988,53.2258064516129,60.43478260869565,29.30232558139535,42.72300469483568,55.223880597014926,48.0,16.0,27
2022-05-04,724,79,640,153,255,360,9,168,40,1,2,8,1,66880908789.299995,488779615761.06,9,3,21.48876404494382,35.966149506346966,53.57142857142857,67.0,267.0,-6,0.13683244274653783,-561.0,-60.01179814043215,0.902106967633765,22.0,34.0,51.546391752577314,20.666666666666668,31.543624161073826,50.0,24.291497975708502,40.08097165991903,57.64192139737992,18.6046511627907,35.2112676056338,52.5,45.0,17.0,18
2022-05-05,723,314,401,148,256,347,37,32,26,5,0,9,4,246738889276.49,233545579115.51,4,0,20.845070422535212,36.20933521923621,51.71385991058122,77.0,247.0,-9,1.0564913718810094,-87.0,-54.37160866424702,0.7411725404068469,20.0,35.0,47.95918367346938,19.333333333333332,34.899328859060404,46.57534246575342,22.672064777327936,38.46153846153847,55.895196506550214,20.187793427230048,35.07109004739337,52.52525252525253,37.0,10.0,20
2022-05-06,716,106,606,91,184,311,12,131,20,11,0,12,2,106237309216.8,443929941353.79,4,0,12.944523470839261,26.285714285714285,46.766917293233085,58.0,331.0,-12,0.23931097977492394,-500.0,-69.92738861878752,0.730921297107587,17.0,26.0,44.89795918367347,10.666666666666668,22.818791946308725,43.15068493150685,14.634146341463413,27.64227642276423,49.56140350877193,10.628019323671497,27.31707317073171,47.15025906735752,38.0,8.0,7
2022-05-09,709,133,569,70,137,273,18,115,14,13,1,16,1,139583705352.26,345135092678.99,2,1,10.057471264367816,19.76911976911977,41.426403641881635,67.0,278.0,-15,0.40443208561838934,-436.0,-79.6779435368257,0.5779546623580395,13.0,16.0,41.83673469387755,8.0,18.79194630872483,37.67123287671233,9.75609756097561,21.544715447154474,43.859649122807014,10.5,20.2020202020202,41.17647058823529,29.0,7.0,6
2022-05-10,699,111,587,45,101,257,8,158,9,35,0,24,1,122743127496.68,356710411896.09,2,2,6.540697674418605,14.744525547445257,39.477726574500764,38.0,404.0,-24,0.3440974061963606,-476.0,-89.6162782740642,0.5495452755907124,9.090909090909092,17.17171717171717,38.144329896907216,6.666666666666667,13.422818791946309,37.67123287671233,6.0728744939271255,15.384615384615385,41.73913043478261,5.729166666666666,13.684210526315791,38.764044943820224,21.0,6.0,3
2022-05-11,691,154,536,30,75,219,15,173,4,52,0,49,0,213926036279.79,339801569340.11,1,0,4.411764705882353,11.078286558345644,33.95348837209302,41.0,446.0,-49,0.6295616488623977,-382.0,-92.96547308303283,0.45637060858930834,7.142857142857142,16.3265306122449,37.5,6.0,10.738255033557047,34.01360544217687,3.6290322580645165,11.29032258064516,32.900432900432904,2.717391304347826,8.241758241758241,33.33333333333333,13.0,3.0,2
2022-05-12,689,122,565,19,52,188,11,143,4,88,0,41,0,60102956395.62,455037380906.24,3,0,2.798232695139912,7.703703703703704,29.283489096573206,34.0,474.0,-41,0.1320835582253058,-443.0,-98.41420727928579,1.6347924483643512,2.0408163265306123,9.183673469387756,28.125,4.0,9.395973154362416,29.25170068027211,2.4096385542168677,7.630522088353414,29.87012987012987,2.7472527472527473,5.58659217877095,29.166666666666668,12.0,3.0,2
2022-05-13,683,452,226,44,68,215,106,25,3,76,0,20,1,321713999903.72,247496055395.91,1,0,6.518518518518518,10.134128166915051,33.64632237871675,132.0,341.0,-20,1.299875262210084,226.0,-69.13080398068573,1.5386091713135186,7.142857142857142,12.244897959183673,34.375,10.666666666666668,11.409395973154362,33.33333333333333,3.614457831325301,10.843373493975903,34.1991341991342,6.741573033707865,6.857142857142858,32.72727272727273,9.0,3.0,9
2022-05-16,678,464,210,89,110,230,106,24,5,40,0,10,1,346848723942.79,91804912558.32,1,0,13.263785394932937,16.516516516516518,36.106750392464676,223.0,192.0,-10,3.7781063592043704,254.0,-42.34784014047922,0.5848230831672807,16.3265306122449,19.387755102040817,37.11340206185567,17.333333333333336,20.80536912751678,38.095238095238095,9.2,14.056224899598394,35.65217391304348,13.872832369942195,14.705882352941178,34.355828220858896,8.0,2.0,17
2022-05-17,671,600,69,164,165,269,204,5,10,30,1,2,1,456850573892.5,24613440616.64,1,0,24.69879518072289,25.03793626707132,42.76629570747218,416.0,54.0,-1,18.561020420023873,531.0,-5.386666856400254,0.4684899847710991,30.612244897959183,27.55102040816326,42.2680412371134,27.333333333333332,26.174496644295303,42.17687074829932,22.0,23.694779116465863,40.692640692640694,22.89156626506024,24.539877300613497,46.75324675324675,7.0,0.0,27
2022-05-18,652,316,329,186,172,255,64,19,9,26,3,5,0,287538030717.28,256487122869.18,0,0,28.88198757763975,26.875,41.80327868852459,374.0,48.0,-2,1.12106224866477,-13.0,-0.9579303642307195,0.8567644868359697,28.865979381443296,27.835051546391753,46.875,30.0,28.859060402684566,41.78082191780822,26.8,24.899598393574294,40.51724137931034,31.292517006802722,27.586206896551722,40.44117647058824,6.0,0.0,23
2022-05-19,643,81,559,122,132,227,9,157,9,29,2,20,0,70448514454.98,424813311094.97,1,0,19.212598425196852,20.91917591125198,37.770382695507486,277.0,181.0,-18,0.16583405607841403,-478.0,-20.416571011604617,0.8737747447326072,14.432989690721648,19.587628865979383,36.45833333333333,18.0,21.476510067114095,39.04109589041096,19.6,20.481927710843372,37.93103448275862,23.18840579710145,22.058823529411764,37.00787401574803,4.0,0.0,12
2022-05-20,632,552,77,213,187,258,130,4,10,20,6,2,0,444892599949.2,39678619537.439995,1,0,34.08,30.112721417069245,43.43434343434344,203.0,180.0,4,11.212401165554859,475.0,10.698374089948715,0.6393662751609558,28.865979381443296,31.958762886597935,48.95833333333333,32.666666666666664,30.87248322147651,43.15068493150685,36.54618473895582,28.62903225806452,42.857142857142854,34.883720930232556,30.708661417322837,40.49586776859504,4.0,0.0,28
2022-05-23,630,230,395,205,175,247,26,56,6,35,5,7,0,226992689346.37,274488138839.73,4,2,32.958199356913184,28.317152103559874,41.793570219966156,165.0,217.0,-2,0.8269672063276585,-165.0,5.248160281327074,0.7041131456692244,32.29166666666667,32.29166666666667,48.421052631578945,30.0,27.516778523489933,41.78082191780822,31.85483870967742,25.910931174089068,39.565217391304344,39.0625,30.952380952380953,40.833333333333336,7.0,2.0,12
2022-05-24,628,162,462,167,142,222,13,73,2,44,2,16,0,156979246349.54,301264604813.8,3,1,26.978998384491113,23.089430894308943,37.819420783645654,169.0,133.0,-14,0.5210676722098263,-300.0,-6.188013326451056,0.6729439751314092,27.55102040816326,30.612244897959183,44.329896907216494,23.64864864864865,19.727891156462583,37.5,25.0,20.647773279352226,36.08695652173913,34.4,26.01626016260163,36.206896551724135,9.0,3.0,11
2022-05-25,624,79,544,99,109,193,8,176,2,55,0,41,0,96819517854.29001,354427709134.87,1,0,16.176470588235293,17.927631578947366,33.275862068965516,47.0,305.0,-41,0.2731714122764803,-465.0,-24.185001694469094,0.531609757496566,20.618556701030926,21.649484536082475,42.70833333333333,14.965986394557824,17.80821917808219,31.46853146853147,13.008130081300814,15.918367346938775,31.57894736842105,20.491803278688526,19.166666666666668,30.973451327433626,10.0,3.0,6
2022-05-26,623,415,206,138,127,206,59,23,2,52,0,14,0,402022043801.09,153167177120.85,4,2,22.62295081967213,20.957095709570957,35.57858376511226,80.0,272.0,-14,2.6247271207713894,209.0,-5.751501740652174,0.7675324001696795,28.865979381443296,27.835051546391753,44.79166666666667,25.0,23.809523809523807,36.11111111111111,17.959183673469386,16.39344262295082,33.18777292576419,24.166666666666668,21.1864406779661,31.818181818181817,13.0,5.0,15
2022-05-27,620,445,172,173,142,210,59,11,1,37,0,3,1,332747605615.08,97431587322.26,2,1,28.500823723228997,23.509933774834437,36.332179930795846,126.0,210.0,-3,3.415192287840905,273.0,13.237898228564532,0.7575588969138903,36.08247422680412,29.896907216494846,45.83333333333333,30.405405405405407,26.53061224489796,37.5,24.796747967479675,19.591836734693878,32.751091703056765,27.586206896551722,22.608695652173914,33.94495412844037,14.0,6.0,20
2022-05-30,623,510,112,292,189,242,117,13,1,23,3,0,0,401114939822.24,60319317210.1,1,0,47.94745484400657,31.18811881188119,41.796200345423145,235.0,47.0,3,6.649858757934953,398.0,35.65764571110199,0.6847621271862163,61.458333333333336,40.625,48.421052631578945,50.67567567567568,31.292517006802722,43.05555555555556,42.44897959183673,28.278688524590162,38.15789473684211,45.0,29.411764705882355,41.964285714285715,11.0,4.0,34
2022-05-31,618,338,278,298,210,243,68,25,1,22,4,2,0,553930764481.91,488399987148.06,1,0,49.4195688225539,35.0,42.40837696335078,244.0,49.0,2,1.134174404296174,60.0,37.74824158011602,1.0719932785681168,61.05263157894737,44.21052631578947,48.93617021276596,54.36241610738255,37.16216216216216,42.758620689655174,43.983402489626556,32.916666666666664,41.333333333333336,44.91525423728814,29.059829059829063,38.53211009174312,9.0,3.0,30
2022-06-01,613,321,287,320,220,250,59,12,4,19,7,1,0,230848101789.52,224570005804.54,1,1,53.333333333333336,36.85092127303183,43.859649122807014,244.0,50.0,6,1.0279560752669894,34.0,38.046959840222435,1.088049310535186,56.25,41.66666666666667,49.473684210526315,52.702702702702695,36.054421768707485,40.97222222222222,52.916666666666664,36.40167364016737,44.39461883408072,52.58620689655172,34.78260869565217,41.66666666666667,9.0,4.0,37
2022-06-02,614,359,248,353,245,265,49,7,6,14,7,0,1,301304389113.65,157354400071.19,4,4,58.833333333333336,41.038525963149084,46.49122807017544,176.0,44.0,7,1.9148138785908397,111.0,41.962129153412306,0.7559902616888289,60.416666666666664,40.625,52.63157894736842,60.544217687074834,40.41095890410959,43.35664335664335,57.74058577405857,42.436974789915965,45.73991031390135,57.6271186440678,39.31623931623932,46.788990825688074,9.0,6.0,69
2022-06-03,612,145,466,304,220,254,13,37,8,17,0,7,0,145085087456.99,323698837404.09,15,3,50.836120401337794,36.97478991596639,44.71830985915493,121.0,56.0,-7,0.44821009744892215,-321.0,23.49978827042258,0.6942253198986026,47.42268041237113,31.958762886597935,48.95833333333333,47.94520547945205,33.10344827586207,42.25352112676056,51.26050420168067,40.08438818565401,43.69369369369369,56.41025641025641,39.6551724137931,46.2962962962963,22.0,8.0,19
2022-06-06,614,240,371,287,217,250,23,23,8,12,2,8,1,183870047961.51,206551965699.75,8,2,47.833333333333336,36.40939597315436,43.936731107205624,85.0,67.0,-6,0.8901878388743534,-131.0,17.096987874114248,0.726700861651612,43.29896907216495,33.33333333333333,47.368421052631575,41.0958904109589,30.344827586206897,39.436619718309856,50.638297872340424,38.46153846153847,42.922374429223744,54.09836065573771,42.14876033057851,48.67256637168141,29.0,10.0,23
2022-06-07,611,181,426,229,204,237,12,15,12,7,3,11,0,154213749063.75,237480523940.63,3,0,38.29431438127091,34.40134907251265,41.7989417989418,48.0,75.0,-8,0.649374300278634,-245.0,5.837108595900055,0.6542954177978283,34.02061855670103,31.25,45.26315789473684,30.612244897959183,24.82758620689655,35.2112676056338,40.0,35.8974358974359,41.6289592760181,47.89915966386555,45.76271186440678,47.706422018348626,31.0,10.0,21
2022-06-08,607,248,354,239,194,231,18,18,22,7,2,5,0,187551992894.83,212753044916.59,2,0,40.235690235690235,32.93718166383701,41.03019538188277,53.0,56.0,-3,0.8815478667690039,-106.0,3.1307262700474183,0.794698731810311,34.02061855670103,29.166666666666668,43.15789473684211,31.756756756756754,26.027397260273972,34.96503496503497,41.702127659574465,33.76068376068376,40.090090090090094,53.50877192982456,43.36283185840708,49.51456310679612,32.0,9.0,22
2022-06-09,605,330,269,254,200,240,28,7,32,6,3,3,1,261307567034.42,110707895697.82,1,0,42.83305227655986,33.95585738539898,42.5531914893617,58.0,40.0,0,2.3603336093359193,61.0,9.151115750093183,0.5197425458859846,46.391752577319586,33.33333333333333,45.26315789473684,38.513513513513516,27.2108843537415,40.27777777777778,38.559322033898304,32.76595744680851,40.625,54.46428571428571,45.94594594594595,47.524752475247524,29.0,5.0,31
2022-06-10,598,148,447,203,181,223,11,11,38,6,1,6,1,98605550880.8,265093118193.84,0,0,34.641638225255974,31.099656357388316,39.96415770609319,57.0,36.0,-5,0.3719657136052026,-299.0,-3.747206823218164,0.8901255808201404,30.927835051546392,28.125,42.10526315789473,26.845637583892618,27.027027027027028,39.310344827586206,32.9059829059829,28.75536480686695,37.38738738738739,52.83018867924528,44.761904761904766,44.79166666666667,14.0,2.0,22
2022-06-13,593,24,567,85,112,188,2,219,18,7,0,32,0,16197019101.54,379177581720.64,3,1,14.629948364888124,19.410745233968804,33.935018050541515,41.0,237.0,-32,0.04271618334617998,-543.0,-26.956536589283274,0.9909134902106753,12.371134020618557,20.833333333333336,33.68421052631579,13.422818791946309,17.56756756756757,33.10344827586207,14.163090128755366,15.948275862068966,32.432432432432435,19.607843137254903,28.71287128712871,39.130434782608695,9.0,1.0,9
2022-06-14,590,256,326,88,110,177,17,23,13,9,0,17,0,186700478937.28,217022931995.08,3,0,15.198618307426598,19.16376306620209,31.949458483754512,30.0,253.0,-17,0.8602799585322743,-70.0,-23.01573085632252,0.9128145620867343,12.121212121212121,21.649484536082475,34.375,12.837837837837837,14.285714285714285,27.77777777777778,12.5,16.450216450216452,29.86425339366516,28.000000000000004,30.303030303030305,40.86021505376344,9.0,1.0,9
2022-06-15,592,357,226,104,118,191,29,7,13,12,2,12,1,184225876952.03,143918959873.66,0,0,17.900172117039588,20.48611111111111,34.41441441441441,48.0,249.0,-10,1.2800667619732218,131.0,-9.481263300359458,1.2340340868347304,14.14141414141414,20.618556701030926,35.41666666666667,12.162162162162163,16.3265306122449,30.555555555555557,19.313304721030043,18.96551724137931,32.88288288288289,26.732673267326735,30.0,43.01075268817204,7.0,1.0,15
2022-06-16,587,51,535,53,66,151,2,176,7,22,1,50,0,22820108862.899998,405286643146.39,0,0,9.217391304347826,11.578947368421053,27.55474452554745,48.0,206.0,-49,0.056306096558571626,-484.0,-28.611887223509257,1.6930156524804671,6.0606060606060606,9.278350515463918,29.166666666666668,6.081081081081082,8.843537414965986,23.61111111111111,10.775862068965516,11.688311688311687,27.149321266968325,13.541666666666666,17.894736842105264,33.33333333333333,6.0,1.0,7
2022-06-17,590,176,409,52,63,141,19,52,9,19,0,52,0,211037899872.37,351870912358.09,0,0,8.981001727115718,10.99476439790576,25.58983666061706,50.0,235.0,-52,0.5997594358058279,-233.0,-32.2755112416848,0.7174840823180868,4.040404040404041,8.24742268041237,26.041666666666668,6.756756756756757,8.843537414965986,21.52777777777778,9.956709956709958,10.91703056768559,26.027397260273972,14.85148514851485,17.0,30.434782608695656,6.0,1.0,7
2022-06-20,581,115,465,31,41,114,7,187,4,53,1,73,0,123869028290.93,280457106340.62,0,0,5.42907180385289,7.243816254416961,20.91743119266055,28.0,415.0,-72,0.4416683531651679,-350.0,-41.09653222101643,0.5599491704231379,2.0202020202020203,5.154639175257731,20.833333333333336,4.72972972972973,4.761904761904762,17.36111111111111,5.194805194805195,6.956521739130435,20.454545454545457,10.75268817204301,14.130434782608695,28.235294117647058,3.0,0.0,3
2022-06-21,573,513,59,82,77,137,192,5,5,15,0,0,0,384404285557.11,17131555357.3,0,0,14.513274336283185,13.799283154121863,25.512104283054004,218.0,244.0,0,22.438376290995077,454.0,-8.233022497239915,0.3875019806012753,14.000000000000002,15.306122448979592,25.773195876288657,13.513513513513514,9.58904109589041,21.678321678321677,11.206896551724139,11.688311688311687,24.774774774774773,25.882352941176475,25.301204819277107,34.66666666666667,0.0,0.0,20
2022-06-22,571,134,437,59,69,128,12,50,3,18,0,11,0,74361125265.64,279674166236.77,1,1,10.479573712255773,12.387791741472173,23.83612662942272,211.0,242.0,-11,0.2658848554595723,-303.0,-17.943556570924784,1.1532667217032648,6.0,12.244897959183673,19.587628865979383,7.4324324324324325,8.21917808219178,22.377622377622377,11.440677966101696,11.914893617021278,23.555555555555554,18.9873417721519,21.794871794871796,33.33333333333333,1.0,1.0,10
2022-06-23,566,414,146,109,91,135,47,4,9,8,1,3,0,315677112055.18,77686058109.56,0,0,19.499105545617173,16.425992779783392,25.233644859813083,251.0,59.0,-2,4.063497617680423,268.0,2.393654578929258,0.6978265290517942,20.0,16.3265306122449,21.649484536082475,16.216216216216218,12.32876712328767,23.076923076923077,19.742489270386265,15.948275862068966,26.45739910313901,24.358974358974358,25.64102564102564,30.555555555555557,1.0,1.0,28
2022-06-24,560,446,110,178,121,161,75,3,13,7,2,0,2,311916050192.26,57514843236.28,0,0,32.12996389891697,22.08029197080292,30.377358490566035,134.0,57.0,2,5.4232269904807,336.0,23.17000183915983,0.7476259912525017,32.0,26.53061224489796,30.927835051546392,31.543624161073826,16.43835616438356,27.27272727272727,32.608695652173914,21.397379912663755,30.909090909090907,32.0,29.333333333333332,34.285714285714285,1.0,1.0,32
2022-06-27,554,430,118,250,147,172,48,6,10,5,3,1,0,294097302195.29,74065525344.14,1,1,45.537340619307834,27.121771217712176,32.761904761904766,170.0,13.0,2,3.9707718378933863,312.0,39.61792873746118,0.9177227867475399,45.0,26.53061224489796,35.051546391752574,44.29530201342282,21.91780821917808,27.972027972027973,46.3519313304721,28.57142857142857,32.88288288288289,46.26865671641791,34.32835820895522,39.682539682539684,2.0,2.0,40
2022-06-28,552,290,252,264,160,176,32,9,9,5,4,2,1,231024622939.25,138578014772.55,5,5,48.263254113345525,29.629629629629626,33.587786259541986,155.0,18.0,2,1.6671087641025448,38.0,39.78281659182152,0.6902930843946212,49.0,25.510204081632654,34.02061855670103,44.966442953020135,23.972602739726025,26.573426573426573,50.0,32.608695652173914,36.03603603603604,48.484848484848484,37.878787878787875,40.32258064516129,7.0,7.0,50
2022-06-29,543,188,350,243,167,176,15,17,7,6,2,5,1,190957922226.57,242029313614.75,3,2,45.083487940630796,31.390977443609025,34.1747572815534,95.0,32.0,-3,0.7889867527803973,-162.0,29.724881624340508,0.680800856604956,44.0,27.55102040816326,36.08247422680412,41.61073825503356,28.08219178082192,29.37062937062937,48.24561403508772,33.1858407079646,36.574074074074076,43.54838709677419,38.70967741935484,33.89830508474576,9.0,8.0,42
2022-06-30,537,167,364,204,160,167,12,18,6,12,1,2,1,148788542113.79,285298634077.89,3,1,38.27392120075047,30.418250950570343,32.80943025540275,59.0,44.0,-1,0.5215185925957463,-197.0,19.226722819022534,0.879721673023534,31.0,25.510204081632654,31.958762886597935,29.53020134228188,25.34246575342466,25.874125874125873,45.57522123893805,33.482142857142854,36.44859813084112,44.827586206896555,39.6551724137931,38.18181818181819,12.0,9.0,41
2022-07-01,533,313,210,232,151,169,18,14,5,13,2,2,0,230340006776.8,199501570747.05002,3,2,43.77358490566038,28.816793893129773,33.33333333333333,45.0,49.0,0,1.1545774096628558,103.0,25.154663426380555,1.2909278996818578,39.0,21.428571428571427,29.896907216494846,44.966442953020135,28.08219178082192,29.37062937062937,41.964285714285715,31.390134529147986,36.15023474178404,56.14035087719298,33.33333333333333,38.88888888888889,15.0,11.0,47
2022-07-04,524,329,188,272,172,173,36,4,5,6,8,1,1,252278399184.3,105648897724.65,2,1,52.307692307692314,33.398058252427184,34.66933867735471,66.0,36.0,7,2.3878942858618997,141.0,31.997279328539758,0.732863263822563,41.0,25.252525252525253,34.69387755102041,56.375838926174495,32.41379310344827,29.577464788732392,52.702702702702695,35.13513513513514,36.32075471698113,61.224489795918366,44.89795918367347,42.5531914893617,16.0,11.0,59
2022-07-05,525,240,278,279,182,176,16,10,4,7,2,1,0,181972879117.87,184231007842.61,4,1,53.550863723608444,35.27131782945737,35.27054108216433,70.0,28.0,1,0.9877429497282612,-38.0,28.73772952824318,0.8740222876361622,40.0,24.242424242424242,36.734693877551024,59.06040268456376,35.172413793103445,30.28169014084507,52.888888888888886,37.333333333333336,35.81395348837209,68.08510638297872,48.93617021276596,45.45454545454545,15.0,7.0,30
2022-07-06,525,356,163,318,215,194,44,7,6,9,6,1,1,319762185926.27,101189469695.53,8,5,61.036468330134355,41.66666666666667,38.800000000000004,96.0,21.0,5,3.160034209966765,193.0,37.35712580134839,0.6911472897559459,54.0,32.323232323232325,38.775510204081634,68.45637583892618,44.827586206896555,36.17021276595745,58.48214285714286,41.964285714285715,40.0,64.58333333333334,50.0,41.30434782608695,20.0,10.0,61
2022-07-07,520,397,115,378,252,201,61,2,7,6,6,0,1,325747956142.86,94119945501.88,10,8,73.25581395348837,49.31506849315068,40.524193548387096,121.0,19.0,6,3.4609875133890013,282.0,48.9899239858466,0.997453443472007,68.0,39.39393939393939,40.816326530612244,79.86577181208054,48.63013698630137,38.732394366197184,73.66071428571429,52.46636771300448,42.32558139534884,60.46511627906976,58.139534883720934,36.58536585365854,27.0,17.0,82
2022-07-08,523,270,244,380,258,208,27,4,10,8,5,0,0,258481137556.77,123842672709.19,7,6,73.21772639691714,50.19455252918288,41.68336673346693,132.0,13.0,5,2.0871734427416704,26.0,45.89101681366334,0.5301703032382532,66.0,43.43434343434344,43.87755102040816,78.52348993288591,50.68493150684932,37.32394366197183,73.77777777777777,53.57142857142857,43.25581395348837,68.88888888888889,46.666666666666664,43.18181818181818,31.0,21.0,87
2022-07-11,524,364,154,417,281,228,53,6,12,4,10,1,0,289583935970.23,126236463370.28,23,14,80.34682080924856,54.6692607003891,45.6,141.0,12.0,9,2.2939801087488885,210.0,52.21199609737834,1.0303648033484758,69.0,46.464646464646464,44.89795918367347,82.5503355704698,56.849315068493155,45.774647887323944,85.26785714285714,58.29596412556054,46.26168224299065,73.91304347826086,47.82608695652174,43.47826086956522,52.0,34.0,90
2022-07-12,528,167,355,389,272,219,17,6,23,2,4,1,1,125562743175.94,236685368675.63,20,8,74.37858508604207,52.509652509652504,43.538767395626245,97.0,16.0,3,0.5305048802911847,-188.0,37.455373404467764,0.8867449719841616,62.0,41.41414141414141,42.857142857142854,75.83892617449665,52.73972602739726,39.436619718309856,79.20353982300885,57.333333333333336,46.75925925925926,72.91666666666666,52.083333333333336,42.5531914893617,68.0,41.0,78
2022-07-13,530,243,280,386,285,223,18,13,16,2,2,2,0,187118752119.95,191358621739.45,8,3,73.38403041825094,54.702495201535505,44.07114624505929,88.0,25.0,0,0.9778433311185063,-37.0,32.20118413500689,0.8875216665479984,61.0,43.43434343434344,44.89795918367347,76.66666666666667,56.4625850340136,41.25874125874126,78.26086956521739,58.515283842794766,45.0,65.21739130434783,54.347826086956516,46.666666666666664,68.0,39.0,67
2022-07-14,529,200,327,358,266,219,10,15,12,2,1,6,0,163096221849.43,212123391131.56,28,9,68.19047619047619,51.153846153846146,43.366336633663366,45.0,34.0,-5,0.7688742904750042,-127.0,23.04784638894281,0.7954756748716091,60.0,43.43434343434344,43.87755102040816,68.0,48.97959183673469,41.25874125874126,73.47826086956522,55.021834061135365,44.54545454545455,60.0,55.55555555555556,43.18181818181818,86.0,40.0,48
2022-07-15,531,318,206,369,294,232,29,4,25,2,3,4,1,224474287360.23,150074380537.96,12,9,70.01897533206831,56.32183908045977,45.75936883629191,57.0,32.0,-1,1.4957535493771452,112.0,27.0565033841133,1.0320479072445896,59.0,46.464646464646464,45.91836734693878,72.0,54.729729729729726,45.83333333333333,74.02597402597402,60.698689956331876,46.36363636363636,67.3913043478261,60.86956521739131,42.22222222222222,91.0,43.0,57
2022-07-18,528,420,105,425,334,247,61,2,38,1,11,0,2,338244192832.66003,62445849578.78,12,8,80.95238095238095,64.10748560460652,48.91089108910891,100.0,21.0,11,5.416600064123402,315.0,40.498622598063506,0.7384706185885522,76.0,57.57575757575758,50.0,84.0,64.1891891891892,48.61111111111111,81.38528138528139,66.08695652173913,48.63636363636364,79.54545454545455,68.18181818181817,48.837209302325576,80.0,37.0,58
2022-07-19,538,349,186,453,357,264,42,0,79,0,11,0,4,304383153563.6,97762106159.82,8,3,84.67289719626169,67.2316384180791,51.262135922330096,132.0,6.0,11,3.1135085517286116,163.0,44.18914141300062,0.6026461963561218,79.0,61.61616161616161,50.0,87.33333333333333,67.56756756756756,50.0,84.54935622317596,67.67241379310344,51.80180180180181,88.46153846153845,75.0,54.90196078431373,68.0,32.0,67
2022-07-20,540,287,248,475,383,269,31,10,45,0,4,0,1,322439591422.12,133472127584.27,13,8,88.45437616387338,71.85741088180112,52.03094777562862,134.0,12.0,4,2.415782210548356,39.0,40.92358929270685,0.47904072621407545,87.0,64.64646464646465,52.04081632653062,87.33333333333333,71.62162162162163,50.69444444444444,90.43478260869566,73.36244541484717,52.96803652968036,85.96491228070175,78.94736842105263,51.78571428571429,73.0,37.0,69
2022-07-21,545,377,161,484,401,280,36,6,62,0,17,1,1,365819781621.27997,90608173312.67,22,12,89.2988929889299,74.53531598513011,53.63984674329502,109.0,16.0,16,4.0373817090309485,216.0,46.77692428339215,0.5799835327916845,88.0,69.6969696969697,52.04081632653062,91.33333333333333,77.02702702702703,53.47222222222222,90.04329004329004,74.34782608695653,55.90909090909091,83.60655737704919,77.04918032786885,48.333333333333336,67.0,40.0,87
2022-07-22,554,256,291,487,407,291,24,9,57,0,11,0,0,264265680657.98,160380786077.49,26,13,88.54545454545455,74.54212454212454,54.90566037735849,91.0,25.0,11,1.6477390286034435,-35.0,38.99764107901111,0.5338983119531204,88.0,67.67676767676768,55.10204081632652,90.0,74.14965986394559,55.24475524475524,88.8412017167382,77.6824034334764,55.60538116591929,85.07462686567165,74.6268656716418,51.515151515151516,81.0,44.0,74
2022-07-25,554,212,340,447,384,287,15,10,42,1,6,0,0,196226138451.65,224969784240.52,28,20,81.27272727272728,70.32967032967034,54.15094339622642,75.0,25.0,6,0.872233305081808,-128.0,27.501365733870266,0.7148654014148476,85.0,68.68686868686868,53.06122448979592,80.0,70.06802721088435,54.54545454545454,81.62393162393163,70.94017094017094,56.25,77.27272727272727,71.21212121212122,47.69230769230769,97.0,56.0,69
2022-07-26,558,134,420,374,345,273,10,45,30,2,2,2,0,138579855438.37,285256634484.74,41,10,67.50902527075813,62.613430127041745,51.12359550561798,49.0,64.0,0,0.48580765067458376,-286.0,9.634543485105494,0.6567365059084501,70.0,62.0,52.04081632653062,70.66666666666667,64.62585034013605,49.65034965034965,66.23931623931624,61.965811965811966,52.67857142857143,61.42857142857143,61.42857142857143,47.82608695652174,130.0,63.0,42
2022-07-27,561,335,220,403,367,282,23,11,31,3,7,3,0,302758972194.95,101740494668.78,35,16,72.35188509874327,66.36528028933093,52.61194029850746,48.0,66.0,4,2.9757961486288544,115.0,14.360237744986081,0.5117041613985869,75.0,65.0,54.08163265306123,78.66666666666666,72.10884353741497,54.54545454545454,70.042194092827,64.83050847457628,53.09734513274337,62.857142857142854,61.42857142857143,44.927536231884055,152.0,71.0,55
2022-07-28,563,348,212,427,403,299,33,13,36,2,7,2,3,424800477265.10004,110602343735.71,18,7,76.66068222621185,73.0072463768116,55.99250936329588,66.0,69.0,5,3.840790917416566,136.0,19.378905148459054,0.4273883867300941,86.0,75.0,58.16326530612245,76.66666666666667,74.82993197278913,56.64335664335665,72.5,70.58823529411765,54.824561403508774,77.61194029850746,74.6268656716418,55.38461538461539,148.0,66.0,55
2022-07-29,563,405,149,465,423,321,60,10,45,1,16,1,3,472580977073.84,90918157876.2,12,10,83.33333333333334,76.49186256781194,60.0,116.0,34.0,15,5.197872329500303,256.0,29.572971252686152,0.5229295052020706,88.0,79.0,62.244897959183675,86.66666666666667,78.2312925170068,60.83916083916085,80.41666666666667,74.78991596638656,60.526315789473685,79.41176470588235,75.0,53.03030303030303,134.0,63.0,67
2022-08-01,575,425,148,497,462,340,85,8,61,1,23,0,7,457544400731.88,77169609645.27,14,12,87.34622144112478,81.91489361702128,62.38532110091744,178.0,31.0,23,5.929074966623529,277.0,39.191032915536894,0.48432877603788227,93.0,85.0,65.3061224489796,87.33333333333333,85.8108108108108,63.888888888888886,84.29752066115702,79.9163179916318,61.135371179039296,89.6103896103896,76.62337662337663,59.45945945945946,120.0,55.0,69
2022-08-02,586,315,265,501,483,351,43,12,64,0,17,0,5,366567827360.11,199163404651.31,28,25,86.37931034482759,83.85416666666666,63.12949640287769,188.0,30.0,17,1.8405380647207112,50.0,35.868520472696595,0.6458324704430346,92.0,83.0,64.28571428571429,83.33333333333334,85.23489932885906,63.19444444444444,84.8360655737705,83.47107438016529,62.5,89.53488372093024,83.52941176470588,63.41463414634146,107.0,70.0,89
2022-08-03,589,189,393,471,457,346,18,19,55,0,10,1,1,227528845402.5,289746866936.56,48,25,80.78902229845626,78.92918825561313,61.78571428571429,146.0,39.0,9,0.7852676641791518,-204.0,20.14842973170466,0.6124230660090372,92.0,84.0,65.3061224489796,76.66666666666667,77.85234899328859,57.638888888888886,78.45528455284553,78.27868852459017,64.1025641025641,81.60919540229885,76.74418604651163,58.333333333333336,120.0,79.0,78
2022-08-04,592,271,317,456,457,345,34,11,51,0,10,0,0,332564794041.44,226752049985.05,59,26,77.81569965870307,78.52233676975945,61.278863232682056,95.0,42.0,10,1.4666451485813088,-46.0,14.507009999498027,0.5828878176376205,89.0,85.0,66.3265306122449,76.0,76.35135135135135,56.64335664335665,73.68421052631578,78.45528455284553,63.983050847457626,79.7752808988764,75.0,55.81395348837209,161.0,98.0,82
2022-08-05,596,300,287,449,451,350,29,20,38,1,11,0,2,293310149766.74,235445352935.69,58,16,75.97292724196278,76.70068027210884,61.61971830985915,81.0,50.0,11,1.2457674195287909,13.0,12.561061078463862,0.8390781062830878,87.0,84.0,69.38775510204081,76.66666666666667,77.18120805369128,58.04195804195804,71.54471544715447,75.51020408163265,63.829787234042556,74.73684210526315,71.27659574468085,53.2608695652174,207.0,104.0,63
2022-08-08,606,324,276,462,451,356,39,14,50,2,14,2,3,288159931079.7,143621779667.63998,23,11,77.0,75.4180602006689,61.5916955017301,102.0,45.0,12,2.006380451116402,48.0,12.584469445587338,0.5850899528178045,88.0,82.0,67.3469387755102,77.33333333333333,75.83892617449665,58.74125874125874,73.79032258064517,73.68421052631578,64.13502109704642,73.52941176470588,72.54901960784314,54.0,216.0,103.0,63
2022-08-10,610,253,350,429,445,349,31,35,38,3,18,1,2,286472805761.47003,220367235011.0,31,15,71.02649006622516,73.9202657807309,60.06884681583477,99.0,69.0,17,1.299979126875056,-97.0,5.291561252249966,0.5560528841680535,88.0,82.0,68.36734693877551,72.66666666666667,74.66666666666667,56.25,65.18218623481782,70.61224489795919,62.97872340425532,66.35514018691589,72.89719626168224,50.96153846153846,219.0,93.0,54
2022-08-11,615,350,260,441,458,363,37,12,47,2,14,0,5,342658624018.72,132837669297.04,28,16,72.41379310344827,75.32894736842105,62.05128205128205,107.0,61.0,14,2.5795290284151005,90.0,8.379666940685269,0.5218603207504675,89.0,85.0,70.40816326530613,74.66666666666667,78.0,61.80555555555556,65.46184738955823,72.17741935483872,63.29113924050633,70.0,70.0,51.886792452830186,199.0,84.0,58
2022-08-12,625,331,287,453,467,373,30,13,51,2,11,0,4,333659386238.73,173720500447.69,18,10,73.30097087378641,75.68881685575364,63.00675675675676,98.0,60.0,11,1.9206678853610608,44.0,8.678098969594028,0.6004734672349714,90.0,88.0,71.42857142857143,76.0,78.0,62.5,64.65863453815261,70.96774193548387,62.71186440677966,73.94957983193278,72.26890756302521,57.01754385964912,158.0,68.0,56
2022-08-16,630,434,190,483,494,388,63,15,71,2,30,0,3,438150079973.52,96299549090.25,24,12,77.52808988764045,79.29373996789727,65.1006711409396,130.0,40.0,30,4.549866371263011,244.0,18.889867859463045,0.5020390358589165,94.0,93.0,71.1340206185567,80.0,80.0,66.20689655172414,68.67469879518072,74.69879518072288,65.53191489361701,79.03225806451613,76.61290322580645,57.98319327731093,124.0,64.0,75
2022-08-17,639,380,255,517,523,418,41,6,71,3,17,1,2,417224173265.51,133114448856.33,22,17,81.67456556082149,82.62243285939968,69.0909090909091,134.0,34.0,16,3.1343267154703747,125.0,21.576480921003736,0.4754437599233288,96.0,97.0,76.28865979381443,84.66666666666667,83.33333333333334,70.13888888888889,72.98387096774194,78.2258064516129,68.08510638297872,83.7037037037037,79.25925925925927,64.34108527131784,123.0,70.0,83
2022-08-18,644,342,298,523,524,418,36,6,67,1,12,0,1,312042470417.05,226701125677.34,27,14,81.97492163009404,82.13166144200626,68.63711001642037,140.0,27.0,12,1.3764487030433847,44.0,19.715652684016014,0.8337768085173867,95.0,93.0,75.25773195876289,82.66666666666667,82.66666666666667,71.52777777777779,74.59677419354838,77.82258064516128,66.66666666666666,85.0,81.42857142857143,64.17910447761194,119.0,69.0,81
2022-08-19,646,171,472,477,509,402,18,20,52,2,9,1,2,204148240143.62,406457270619.32,50,17,74.53125,79.53125,65.79378068739771,95.0,32.0,8,0.5022624883362494,-301.0,0.7760662779714274,0.7213123496307761,85.0,90.0,73.19587628865979,76.0,78.0,64.33566433566433,67.46987951807229,74.29718875502009,66.66666666666666,78.01418439716312,82.97872340425532,60.447761194029844,141.0,70.0,57
2022-08-22,650,145,502,362,465,382,29,41,55,4,8,3,2,109587199327.31,389726434983.89,33,4,56.12403100775194,72.09302325581395,62.11382113821138,83.0,67.0,5,0.2811900592061197,-357.0,-18.22116043058655,1.0272220231733495,62.0,83.0,67.3469387755102,50.66666666666667,69.33333333333334,60.13986013986013,54.47154471544715,68.69918699186992,63.94849785407726,60.40268456375839,73.15436241610739,57.446808510638306,156.0,64.0,43
2022-08-23,651,449,194,406,479,393,49,6,58,4,12,1,2,353953446507.5,163378339797.46,34,11,62.848297213622295,74.14860681114551,63.798701298701296,96.0,67.0,11,2.1664649484521377,255.0,-3.77268346425069,1.0682993008238153,72.0,84.0,67.3469387755102,58.666666666666664,72.66666666666667,60.83916083916085,59.756097560975604,72.35772357723577,64.37768240343348,66.0,72.0,63.38028169014085,166.0,63.0,53
2022-08-24,657,430,218,449,512,406,53,2,60,4,22,1,0,296769017621.56,172367968732.7,24,10,68.86503067484662,78.52760736196319,65.27331189710611,131.0,49.0,21,1.7217179027141358,212.0,6.449627759287726,1.1456447430271521,75.0,84.0,68.36734693877551,66.66666666666666,76.0,63.63636363636363,64.37246963562752,75.30364372469636,65.8119658119658,74.19354838709677,82.58064516129032,63.94557823129252,168.0,56.0,58
2022-08-25,662,313,347,474,523,422,36,7,60,2,16,0,0,248090870613.63,246401499666.67,9,3,72.2560975609756,79.72560975609755,67.41214057507987,138.0,15.0,16,1.006856171529984,-34.0,2.857455716616631,0.8958750182715849,70.0,84.0,70.40816326530613,64.66666666666666,75.33333333333333,66.90140845070422,70.16129032258065,77.41935483870968,67.23404255319149,84.17721518987342,84.81012658227847,66.22516556291392,150.0,45.0,58
2022-08-26,672,382,281,507,541,438,45,9,70,2,16,0,4,319675498867.2,150516057669.37,13,7,75.89820359281437,80.98802395209582,68.86792452830188,134.0,18.0,16,2.1238630868834796,101.0,6.521861341549762,0.6400745007424239,74.0,85.0,73.46938775510205,70.66666666666667,76.0,66.90140845070422,72.98387096774194,78.2258064516129,68.51063829787233,85.88235294117646,87.05882352941177,68.32298136645963,113.0,35.0,62
2022-08-29,677,204,471,443,516,419,34,18,70,2,16,2,4,169351481266.96,316832568060.57,20,9,65.92261904761905,76.78571428571429,65.46875,115.0,34.0,14,0.5345141198823489,-267.0,-8.77768115584016,0.8103079095527241,63.63636363636363,78.78787878787878,70.10309278350515,52.666666666666664,73.33333333333333,63.38028169014085,64.51612903225806,72.98387096774194,66.80851063829788,80.57142857142857,84.0,62.65060240963856,100.0,40.0,51
2022-08-30,678,551,122,533,547,444,67,5,73,1,23,0,1,551202714726.87,51339295314.87,25,15,79.08011869436203,81.15727002967358,68.94409937888199,146.0,32.0,23,10.736468261714116,429.0,12.985098414670667,0.4206591341333591,83.83838383838383,84.84848484848484,73.19587628865979,77.33333333333333,78.66666666666666,68.53146853146853,73.49397590361446,77.10843373493977,68.64406779661016,85.79545454545455,86.93181818181817,67.26190476190477,91.0,44.0,72
2022-09-01,690,338,342,530,559,457,53,10,78,1,24,0,2,286312397836.99,300697762055.9,23,17,77.25947521865889,81.4868804664723,69.8776758409786,154.0,33.0,24,0.9521600555968363,-4.0,9.877349455384064,1.0379600443832515,76.76767676767676,79.7979797979798,71.1340206185567,72.0,79.33333333333333,69.93006993006993,74.69879518072288,79.11646586345381,70.76271186440678,85.1063829787234,87.2340425531915,67.97752808988764,90.0,51.0,75
2022-09-02,690,262,424,509,554,452,43,15,65,1,24,3,0,258421271977.77,260875119864.73,19,13,74.19825072886297,80.75801749271136,69.1131498470948,163.0,30.0,21,0.990593783384815,-162.0,-0.729162652082902,0.6237920514607573,66.66666666666666,78.78787878787878,71.1340206185567,64.66666666666666,76.0,67.13286713286713,73.79032258064517,78.2258064516129,71.48936170212767,86.24338624338624,88.88888888888889,66.4804469273743,100.0,61.0,80
2022-09-05,695,434,258,527,563,467,58,7,69,1,30,3,2,342121588867.72,128941508624.18,27,19,76.26628075253257,81.47612156295224,70.65052950075643,154.0,32.0,27,2.653308407185512,176.0,7.105915309293259,0.6339898287285856,71.71717171717171,79.7979797979798,72.16494845360825,66.66666666666666,76.0,68.05555555555556,76.0,80.0,72.15189873417721,86.45833333333334,88.54166666666666,69.94535519125684,114.0,73.0,88
2022-09-06,699,308,386,538,570,471,39,16,67,2,17,2,1,283290675403.52,215824039208.96,31,12,77.41007194244605,82.01438848920863,70.82706766917293,140.0,38.0,15,1.3126001924615964,-78.0,1.0693773897234031,0.607898327093413,76.76767676767676,80.8080808080808,71.1340206185567,71.33333333333334,78.66666666666666,70.13888888888889,75.2,79.60000000000001,71.72995780590718,85.20408163265306,88.26530612244898,70.05347593582889,125.0,76.0,83
2022-09-07,703,438,253,555,589,487,64,8,85,2,21,3,2,317450882885.0,274030955555.6,24,15,79.39914163090128,84.26323319027182,72.79521674140508,161.0,31.0,18,1.1584489870546404,185.0,9.05279058154257,1.4944337780848966,73.46938775510205,78.57142857142857,71.875,77.33333333333333,85.33333333333334,72.22222222222221,77.2,81.6,72.68907563025209,86.56716417910447,89.55223880597015,73.82198952879581,124.0,76.0,87
2022-09-08,705,415,279,572,603,499,43,10,84,1,24,1,3,356632857094.18,183168886629.32,33,24,81.71428571428572,86.14285714285714,74.36661698956782,146.0,34.0,23,1.9470165684628529,136.0,13.383344907640243,0.7639663787283254,73.46938775510205,81.63265306122449,70.10309278350515,78.0,84.0,73.61111111111111,83.53413654618474,87.95180722891565,75.63025210084034,86.20689655172413,87.68472906403942,75.52083333333334,134.0,83.0,88
2022-09-09,711,285,419,565,604,502,30,19,73,2,14,1,4,308192289614.58,211458268818.72,31,14,80.25568181818183,85.79545454545455,74.37037037037038,137.0,37.0,13,1.4574615187017759,-134.0,3.519052131915547,0.46669563625492155,82.6530612244898,86.73469387755102,73.19587628865979,75.33333333333333,83.33333333333334,71.52777777777779,78.714859437751,85.14056224899599,75.21008403361344,84.54106280193237,87.92270531400966,76.0204081632653,146.0,84.0,79
2022-09-12,717,471,240,592,619,517,58,7,78,1,21,0,5,378244476612.46,112054512229.9,39,25,83.26300984528832,87.0604781997187,75.69546120058565,131.0,36.0,21,3.3755398964784518,231.0,13.31748654801136,0.5813884771580947,88.77551020408163,87.75510204081633,74.22680412371135,80.66666666666666,86.0,72.22222222222221,80.4,87.2,78.24267782426779,85.91549295774648,87.32394366197182,75.86206896551724,158.0,90.0,83
2022-09-13,721,345,368,612,622,525,41,11,73,1,25,2,4,393773312037.68,160065616703.77,33,19,85.5944055944056,87.11484593837535,76.53061224489795,129.0,37.0,23,2.460074312938973,-23.0,8.928560541033221,0.38108604893321224,90.81632653061224,88.77551020408163,76.28865979381443,86.0,87.33333333333333,72.91666666666666,82.8,84.8,78.66108786610879,86.17511520737328,88.88888888888889,76.69902912621359,160.0,97.0,88
2022-09-14,725,273,448,558,607,527,49,9,74,1,27,2,5,381123981108.06,285089726598.14,30,21,77.60778859527122,84.54038997214485,76.37681159420289,148.0,27.0,25,1.3368562440178318,-175.0,-2.4686139976382506,0.4558268719818103,79.59183673469387,83.6734693877551,78.35051546391753,74.66666666666667,83.33333333333334,70.83333333333334,74.4,83.2,76.98744769874477,82.35294117647058,87.27272727272727,78.57142857142857,166.0,103.0,86
2022-09-15,730,307,418,542,598,522,42,16,75,0,30,2,3,322962189179.99,287327058638.69,48,21,74.86187845303867,82.71092669432917,75.0,132.0,36.0,28,1.1240228842703976,-111.0,-9.000855158214172,0.6534117508134908,70.40816326530613,79.59183673469387,76.28865979381443,71.33333333333334,79.33333333333333,72.91666666666666,73.89558232931726,81.92771084337349,75.73221757322176,80.1762114537445,87.16814159292035,75.0,181.0,100.0,76
2022-09-16,744,88,654,393,533,489,15,176,57,0,6,4,2,96678642971.76999,770811843919.39,37,8,53.324287652645864,72.41847826086956,69.0677966101695,106.0,201.0,2,0.1254244388360494,-566.0,-37.29091707471551,1.0728098620352229,51.02040816326531,71.42857142857143,65.97938144329896,50.33557046979866,66.44295302013423,67.13286713286713,52.800000000000004,71.6,74.27385892116183,56.666666666666664,77.40585774058577,66.07929515418502,187.0,94.0,45
2022-09-19,742,330,405,368,499,484,55,30,53,0,12,5,5,355623988743.72,186196805772.94,40,18,50.06802721088436,67.98365122615803,68.45827439886845,112.0,222.0,7,1.9099360339048461,-75.0,-36.742465427950584,0.42661890259692814,55.10204081632652,67.3469387755102,69.0721649484536,42.281879194630875,62.41610738255034,65.73426573426573,48.0,66.8,71.07438016528926,55.04201680672269,72.9957805907173,67.11111111111111,188.0,87.0,46
2022-09-20,751,529,218,441,556,505,76,7,65,0,17,1,2,439443100873.91,92189544769.72,37,13,59.2741935483871,74.83176312247645,70.53072625698324,146.0,213.0,16,4.7667346874484915,311.0,-16.78982694282682,0.5090708133970121,67.3469387755102,76.53061224489795,71.1340206185567,52.666666666666664,68.66666666666667,66.66666666666666,58.63453815261044,75.1004016064257,75.51867219917013,60.72874493927125,77.64227642276423,67.52136752136752,192.0,81.0,52
2022-09-21,753,201,550,389,529,494,26,34,65,1,11,3,1,168213215310.77,358867523796.73,10,3,52.14477211796247,71.00671140939598,68.80222841225627,157.0,71.0,8,0.4687334577704765,-349.0,-32.64637190333186,0.7796638780445169,58.16326530612245,72.44897959183673,71.1340206185567,46.666666666666664,66.0,64.82758620689654,52.41935483870967,70.56451612903226,72.80334728033473,52.800000000000004,73.89558232931726,66.24472573839662,172.0,63.0,44
2022-09-22,757,413,336,413,542,506,41,10,56,1,13,4,2,303924339992.43,229378994064.0,9,1,54.99334221038615,72.26666666666667,70.08310249307479,143.0,51.0,9,1.3249876747982894,77.0,-24.740485985047016,0.9276815853051539,58.16326530612245,70.40816326530613,72.16494845360825,53.333333333333336,67.33333333333333,65.51724137931035,54.03225806451613,72.17741935483872,74.89539748953975,55.68627450980392,75.98425196850394,67.21991701244814,133.0,43.0,49
2022-09-23,758,76,677,276,462,471,8,76,37,1,4,7,1,71027646556.31,446711339118.45,16,2,36.702127659574465,61.51797603195739,65.14522821576763,75.0,120.0,-3,0.15900121697487582,-601.0,-51.75725109498823,0.7060321461290513,31.63265306122449,62.244897959183675,67.0103092783505,30.666666666666664,52.666666666666664,58.9041095890411,38.306451612903224,63.306451612903224,69.32773109243698,40.625,64.70588235294117,64.0495867768595,112.0,37.0,23
2022-09-26,753,57,696,130,297,400,5,325,20,3,1,21,1,63854957749.8,520671526879.82,14,1,17.402945113788487,39.86577181208054,55.71030640668524,54.0,411.0,-20,0.12263961913273362,-639.0,-76.49779900851303,0.6677821759663227,13.131313131313133,41.83673469387755,59.79381443298969,19.333333333333332,34.66666666666667,50.0,17.338709677419356,41.12903225806452,58.995815899581594,18.0,40.963855421686745,54.23728813559322,86.0,20.0,16
2022-09-27,753,431,314,163,323,404,49,24,20,5,1,7,1,260143074199.48,248697556592.34,12,1,21.84986595174263,43.413978494623656,56.34588563458857,62.0,425.0,-6,1.0460218337645402,117.0,-59.46847847953418,1.3122206637200349,16.161616161616163,38.775510204081634,57.73195876288659,22.818791946308725,37.58389261744966,52.41379310344828,23.790322580645164,46.774193548387096,60.66945606694561,21.6,45.38152610441767,53.813559322033896,61.0,8.0,21
2022-09-28,746,263,479,157,310,390,19,25,16,6,2,7,1,168962809882.8,287314237922.41003,2,0,21.24492557510149,42.06241519674355,55.00705218617772,73.0,374.0,-5,0.5880767034191631,-216.0,-61.26106703485958,0.9336546399562802,13.131313131313133,34.69387755102041,55.670103092783506,23.48993288590604,39.59731543624161,50.69444444444444,20.967741935483872,43.145161290322584,58.333333333333336,23.456790123456788,45.45454545454545,53.94736842105263,53.0,5.0,16
2022-09-29,736,438,289,192,334,394,38,14,14,4,5,6,1,306761420187.1,285276747689.43,2,1,26.337448559670783,45.94222833562586,56.285714285714285,106.0,63.0,-1,1.0753116847821735,149.0,-44.2374249144885,1.4094247795354937,17.17171717171717,40.816326530612244,56.70103092783505,27.516778523489933,42.281879194630875,52.083333333333336,26.506024096385545,46.98795180722892,59.25925925925925,29.310344827586203,49.35064935064935,55.55555555555556,46.0,5.0,26
2022-09-30,726,564,160,268,385,410,66,4,13,4,8,0,1,447023843479.94,96479505674.15,1,0,37.27399165507649,53.69595536959554,59.2485549132948,123.0,43.0,8,4.633355450531835,404.0,-16.711023776998786,0.7607877352892031,33.33333333333333,54.08163265306123,63.91752577319587,34.22818791946309,46.97986577181208,54.166666666666664,38.152610441767074,53.81526104417671,61.72839506172839,40.090090090090094,57.9185520361991,57.692307692307686,31.0,3.0,40
2022-10-03,721,214,504,217,340,397,23,47,13,3,11,1,1,119786391846.97,356373970705.07,3,1,30.392156862745097,47.752808988764045,57.78748180494906,127.0,65.0,10,0.33612553579594484,-290.0,-27.792395685560088,1.2632279591543523,19.19191919191919,37.755102040816325,59.79381443298969,24.832214765100673,40.939597315436245,53.47222222222222,34.53815261044177,51.00401606425703,59.25925925925925,34.56221198156682,53.24074074074075,58.128078817733986,20.0,3.0,29
2022-10-04,716,609,105,333,411,420,86,1,12,5,14,0,2,423289244019.9,28353621371.25,4,3,46.901408450704224,58.13295615275813,61.58357771260997,175.0,52.0,14,14.928930540389693,504.0,2.571993311047791,0.38850740073498935,47.474747474747474,62.244897959183675,64.94845360824742,45.33333333333333,55.70469798657718,57.638888888888886,46.98795180722892,57.028112449799195,62.55144032921811,47.64150943396226,59.241706161137444,61.61616161616161,12.0,5.0,48
2022-10-06,713,517,190,412,443,431,80,2,25,2,15,0,3,390699437886.51,119988881409.82,2,1,58.19209039548022,62.836879432624116,63.382352941176464,189.0,50.0,15,3.2561303455449564,327.0,19.670685936592296,0.8356706712622535,60.60606060606061,65.3061224489796,68.04123711340206,54.0,58.38926174496645,56.94444444444444,57.42971887550201,61.044176706827315,65.02057613168725,60.952380952380956,66.98564593301435,63.775510204081634,12.0,6.0,58
2022-10-07,711,352,352,417,440,433,35,4,19,1,15,1,0,242827227959.83,199973423344.24,9,4,58.981612446958984,62.5,63.67647058823529,201.0,7.0,14,1.2142974996323397,0.0,17.841714701749886,0.8235214190120429,58.58585858585859,65.3061224489796,67.0103092783505,54.0,58.38926174496645,56.94444444444444,58.23293172690763,60.6425702811245,65.4320987654321,63.63636363636363,66.34615384615384,64.79591836734694,19.0,9.0,52
2022-10-10,704,205,493,358,407,411,24,19,20,2,7,1,0,166772551774.63,239721617795.79,5,3,51.21602288984263,58.561151079136685,61.16071428571429,139.0,25.0,6,0.6956925842069753,-288.0,1.7887357224508733,0.5977086869313067,54.54545454545454,64.28571428571429,67.0103092783505,50.0,53.691275167785236,56.55172413793104,49.2,56.00000000000001,62.55144032921811,53.0,62.62626262626263,59.893048128342244,23.0,12.0,47
2022-10-11,699,94,603,262,358,384,10,65,17,2,1,5,0,62537705198.4,394582609176.45,10,2,37.752161383285305,51.8840579710145,57.48502994011976,69.0,88.0,-4,0.15849077922852475,-509.0,-22.995504983462034,0.9835728694937227,30.303030303030305,48.97959183673469,61.855670103092784,38.0,47.651006711409394,52.41379310344828,36.144578313253014,51.80722891566265,59.25925925925925,43.36734693877551,56.70103092783505,56.830601092896174,30.0,13.0,22
2022-10-12,688,368,313,267,359,386,23,11,14,2,4,2,0,291961612016.83,115262602640.91,5,0,39.0922401171303,52.8718703976436,58.484848484848484,57.0,95.0,2,2.533012489110709,55.0,-15.871053262100261,0.4641583311944219,37.37373737373738,58.16326530612245,65.97938144329896,44.0,48.322147651006716,53.79310344827586,34.67741935483871,51.20967741935484,59.25925925925925,41.935483870967744,55.97826086956522,57.14285714285714,31.0,10.0,34
2022-10-13,674,202,469,225,320,363,12,10,15,2,7,5,1,133493321634.11,241583616968.54,6,0,33.6322869955157,48.048048048048045,56.10510046367851,45.0,86.0,2,0.5525760534146404,-267.0,-25.80029177402544,0.7794467785419671,28.28282828282828,46.464646464646464,64.28571428571429,32.666666666666664,45.27027027027027,52.77777777777778,31.17408906882591,45.74898785425101,57.02479338842975,41.040462427745666,54.65116279069767,52.760736196319016,35.0,9.0,25
2022-10-14,666,289,367,234,321,366,13,7,14,2,5,4,0,212088453965.63998,175006744555.58002,3,1,35.34743202416919,48.78419452887538,57.09828393135725,48.0,28.0,1,1.2118873161387405,-78.0,-24.710789242851348,0.6497847857369146,32.323232323232325,44.44444444444444,64.28571428571429,36.0,45.27027027027027,52.77777777777778,30.20408163265306,46.53061224489796,57.438016528925615,44.047619047619044,57.831325301204814,56.05095541401274,29.0,6.0,32
2022-10-17,657,324,321,257,328,366,27,16,10,4,6,6,2,277054100111.2,123605507810.1,1,0,39.356814701378255,50.46153846153846,57.72870662460568,52.0,33.0,0,2.241438144785984,3.0,-19.605710632483238,0.45031168794037685,41.41414141414141,53.535353535353536,64.28571428571429,43.333333333333336,46.62162162162162,56.25,31.83673469387755,48.57142857142857,56.19834710743802,45.911949685534594,55.06329113924051,57.333333333333336,25.0,3.0,30
2022-10-18,644,450,188,315,365,375,42,7,13,1,8,4,3,348313813291.07,103002740605.84,3,2,49.29577464788733,57.38993710691824,60.28938906752411,82.0,30.0,4,3.3815975307294055,262.0,-2.1928398674560867,0.7078361630930977,52.04081632653062,59.183673469387756,68.04123711340206,53.333333333333336,56.75675675675676,57.638888888888886,45.267489711934154,56.37860082304527,61.25000000000001,50.0,58.50340136054422,56.02836879432624,18.0,3.0,41
2022-10-19,637,279,354,315,367,370,22,16,12,1,8,4,3,220629342755.74,207943897665.52,3,2,49.84177215189873,58.34658187599364,60.16260162601627,91.0,39.0,4,1.061004170993393,-75.0,-4.143871164020595,0.7428204476165502,54.08163265306123,60.204081632653065,68.04123711340206,50.0,55.4054054054054,56.94444444444444,44.03292181069959,57.20164609053497,60.83333333333333,56.73758865248227,62.142857142857146,56.71641791044776,16.0,5.0,37
2022-10-20,637,323,311,323,362,371,22,17,10,1,5,4,1,265030821610.31,172631427167.12,3,2,51.269841269841265,57.73524720893142,60.423452768729646,86.0,40.0,1,1.535240865232149,12.0,-1.441283566763147,0.6764965892476862,63.26530612244898,65.3061224489796,69.0721649484536,53.691275167785236,58.50340136054422,57.34265734265735,44.8559670781893,52.674897119341566,60.25104602510461,51.42857142857142,60.431654676258994,57.77777777777777,13.0,7.0,49
2022-10-21,633,174,455,257,334,359,15,38,9,2,4,6,2,213923073476.81,280501284125.38,7,2,41.120000000000005,53.69774919614147,58.852459016393446,59.0,71.0,-2,0.7626456119223665,-281.0,-13.773364753274208,0.5014354982698184,52.57731958762887,58.76288659793815,64.58333333333334,43.624161073825505,53.74149659863946,58.04195804195804,34.29752066115703,47.93388429752066,57.56302521008403,42.33576642335766,60.29411764705882,57.89473684210527,17.0,8.0,28
2022-10-24,622,501,114,312,359,373,23,6,11,3,9,0,3,75892792708.35,14219110431.4,9,2,50.73170731707317,58.66013071895425,62.16666666666667,60.0,61.0,9,5.337379794220902,387.0,9.151572656025202,0.8233884436823674,57.73195876288659,64.94845360824742,68.75,49.664429530201346,56.4625850340136,58.74125874125874,46.69421487603306,52.47933884297521,60.924369747899156,54.330708661417326,68.25396825396825,63.41463414634146,25.0,10.0,42
2022-10-25,613,262,349,297,347,363,31,13,19,1,12,2,4,239189306942.3,211071529594.56,10,4,48.92915980230643,57.54560530679934,61.42131979695431,69.0,57.0,10,1.1332144482098105,-87.0,5.006636277696071,0.662466255671346,55.55555555555556,63.26530612244898,67.0103092783505,49.664429530201346,55.10204081632652,59.44055944055944,44.81327800829876,52.69709543568465,60.337552742616026,50.847457627118644,65.8119658119658,61.40350877192983,32.0,12.0,43
2022-10-27,604,356,241,329,353,362,30,15,33,1,18,5,3,364046268062.89,144254548796.28,13,12,55.01672240802675,59.427609427609426,62.19931271477663,84.0,34.0,13,2.5236380488563004,115.0,11.537682492836183,0.5853368805823657,71.71717171717171,69.38775510204081,71.1340206185567,58.108108108108105,56.849315068493155,59.154929577464785,46.69421487603306,54.54545454545454,61.76470588235294,54.12844036697248,64.81481481481481,59.04761904761905,42.0,22.0,62
2022-10-28,608,206,391,309,351,366,16,22,32,2,12,9,1,206211898260.36,216659839900.28,1,0,51.5,58.89261744966443,62.56410256410256,77.0,50.0,3,0.9517772114816997,-185.0,2.0640385943167985,0.5535478403907753,65.65656565656566,69.38775510204081,71.1340206185567,52.702702702702695,57.534246575342465,62.676056338028175,42.97520661157025,51.652892561983464,59.66386554621849,55.85585585585585,67.27272727272727,61.111111111111114,40.0,20.0,47
2022-10-31,611,393,211,347,363,381,33,24,40,2,19,2,1,365414460910.75,95676781816.15,25,15,57.54560530679934,60.5,64.68590831918506,79.0,61.0,17,3.8192595316690405,182.0,12.303752868111136,0.487675484282214,75.75757575757575,75.51020408163265,78.35051546391753,59.45945945945946,60.273972602739725,64.08450704225352,47.5206611570248,50.82644628099173,60.50420168067227,60.526315789473685,68.42105263157895,62.5,58.0,33.0,70
2022-11-01,615,362,245,374,392,393,38,17,33,1,12,2,1,371628848962.74,161088820707.14,30,18,61.61449752883031,65.00829187396351,66.49746192893402,87.0,63.0,10,2.306981001731724,117.0,17.747189807864743,0.6404695224187138,80.8080808080808,84.6938775510204,79.38144329896907,63.51351351351351,64.38356164383562,66.19718309859155,52.2633744855967,56.79012345679012,62.76150627615063,62.39316239316239,66.37931034482759,63.716814159292035,79.0,49.0,72
2022-11-02,615,286,322,371,393,394,36,6,26,1,15,0,1,222633686944.72,240823251299.88,21,14,61.12026359143328,65.17412935323384,66.77966101694915,107.0,47.0,15,0.9244692351881346,-36.0,14.662592442314752,0.9607661606859441,75.51020408163265,83.50515463917526,78.125,62.0,61.48648648648649,67.13286713286713,54.54545454545454,58.67768595041323,64.01673640167364,61.53846153846154,68.10344827586206,62.5,90.0,59.0,70
2022-11-03,617,278,331,367,380,395,39,11,30,1,15,2,1,281379322899.65,158700299784.82,32,19,60.26272577996716,62.8099173553719,66.72297297297297,113.0,34.0,13,1.7730232600768188,-53.0,11.101948732557936,0.4736988921635246,79.59183673469387,77.31958762886599,78.125,62.66666666666667,62.16216216216216,66.43356643356644,51.85185185185185,56.37860082304527,63.74999999999999,58.47457627118644,64.95726495726495,63.716814159292035,109.0,66.0,76
2022-11-04,619,344,270,380,395,401,41,13,32,1,10,3,3,338177608973.45,158909024375.43,26,9,62.091503267973856,64.86042692939245,67.39495798319328,116.0,30.0,7,2.1281208559590024,74.0,14.35208861705307,0.5986850185253852,79.59183673469387,81.44329896907216,79.16666666666666,60.0,64.42953020134227,65.97222222222221,57.786885245901644,58.43621399176955,65.83333333333333,59.166666666666664,65.0,62.60869565217392,134.0,75.0,69
2022-11-07,621,353,261,394,401,402,46,9,31,2,30,3,4,399535225775.92,156734697852.83002,17,7,64.27406199021208,65.73770491803279,67.4496644295302,126.0,33.0,27,2.549117912302186,92.0,17.959197775211145,0.5305719342870505,79.59183673469387,81.44329896907216,83.33333333333334,63.33333333333333,62.41610738255034,64.82758620689654,58.77551020408164,63.114754098360656,64.16666666666667,64.16666666666667,62.5,64.34782608695652,126.0,67.0,70
2022-11-09,627,246,378,364,387,398,39,42,32,3,24,1,4,290598912116.8,284035844861.48,22,14,58.995137763371154,63.029315960912044,66.33333333333333,126.0,64.0,23,1.0231064753764467,-132.0,9.753480116560242,0.6360957206865441,74.48979591836735,77.55102040816327,80.41237113402062,56.00000000000001,61.48648648648649,65.27777777777779,52.86885245901639,57.61316872427984,61.08786610878661,62.4,64.0,66.66666666666666,118.0,63.0,63
2022-11-10,636,165,469,327,361,387,16,56,29,1,4,7,2,146260487163.23,333530261030.57,33,18,52.23642172523961,57.9454253611557,63.651315789473685,101.0,107.0,-3,0.4385223898764148,-304.0,-5.911175882169079,0.8022677401646203,61.224489795918366,72.44897959183673,76.28865979381443,52.666666666666664,51.35135135135135,62.23776223776224,46.72131147540984,53.278688524590166,61.25000000000001,55.223880597014926,63.1578947368421,60.15625,130.0,67.0,42
2022-11-11,646,348,290,347,378,402,47,20,35,1,4,3,2,442410098591.36,197832019207.99,42,13,54.55974842767296,59.71563981042654,65.0485436893204,102.0,118.0,1,2.2362916799946,58.0,-1.1749008816718067,0.5366026313718153,65.3061224489796,78.57142857142857,83.50515463917526,56.00000000000001,54.729729729729726,63.63636363636363,49.795918367346935,55.91836734693878,61.82572614107884,53.84615384615385,58.45070422535211,59.12408759124088,140.0,61.0,42
2022-11-14,652,302,345,346,377,416,48,27,38,1,12,4,3,292079945781.42,234936632742.95,33,9,53.97815912636506,59.09090909090909,66.77367576243981,111.0,103.0,8,1.2432286202935066,-43.0,-2.16951125183828,0.7041040598260363,61.855670103092784,77.31958762886599,81.25,56.666666666666664,57.71812080536913,66.66666666666666,50.61224489795918,52.459016393442624,62.916666666666664,51.67785234899329,59.45945945945946,63.63636363636363,147.0,61.0,43
2022-11-15,657,331,322,361,387,420,35,20,37,2,13,3,3,283285351928.35,161495710028.41,12,4,55.88235294117647,60.186625194401245,66.98564593301435,130.0,67.0,10,1.7541354620411587,9.0,-0.4090555620714227,0.5860153521797318,63.26530612244898,76.53061224489795,84.5360824742268,59.06040268456376,58.78378378378378,66.43356643356644,49.795918367346935,53.278688524590166,62.083333333333336,57.7922077922078,62.091503267973856,63.94557823129252,142.0,58.0,48
2022-11-16,661,237,421,339,376,409,34,22,39,1,10,2,2,214857125937.97,289724757708.88,17,11,52.15384615384615,58.204334365325074,65.02384737678855,117.0,69.0,8,0.7415904931185129,-184.0,-8.551820669510406,0.7591054273143947,57.73195876288659,73.19587628865979,82.29166666666666,51.33333333333333,55.4054054054054,62.5,45.90163934426229,51.028806584362144,60.08403361344538,59.11949685534591,62.65822784810127,64.23841059602648,137.0,55.0,41
2022-11-17,663,230,429,311,364,402,18,17,38,1,13,3,2,195763793576.8,255216895482.99,26,6,47.84615384615385,56.25965996908809,63.70839936608558,87.0,59.0,10,0.7670487222498461,-199.0,-16.221125733023186,0.6989523880021609,51.578947368421055,67.36842105263158,79.7872340425532,44.0,56.08108108108109,61.80555555555556,46.31147540983606,51.85185185185185,60.924369747899156,51.5527950310559,56.52173913043478,60.0,130.0,43.0,40
2022-11-18,656,220,430,285,333,389,31,14,34,2,8,9,2,184252978308.65,266629729853.03,15,5,44.18604651162791,51.86915887850467,62.239999999999995,83.0,53.0,-1,0.6910443873239972,-210.0,-23.24727593366149,0.7403690940287845,47.91666666666667,56.84210526315789,76.59574468085107,38.666666666666664,50.67567567567568,60.0,43.80165289256198,51.652892561983464,60.42553191489362,47.77070063694268,50.318471337579616,58.27814569536424,103.0,35.0,32
2022-11-21,660,276,378,276,327,388,32,22,31,4,12,7,2,184881003434.26,222185335867.73,17,8,42.592592592592595,50.77639751552795,61.78343949044586,81.0,53.0,5,0.8321026350016286,-102.0,-23.738397975538938,0.8774863814213267,37.5,52.63157894736842,72.3404255319149,42.0,45.27027027027027,61.37931034482759,43.80165289256198,50.20746887966805,58.97435897435898,44.375,55.625,60.0,87.0,34.0,35
2022-11-22,660,327,325,280,325,385,20,20,37,4,17,4,2,297305669301.48,132166785293.81,13,3,43.41085271317829,50.78125,61.79775280898876,83.0,56.0,13,2.2494734107405443,2.0,-18.83961533146646,0.44728416941928306,50.0,58.06451612903226,73.91304347826086,46.0,45.94594594594595,62.758620689655174,39.183673469387756,47.950819672131146,58.22784810126582,43.58974358974359,55.483870967741936,59.06040268456376,88.0,33.0,46
2022-11-23,662,360,295,302,339,386,48,7,39,2,15,6,2,270887412452.67,180152555387.53,8,3,46.821705426356594,52.96875,62.057877813504824,100.0,49.0,9,1.5036556759905977,65.0,-11.406958094127162,0.8115814029344829,51.06382978723404,60.215053763440864,72.82608695652173,45.63758389261745,51.02040816326531,63.888888888888886,44.71544715447154,48.16326530612245,57.98319327731093,48.717948717948715,58.06451612903226,60.13513513513513,79.0,25.0,40
2022-11-24,672,403,263,342,381,400,45,7,41,2,14,3,5,359729969884.83,106973706328.97,14,4,52.37366003062787,58.79629629629629,63.49206349206349,113.0,34.0,11,3.362788691069312,140.0,-1.2450013657314258,0.45566924728408326,61.29032258064516,68.47826086956522,76.92307692307693,53.691275167785236,60.544217687074834,65.27777777777779,45.1219512195122,53.46938775510204,58.40336134453782,56.96969696969697,59.756097560975604,61.78343949044586,67.0,23.0,52
2022-11-25,682,417,255,381,406,428,46,4,41,2,17,1,4,345065588171.19,138530700395.65,10,6,57.37951807228916,61.60849772382397,66.77067082683308,139.0,18.0,16,2.4908961492699233,162.0,8.549696643875592,0.6565083486625326,70.65217391304348,70.65217391304348,79.12087912087912,60.40268456375839,63.6986301369863,70.62937062937063,48.3739837398374,55.91836734693878,60.50420168067227,60.451977401129945,63.06818181818182,65.68047337278107,62.0,24.0,56
2022-11-28,682,416,255,405,419,436,51,10,45,2,22,0,6,350705858994.55,161238202642.5,9,6,61.085972850678736,63.67781155015197,68.125,142.0,21.0,22,2.175079188721427,161.0,16.831414958870212,0.7500290368639748,69.89247311827957,73.11827956989248,79.34782608695652,65.54054054054053,64.82758620689654,72.53521126760563,55.87044534412956,59.756097560975604,62.76150627615063,60.0,63.2183908045977,65.86826347305389,54.0,22.0,57
2022-11-29,691,253,425,408,414,437,31,14,49,1,12,2,5,243729231461.91998,219118515572.57,18,14,60.895522388059696,62.16216216216216,67.64705882352942,128.0,28.0,10,1.1123169159166704,-172.0,7.178127043396261,0.5351839112834778,72.04301075268818,72.04301075268818,80.43478260869566,61.48648648648649,64.13793103448275,73.23943661971832,56.91056910569105,57.55102040816327,63.4453781512605,60.10928961748634,61.74863387978142,62.06896551724138,59.0,33.0,67
2022-11-30,690,461,221,461,448,453,45,11,51,0,17,1,2,710532141501.38,173239984762.17,29,19,68.90881913303438,67.36842105263158,70.12383900928792,127.0,35.0,16,4.101432717607449,240.0,19.488675240449048,0.5085961404958936,80.20833333333334,79.16666666666666,83.15789473684211,71.72413793103448,69.71830985915493,76.2589928057554,63.1578947368421,63.41463414634146,66.10878661087865,68.50828729281768,64.64088397790056,63.58381502890174,80.0,49.0,84
2022-12-01,696,384,299,476,470,461,40,6,53,0,11,0,3,383929541549.35,172908609278.36,35,14,70.51851851851852,70.04470938897168,70.59724349157733,116.0,31.0,11,2.2204188857437064,85.0,22.16675057272694,0.5783957904072199,81.25,77.08333333333334,84.21052631578947,73.79310344827587,75.35211267605634,76.2589928057554,66.93548387096774,64.77732793522267,65.41666666666667,67.20430107526882,69.35483870967742,65.92178770949721,101.0,59.0,76
2022-12-02,698,408,281,498,478,473,49,3,54,0,21,0,3,323198379714.08,210472117684.67,18,8,73.55982274741507,70.91988130563797,71.88449848024317,134.0,20.0,21,1.535587626852773,127.0,26.4456712289609,0.9455385482295725,73.95833333333334,73.95833333333334,85.26315789473684,76.55172413793103,74.64788732394366,76.2589928057554,70.8502024291498,68.0161943319838,67.5,74.60317460317461,70.37037037037037,67.3913043478261,109.0,61.0,76
2022-12-05,701,362,333,501,486,486,44,16,62,1,20,0,3,288600837664.51,230519409982.06,24,12,73.46041055718476,71.5758468335788,73.30316742081448,133.0,25.0,20,1.2519589464807763,29.0,25.071920033896134,0.8683088931493004,76.04166666666666,73.95833333333334,86.31578947368422,71.72413793103448,74.82517482517483,75.71428571428571,72.35772357723577,68.57142857142857,68.90756302521008,74.87179487179488,71.7948717948718,70.52631578947368,124.0,67.0,72
2022-12-06,701,243,455,462,476,480,21,10,49,0,16,0,2,216130498151.71,243885707761.68,32,11,67.64275256222547,70.0,72.28915662650603,114.0,29.0,16,0.8861958338407767,-212.0,11.72200316194628,0.6026500167026174,67.70833333333334,72.91666666666666,85.26315789473684,71.03448275862068,74.12587412587412,74.82014388489209,65.7258064516129,66.39676113360325,68.87966804979253,67.5257731958763,70.10309278350515,68.25396825396825,138.0,64.0,51
2022-12-07,701,250,443,438,461,474,26,9,36,0,17,0,2,185033283180.62,256427091149.72998,34,15,64.12884333821376,67.79411764705883,71.3855421686747,91.0,35.0,17,0.7215824285608632,-193.0,1.1992142206194174,0.7820784756417906,59.375,70.83333333333334,80.0,67.12328767123287,71.52777777777779,77.14285714285715,61.29032258064516,64.37246963562752,66.39004149377593,67.87564766839378,67.87564766839378,69.14893617021278,143.0,60.0,45
2022-12-08,696,372,318,444,464,482,45,12,37,0,33,0,0,303673422550.12,166548299417.16998,35,7,65.48672566371681,68.63905325443787,73.03030303030303,92.0,31.0,33,1.8233354745308996,54.0,4.546233604681857,0.641577667464448,61.458333333333336,65.625,81.05263157894737,69.17808219178082,75.0,77.85714285714286,60.72874493927125,64.77732793522267,68.87966804979253,70.8994708994709,70.37037037037037,70.65217391304348,143.0,53.0,53
2022-12-09,704,167,534,380,432,465,11,46,38,1,5,1,0,201285142729.82,350352378242.58,15,5,55.47445255474452,63.436123348017624,70.13574660633483,82.0,67.0,4,0.5745219819528453,-367.0,-13.66479598996817,0.5443378882283947,50.526315789473685,63.1578947368421,77.6595744680851,59.863945578231295,70.83333333333334,75.0,51.61290322580645,57.89473684210527,65.14522821576763,59.48717948717949,65.12820512820512,69.14893617021278,140.0,50.0,36
2022-12-12,704,405,294,399,441,465,58,6,48,1,16,1,1,296690004717.15,150673149291.35,18,10,58.24817518248175,64.75770925110133,70.13574660633483,114.0,64.0,15,1.9690967243503597,111.0,-5.266902313444103,0.6995852480850793,54.736842105263165,63.1578947368421,74.46808510638297,64.1891891891892,71.03448275862068,75.88652482269504,51.821862348178136,58.13008130081301,65.83333333333333,63.589743589743584,69.23076923076923,69.14893617021278,134.0,48.0,50
2022-12-13,710,372,332,407,444,481,52,8,47,1,22,1,3,384401345675.39,125090031047.27,23,13,58.90014471780029,64.72303206997084,72.11394302848576,121.0,60.0,21,3.072997443978005,40.0,-1.610368708448803,0.36462182222331296,55.78947368421052,65.26315789473685,78.72340425531915,62.83783783783784,72.22222222222221,76.42857142857142,52.82258064516129,56.68016194331984,67.21991701244814,65.0,69.0,71.875,125.0,50.0,54
2022-12-14,706,429,273,455,471,486,37,7,50,1,21,0,3,358924622596.91,173931905719.87,11,4,66.0377358490566,69.06158357771261,73.30316742081448,147.0,21.0,21,2.063592767016445,156.0,7.324019367364425,0.761501298388709,63.63636363636363,73.19587628865979,83.33333333333334,71.23287671232876,73.94366197183099,76.81159420289855,60.483870967741936,63.56275303643725,68.46473029045643,70.40816326530613,70.40816326530613,71.80851063829788,102.0,39.0,58
2022-12-15,703,196,502,394,440,467,18,20,45,1,13,2,0,178701069888.26,314964998980.2,20,10,57.434402332361515,64.80117820324006,70.75757575757575,107.0,35.0,11,0.5673680265009189,-306.0,-8.173698924652093,0.6881569435977369,48.484848484848484,60.824742268041234,78.125,58.9041095890411,69.01408450704226,75.36231884057972,54.83870967741935,58.70445344129555,64.73029045643153,64.24870466321244,71.50259067357513,71.35135135135135,87.0,42.0,48
2022-12-16,694,157,532,313,395,447,20,40,42,2,7,4,0,151296919722.87,449503644090.97,23,7,46.09720176730486,58.779761904761905,68.24427480916032,75.0,67.0,3,0.33658663664192834,-375.0,-24.833379569702956,0.8767810418713612,38.38383838383838,52.57731958762887,68.75,46.57534246575342,63.38028169014085,72.46376811594203,43.7246963562753,51.6260162601626,64.31535269709543,52.94117647058824,67.9144385026738,70.0,95.0,44.0,36
2022-12-19,688,401,282,345,403,447,43,15,44,2,10,4,1,306666488194.74,118553524403.0,30,10,51.03550295857988,60.41979010494752,68.87519260400616,81.0,75.0,6,2.586734470687569,119.0,-14.253239623372934,0.549722374567833,50.505050505050505,59.79381443298969,73.95833333333334,53.37837837837838,64.7887323943662,71.01449275362319,47.17741935483871,55.465587044534416,66.11570247933885,54.69613259668509,64.08839779005525,68.20809248554913,107.0,44.0,43
2022-12-20,695,283,402,341,402,442,24,12,54,1,10,3,1,197469878609.0,211488223809.93,13,7,49.78102189781022,59.55555555555555,67.17325227963525,87.0,67.0,7,0.933715717365291,-119.0,-17.035953771143888,0.7539554988845436,45.45454545454545,57.73195876288659,72.91666666666666,51.006711409395976,59.154929577464785,70.28985507246377,45.564516129032256,54.655870445344135,63.63636363636363,56.613756613756614,67.1957671957672,66.48351648351648,97.0,38.0,37
2022-12-21,695,95,597,204,324,412,10,197,32,1,3,7,1,113838712534.93001,411191539616.69,5,2,29.694323144104807,47.928994082840234,62.51896813353566,77.0,224.0,-4,0.2768508141997515,-502.0,-38.47999459863234,0.5747824101020775,29.292929292929294,49.48453608247423,71.57894736842105,30.201342281879196,54.22535211267606,66.18705035971223,26.506024096385545,42.51012145748988,60.16597510373444,33.68421052631579,49.473684210526315,58.152173913043484,91.0,36.0,23
2022-12-22,696,124,568,143,268,381,8,118,25,2,1,15,0,106112933962.68,372000937393.33,14,0,20.754716981132077,39.5864106351551,57.72727272727273,42.0,327.0,-14,0.28524910368836776,-444.0,-53.722249533141806,0.7653305701301387,19.0,46.464646464646464,68.04123711340206,18.243243243243242,46.808510638297875,63.76811594202898,18.4,32.52032520325203,53.941908713692946,26.701570680628272,39.79057591623037,52.71739130434783,85.0,26.0,15
2022-12-23,697,25,672,42,142,300,5,368,11,9,0,27,0,24470770436.94,478656567193.71,8,0,6.086956521739131,20.943952802359885,45.38577912254161,23.0,683.0,-27,0.051123858135715905,-647.0,-76.6357662544817,0.7276911858573287,4.040404040404041,25.510204081632654,54.166666666666664,4.054054054054054,24.113475177304963,51.449275362318836,6.827309236947792,16.73469387755102,43.333333333333336,7.731958762886598,21.649484536082475,39.037433155080215,70.0,19.0,4
2022-12-26,705,633,70,126,230,348,255,7,16,3,1,0,1,393432690180.18,42129970534.76,5,1,18.077474892395983,33.57664233576642,52.09580838323353,268.0,493.0,1,9.338546530802153,563.0,-35.343644219954896,0.9683366799137626,17.346938775510203,40.20618556701031,57.89473684210527,18.243243243243242,33.33333333333333,60.431654676258994,17.741935483870968,29.098360655737704,50.42016806722689,18.7192118226601,35.960591133004925,45.40816326530612,45.0,10.0,25
2022-12-27,705,552,148,207,265,383,105,3,18,2,2,1,0,346742812765.14,50478673135.03,3,1,29.6987087517934,38.68613138686132,57.33532934131736,365.0,378.0,1,6.869095228347348,404.0,-7.812161659334706,0.5429724884782351,36.36363636363637,44.89795918367347,66.66666666666666,26.53061224489796,38.57142857142858,60.86956521739131,25.0,34.83606557377049,56.903765690376574,34.48275862068966,40.39408866995074,50.76923076923077,35.0,4.0,29
2022-12-28,699,367,322,237,286,389,46,1,22,1,2,1,0,194312810528.08,190012069917.09,0,0,34.29811866859624,41.99706314243759,58.67269984917044,406.0,11.0,1,1.0226340390527116,45.0,-2.1836832617077704,1.1145253426639388,36.0,47.474747474747474,65.97938144329896,33.33333333333333,42.857142857142854,63.04347826086957,31.70731707317073,38.36734693877551,58.57740585774059,37.37373737373738,43.14720812182741,51.85185185185185,30.0,2.0,32
2022-12-29,695,363,325,260,296,396,38,5,24,0,6,1,0,287936649648.24,162462219642.66,0,0,37.84570596797671,43.72230428360414,60.09104704097117,189.0,9.0,5,1.772329900955215,38.0,2.289584184571801,0.6302004363415074,37.0,44.44444444444444,69.0721649484536,36.486486486486484,46.09929078014184,63.30935251798561,37.55102040816327,40.57377049180328,59.07172995780591,39.69072164948454,45.59585492227979,54.3010752688172,16.0,2.0,37
2022-12-30,689,443,238,297,318,398,33,3,22,0,8,0,0,259081815036.37,130951567832.54001,4,3,43.6764705882353,47.3919523099851,60.949464012251156,117.0,9.0,8,1.97845523596695,205.0,14.452779930217979,0.940807001329708,40.4040404040404,47.474747474747474,67.0103092783505,39.189189189189186,48.93617021276596,62.31884057971014,44.48979591836735,46.31147540983606,61.60337552742617,47.87234042553192,47.593582887700535,55.80110497237569,12.0,5.0,38
2023-01-02,682,454,224,349,351,403,53,7,24,0,11,1,1,272307415283.6,85265891165.07,0,0,51.857355126300156,52.78195488721804,62.38390092879257,124.0,15.0,10,3.193626566998849,230.0,26.03004839309437,0.6346345359314657,43.87755102040816,47.95918367346938,68.75,47.2972972972973,51.06382978723404,63.76811594202898,54.69387755102041,54.91803278688525,62.447257383966246,56.043956043956044,53.84615384615385,57.714285714285715,7.0,4.0,67
2023-01-03,683,359,313,381,362,413,24,2,19,0,7,0,1,241656508482.21,140177188683.63,3,0,56.52818991097923,54.35435435435435,63.93188854489165,110.0,12.0,7,1.723936046596081,46.0,26.59846268688821,0.6653175206207439,45.0,52.0,70.40816326530613,55.47945205479452,53.23741007194245,65.44117647058823,60.0,55.32786885245902,64.55696202531645,59.01639344262295,55.19125683060109,58.285714285714285,7.0,3.0,55
2023-01-04,675,137,534,295,327,397,12,16,16,0,2,1,0,88163496918.45999,329580561295.61,5,3,44.294294294294296,49.69604863221885,62.1283255086072,89.0,25.0,1,0.26750211411705105,-397.0,4.801464594647509,0.9590739421365629,35.0,48.0,67.3469387755102,43.83561643835616,47.482014388489205,63.970588235294116,45.49180327868852,49.794238683127574,62.28813559322034,48.29545454545455,52.27272727272727,57.396449704142015,12.0,6.0,34
2023-01-05,683,335,343,322,340,404,20,7,16,0,7,2,2,238927468247.97,216961193764.42,10,2,47.774480712166174,51.127819548872175,62.538699690402474,56.0,25.0,5,1.101245177086375,-8.0,5.591023902808466,0.8868836887201601,40.4040404040404,47.474747474747474,70.10309278350515,53.42465753424658,53.956834532374096,63.970588235294116,47.13114754098361,50.0,62.5531914893617,48.10810810810811,52.43243243243243,57.30337078651685,22.0,8.0,29
2023-01-06,679,144,531,260,315,385,11,11,13,2,4,2,1,91841115137.41,302774153481.44,4,4,38.80597014925373,47.655068078668684,59.96884735202492,43.0,34.0,2,0.3033320845963156,-387.0,-12.711858008227964,0.8940249134504515,37.0,45.0,66.3265306122449,39.310344827586206,48.92086330935252,59.55882352941176,37.295081967213115,46.058091286307054,59.82905982905983,41.43646408839779,50.27624309392266,56.896551724137936,22.0,9.0,21
2023-01-09,677,443,225,328,349,404,25,8,18,2,6,2,0,315238810962.43,81404150413.41,2,0,49.101796407185624,53.03951367781154,63.322884012539184,56.0,26.0,4,3.8725152140461323,218.0,1.9527372478770317,0.5084263792553906,54.0,56.99999999999999,70.40816326530613,50.0,53.191489361702125,64.4927536231884,46.88796680497925,51.26050420168067,61.904761904761905,48.60335195530726,53.072625698324025,60.23391812865497,24.0,9.0,50
2023-01-10,675,213,456,279,317,389,10,18,15,0,2,2,1,135293021915.46,269199995760.81,9,5,41.891891891891895,48.323170731707314,61.06750392464678,46.0,37.0,0,0.502574383528857,-243.0,-8.568797494392584,0.9294251328093692,35.0,51.0,67.3469387755102,41.891891891891895,46.15384615384615,59.57446808510638,39.91769547325103,49.57983193277311,61.73913043478261,48.57142857142857,46.85714285714286,57.738095238095234,30.0,14.0,24
2023-01-11,672,319,341,283,327,385,30,7,17,0,8,2,1,203612803636.47,196260257184.27,2,1,42.68476621417798,50.076569678407346,60.72555205047318,65.0,33.0,6,1.0374632468013973,-22.0,-6.471865711561136,0.9017031435589954,35.0,51.0,65.3061224489796,39.59731543624161,46.52777777777778,59.154929577464785,43.75,51.91489361702127,62.11453744493392,48.275862068965516,50.0,57.48502994011976,27.0,12.0,31
2023-01-12,665,272,382,275,313,376,17,9,10,1,5,3,1,165805264518.54,239482254988.86002,9,6,41.920731707317074,48.45201238390093,59.96810207336522,57.0,34.0,2,0.6923488528461232,-110.0,-9.046629708682445,1.0284437995234283,38.0,49.0,65.3061224489796,38.92617449664429,47.91666666666667,59.154929577464785,42.67782426778243,50.427350427350426,60.61946902654868,45.83333333333333,45.83333333333333,56.52173913043478,26.0,16.0,44
2023-01-13,661,372,283,302,327,374,28,5,13,1,6,4,1,284094139416.2,142304619447.53,7,5,46.39016897081413,51.014040561622465,59.93589743589743,75.0,21.0,2,1.9963803038800865,89.0,-1.2528197776777574,0.6584354844385347,45.0,51.0,66.66666666666666,46.0,46.206896551724135,58.45070422535211,46.61016949152542,54.112554112554115,61.16071428571429,47.27272727272727,50.90909090909091,55.34591194968554,29.0,17.0,51
2023-01-16,657,247,403,299,321,365,23,9,10,0,2,2,1,181138258753.02,209008572197.96,13,4,46.21329211746523,50.39246467817896,58.68167202572347,68.0,23.0,0,0.8666546871649696,-156.0,-6.832848187780357,0.7072058051303012,50.0,54.0,67.67676767676768,40.0,44.13793103448276,53.52112676056338,47.88135593220339,52.38095238095239,59.64125560538116,47.20496894409938,50.931677018633536,56.32911392405063,40.0,21.0,33
2023-01-17,646,287,352,286,321,364,18,7,5,0,3,7,0,231111200017.63,169732551492.5,5,3,44.9685534591195,51.2779552715655,59.57446808510638,69.0,21.0,-4,1.3616197835088937,-65.0,-7.019608237479176,0.5988021905717144,49.0,57.99999999999999,70.70707070707071,39.59731543624161,46.52777777777778,55.319148936170215,45.76271186440678,53.246753246753244,59.19282511210763,46.35761589403973,48.34437086092716,56.75675675675676,36.0,19.0,38
2023-01-18,641,351,281,311,329,372,32,7,9,1,5,4,2,269762679612.39,145196147343.96,8,4,49.28684627575277,52.97906602254429,61.386138613861384,73.0,23.0,1,1.8579189912893501,70.0,-0.3941900387842736,0.6723168911782562,53.0,57.99999999999999,72.72727272727273,44.29530201342282,49.30555555555556,57.446808510638306,49.789029535864984,56.22317596566524,61.33333333333333,51.03448275862069,47.91666666666667,57.446808510638306,42.0,22.0,57
2023-01-19,633,251,374,296,316,357,18,8,18,0,6,6,2,164254442538.95,212909025379.18,12,7,47.512038523274484,51.633986928104584,59.6989966555184,68.0,22.0,0,0.771477123839261,-123.0,-4.377486528706207,0.8699195010638272,45.0,54.0,68.68686868686868,40.0,45.83333333333333,55.319148936170215,49.789029535864984,54.077253218884124,58.22222222222222,53.67647058823529,51.85185185185185,60.150375939849624,45.0,23.0,39
2023-01-20,623,199,413,263,294,348,16,12,24,0,6,9,1,161329177879.38,253551055303.2,11,4,42.6948051948052,48.675496688741724,58.98305084745763,66.0,27.0,-3,0.6362788657553022,-214.0,-12.311317594945926,0.7572783250196853,46.0,54.0,65.65656565656566,32.0,42.758620689655174,55.633802816901415,45.378151260504204,48.275862068965516,58.666666666666664,47.65625,51.96850393700787,58.06451612903226,49.0,22.0,30
2023-01-23,620,287,326,273,303,349,19,19,44,1,2,7,2,225929104361.63,149555018222.22,16,8,44.6078431372549,50.41597337770383,59.353741496598644,53.0,39.0,-5,1.510675516256684,-39.0,-10.283186568606162,0.5827645240064399,46.0,55.00000000000001,69.6969696969697,40.0,48.275862068965516,56.33802816901409,45.76271186440678,48.917748917748916,57.14285714285714,46.82539682539682,52.0,58.536585365853654,52.0,26.0,44
2023-01-24,619,198,411,240,284,348,21,13,28,0,2,5,1,189393375317.54,213214369299.4,12,4,39.27986906710311,47.25457570715474,59.28449744463373,56.0,44.0,-3,0.8882767889418839,-213.0,-17.19771860824264,0.5423442679295735,37.0,55.00000000000001,70.70707070707071,36.0,43.15068493150685,53.84615384615385,36.28691983122363,43.96551724137931,55.80357142857143,50.806451612903224,52.03252032520326,62.8099173553719,59.0,27.0,29
2023-01-25,621,123,495,185,240,336,10,36,20,0,3,13,2,85274201589.77,370267469495.63,11,5,30.22875816993464,39.735099337748345,57.14285714285714,50.0,68.0,-10,0.23030433028839556,-372.0,-30.973654909090612,1.0789412781500314,34.0,41.0,67.67676767676768,23.333333333333332,37.16216216216216,52.083333333333336,28.389830508474578,37.66233766233766,53.6036036036036,38.88888888888889,45.6,60.97560975609756,62.0,28.0,19
2023-01-27,620,88,532,122,175,301,9,137,13,8,0,23,0,120797815483.52,582842906476.88,12,1,19.934640522875817,29.021558872305143,51.27768313458262,40.0,186.0,-23,0.20725621628254606,-444.0,-46.197212171770175,0.7981113271366647,22.0,31.0,63.26530612244898,12.666666666666668,24.324324324324326,45.51724137931035,18.220338983050848,26.83982683982684,50.224215246636774,30.158730158730158,37.096774193548384,50.413223140495866,62.0,22.0,12
2023-01-30,624,296,325,119,171,300,28,42,13,10,3,13,0,403993574871.52,254079102011.46,19,4,19.286871961102108,28.171334431630974,50.76142131979695,47.0,215.0,-10,1.5900307096224635,-29.0,-38.23236757050235,0.5727997737763717,23.0,28.999999999999996,61.224489795918366,13.333333333333334,20.945945945945947,46.206896551724135,17.916666666666668,25.75107296137339,48.888888888888886,25.984251968503933,40.476190476190474,51.21951219512195,70.0,22.0,17
2023-01-31,620,488,129,225,261,329,125,10,16,9,4,4,0,444509221393.17,185930001212.59,3,1,36.76470588235294,43.211920529801326,56.14334470989761,162.0,189.0,0,2.3907342467282824,359.0,-11.831263598565855,1.5823363644918151,34.0,45.0,63.26530612244898,39.33333333333333,40.26845637583892,54.109589041095894,35.294117647058826,42.91845493562232,52.91479820627802,38.70967741935484,45.90163934426229,58.82352941176471,57.0,15.0,24
2023-02-01,625,170,454,157,190,302,15,106,12,13,4,4,0,255856601294.97,483068324105.88,7,3,25.44570502431118,31.147540983606557,51.01351351351351,168.0,158.0,0,0.5296488892508936,-284.0,-21.34916338456732,0.706976540131424,27.0,30.0,63.26530612244898,22.0,29.53020134228188,46.93877551020408,23.10924369747899,29.059829059829063,47.53363228699551,32.55813953488372,37.79527559055118,52.41935483870967,52.0,14.0,14
2023-02-02,620,318,297,184,201,300,28,34,14,14,11,10,1,294854478539.22003,326282775756.85,5,3,29.967426710097723,33.05921052631579,50.93378607809848,168.0,150.0,1,0.9036777312417781,21.0,-14.130221884675748,1.1848328598689395,28.999999999999996,28.999999999999996,61.224489795918366,29.333333333333332,33.557046979865774,47.61904761904761,27.310924369747898,30.76923076923077,47.98206278026906,36.507936507936506,40.0,52.066115702479344,46.0,12.0,18
2023-02-03,613,253,354,181,195,290,18,39,13,14,4,10,0,445562255688.95,151806988945.31,15,8,29.818780889621088,32.4459234608985,49.828178694158076,61.0,179.0,-6,2.935057593754582,-101.0,-13.987375792845057,0.24350093403873516,36.0,32.0,62.244897959183675,26.666666666666668,29.53020134228188,46.25850340136054,26.582278481012654,29.613733905579398,45.04504504504504,35.0,42.016806722689076,53.04347826086957,49.0,19.0,17
2023-02-06,615,346,260,208,215,303,48,19,10,16,8,6,2,238958166336.07,200931838945.34,7,3,34.0983606557377,35.59602649006622,51.88356164383562,94.0,92.0,2,1.1892498848879516,86.0,-4.445305505365596,1.1189988308425296,35.0,34.0,62.244897959183675,38.0,36.241610738255034,47.61904761904761,28.205128205128204,32.03463203463203,48.86877828054298,39.682539682539684,42.74193548387097,54.23728813559322,37.0,18.0,30
2023-02-07,610,250,354,211,219,300,28,25,11,14,4,8,1,256370982996.37,246559670328.19,9,4,34.87603305785124,36.5,51.724137931034484,94.0,83.0,-4,1.0397928528015972,-104.0,-5.764608882043831,0.6791878664704474,35.0,32.0,62.244897959183675,34.66666666666667,37.58389261744966,47.61904761904761,33.62068965517241,35.65217391304348,48.18181818181818,37.39837398373984,40.49586776859504,54.78260869565217,43.0,21.0,27
2023-02-08,617,412,195,242,238,320,54,11,9,15,2,6,2,383337791150.24,102261012125.96,7,4,39.54248366013072,39.209225700164744,54.60750853242321,130.0,55.0,-4,3.748621133126119,217.0,9.186209775306502,0.5636260474951095,38.0,35.0,65.3061224489796,42.0,39.59731543624161,49.32432432432432,35.1931330472103,38.52813852813853,50.90909090909091,45.73643410852713,43.30708661417323,59.166666666666664,43.0,22.0,41
2023-02-09,618,274,340,245,241,327,32,18,13,12,10,3,2,252017940264.11002,210082247364.23,11,6,39.9673735725938,39.63815789473684,55.61224489795919,114.0,54.0,7,1.1996155954442644,-66.0,7.773228678464491,0.6717838247532343,41.0,37.0,66.3265306122449,38.0,40.26845637583892,50.67567567567568,35.3448275862069,37.826086956521735,54.090909090909086,49.61832061068702,44.18604651162791,55.73770491803278,49.0,25.0,40
2023-02-10,617,328,273,262,254,322,28,20,7,11,5,4,1,187465901332.29,226748845590.4,8,6,42.810457516339866,41.84514003294893,54.855195911413965,114.0,49.0,1,0.8267557034046786,55.0,12.576263697272253,1.4532288032818212,38.0,37.0,61.224489795918366,39.33333333333333,38.25503355704698,48.64864864864865,40.85106382978723,42.06008583690987,55.60538116591929,54.330708661417326,49.6,55.932203389830505,42.0,23.0,40
2023-02-13,625,156,465,240,227,308,13,50,10,13,6,3,0,94930791425.0,317864433311.83,9,4,38.77221324717286,36.91056910569105,51.93929173693086,73.0,88.0,3,0.29865181969532084,-309.0,-1.5800226801334674,1.1233277309677754,40.0,33.0,58.16326530612245,34.0,31.543624161073826,45.94594594594595,38.559322033898304,38.034188034188034,53.36322869955157,43.609022556390975,43.93939393939394,51.61290322580645,44.0,24.0,35
2023-02-14,630,210,418,229,222,297,9,40,7,16,2,17,0,242551614427.79,164298476108.44,8,4,36.69871794871795,35.80645161290323,49.58263772954925,50.0,110.0,-15,1.4762864523935177,-208.0,-8.625747419414694,0.34030817236253436,37.0,33.0,57.14285714285714,37.333333333333336,32.21476510067114,44.5945945945946,33.33333333333333,35.74468085106383,51.33928571428571,41.605839416058394,41.911764705882355,46.51162790697674,43.0,24.0,32
2023-02-15,635,418,212,251,237,313,31,17,6,12,7,8,0,318486657339.34,94039826633.97,14,6,39.90461049284579,37.85942492012779,51.735537190082646,53.0,107.0,-1,3.3867210174576514,206.0,6.093286665596942,0.5821849815925093,45.0,38.0,61.224489795918366,40.0,34.22818791946309,45.94594594594595,36.440677966101696,36.59574468085106,54.01785714285714,41.95804195804196,43.66197183098591,47.40740740740741,50.0,26.0,36
2023-02-16,637,387,245,288,253,330,46,8,5,13,7,4,2,275862111062.76,169154271619.07,4,4,45.64183835182251,40.35087719298245,54.54545454545454,86.0,65.0,3,1.630831479585645,142.0,15.447594374953901,0.9685806636109515,49.0,40.0,63.26530612244898,47.333333333333336,41.61073825503356,51.35135135135135,43.40425531914894,36.9098712446352,55.4054054054054,45.20547945205479,44.827586206896555,50.36496350364964,43.0,24.0,46
2023-02-17,640,216,416,275,247,321,14,12,4,15,5,4,2,124698464124.0,245573691706.47998,6,5,43.375394321766564,39.268680445151034,52.883031301482696,91.0,37.0,1,0.5077842958562714,-200.0,6.268289494579335,1.0225419995614393,46.0,39.0,61.224489795918366,41.333333333333336,37.58389261744966,49.32432432432432,41.10169491525424,37.33905579399141,52.702702702702695,47.2972972972973,44.21768707482993,51.07913669064749,41.0,23.0,41
2023-02-20,638,244,390,255,250,315,21,16,10,14,10,12,0,167926722995.15,194512382542.83002,13,10,40.28436018957346,39.682539682539684,51.80921052631579,81.0,36.0,-2,0.8633215058078574,-146.0,1.0886423743861826,0.7246906528241515,44.0,38.0,62.244897959183675,39.33333333333333,38.92617449664429,50.0,36.59574468085106,38.62660944206009,51.569506726457405,44.5945945945946,43.24324324324324,46.76258992805755,45.0,29.0,45
2023-02-21,635,260,367,258,250,310,23,16,9,18,8,14,3,182924528451.38,177161247368.12,21,8,41.0174880763116,39.87240829346093,51.324503311258276,58.0,44.0,-6,1.0325312740166284,-107.0,-1.3953991252509041,0.6861263036896686,40.0,38.0,62.244897959183675,38.0,35.57046979865772,49.32432432432432,38.034188034188034,39.05579399141631,49.549549549549546,49.6551724137931,46.89655172413793,48.529411764705884,58.0,33.0,40
2023-02-22,629,114,512,200,205,281,6,63,9,20,3,18,4,54195137608.93,322841444684.94,7,2,32.102728731942214,33.011272141706925,46.75540765391015,50.0,95.0,-15,0.16786920793833912,-398.0,-18.062277611814352,1.3263674305402393,25.0,27.0,54.08163265306123,28.000000000000004,28.187919463087248,44.89795918367347,32.327586206896555,35.064935064935064,48.64864864864865,41.13475177304964,39.00709219858156,40.298507462686565,51.0,29.0,27
2023-02-23,625,289,325,191,212,282,23,15,11,21,3,17,1,196917483659.55,211272584476.38,18,6,30.8562197092084,34.35980551053485,47.15719063545151,52.0,94.0,-14,0.9320541240482866,-36.0,-14.122147329767031,0.9540548625743769,23.0,30.0,55.10204081632652,26.845637583892618,29.72972972972973,43.83561643835616,29.87012987012987,33.04347826086956,48.1981981981982,42.44604316546763,44.60431654676259,43.18181818181818,65.0,31.0,15
2023-02-24,622,253,365,190,200,271,17,19,12,15,4,13,1,158361963685.41,200250115053.31,11,4,30.844155844155846,32.57328990228013,45.54621848739496,46.0,97.0,-9,0.7908208374474659,-112.0,-14.482725201967739,0.8764952213054866,22.0,24.0,51.02040816326531,27.516778523489933,27.7027027027027,44.52054794520548,30.735930735930733,31.73913043478261,47.2972972972973,41.17647058823529,45.588235294117645,39.53488372093023,70.0,30.0,10
2023-02-27,613,130,479,135,155,250,9,65,13,11,0,18,1,133081054428.25,233006242732.48,4,0,22.203947368421055,25.6198347107438,42.66211604095563,49.0,99.0,-18,0.5711480210469876,-349.0,-26.5686056566895,0.4751811043534528,25.0,24.0,44.89795918367347,19.463087248322147,22.972972972972975,41.78082191780822,18.88412017167382,24.242424242424242,41.70403587443946,29.365079365079367,32.53968253968254,43.69747899159664,61.0,20.0,9
2023-02-28,611,347,259,160,172,255,33,15,15,9,2,9,0,289091467817.63,321913303625.97003,4,3,26.4026402640264,28.524046434494192,43.66438356164384,59.0,99.0,-7,0.898041381208415,88.0,-14.919190417193164,1.4918781782255197,22.0,22.0,47.95918367346938,26.174496644295303,27.027027027027028,41.78082191780822,25.847457627118644,29.48717948717949,43.36283185840708,31.40495867768595,33.88429752066116,42.98245614035088,44.0,15.0,10
2023-03-01,611,481,128,229,207,274,60,2,15,7,4,4,1,357240354303.1,44916496663.38,3,0,37.85123966942149,34.38538205980066,47.07903780068728,102.0,82.0,0,7.953433166891547,353.0,8.36565556466217,0.4724767809256228,41.0,28.999999999999996,51.515151515151516,40.939597315436245,35.810810810810814,47.94520547945205,33.47639484978541,31.16883116883117,45.4954954954955,39.83739837398374,43.08943089430895,45.21739130434783,40.0,13.0,25
2023-03-02,605,232,370,210,207,268,25,9,14,5,4,3,2,199381909440.44,209968186188.31,3,1,35.058430717863104,34.73154362416108,46.447140381282495,118.0,26.0,1,0.9495815202290899,-138.0,3.682370601325175,0.6603193234802575,32.0,28.999999999999996,51.515151515151516,37.58389261744966,33.78378378378378,44.89795918367347,32.327586206896555,32.608695652173914,45.248868778280546,39.83050847457627,44.91525423728814,46.36363636363636,25.0,8.0,23
2023-03-03,600,419,176,279,240,286,51,4,20,5,3,1,3,401966433199.31,60160296787.13,6,3,46.96969696969697,40.54054054054054,50.0,136.0,15.0,2,6.681589930010154,243.0,18.709750104665414,0.35630468842289464,48.0,42.0,55.55555555555556,52.348993288590606,40.26845637583892,50.34013605442177,42.12765957446808,36.05150214592275,47.767857142857146,49.09090909090909,49.09090909090909,49.01960784313725,20.0,7.0,43
2023-03-06,594,408,175,338,260,291,42,5,24,5,8,1,1,354937304455.78,108066193647.96,8,6,57.48299319727891,44.29301533219762,51.32275132275132,118.0,18.0,7,3.284443473710525,233.0,30.964610829497996,0.7098397613141727,60.0,44.0,55.55555555555556,61.74496644295302,46.308724832214764,54.421768707483,52.34042553191489,40.598290598290596,50.0,60.57692307692307,50.0,45.36082474226804,24.0,13.0,60
2023-03-08,593,314,267,350,277,286,39,4,21,4,12,2,0,333337927693.3,123369176948.9,6,6,59.72696245733788,47.350427350427346,50.61946902654867,132.0,13.0,10,2.7019547016299694,47.0,31.987693695082363,0.43525154653309683,64.0,49.0,53.535353535353536,58.38926174496645,49.664429530201346,55.78231292517006,56.46551724137932,41.125541125541126,49.321266968325794,64.76190476190476,56.19047619047619,42.857142857142854,26.0,16.0,70
2023-03-09,595,210,383,327,268,282,16,10,21,3,10,3,0,163406354738.04,268336689880.13,12,6,55.61224489795919,45.65587734241908,49.735449735449734,97.0,19.0,7,0.6089601642288874,-173.0,21.70249107668158,0.900392019495999,47.0,41.0,49.494949494949495,55.70469798657718,46.97986577181208,53.74149659863946,56.65236051502146,43.53448275862069,51.35135135135135,61.32075471698113,52.83018867924528,40.4040404040404,35.0,22.0,56
2023-03-10,604,182,416,279,252,285,14,16,18,6,1,1,0,128713356258.88,270068200161.26,15,6,46.65551839464883,42.281879194630875,49.30795847750865,69.0,30.0,0,0.47659574945152433,-234.0,9.750130382565501,0.9179687408112295,38.0,35.0,48.484848484848484,44.29530201342282,42.281879194630875,54.054054054054056,47.88135593220339,42.97872340425532,50.66666666666667,54.86725663716814,47.32142857142857,40.56603773584906,47.0,27.0,38
2023-03-13,601,52,546,159,182,251,9,110,8,3,0,12,1,40498899966.43,396237907574.24,21,3,26.677852348993287,30.63973063973064,43.500866551126514,39.0,136.0,-12,0.10220854489759297,-494.0,-13.517888662816574,0.9318016936208051,23.0,23.0,41.0,24.832214765100673,30.87248322147651,45.94594594594595,24.789915966386555,29.11392405063291,44.052863436123346,36.69724770642202,40.74074074074074,41.17647058823529,62.0,27.0,10
2023-03-14,599,174,418,135,162,237,11,31,7,5,2,16,2,125464367135.62,346493554616.23,16,2,22.765598650927487,27.411167512690355,41.21739130434783,34.0,157.0,-14,0.3620972611585288,-244.0,-20.844455503304175,1.1496025715629121,18.0,18.0,40.0,22.818791946308725,27.516778523489933,40.816326530612244,21.84873949579832,27.848101265822784,42.98245614035088,29.245283018867923,35.23809523809524,39.0,70.0,23.0,8
2023-03-15,598,295,295,156,167,242,14,9,10,3,2,18,1,186862527988.71,240049969403.01,5,3,26.39593908629442,28.35314091680815,42.1602787456446,34.0,150.0,-16,0.778431792569797,0.0,-14.804447874404545,1.2846340675510584,24.242424242424242,22.22222222222222,37.37373737373738,28.187919463087248,32.88590604026846,44.21768707482993,24.894514767932492,26.69491525423729,44.29824561403509,29.245283018867923,31.428571428571427,39.0,69.0,20.0,10
2023-03-16,597,246,349,154,171,237,16,21,9,5,1,16,0,233399523639.11,246287679303.74,0,0,26.057529610829107,29.03225806451613,41.289198606271775,41.0,61.0,-15,0.947670319111922,-103.0,-14.71621911232333,0.7437935386986336,28.28282828282828,24.242424242424242,39.39393939393939,28.187919463087248,30.87248322147651,42.17687074829932,22.78481012658228,27.54237288135593,43.859649122807014,28.30188679245283,34.285714285714285,36.0,57.0,14.0,11
2023-03-17,593,362,225,196,192,243,35,9,8,5,2,9,0,385717246427.81,210067852463.27,1,0,33.39011925042589,32.76450511945392,42.556917688266196,65.0,39.0,-7,1.8361555178713127,137.0,-2.5672024251822876,0.8762269171807963,35.0,33.0,42.0,38.513513513513516,36.486486486486484,44.89795918367347,28.205128205128204,29.059829059829063,44.44444444444444,36.19047619047619,35.57692307692308,35.35353535353536,43.0,8.0,22
2023-03-20,592,140,450,147,167,225,8,37,8,6,4,18,1,119239869039.12999,305283653600.26,4,0,25.085324232081913,28.547008547008545,39.473684210526315,59.0,67.0,-14,0.39058713964182074,-310.0,-14.516957145550776,0.7965216453271059,26.0,24.0,41.0,27.027027027027028,30.405405405405407,41.49659863945578,23.728813559322035,27.11864406779661,40.26548672566372,24.509803921568626,33.663366336633665,32.98969072164948,26.0,5.0,11
2023-03-21,596,360,230,188,181,235,30,3,10,4,1,5,1,283933947433.44,124391543039.74,6,2,31.810490693739425,30.730050933786078,40.94076655052265,73.0,49.0,-4,2.2825824046794736,130.0,-2.661412645738082,0.6857221838280751,27.0,26.0,41.0,36.241610738255034,32.432432432432435,45.57823129251701,31.799163179916317,31.380753138075313,41.04803493449782,30.097087378640776,31.372549019607842,33.6734693877551,16.0,5.0,23
2023-03-22,601,373,218,222,193,242,29,5,9,3,2,5,2,228444157469.29,111120627127.68001,5,2,37.185929648241206,32.436974789915965,41.65232358003442,67.0,45.0,-3,2.0558213481535046,155.0,8.738384964830466,0.8322752246194539,34.0,27.0,40.0,40.939597315436245,34.22818791946309,45.27027027027027,37.083333333333336,33.054393305439326,43.23144104803494,35.18518518518518,33.64485981308411,34.61538461538461,16.0,4.0,23
2023-03-23,605,203,394,207,192,241,19,8,8,5,2,8,0,111947630682.34,273453849078.66998,4,1,34.44259567387687,32.053422370617696,41.19658119658119,78.0,16.0,-6,0.40938400047948775,-191.0,1.1415199970424084,1.2585455850557958,33.0,24.0,43.0,35.57046979865772,32.88590604026846,44.5945945945946,32.64462809917356,32.365145228215766,40.692640692640694,38.18181818181819,37.61467889908257,35.84905660377358,20.0,5.0,18
2023-03-24,606,98,507,152,153,223,7,48,10,6,1,19,1,101699481393.64,313889867122.87,5,1,25.291181364392678,25.542570951585976,38.11965811965812,55.0,61.0,-18,0.3239973380658078,-409.0,-16.25950715040159,0.5965909681712186,26.0,20.0,38.0,25.675675675675674,24.324324324324326,40.816326530612244,25.514403292181072,27.685950413223143,39.6551724137931,23.636363636363637,27.522935779816514,31.132075471698112,24.0,6.0,11
2023-03-27,602,168,432,131,136,214,4,66,7,5,1,35,0,188601965983.07,189405324913.86002,8,2,21.943048576214405,22.857142857142858,36.83304647160069,30.0,122.0,-34,0.9957585198243218,-264.0,-23.8060878257142,0.39054537937320305,24.0,19.0,38.0,24.324324324324326,25.0,37.16216216216216,19.10569105691057,20.816326530612244,37.60683760683761,23.300970873786408,28.431372549019606,33.33333333333333,28.0,8.0,8
2023-03-28,607,196,410,128,140,207,12,43,8,8,2,47,0,153949439003.81,244604488692.59,3,0,21.262458471760798,23.333333333333332,35.32423208191126,23.0,157.0,-45,0.629381087103794,-214.0,-27.639383863977912,0.7595537747847318,22.0,19.0,36.0,21.62162162162162,25.0,39.86486486486486,19.51219512195122,21.63265306122449,34.61538461538461,24.074074074074073,28.971962616822427,29.807692307692307,25.0,6.0,8
2023-03-29,612,489,117,210,182,229,119,11,12,6,8,8,0,421512954687.5,109530186110.34999,3,2,34.53947368421053,30.082644628099175,38.74788494077834,135.0,120.0,0,3.8483724866753364,372.0,-1.4786550573734871,1.0860401881466255,37.0,30.0,41.0,32.88590604026846,32.21476510067114,43.91891891891892,35.51020408163265,28.278688524590162,38.297872340425535,32.45614035087719,31.25,30.555555555555557,23.0,6.0,24
2023-03-31,608,454,151,281,210,243,59,6,19,6,11,1,0,398968371152.93,98565728667.09,2,2,46.52317880794702,34.883720930232556,41.25636672325976,190.0,60.0,10,4.047739275590026,303.0,17.446161347560157,0.7427905583464304,56.99999999999999,39.0,45.0,43.333333333333336,34.66666666666667,44.29530201342282,46.28099173553719,33.60995850622407,41.55844155844156,41.964285714285715,34.234234234234236,33.02752293577982,21.0,7.0,42
2023-04-03,620,450,167,367,237,262,72,13,14,5,15,0,1,292374897329.78,110778970242.47,1,1,59.577922077922075,38.72549019607843,43.73956594323873,250.0,30.0,15,2.6392635415353456,283.0,32.53964856704063,1.0209707124873066,61.0,42.0,46.0,57.99999999999999,38.0,45.63758389261745,59.25925925925925,37.1900826446281,44.827586206896555,60.97560975609756,40.0,37.28813559322034,17.0,7.0,44
2023-04-05,624,396,223,406,277,275,52,7,13,4,13,0,3,311282486347.2,140817969621.36,9,6,65.58966074313409,45.040650406504064,45.75707154742096,183.0,26.0,13,2.210530993907919,173.0,39.78188189686123,0.8033294978705013,63.0,43.0,50.0,64.0,43.333333333333336,45.63758389261745,64.89795918367346,45.08196721311475,47.21030042918455,70.96774193548387,48.760330578512395,39.49579831932773,18.0,11.0,64
2023-04-06,627,388,228,446,294,291,38,8,16,3,15,1,3,306829662778.34,146354890782.48,11,7,71.58908507223114,47.49596122778675,48.17880794701987,162.0,28.0,14,2.0964770028380237,160.0,45.12508198437353,0.8117209889072138,66.0,40.0,49.0,68.66666666666667,47.333333333333336,50.33557046979866,74.18032786885246,48.34710743801653,49.137931034482754,74.4186046511628,51.96850393700787,43.08943089430895,26.0,18.0,71
2023-04-10,629,316,306,439,306,286,33,10,13,3,11,2,2,225463536995.44,180532538302.11002,14,7,70.46548956661316,49.43457189014539,47.27272727272727,123.0,25.0,9,1.2488803354558764,10.0,41.96789264927469,0.8268844574169185,73.0,47.0,52.0,69.33333333333334,47.333333333333336,48.99328859060403,68.85245901639344,50.0,49.56896551724138,72.86821705426357,52.75590551181102,37.096774193548384,37.0,23.0,65
2023-04-11,629,379,239,463,320,291,34,3,8,2,9,1,3,339315510182.2,110290568426.49,19,11,74.43729903536978,51.69628432956381,48.17880794701987,105.0,21.0,8,3.0765596281096137,140.0,45.5586563045188,0.5154374529551314,75.0,49.0,56.00000000000001,74.66666666666667,47.333333333333336,48.99328859060403,72.54098360655738,54.958677685950406,51.082251082251084,77.34375,52.75590551181102,35.483870967741936,54.0,32.0,64
2023-04-12,629,356,268,484,354,299,25,5,7,5,10,2,2,321199216643.39,145968517364.29,18,8,77.81350482315112,57.189014539579965,49.421487603305785,92.0,18.0,8,2.2004691315852796,88.0,45.80096594822993,0.6036704582164429,80.0,52.0,55.00000000000001,80.66666666666666,57.99999999999999,51.006711409395976,74.28571428571429,58.8477366255144,53.41880341880342,79.52755905511812,57.14285714285714,35.24590163934426,71.0,39.0,62
2023-04-13,635,335,290,474,367,311,25,6,13,2,7,0,0,326210739672.72,160339832531.45,16,6,75.3577106518283,58.626198083067095,50.81699346405229,84.0,14.0,7,2.0344959485269203,45.0,43.629135863861784,0.567792929068995,69.0,56.00000000000001,56.00000000000001,76.66666666666667,54.0,53.02013422818792,76.42276422764228,61.885245901639344,54.46808510638298,76.69172932330827,59.84848484848485,37.5,78.0,39.0,61
2023-04-17,640,350,282,471,386,321,31,19,26,3,14,2,3,320919542666.12,242443652840.78,19,11,74.17322834645668,61.07594936708861,52.0259319286872,81.0,30.0,12,1.3236871285588057,68.0,42.70407546240772,0.937634524802219,76.0,63.0,56.00000000000001,74.66666666666667,60.0,55.70469798657718,74.49392712550608,63.26530612244898,55.319148936170215,71.73913043478261,56.934306569343065,39.097744360902254,86.0,43.0,62
2023-04-18,641,329,305,493,393,324,17,14,30,4,12,1,3,241962514201.12,213774749143.9,25,12,77.51572327044025,62.08530805687204,52.42718446601942,73.0,39.0,11,1.1318573179016842,24.0,39.49962844185245,0.9530251804087035,79.0,61.0,56.99999999999999,82.66666666666667,64.66666666666666,56.375838926174495,73.98373983739837,62.295081967213115,54.27350427350427,77.14285714285715,59.71223021582733,41.48148148148148,97.0,48.0,61
2023-04-19,650,284,362,493,405,335,27,6,33,3,9,3,1,220968245722.93,222969324657.69,32,17,76.5527950310559,63.18252730109204,53.6,75.0,39.0,6,0.9910253173263536,-78.0,31.462328097068436,0.79163506019895,73.73737373737373,58.58585858585859,57.57575757575758,78.0,62.66666666666667,55.033557046979865,73.98373983739837,63.52459016393443,55.74468085106383,81.20805369127517,66.21621621621621,45.774647887323944,110.0,54.0,54
2023-04-20,656,338,314,491,418,337,30,14,43,3,9,1,1,251595761248.87,160235771336.02,35,12,75.65485362095532,64.70588235294117,53.57710651828299,74.0,34.0,8,1.5701597661440088,24.0,29.533124661792762,0.6855564282242487,73.73737373737373,59.59595959595959,57.57575757575758,76.0,65.33333333333333,55.70469798657718,73.57723577235772,63.52459016393443,54.8936170212766,79.87012987012987,69.28104575163398,46.57534246575342,127.0,58.0,57
2023-04-21,656,257,390,449,407,330,18,12,36,4,7,2,3,192488156117.42,199463822384.22,25,11,69.29012345679013,63.100775193798455,52.547770700636946,75.0,32.0,5,0.9650279124132947,-133.0,19.885990101323095,0.6828552319553411,65.0,60.0,56.00000000000001,72.48322147651007,62.41610738255034,53.37837837837838,65.9919028340081,61.63265306122449,53.813559322033896,74.3421052631579,68.21192052980133,47.22222222222222,136.0,63.0,48
2023-04-24,663,388,265,466,429,341,38,10,44,3,9,4,5,324536295585.99,104920165215.34,27,10,71.14503816793894,65.79754601226993,53.7007874015748,86.0,36.0,5,3.0931736994495385,123.0,24.338260101614914,0.47334908597496056,65.0,62.0,55.00000000000001,72.48322147651007,65.77181208053692,54.729729729729726,68.54838709677419,65.04065040650406,55.69620253164557,77.84810126582279,69.42675159235668,48.66666666666667,144.0,62.0,57
2023-04-25,664,345,309,476,437,353,28,12,48,4,9,6,3,340000283311.9,213399604363.6,28,15,72.5609756097561,66.9218989280245,55.503144654088054,84.0,34.0,3,1.5932563901692713,36.0,23.673259651356346,0.7007691048710069,78.0,64.0,55.00000000000001,75.83892617449665,69.79865771812081,54.729729729729726,66.53225806451613,63.82113821138211,56.540084388185655,75.47169811320755,70.88607594936708,54.966887417218544,147.0,65.0,54
2023-04-26,669,374,283,497,453,360,36,10,47,3,8,4,4,369768087529.60004,122410377027.03,16,12,75.18910741301059,68.94977168949772,56.16224648985959,102.0,32.0,4,3.0207250113113355,91.0,25.73631796812849,0.4374958876989327,76.0,67.0,56.99999999999999,78.52348993288591,71.14093959731544,54.36241610738255,69.87951807228916,64.63414634146342,56.72268907563025,79.75460122699386,74.69135802469135,56.493506493506494,131.0,60.0,61
2023-04-27,673,403,264,519,481,370,36,13,47,3,11,3,4,375583639551.62,136500483446.18,32,16,78.16265060240963,72.65861027190333,57.36434108527132,100.0,35.0,8,2.751518749746456,139.0,29.771551239128033,0.5547900233846546,79.0,71.0,57.99999999999999,80.53691275167785,74.49664429530202,55.70469798657718,74.08906882591093,67.3469387755102,58.64978902953587,81.54761904761905,79.76190476190477,56.60377358490566,128.0,64.0,69
2023-04-28,675,485,187,558,507,391,46,13,61,2,16,2,4,466963580556.89,131515865675.59,22,18,83.78378378378379,76.35542168674698,60.432766615146825,118.0,36.0,14,3.5506254561616806,298.0,41.02281792963699,0.7304580333021851,87.0,76.0,62.0,88.59060402684564,83.22147651006712,62.41610738255034,79.26829268292683,70.90163934426229,60.337552742616026,84.21052631578947,78.3625730994152,57.7639751552795,125.0,71.0,85
2023-05-02,678,422,248,572,531,408,46,14,83,2,24,3,3,361156953410.71,174153114082.09,30,18,85.50074738415545,79.61019490254873,62.76923076923077,128.0,40.0,21,2.073789810272773,174.0,44.23753686037398,0.8205329656827599,89.0,81.0,69.0,92.0,84.66666666666667,65.33333333333333,82.85714285714286,74.48559670781893,61.440677966101696,81.60919540229885,81.60919540229885,58.536585365853654,128.0,79.0,91
2023-05-03,685,340,338,551,535,418,34,18,101,2,18,0,2,304596342400.89,213463870316.98,31,15,81.50887573964496,79.37685459940653,63.71951219512195,126.0,45.0,18,1.4269222325472886,2.0,38.16493386185223,0.704955839091236,80.0,78.0,67.0,87.33333333333333,82.66666666666667,65.33333333333333,80.89430894308943,77.04918032786885,62.447257383966246,78.33333333333333,80.55555555555556,62.1301775147929,131.0,79.0,87
2023-05-04,684,475,206,591,555,433,48,7,95,0,19,0,3,392627264686.19,135317725415.82,55,35,87.68545994065282,82.58928571428571,66.10687022900763,128.0,39.0,19,2.9015213157010984,269.0,46.13203362880687,0.794695262185688,91.0,80.0,72.0,88.0,84.66666666666667,65.33333333333333,87.39837398373984,80.73770491803278,64.55696202531645,85.95505617977528,84.8314606741573,65.47619047619048,170.0,102.0,91
2023-05-05,688,223,459,541,532,427,27,32,75,1,16,3,2,231326302376.79,302328673936.77,55,33,79.6759941089838,78.58197932053176,64.6969696969697,109.0,57.0,13,0.7651484041013269,-236.0,27.463243761409057,0.6349601951101873,79.0,72.0,66.0,82.0,80.66666666666666,64.0,78.13765182186235,77.14285714285715,63.4453781512605,80.21978021978022,82.41758241758241,66.27906976744185,193.0,119.0,79
2023-05-08,692,450,235,568,554,452,54,17,54,2,26,1,2,389302297594.57,114402230882.68001,48,25,83.16251830161055,81.35095447870778,68.17496229260935,129.0,56.0,25,3.402925752329089,215.0,33.91411220597688,0.56271977597826,86.0,81.0,70.0,87.33333333333333,84.0,68.66666666666667,80.97165991902834,78.77551020408163,65.54621848739495,81.18279569892472,82.79569892473118,70.28571428571428,219.0,126.0,87
2023-05-09,689,270,415,543,548,449,25,17,40,2,12,0,2,244385507503.06,246083623715.79,55,27,79.61876832844574,80.46989720998532,67.72247360482655,106.0,66.0,12,0.9930994343016859,-145.0,21.260034165052488,0.6551231298364759,82.0,84.0,70.0,82.66666666666667,83.33333333333334,70.0,75.20325203252033,75.51020408163265,65.54621848739495,81.72043010752688,82.79569892473118,67.42857142857143,244.0,135.0,68
2023-05-10,695,388,302,545,552,461,35,14,35,2,13,0,0,327501101439.7,152252425462.98,29,17,79.33042212518195,80.466472303207,68.90881913303438,114.0,48.0,13,2.1510402901222188,86.0,21.884497269236874,0.5972776139156051,82.82828282828282,81.81818181818183,70.70707070707071,81.33333333333333,82.66666666666667,72.0,76.82926829268293,76.32653061224491,65.12605042016807,79.16666666666666,83.33333333333334,70.32967032967034,242.0,137.0,78
2023-05-11,704,447,248,565,579,468,45,9,40,1,16,0,2,354309536652.32,171899688082.48,35,17,81.41210374639769,83.54978354978356,69.43620178041543,105.0,40.0,16,2.0611412423408066,199.0,27.95899073696833,0.8744763909491858,78.78787878787878,80.8080808080808,69.6969696969697,83.33333333333334,84.66666666666667,72.66666666666667,79.75708502024291,81.30081300813008,65.83333333333333,83.33333333333334,86.86868686868688,71.35135135135135,222.0,119.0,75
2023-05-12,705,270,428,532,553,465,34,13,43,1,23,0,4,265959295682.6,226422524994.94,30,17,76.54676258992805,79.68299711815561,68.88888888888889,114.0,36.0,23,1.1746150065614875,-158.0,15.162887698193892,0.537062031364661,73.73737373737373,75.75757575757575,68.68686868686868,74.66666666666667,82.0,71.33333333333334,75.80645161290323,76.92307692307693,64.73029045643153,80.3030303030303,83.33333333333334,72.43243243243244,197.0,103.0,72
2023-05-15,708,404,296,549,559,478,38,16,40,1,20,1,4,343120779584.13,120460232258.54001,28,14,78.7661406025825,80.31609195402298,70.60561299852289,117.0,38.0,19,2.8484153911284236,108.0,17.44640516155078,0.4791663705777697,77.77777777777779,80.8080808080808,72.72727272727273,78.0,78.0,71.33333333333334,76.61290322580645,78.54251012145748,67.08333333333333,82.5,84.0,73.40425531914893,177.0,92.0,74
2023-05-16,710,323,377,535,560,480,31,9,42,1,14,1,2,284476142355.95,221445744591.23,37,17,76.5379113018598,80.34433285509326,70.79646017699115,103.0,38.0,13,1.2846313343300806,-54.0,11.21158056691316,0.6669336975002519,79.7979797979798,78.78787878787878,73.73737373737373,72.66666666666667,80.66666666666666,70.0,75.80645161290323,78.45528455284553,67.22689075630252,78.71287128712872,83.16831683168317,74.3455497382199,159.0,82.0,68
2023-05-17,718,337,376,532,557,478,36,15,49,2,16,3,3,213167781958.53,275769247118.76,36,21,75.14124293785311,79.00709219858156,69.5778748180495,105.0,40.0,13,0.772993305764545,-39.0,6.574747635663428,1.1594881728738906,72.72727272727273,73.73737373737373,68.68686868686868,74.0,78.66666666666666,69.33333333333334,75.90361445783132,78.04878048780488,66.38655462184873,76.19047619047619,82.85714285714286,74.0,166.0,86.0,64
2023-05-18,726,273,445,496,540,476,33,17,48,3,21,1,1,206212910213.47,309370478888.46,44,18,69.27374301675978,75.84269662921348,68.78612716763006,100.0,41.0,20,0.6665565213409315,-172.0,-4.0726182587334065,0.9203767819017861,62.62626262626263,69.6969696969697,66.66666666666666,61.33333333333333,72.0,66.0,74.69879518072288,76.82926829268293,67.36401673640168,71.55963302752293,80.18433179723502,73.52941176470588,175.0,87.0,60
2023-05-19,730,316,410,490,542,481,22,15,53,3,13,3,3,360953196546.06,147874143348.09,30,12,67.96116504854369,75.59274755927476,69.10919540229885,91.0,47.0,10,2.440948690376452,-94.0,-9.255753007149039,0.31575088421797515,68.68686868686868,72.72727272727273,67.67676767676768,56.666666666666664,70.0,66.0,68.8,75.30364372469636,67.91666666666667,74.32432432432432,80.99547511312217,73.42995169082126,175.0,82.0,60
2023-05-22,731,393,330,497,548,490,40,28,50,3,21,1,3,356254390346.67,188179013790.93,31,11,68.83656509695291,76.32311977715878,70.3012912482066,95.0,60.0,20,1.8931674854161715,63.0,-5.791054452008657,0.62905638306338,73.73737373737373,78.78787878787878,72.72727272727273,66.0,77.33333333333333,69.33333333333334,67.60000000000001,73.68421052631578,68.75,69.95515695067265,77.47747747747748,71.63461538461539,178.0,79.0,57
2023-05-23,726,391,326,505,554,499,38,18,52,3,12,0,2,376569195741.11,171509119735.23,29,12,70.43235704323571,77.69985974754559,72.10982658959537,100.0,61.0,12,2.1956219956259164,65.0,-2.699781915103589,0.5462627471654427,71.71717171717171,79.7979797979798,76.76767676767676,68.0,78.66666666666666,74.0,68.8,74.08906882591093,68.75,73.39449541284404,80.18433179723502,72.41379310344827,170.0,74.0,57
2023-05-24,728,339,380,479,543,493,38,16,52,3,20,0,4,270747629411.76,283765234357.13,17,10,66.62030598052851,75.94405594405595,71.03746397694525,116.0,62.0,20,0.9541254411420012,-41.0,-5.343244986474236,0.9349978783608642,76.76767676767676,78.78787878787878,71.71717171717171,64.0,76.0,72.0,62.4,71.37096774193549,69.4560669456067,68.63636363636364,79.81651376146789,71.84466019417476,151.0,63.0,52
2023-05-25,732,380,338,484,544,499,35,15,55,3,21,0,5,304525549108.99,201169730586.44,34,15,66.85082872928176,75.55555555555556,71.28571428571429,111.0,49.0,21,1.5137742055986865,42.0,-3.4266896875637656,0.7426869548123587,76.76767676767676,80.8080808080808,75.75757575757575,61.33333333333333,77.33333333333333,73.33333333333333,65.2,70.96774193548387,68.20083682008368,68.0,77.13004484304933,71.22641509433963,141.0,60.0,58
2023-05-26,735,451,275,510,564,515,46,14,53,2,25,1,3,373169181055.73,115158794581.7,20,12,70.15130674002751,78.00829875518673,73.2574679943101,119.0,45.0,24,3.2404748800230205,176.0,4.929098541442507,0.5060986616839163,77.77777777777779,81.81818181818183,79.7979797979798,72.66666666666667,82.0,76.66666666666667,68.0,75.0,70.16806722689076,67.54385964912281,76.99115044247787,71.29629629629629,131.0,60.0,65
2023-05-29,732,412,313,530,568,522,29,15,50,2,23,0,2,326072523976.06,155324616396.25,17,10,73.20441988950276,78.88888888888889,74.67811158798283,110.0,44.0,23,2.0992971464626926,99.0,8.198651984535651,0.6270164907004281,82.82828282828282,81.81818181818183,80.8080808080808,76.66666666666667,83.33333333333334,79.19463087248322,71.4859437751004,76.92307692307693,72.26890756302521,68.58407079646017,76.78571428571429,71.36150234741784,117.0,59.0,70
2023-05-30,740,345,384,527,574,526,39,19,59,3,21,0,4,281210203246.3,214084071610.41,28,14,71.99453551912568,78.73799725651578,74.7159090909091,114.0,48.0,21,1.3135503315634152,-39.0,4.053126918457615,0.6839764555733931,80.8080808080808,79.7979797979798,78.78787878787878,74.66666666666667,82.66666666666667,79.86577181208054,72.28915662650603,78.13765182186235,73.10924369747899,66.23931623931624,76.39484978540773,71.10091743119266,116.0,61.0,72
2023-05-31,742,420,311,529,583,531,54,19,62,3,34,0,4,746597840587.33,514184212136.97003,29,16,71.97278911564626,79.53615279672579,75.0,122.0,53.0,34,1.4520045986718255,109.0,7.888437352368605,0.9300812933704552,77.77777777777779,79.7979797979798,78.78787878787878,77.33333333333333,82.66666666666667,80.53691275167785,73.89558232931726,79.35222672064778,73.22175732217573,64.13502109704642,77.63713080168776,71.49321266968326,128.0,67.0,73
2023-06-01,748,456,278,556,597,547,55,11,62,2,27,0,1,303198690686.67,226973283503.36002,32,22,75.03373819163292,80.78484438430311,76.61064425770309,148.0,49.0,27,1.3358342709184166,178.0,14.578185586600654,1.227912627706757,76.76767676767676,78.78787878787878,79.7979797979798,78.0,84.66666666666667,80.53691275167785,76.70682730923694,80.16194331983806,73.64016736401673,70.78189300411523,79.83539094650206,75.77092511013215,126.0,74.0,84
2023-06-02,754,480,269,580,614,565,49,6,62,3,46,0,3,384022794865.43,153334548799.87,26,16,77.7479892761394,82.52688172043011,78.58136300417246,158.0,36.0,46,2.504476635377529,211.0,21.875029398936064,0.7124788436412745,81.81818181818183,85.85858585858585,80.8080808080808,77.33333333333333,84.0,79.86577181208054,77.91164658634538,80.16194331983806,74.89539748953975,76.20967741935483,82.66129032258065,80.60344827586206,132.0,78.0,89
2023-06-05,757,450,297,616,633,568,58,16,72,2,57,0,3,345015082999.39,166146269597.56,53,31,82.2429906542056,84.73895582329317,78.67036011080333,162.0,33.0,57,2.0765743572521167,153.0,25.104455711488164,0.7296399042298107,83.83838383838383,84.84848484848484,79.7979797979798,85.33333333333334,88.0,81.87919463087249,81.45161290322581,82.99595141700405,75.73221757322176,80.55555555555556,84.4621513944223,79.14893617021276,168.0,99.0,90
2023-06-06,766,409,347,633,649,577,51,12,74,1,35,0,3,307333867295.75,210812885895.12,28,19,83.399209486166,85.84656084656085,79.14951989026063,158.0,34.0,35,1.4578514306219852,62.0,23.190092930162763,0.8085010082832232,85.0,85.85858585858585,79.7979797979798,83.33333333333334,86.66666666666667,81.20805369127517,84.67741935483872,85.82995951417004,77.40585774058577,81.60919540229885,85.38461538461539,79.33884297520662,168.0,104.0,90
2023-06-07,769,530,232,665,669,593,65,2,80,1,52,0,3,461665449229.82,95353843448.48,34,21,87.1559633027523,88.02631578947368,80.90040927694406,174.0,30.0,52,4.841602944712547,298.0,33.23736228747873,0.4718443013001601,88.0,86.86868686868688,81.81818181818183,86.66666666666667,90.0,83.22147651006712,89.11290322580645,88.25910931174089,79.49790794979079,85.28301886792453,87.12121212121212,80.48780487804879,173.0,109.0,96
2023-06-08,775,220,548,635,652,583,20,25,72,2,15,1,1,216814274349.4,337756179721.68,53,28,82.57477243172951,85.00651890482399,78.78378378378378,136.0,39.0,14,0.6419254105966637,-328.0,10.361590776546485,0.6253995361259267,83.0,82.82828282828282,82.82828282828282,80.0,86.66666666666667,79.86577181208054,83.53413654618474,85.88709677419355,76.66666666666667,82.96296296296296,84.07407407407408,78.57142857142857,194.0,115.0,80
2023-06-09,777,329,440,598,649,578,30,11,57,2,20,3,3,264206897520.94,245894526553.7,40,18,77.46113989637306,84.28571428571429,77.68817204301075,115.0,38.0,17,1.074472462742032,-111.0,1.6009981808166884,0.6959017551916481,77.0,83.83838383838383,82.82828282828282,70.0,82.66666666666667,80.53691275167785,78.3132530120482,85.08064516129032,74.58333333333333,80.95238095238095,84.61538461538461,76.953125,208.0,117.0,77
2023-06-12,794,487,301,629,665,596,61,7,71,2,40,1,2,305900672081.79,145666270154.69,48,18,79.92376111817026,84.71337579617835,78.52437417654808,111.0,43.0,39,2.100010330167302,186.0,8.952686520563624,0.770443924057579,79.0,81.81818181818183,81.81818181818183,78.66666666666666,85.33333333333334,81.75675675675676,78.714859437751,83.06451612903226,75.10373443983403,81.94444444444444,86.80555555555556,78.59778597785979,203.0,104.0,74
2023-06-13,795,513,274,659,683,607,57,9,75,2,44,0,3,414915557937.02,144328854231.77,26,18,83.84223918575063,87.11734693877551,80.29100529100529,148.0,27.0,44,2.874792848218204,239.0,17.843616618444436,0.6512687600718974,80.0,83.83838383838383,82.82828282828282,85.33333333333334,89.33333333333333,83.1081081081081,83.93574297188755,86.29032258064517,77.17842323651453,84.3205574912892,87.8048780487805,80.59701492537313,201.0,103.0,78
2023-06-14,798,417,370,665,694,614,47,11,78,2,50,1,4,336917736653.2,199865062397.2,20,10,84.28390367553865,88.18297331639135,80.89591567852437,165.0,27.0,49,1.6857260224082067,47.0,15.756143769040307,0.6685707001289395,77.0,83.83838383838383,80.8080808080808,88.66666666666667,89.33333333333333,83.78378378378379,83.13253012048193,88.30645161290323,79.25311203319502,85.51724137931035,88.96551724137932,80.81180811808119,187.0,92.0,73
2023-06-15,801,332,458,649,683,612,41,10,74,1,42,0,2,315499091427.14,278352087282.71,39,17,81.94444444444444,86.45569620253166,80.31496062992126,145.0,30.0,42,1.133453298328248,-126.0,5.242573763954574,0.639541859169212,74.0,79.7979797979798,79.7979797979798,85.33333333333334,89.33333333333333,83.78378378378379,79.91967871485943,85.88709677419355,79.66804979253112,84.64163822525597,87.71331058020478,79.1970802919708,173.0,81.0,66
2023-06-16,807,533,262,683,703,627,48,7,73,1,31,0,2,517623065996.77997,142340772636.66,49,31,85.58897243107769,88.31658291457286,81.53446033810144,136.0,28.0,31,3.636505945615934,271.0,16.077258540786502,0.5594246717761379,75.0,81.81818181818183,81.81818181818183,88.0,87.33333333333333,85.13513513513513,84.73895582329317,88.30645161290323,81.32780082987551,88.62876254180601,90.96989966555184,79.7153024911032,182.0,94.0,79
2023-06-19,808,370,434,675,702,619,46,7,81,1,31,0,5,296138476088.04,269097763783.8,44,24,84.58646616541353,88.19095477386935,80.49414824447334,135.0,24.0,31,1.100486573816218,-64.0,8.510527732273879,0.7746887445028979,74.74747474747475,81.63265306122449,80.61224489795919,84.66666666666667,87.33333333333333,84.56375838926175,85.94377510040161,89.51612903225806,81.32780082987551,86.66666666666667,89.66666666666666,77.58007117437722,178.0,100.0,82
2023-06-20,817,492,315,685,720,639,59,6,83,1,40,1,4,403829655145.79,159907358320.06,42,20,84.77722772277228,89.44099378881988,82.23938223938224,153.0,20.0,39,2.5253975763736354,177.0,14.048420252334203,0.6184787601434193,79.7979797979798,84.6938775510204,83.6734693877551,83.33333333333334,86.66666666666667,83.89261744966443,85.14056224899599,89.91935483870968,83.75,86.7741935483871,91.9093851132686,79.65517241379311,194.0,102.0,81
2023-06-21,823,394,422,695,723,645,48,14,100,1,33,0,4,321836583027.08,255830544972.39,47,23,85.5911330049261,89.36959208899876,82.58642765685019,153.0,27.0,33,1.2580068695933613,-28.0,8.463076255724118,0.7421654934216053,76.76767676767676,85.71428571428571,81.63265306122449,85.33333333333334,89.33333333333333,85.23489932885906,87.09677419354838,89.87854251012146,83.68200836820083,87.3015873015873,90.12738853503186,80.67796610169492,221.0,115.0,76
2023-06-22,831,206,617,621,706,643,23,21,84,1,12,0,2,215037023498.85,366434853095.9,40,14,75.73170731707317,86.41370869033048,81.49556400506971,130.0,41.0,12,0.5868356180698031,-411.0,-15.504708242656125,0.5689388502794257,63.63636363636363,82.6530612244898,80.61224489795919,74.0,84.0,83.22147651006712,77.01612903225806,87.4493927125506,81.9327731092437,79.25696594427245,87.88819875776397,80.5921052631579,222.0,112.0,63
2023-06-23,831,176,648,511,660,621,18,39,73,2,7,1,1,106200266052.76,390863291983.73,60,11,62.31707317073171,80.78335373317015,78.70722433460075,89.0,74.0,6,0.2717069324002436,-472.0,-38.96964044755796,0.999624617127956,51.515151515151516,74.48979591836735,79.59183673469387,60.0,75.33333333333333,75.83892617449665,59.67741935483871,81.37651821862349,79.83193277310924,68.73065015479877,84.78260869565217,78.94736842105263,233.0,92.0,44
2023-06-26,838,529,299,564,682,641,57,13,76,3,14,0,1,320999795267.8,129291793676.76,44,12,68.19830713422007,82.76699029126213,80.52763819095478,98.0,73.0,14,2.482754598256449,230.0,-23.737309280511234,0.7126079921363301,57.57575757575758,81.63265306122449,81.63265306122449,66.0,79.33333333333333,79.19463087248322,68.14516129032258,81.78137651821862,81.9327731092437,72.42424242424242,85.41033434650456,79.7427652733119,233.0,80.0,56
2023-06-27,838,509,323,594,696,646,53,8,85,1,32,0,2,380965957148.34,122426303087.15,16,5,71.82587666263603,84.46601941747572,80.95238095238095,128.0,60.0,32,3.1117982618257027,186.0,-12.794979586283729,0.506411810984269,61.61616161616161,82.6530612244898,82.6530612244898,66.0,82.66666666666667,77.85234899328859,71.4859437751004,83.06451612903226,82.91666666666667,77.81155015197568,86.89024390243902,80.38585209003215,207.0,65.0,63
2023-06-28,841,425,408,613,696,648,35,5,78,1,32,0,4,541856741703.25,221269242811.77,11,7,73.94451145958986,84.1596130592503,81.0,145.0,26.0,32,2.4488570341617626,17.0,-11.825312799787795,0.425368509527232,74.74747474747475,83.6734693877551,82.6530612244898,74.0,84.0,79.86577181208054,69.87951807228916,81.92771084337349,82.08333333333333,76.73716012084593,86.06060606060606,80.19169329073482,171.0,49.0,64
2023-06-30,833,488,340,639,708,653,50,10,78,1,35,1,2,475978975779.73,210365073914.84,20,11,77.73722627737226,86.34146341463415,82.34552332912989,138.0,23.0,34,2.2626330831534127,148.0,-4.38712113333483,0.6343468273020659,83.83838383838383,88.77551020408163,84.6938775510204,79.33333333333333,87.33333333333333,82.5503355704698,73.79032258064517,85.48387096774194,83.26359832635984,78.15384615384615,85.80246913580247,80.78175895765473,151.0,46.0,65
2023-07-03,832,463,365,651,718,659,63,10,82,1,42,0,2,377129756060.65,177315164692.54,27,15,79.29354445797807,87.66788766788767,83.20707070707071,148.0,25.0,42,2.126889466643101,98.0,-0.5055316528508698,0.5964076509753993,83.83838383838383,90.81632653061224,84.6938775510204,84.66666666666667,87.33333333333333,83.22147651006712,75.90361445783132,85.94377510040161,84.93723849372385,78.0185758513932,88.19875776397515,81.37254901960785,118.0,50.0,66
2023-07-04,828,333,487,613,704,651,34,11,68,1,33,0,1,360293565893.67,226575839138.78,25,14,74.93887530562347,86.38036809815951,82.71918678526048,147.0,31.0,33,1.5901676333326367,-154.0,-9.784244988772828,0.4300038686193075,79.7979797979798,89.79591836734694,85.71428571428571,79.33333333333333,86.66666666666667,81.87919463087249,72.98387096774194,85.88709677419355,85.59322033898306,72.89719626168224,85.57993730407524,79.93421052631578,99.0,52.0,73
2023-07-05,826,547,274,646,719,661,59,6,63,1,52,0,1,411054645247.38,198529643364.57,43,25,79.16666666666666,88.54679802955665,84.31122448979592,156.0,27.0,52,2.070495056965068,273.0,3.6813763339577577,0.9641898724886377,81.63265306122449,87.62886597938144,85.56701030927834,80.66666666666666,88.66666666666667,84.56375838926175,78.62903225806451,88.30645161290323,86.86440677966102,78.125,88.95899053627761,81.78807947019867,126.0,72.0,84
2023-07-06,825,516,304,681,729,664,45,6,60,1,46,1,1,513026547820.32,148755306278.78,46,33,83.55828220858895,89.88902589395808,84.80204342273308,138.0,23.0,45,3.4487949415321357,212.0,12.126075683222624,0.4921627553474001,88.77551020408163,91.75257731958763,84.5360824742268,87.33333333333333,90.0,83.89261744966443,81.04838709677419,88.70967741935483,86.86440677966102,82.13166144200626,90.18987341772153,83.72093023255815,161.0,98.0,92
2023-07-07,821,262,554,629,709,652,26,8,46,0,25,1,2,259390291856.61,359800805149.19,38,27,77.55856966707768,87.85625774473358,83.69704749679076,130.0,20.0,24,0.72092749139084,-292.0,-5.91433675157203,0.6559941094953238,80.8080808080808,87.75510204081633,83.6734693877551,77.85234899328859,84.56375838926175,81.75675675675676,78.13765182186235,88.66396761133603,86.38297872340426,75.9493670886076,88.81789137380191,82.5503355704698,179.0,114.0,79
2023-07-10,822,301,518,584,695,643,38,15,53,0,27,1,3,303539262545.27997,277996632987.86,45,19,71.83271832718327,86.01485148514851,82.43589743589743,109.0,29.0,26,1.0918810752594095,-217.0,-17.5593176995636,0.5321834898027037,74.48979591836735,89.69072164948454,83.50515463917526,72.48322147651007,83.22147651006712,81.08108108108108,72.46963562753037,86.63967611336032,83.89830508474576,70.21943573667711,85.71428571428571,81.60535117056857,197.0,118.0,80
2023-07-11,821,546,272,640,705,645,56,8,61,0,33,2,5,440024650196.52,209174319692.84,57,23,78.72078720787208,87.46898263027295,82.798459563543,120.0,31.0,31,2.1036265390640208,274.0,-2.877979821598572,0.9542344631521973,80.41237113402062,88.54166666666666,83.33333333333334,80.53691275167785,87.24832214765101,80.4054054054054,80.24193548387096,87.09677419354838,85.65400843881856,76.17554858934169,87.53993610223642,81.54362416107382,229.0,127.0,79
2023-07-12,821,441,369,638,696,641,53,5,56,0,42,0,6,393265395130.63,349750777008.33,31,16,78.47478474784748,86.35235732009926,82.39074550128535,147.0,28.0,42,1.1244160727661903,72.0,-0.41104603683048424,1.062882308574065,78.35051546391753,86.45833333333334,82.29166666666666,79.86577181208054,84.56375838926175,79.05405405405406,78.62903225806451,86.69354838709677,85.65400843881856,77.74294670846395,86.90095846645367,81.48148148148148,217.0,118.0,75
2023-07-13,823,243,576,566,673,638,24,32,49,1,26,1,4,312421927543.63,383741704231.42,30,11,69.4478527607362,83.18912237330038,81.69014084507043,133.0,45.0,25,0.8141464013388033,-333.0,-18.549762420669616,0.518180758775397,69.0721649484536,81.44329896907216,84.5360824742268,67.78523489932886,81.08108108108108,77.55102040816327,71.7741935483871,84.2741935483871,84.81012658227847,68.53582554517133,83.86075949367088,80.33333333333333,201.0,96.0,55
2023-07-14,827,585,236,620,700,667,85,8,64,0,51,0,1,458710414328.65,157556376632.84,25,11,75.7020757020757,86.10086100861008,84.96815286624204,162.0,45.0,51,2.911404946799465,349.0,0.13438388325127804,0.851414902639022,78.35051546391753,90.72164948453609,89.69072164948454,76.51006711409396,86.48648648648648,82.31292517006803,76.61290322580645,83.87096774193549,85.23206751054853,73.84615384615385,86.25,84.53947368421053,188.0,80.0,65
2023-07-17,828,524,294,668,720,673,53,13,73,0,56,0,3,478442215705.55,179988036044.23,35,21,81.46341463414633,88.45208845208845,85.5146124523507,162.0,53.0,56,2.6581889897836226,230.0,10.158657053687385,0.6704989494803185,84.5360824742268,89.58333333333334,89.58333333333334,82.66666666666667,89.93288590604027,83.78378378378379,81.78137651821862,87.4493927125506,86.86440677966102,79.75460122699386,88.19875776397515,84.03908794788273,178.0,82.0,68
2023-07-18,835,273,557,622,713,673,32,23,61,0,29,0,1,308579655975.72003,406599386262.17,15,9,75.30266343825666,86.95121951219512,84.76070528967254,170.0,44.0,29,0.758927992519772,-284.0,-7.021382670858177,0.6458131444358104,78.35051546391753,90.625,89.58333333333334,72.66666666666667,85.90604026845638,81.08108108108108,76.82926829268293,86.58536585365853,85.95744680851064,74.47447447447448,86.62613981762918,84.12698412698413,136.0,68.0,63
2023-07-19,834,508,319,648,720,676,46,8,64,0,40,0,1,458695284311.09,163220744046.48,42,22,78.35550181378477,87.6979293544458,85.13853904282117,131.0,44.0,40,2.8102756606750203,189.0,1.9747902780096496,0.5666620222749624,83.50515463917526,90.625,89.58333333333334,77.33333333333333,87.33333333333333,81.08108108108108,79.75708502024291,88.21138211382113,87.65957446808511,76.27627627627628,86.62613981762918,83.80952380952381,147.0,74.0,72
2023-07-20,832,400,417,641,715,678,40,14,58,0,47,0,1,457947776686.97,241319362304.03,52,25,77.6969696969697,87.3015873015873,85.49810844892812,118.0,45.0,47,1.8976835191119776,-17.0,-0.643355802098398,0.5054755465008973,82.4742268041237,90.625,89.58333333333334,77.33333333333333,86.66666666666667,81.75675675675676,79.35222672064778,87.39837398373984,88.51063829787233,75.22658610271903,86.54434250764525,83.7579617834395,169.0,88.0,71
2023-07-21,838,357,470,611,700,680,42,17,62,0,44,0,2,336757846197.61,427930630718.46,36,20,73.52587244283995,84.84848484848484,85.21303258145363,128.0,39.0,44,0.7869449439322012,-113.0,-7.678653921580292,0.9652193256235562,70.10309278350515,82.29166666666666,88.54166666666666,68.66666666666667,83.33333333333334,82.43243243243244,77.41935483870968,87.04453441295547,87.76371308016878,73.80952380952381,84.63855421686746,83.59621451104101,180.0,97.0,68
2023-07-24,835,420,403,594,689,670,60,23,68,0,57,0,3,410446545288.62,284885490872.77997,35,25,71.82587666263603,83.92204628501827,84.38287153652394,142.0,54.0,57,1.4407421874352713,17.0,-7.155440544129409,0.723365798487529,72.91666666666666,83.15789473684211,88.42105263157895,68.66666666666667,82.0,81.08108108108108,71.4859437751004,84.67741935483872,86.5546218487395,73.19277108433735,84.45121951219512,83.06709265175719,180.0,101.0,77
2023-07-25,837,415,415,591,696,677,50,27,84,0,52,2,2,402937313395.29,314813521347.85,41,23,71.29071170084438,84.56865127582017,85.0502512562814,152.0,67.0,50,1.2799237836740454,0.0,-7.522315903688254,0.7812965215237122,62.88659793814433,83.33333333333334,88.54166666666666,71.62162162162163,83.78378378378379,82.1917808219178,70.68273092369478,85.08064516129032,86.5546218487395,74.02985074626865,84.89425981873111,84.17721518987342,206.0,115.0,77
2023-07-26,843,455,379,614,707,683,43,20,82,0,38,0,3,416344642180.9,203939166227.32,34,20,73.44497607655502,85.18072289156626,84.95024875621891,153.0,70.0,38,2.0415138979082768,76.0,-3.998382756592626,0.5880575712541275,72.16494845360825,86.45833333333334,90.625,75.67567567567568,85.13513513513513,83.56164383561644,74.69879518072288,85.88709677419355,87.34177215189874,71.9298245614035,84.31952662721893,82.15384615384616,198.0,113.0,80
2023-07-27,843,412,423,604,699,682,46,13,85,0,49,0,2,346597469143.43,411188076274.71,38,19,72.24880382775119,84.21686746987952,84.82587064676616,139.0,60.0,49,0.8429171202714356,-11.0,-5.315428002042903,1.1555053853384387,67.0103092783505,80.41237113402062,85.56701030927834,72.2972972972973,83.6734693877551,83.44827586206897,71.8875502008032,84.67741935483872,87.76371308016878,73.9766081871345,85.20710059171599,83.07692307692308,184.0,107.0,76
2023-07-28,851,467,377,613,713,700,49,25,79,0,47,0,5,434875216799.91,235542533886.56,38,21,72.71648873072361,85.18518518518519,86.20689655172413,138.0,58.0,47,1.8462704362743712,90.0,-1.3649245468926736,0.6709346399710445,64.58333333333334,81.25,88.54166666666666,77.7027027027027,83.6734693877551,82.75862068965517,73.09236947791165,86.74698795180723,89.07563025210085,72.57142857142857,85.79710144927536,84.98498498498499,186.0,108.0,81
2023-07-31,848,611,235,646,726,709,91,12,79,0,99,0,6,536306639084.35,153881678548.47,35,21,76.90476190476191,87.05035971223022,87.53086419753086,186.0,50.0,99,3.485188387228457,376.0,16.319580529995235,0.7460141923827569,67.70833333333334,84.375,91.66666666666666,75.0,85.71428571428571,85.51724137931035,79.91967871485943,89.1566265060241,88.65546218487394,78.09798270893373,86.8421052631579,86.404833836858,186.0,104.0,86
2023-08-01,856,471,379,687,750,723,73,14,84,0,54,0,5,400784807462.88,279790498247.44,43,31,80.91872791519434,88.96797153024912,88.27838827838828,213.0,51.0,54,1.4324460979673281,92.0,17.158234468084423,0.8675677675327672,71.875,88.54166666666666,91.66666666666666,83.78378378378379,89.1156462585034,86.20689655172413,81.6,91.96787148594377,89.49579831932773,81.69014084507043,86.8945868945869,87.3529411764706,188.0,112.0,88
2023-08-02,867,165,698,580,721,718,21,52,74,0,11,1,4,135143557257.45,584665202437.47,40,15,67.52037252619326,84.52520515826495,86.61037394451147,185.0,78.0,10,0.23114691398433895,-533.0,-13.460507587189749,1.0226815523471355,49.48453608247423,80.41237113402062,88.65979381443299,68.70748299319727,84.93150684931507,85.41666666666666,69.07630522088354,84.2741935483871,87.34177215189874,70.76502732240438,85.6353591160221,86.03988603988604,194.0,107.0,65
2023-08-03,874,458,409,581,708,726,58,14,84,1,33,1,2,318645835368.88,453630981408.69,78,32,67.09006928406467,82.32558139534883,86.73835125448028,152.0,80.0,32,0.7024340233098018,49.0,-10.472229506513214,1.5941773373983,48.95833333333333,70.83333333333334,89.58333333333334,69.5945945945946,82.99319727891157,86.20689655172413,68.67469879518072,83.87096774193549,86.49789029535864,69.70509383378017,84.01084010840108,86.35097493036211,234.0,120.0,61
2023-08-04,873,551,311,621,726,737,63,16,80,1,34,0,2,524104688712.35,218539340004.42,53,21,71.70900692840647,84.41860465116278,88.05256869772998,142.0,82.0,34,2.398216672118392,240.0,1.685109399997792,0.7387590123369994,55.208333333333336,72.91666666666666,87.5,75.83892617449665,86.39455782312925,90.3448275862069,70.28112449799197,85.48387096774194,89.0295358649789,75.26881720430107,85.90785907859079,86.62952646239555,249.0,120.0,62
2023-08-07,875,473,391,623,718,741,73,42,78,1,51,1,0,406179928117.81,253511490424.43,19,9,71.6915995397008,83.29466357308584,88.31942789034565,194.0,72.0,50,1.6022150610916368,82.0,4.1712086180647105,0.7550288968401714,58.76288659793815,74.22680412371135,87.62886597938144,72.48322147651007,83.56164383561644,90.27777777777779,71.08433734939759,85.48387096774194,89.45147679324894,75.1336898395722,84.09703504043127,86.98060941828255,233.0,108.0,63
2023-08-08,880,426,446,631,728,746,67,26,95,0,49,1,2,390263139805.94,321285543682.8,28,12,72.19679633867277,83.9677047289504,88.38862559241706,203.0,84.0,48,1.2146924985558656,-20.0,1.1759674064216057,0.7863364199649057,62.88659793814433,76.28865979381443,87.62886597938144,73.64864864864865,83.44827586206897,90.9090909090909,70.28112449799197,85.88709677419355,89.0295358649789,75.26315789473685,84.88063660477454,87.19346049046321,218.0,89.0,60
2023-08-09,879,470,404,645,725,755,74,14,97,0,52,0,1,467832234430.67,212504036941.56,30,16,73.96788990825688,83.8150289017341,89.56109134045077,214.0,82.0,52,2.2015216330187974,66.0,2.9091563334346375,0.5284373858449976,69.0721649484536,79.38144329896907,87.62886597938144,75.51020408163265,86.11111111111111,93.00699300699301,71.08433734939759,85.88709677419355,89.87341772151899,76.51715039577837,82.7127659574468,88.52459016393442,208.0,90.0,65
2023-08-10,881,337,531,612,714,745,46,37,98,1,33,0,1,328035571311.99,436162832392.46,44,20,70.0228832951945,82.35294117647058,88.2701421800948,187.0,77.0,33,0.7520942798189256,-194.0,-8.62351291563639,0.8438458020264354,63.91752577319587,75.25773195876289,87.62886597938144,70.27027027027027,84.13793103448276,87.5,67.33870967741935,84.21052631578947,89.40677966101694,73.22834645669292,82.27513227513228,88.0108991825613,174.0,78.0,54
2023-08-11,887,345,539,561,693,746,50,52,96,1,32,0,0,331914675826.18,377992728429.0,44,22,63.82252559726962,79.56371986222732,87.97169811320755,170.0,103.0,32,0.8780980449165571,-194.0,-18.440827559013936,0.7289325095395324,59.79381443298969,72.16494845360825,87.62886597938144,61.07382550335571,80.6896551724138,90.27777777777779,60.483870967741936,81.37651821862349,88.13559322033898,68.05194805194805,79.84293193717278,87.06199460916442,165.0,79.0,53
2023-08-14,889,313,571,494,650,726,48,62,78,2,23,1,0,278320284796.96,351016170518.16,34,16,56.072644721906926,74.54128440366972,85.51236749116607,144.0,151.0,22,0.7928987555932584,-258.0,-29.94242744130667,0.6913381020890723,53.125,72.91666666666666,85.41666666666666,56.375838926174495,74.48275862068967,88.19444444444444,55.020080321285135,75.30364372469636,86.4406779661017,57.36434108527132,74.47916666666666,83.91420911528151,180.0,86.0,41
2023-08-16,896,482,411,513,648,737,93,21,73,3,44,1,1,363249158619.14,300920248220.58,36,19,57.770270270270274,73.72013651877133,86.19883040935673,191.0,135.0,43,1.2071276717573083,71.0,-23.176583203460424,0.97152059319478,52.57731958762887,69.0721649484536,86.5979381443299,53.37837837837838,71.72413793103448,86.11111111111111,59.43775100401606,74.79674796747967,86.38297872340426,59.64467005076142,74.93606138107417,86.01583113456465,188.0,93.0,56
2023-08-17,899,419,474,529,649,734,58,21,81,4,34,1,2,334248147824.02,340816612900.29,34,18,59.43820224719101,73.66628830874006,85.84795321637428,199.0,104.0,33,0.980727274353285,-55.0,-23.575903464084583,0.9013374745885872,55.10204081632652,71.42857142857143,86.73469387755102,54.109589041095894,69.93006993006993,84.50704225352112,59.036144578313255,74.79674796747967,87.2340425531915,62.72040302267003,74.8730964467005,85.26315789473684,192.0,95.0,56
2023-08-18,911,314,591,510,643,731,42,23,73,5,21,2,0,308217612802.29,363205492358.04,19,14,56.54101995565411,72.16610549943884,84.60648148148148,193.0,65.0,19,0.8486039426365718,-277.0,-34.899442769597826,0.6260905114697073,48.97959183673469,66.3265306122449,86.73469387755102,50.34013605442177,68.05555555555556,83.91608391608392,59.67741935483871,74.28571428571429,84.1880341880342,58.679706601467,73.76237623762376,84.57583547557842,167.0,89.0,55
2023-08-21,913,561,337,532,664,741,73,17,82,4,37,0,5,432222447865.03,136281297421.54,29,17,58.849557522123895,74.43946188340807,85.66473988439306,173.0,61.0,37,3.171546323983814,224.0,-19.356571661963642,0.524882267905414,60.824742268041234,72.16494845360825,86.5979381443299,54.729729729729726,70.83333333333334,85.3146853146853,61.29032258064516,75.91836734693878,85.53191489361703,58.3941605839416,75.36945812807882,85.64102564102564,152.0,84.0,75
2023-08-22,923,598,317,605,702,751,98,6,96,2,51,0,6,441761428000.05,185596318480.72,26,15,66.48351648351648,78.08676307007786,86.22273249138921,213.0,46.0,51,2.3802273214053047,281.0,-3.120634006626604,0.7925441886435107,62.5,76.04166666666666,87.5,62.83783783783784,77.08333333333334,83.91608391608392,67.33870967741935,79.18367346938776,87.2340425531915,68.18181818181817,78.26086956521739,86.14609571788414,144.0,83.0,84
2023-08-23,921,532,384,643,713,758,72,15,103,2,50,0,3,485402258027.77,179881363832.98,18,14,70.81497797356829,79.39866369710468,87.22669735327963,243.0,38.0,50,2.698457737281036,148.0,4.126695858719696,0.5134105483759073,69.79166666666666,78.125,89.58333333333334,66.21621621621621,79.86111111111111,86.01398601398601,72.58064516129032,79.67479674796748,88.60759493670885,71.63461538461539,79.36893203883496,86.25954198473282,126.0,78.0,91
2023-08-24,925,410,508,628,717,766,47,12,84,3,31,0,3,468791766135.01,327405215273.8,28,19,68.93523600439077,79.49002217294901,87.8440366972477,217.0,33.0,31,1.4318396417203445,-98.0,-1.997470585702814,0.5636710918294733,66.3157894736842,75.78947368421053,89.47368421052632,72.2972972972973,82.06896551724138,87.5,70.16129032258065,80.40816326530611,89.83050847457628,67.61904761904762,78.8968824940048,86.39798488664987,120.0,79.0,83
2023-08-25,925,292,625,575,679,759,32,12,85,3,30,0,4,258205273579.48,399291275434.79,39,15,63.04824561403509,75.27716186252772,87.04128440366972,151.0,39.0,30,0.6466589416418357,-333.0,-18.97364554275555,0.7224828575227026,52.63157894736842,69.47368421052632,90.52631578947368,57.04697986577181,72.41379310344827,85.41666666666666,64.65863453815261,77.23577235772358,88.5593220338983,66.5871121718377,76.4423076923077,85.8942065491184,140.0,80.0,69
2023-08-28,927,560,364,602,700,768,79,12,87,2,37,0,2,422507080855.66,177738940923.88,43,17,65.86433260393873,77.43362831858407,87.87185354691076,158.0,36.0,37,2.3771216293935638,196.0,-6.943406903321856,0.6471951285277822,59.375,70.83333333333334,89.58333333333334,63.51351351351351,76.38888888888889,88.81118881118881,67.8714859437751,79.26829268292683,88.5593220338983,66.9833729216152,78.22966507177034,86.71679197994987,154.0,80.0,71
2023-08-29,920,533,379,646,726,774,81,15,94,1,32,1,3,464571783356.23,214732404748.66,28,12,71.30242825607064,80.93645484949833,89.37644341801386,192.0,39.0,31,2.163491737076209,154.0,1.2771641679105592,0.6500290385792767,62.88659793814433,76.28865979381443,90.72164948453609,69.38775510204081,80.41958041958041,89.43661971830986,70.68273092369478,81.37651821862349,89.83050847457628,74.33414043583535,81.95121951219512,88.7468030690537,156.0,77.0,68
2023-08-30,925,593,324,700,750,789,69,14,86,3,38,0,3,475551412183.48,202578448721.94,15,9,76.83863885839737,83.24084350721421,90.6896551724138,229.0,41.0,38,2.3474926142623582,269.0,14.049366612974723,0.7796603501371854,64.94845360824742,74.22680412371135,90.72164948453609,76.35135135135135,84.61538461538461,90.14084507042254,77.41935483870968,84.95934959349594,92.34042553191489,79.42583732057416,83.855421686747,89.8989898989899,153.0,72.0,67
2023-08-31,929,465,454,684,750,785,62,20,86,3,47,0,6,556669804557.42,777393396315.63,24,18,74.75409836065575,82.78145695364239,89.71428571428571,212.0,49.0,47,0.7160722064217357,11.0,11.999352870439711,1.4303432889931786,54.63917525773196,64.94845360824742,86.5979381443299,68.24324324324324,81.11888111888112,89.43661971830986,77.51004016064257,85.02024291497976,91.56118143459916,80.04750593824228,86.15751789976133,89.47368421052632,149.0,71.0,61
2023-09-01,936,560,370,728,776,795,93,8,116,3,69,0,4,663599103313.32,147737462273.02,36,28,79.04451682953312,85.08771929824562,90.3409090909091,224.0,42.0,69,4.491745648689861,190.0,19.13659435622008,0.33695441191220854,67.70833333333334,76.04166666666666,89.58333333333334,77.7027027027027,83.21678321678321,90.14084507042254,80.72289156626506,88.25910931174089,91.9831223628692,81.07476635514018,85.91549295774648,89.62962962962962,146.0,84.0,90
2023-09-04,935,574,356,732,797,810,107,12,120,4,93,0,4,665283401419.42,189096829090.25,36,28,79.56521739130434,87.48627881448957,91.94097616345063,262.0,40.0,93,3.518215533386343,218.0,26.543252854781194,0.4582890204597198,72.91666666666666,79.16666666666666,91.66666666666666,77.02702702702703,85.3146853146853,91.54929577464789,81.12449799196787,89.06882591093117,93.67088607594937,81.0304449648712,89.17647058823529,91.13300492610837,139.0,95.0,95
2023-09-05,938,515,416,762,805,819,78,14,113,3,56,0,8,583075260427.9401,251728316559.66998,44,29,82.46753246753246,88.07439824945295,92.43792325056434,278.0,34.0,56,2.316287926589805,99.0,26.793229606777047,0.5344675655471761,75.0,81.25,91.66666666666666,81.87919463087249,86.7132867132867,90.84507042253522,83.13253012048193,90.2834008097166,93.72384937238493,83.95348837209302,88.78504672897196,92.42053789731052,155.0,112.0,93
2023-09-06,941,453,475,772,823,830,62,21,103,4,42,0,4,462731472086.03,387391635206.07,60,39,83.27939590075513,89.8471615720524,93.46846846846847,247.0,47.0,42,1.1944797719751579,-22.0,20.822993581699606,0.7984096783399945,80.0,83.15789473684211,91.57894736842105,85.23489932885906,88.81118881118881,92.95774647887323,84.33734939759037,91.49797570850203,93.72384937238493,82.7188940092166,90.71925754060325,93.93203883495146,200.0,142.0,87
2023-09-07,948,550,391,800,832,842,62,7,112,4,45,0,5,573372501812.84,195510610751.36,78,44,85.65310492505354,90.14084507042254,93.97321428571429,202.0,42.0,45,2.932692499958607,159.0,24.66432681234989,0.4796444279064854,84.375,86.45833333333334,92.70833333333334,86.57718120805369,89.5104895104895,94.36619718309859,85.88709677419355,91.46341463414635,93.69747899159664,85.4875283446712,90.41095890410958,94.28571428571428,254.0,168.0,92
2023-09-08,952,489,457,801,834,856,62,6,110,3,53,0,4,675562579372.66,191295691826.4,63,37,85.3035143769968,89.96763754045307,94.69026548672566,186.0,34.0,53,3.531509637894669,32.0,21.47534509049415,0.30299276840597117,85.56701030927834,85.56701030927834,93.81443298969072,89.1156462585034,90.78014184397163,95.71428571428572,86.34538152610442,91.49797570850203,94.58333333333333,83.40807174887892,89.81900452488688,94.61358313817331,281.0,177.0,94
2023-09-11,951,543,401,811,844,857,80,20,110,3,77,0,4,726547193770.08,144713715532.56,44,29,86.36847710330139,91.14470842332614,94.80088495575221,204.0,33.0,77,5.020582818265141,142.0,24.14138899285502,0.2697126533378989,95.87628865979381,88.65979381443299,93.81443298969072,93.19727891156462,93.66197183098592,95.74468085106383,85.2,91.46341463414635,95.41666666666667,82.69662921348313,90.702947845805,94.36619718309859,289.0,178.0,96
2023-09-12,951,58,893,447,752,828,5,499,57,3,4,0,1,204537028719.7,807342257431.74,42,13,47.705442902881536,81.38528138528139,91.69435215946844,147.0,525.0,4,0.2533461203558931,-835.0,-22.54985041559071,0.2563670916747045,78.125,88.54166666666666,92.70833333333334,56.4625850340136,84.50704225352112,92.90780141843972,46.98795180722892,84.14634146341463,92.11618257261411,38.651685393258425,77.27272727272727,90.8235294117647,287.0,162.0,49
2023-09-13,954,649,298,542,768,834,116,12,77,3,23,0,2,526065248463.79,289407578698.7,60,11,57.59829968119023,82.75862068965517,92.05298013245033,201.0,531.0,23,1.817731418192999,351.0,-3.0581108577338654,1.198115589132681,78.125,88.54166666666666,91.66666666666666,67.56756756756756,86.01398601398601,92.95774647887323,58.23293172690763,84.48979591836735,93.75,49.55357142857143,79.5045045045045,90.88785046728972,287.0,134.0,46
2023-09-14,953,705,243,655,807,841,110,4,89,2,33,0,1,541592995810.17,177965005945.2,60,26,69.68085106382979,87.05501618122977,92.82560706401766,231.0,515.0,33,3.04325557113706,462.0,19.172617018522416,0.9533325414458169,81.44329896907216,89.69072164948454,93.81443298969072,76.87074829931973,90.84507042253522,92.90780141843972,70.28112449799197,87.34693877551021,94.16666666666667,64.42953020134227,85.10158013544017,91.82242990654206,269.0,116.0,53
2023-09-15,959,494,459,686,814,849,71,14,82,2,41,0,3,735447601410.26,328209664290.75,8,6,72.43928194297783,87.2454448017149,93.0921052631579,297.0,30.0,41,2.2407859409001176,35.0,16.73402626762892,0.4803014440902905,86.73469387755102,90.72164948453609,93.81443298969072,78.91156462585033,88.81118881118881,93.66197183098592,72.28915662650603,89.34426229508196,94.14225941422593,67.3289183222958,84.85523385300668,92.16589861751152,214.0,85.0,61
2023-09-18,956,296,655,605,791,845,26,17,82,2,27,0,0,384073545880.87,346472913241.94,19,9,63.81856540084389,84.68950749464668,92.65350877192982,207.0,35.0,27,1.1085240179011446,-359.0,-5.134638955723158,0.4076667619725538,83.83838383838383,89.79591836734694,93.87755102040816,69.38775510204081,87.32394366197182,93.61702127659575,59.43775100401606,87.34693877551021,92.9460580912863,60.04415011037527,81.29175946547885,91.89814814814815,189.0,65.0,52
2023-09-20,954,286,661,524,759,827,31,23,75,1,16,1,0,262213712142.94,577922626414.2,33,9,55.44973544973545,81.43776824034335,90.97909790979098,128.0,54.0,15,0.4537176780391536,-375.0,-24.606674526910574,0.9536277335239559,75.51020408163265,85.56701030927834,90.72164948453609,60.544217687074834,85.3146853146853,91.6083916083916,52.800000000000004,84.14634146341463,92.5,50.888888888888886,77.80269058295964,89.97668997668997,180.0,61.0,39
2023-09-21,952,214,733,422,698,808,14,39,51,1,6,1,0,178956957419.38,516521529904.34,36,7,44.75079533404029,75.05376344086021,89.1832229580574,71.0,79.0,5,0.3464656302952617,-519.0,-48.33223156764127,0.8426546855972655,60.204081632653065,81.44329896907216,90.72164948453609,48.29931972789115,78.32167832167832,90.9090909090909,43.6,77.55102040816327,89.5397489539749,40.848214285714285,71.23595505617978,88.05620608899297,156.0,57.0,29
2023-09-22,946,418,521,407,671,800,46,10,49,1,10,0,1,360728074166.3,327002436644.02997,17,6,43.48290598290598,72.77657266811279,89.086859688196,91.0,72.0,10,1.1031357376672495,-103.0,-47.57592167962781,0.7272933289718706,57.73195876288659,81.25,91.66666666666666,40.939597315436245,72.41379310344827,89.58333333333334,39.516129032258064,75.30864197530865,89.49579831932773,43.43891402714932,69.63470319634703,88.09523809523809,113.0,37.0,32
2023-09-25,940,457,477,444,651,789,57,18,57,1,18,2,3,379117624282.17,259192204765.07,13,5,47.8448275862069,71.2253829321663,88.65168539325843,117.0,67.0,16,1.4626891446284025,-20.0,-42.54139711697817,0.6550067608995586,60.0,77.6595744680851,91.48936170212765,48.99328859060403,69.86301369863014,88.35616438356165,45.16129032258064,74.3801652892562,88.98305084745762,46.330275229357795,68.51851851851852,87.92270531400966,118.0,36.0,37
2023-09-26,940,456,471,454,660,785,36,6,60,1,9,2,3,339656287710.95996,242319790766.76,4,0,48.922413793103445,72.1311475409836,88.20224719101124,139.0,34.0,7,1.401686121617236,-15.0,-37.77417163032782,0.6907058943588624,62.10526315789474,79.7872340425532,91.48936170212765,46.308724832214764,70.54794520547945,87.67123287671232,47.983870967741936,75.30864197530865,89.83050847457628,47.477064220183486,69.21296296296296,86.71497584541062,103.0,27.0,39
2023-09-27,943,553,379,511,686,790,53,5,52,0,19,2,3,418032282825.13,202717447432.9,7,1,54.88721804511278,74.7276688453159,88.66442199775533,146.0,29.0,17,2.0621425936388618,174.0,-24.059322981090148,0.7075664441807265,71.1340206185567,79.16666666666666,90.625,57.82312925170068,77.08333333333334,90.27777777777779,50.403225806451616,75.81967213114754,90.2542372881356,52.84738041002278,72.35023041474655,86.74698795180723,77.0,19.0,40
2023-09-28,940,318,614,450,629,772,23,13,53,0,12,2,5,240671748094.74,574264402934.42,14,4,48.59611231101512,68.89375684556407,87.13318284424379,112.0,24.0,10,0.41909571073000024,-296.0,-35.71283077108647,1.2357924363962716,50.526315789473685,72.3404255319149,90.42553191489363,44.89795918367347,69.44444444444444,87.5,53.62903225806451,71.31147540983606,87.76371308016878,46.559633027522935,66.5893271461717,85.88807785888078,55.0,16.0,29
2023-09-29,933,655,265,516,655,778,56,5,52,0,18,1,5,494296541757.74,143588678148.61,5,1,56.14798694232862,72.37569060773481,88.61047835990888,132.0,23.0,17,3.4424478874731186,390.0,-11.198015777677902,0.7180059637799959,62.5,76.84210526315789,88.42105263157895,56.55172413793104,73.23943661971832,88.73239436619718,59.036144578313255,74.18032786885246,89.87341772151899,52.91375291375291,70.04716981132076,87.87128712871286,43.0,11.0,42
2023-10-03,933,444,480,529,663,778,50,15,53,0,28,1,3,353476873145.09,288425720095.75,14,7,57.562568008705114,73.25966850828729,88.61047835990888,129.0,33.0,27,1.2255386691164183,-36.0,-11.481858879425186,0.754770145822409,62.5,73.68421052631578,89.47368421052632,51.03448275862069,70.4225352112676,86.61971830985915,61.84738955823293,78.27868852459017,90.29535864978902,56.17715617715617,71.22641509433963,88.11881188118812,44.0,13.0,38
2023-10-04,929,181,742,404,610,762,15,29,39,2,12,0,1,190132573266.34,528228694101.07,8,3,44.24972617743702,67.77777777777779,87.38532110091744,121.0,49.0,12,0.35994366718359394,-561.0,-37.91713543702198,0.6777041304316752,43.15789473684211,68.08510638297872,91.48936170212765,37.24137931034483,64.08450704225352,85.91549295774648,45.34412955465587,72.95081967213115,88.18565400843882,46.244131455399064,65.95238095238095,86.46616541353383,48.0,16.0,24
2023-10-05,919,543,365,465,628,757,68,4,36,1,22,2,5,407068854096.64,210739640959.55,9,6,51.49501661129568,70.64116985376828,87.92102206736352,133.0,48.0,20,1.9316197571712388,178.0,-23.379711216582137,0.7701677451546328,49.48453608247423,70.83333333333334,90.625,47.58620689655172,69.50354609929079,86.52482269503547,51.21951219512195,72.0164609053498,88.18565400843882,53.493975903614455,70.17114914425427,87.59689922480621,50.0,21.0,34
2023-10-06,912,575,327,541,656,763,77,4,39,2,23,1,10,400811071371.3,149296459095.35,19,13,60.37946428571429,74.37641723356009,89.13551401869158,160.0,37.0,22,2.684665623015996,248.0,-7.333314952023164,0.6549827922172655,59.79381443298969,77.08333333333334,91.66666666666666,62.758620689655174,70.92198581560284,87.94326241134752,58.536585365853654,75.7201646090535,90.2542372881356,60.78431372549019,74.12935323383084,88.25065274151436,55.0,30.0,57
2023-10-09,898,124,765,349,545,735,6,124,26,3,12,2,2,123806848906.76,395095740824.28,6,1,39.569160997732425,62.78801843317973,87.29216152019002,151.0,132.0,10,0.31335910796827204,-641.0,-38.02697957106513,0.5172707578819946,32.6530612244898,67.0103092783505,89.69072164948454,34.02777777777778,59.285714285714285,83.57142857142857,38.775510204081634,61.57024793388429,89.31623931623932,43.79746835443038,63.75321336760925,86.79245283018868,56.0,30.0,33
2023-10-10,888,709,174,470,613,734,101,6,33,1,32,0,0,527862941097.2,57753182061.65,13,8,53.899082568807344,71.36204889406287,88.32731648616125,184.0,134.0,32,9.139980209812858,535.0,-5.279927922490678,0.44581197662807537,61.224489795918366,77.31958762886599,90.72164948453609,47.22222222222222,67.85714285714286,86.42857142857143,51.21951219512195,73.66255144032921,90.2127659574468,56.25,69.65699208443272,87.1866295264624,55.0,31.0,55
2023-10-11,886,570,306,539,644,738,66,3,33,1,39,1,5,462697297299.57,165061135297.11002,20,8,61.882893226176805,75.23364485981308,89.23821039903265,173.0,133.0,38,2.803187415782128,264.0,9.195200876652933,0.6645096533866552,68.36734693877551,86.5979381443299,93.81443298969072,59.72222222222222,72.14285714285714,86.42857142857143,59.10931174089069,74.07407407407408,91.48936170212765,62.82722513089005,74.20212765957447,87.60563380281691,67.0,36.0,52
2023-10-12,885,526,353,599,657,746,55,4,31,1,33,0,2,405716273209.03,215767034839.17,9,7,68.85057471264368,76.93208430913349,90.31476997578693,222.0,13.0,33,1.8803441105423992,173.0,16.975459995537456,0.792453348023553,67.3469387755102,81.44329896907216,92.78350515463917,68.75,72.14285714285714,88.57142857142857,71.25506072874494,79.42386831275721,91.94915254237289,67.71653543307087,75.93582887700535,89.23512747875354,67.0,37.0,60
2023-10-13,882,371,497,561,642,735,51,7,55,1,30,0,11,358940680181.15,304481905764.86,14,4,64.78060046189377,75.4406580493537,89.41605839416059,172.0,14.0,30,1.178857177997127,-126.0,8.592704242206036,0.6332224862961778,61.224489795918366,74.22680412371135,90.72164948453609,62.5,70.2127659574468,86.42857142857143,68.42105263157895,79.01234567901234,91.13924050632912,64.19098143236074,75.4054054054054,89.08045977011494,62.0,28.0,44
2023-10-16,879,461,410,564,640,738,65,11,55,1,49,2,7,387328868625.73,207593080624.17,17,11,65.35341830822712,75.47169811320755,89.78102189781022,171.0,22.0,47,1.865808183303357,51.0,10.232484551896642,0.602629066569823,61.224489795918366,75.25773195876289,91.75257731958763,66.66666666666666,73.04964539007092,87.14285714285714,69.75806451612904,77.45901639344262,91.59663865546219,63.00268096514745,75.13661202185791,89.04899135446685,73.0,38.0,59
2023-10-17,876,544,321,611,670,743,56,7,53,1,38,1,7,487302889955.4,137313961564.37,18,10,71.1292200232829,79.38388625592417,90.83129584352079,172.0,25.0,37,3.5488225989821314,223.0,20.18333429392262,0.4775398044214184,68.36734693877551,78.35051546391753,90.72164948453609,73.61111111111111,77.30496453900709,89.28571428571429,75.80645161290323,82.37704918032787,92.85714285714286,67.75067750677508,78.45303867403315,90.0874635568513,78.0,40.0,61
2023-10-18,872,246,619,539,632,723,33,35,51,2,18,1,3,184148418475.29,469855225880.67,20,10,62.967289719626166,75.23809523809524,88.82063882063882,154.0,53.0,17,0.39192587063415685,-373.0,-1.209605848114773,1.0140060035855325,53.06122448979592,73.19587628865979,88.65979381443299,56.55172413793104,67.6056338028169,85.1063829787234,67.33870967741935,79.83539094650206,91.10169491525424,65.20547945205479,75.69832402234637,88.8235294117647,78.0,42.0,46
2023-10-19,878,416,452,542,625,726,48,12,54,2,25,4,5,328199315509.33,310305288204.31,24,11,62.804171494785635,73.78984651711924,88.53658536585365,137.0,54.0,21,1.0576658793299014,-36.0,-2.6445216403161735,0.8701745988856024,53.535353535353536,75.25773195876289,87.62886597938144,56.849315068493155,65.73426573426573,87.32394366197182,65.18218623481782,77.77777777777779,89.7872340425532,66.0377358490566,73.9010989010989,88.4393063583815,93.0,46.0,42
2023-10-20,879,206,670,467,580,710,22,51,54,1,15,3,5,229500936192.69,403912898558.34,26,5,53.98843930635838,68.31566548881037,86.37469586374696,103.0,98.0,12,0.5681941255449695,-464.0,-25.258152034446795,0.5411226071235229,43.43434343434344,65.97938144329896,87.62886597938144,38.095238095238095,55.24475524475524,82.3943661971831,57.08502024291497,74.07407407407408,88.08510638297872,61.02150537634409,70.21857923497268,86.49425287356321,105.0,47.0,25
2023-10-23,882,35,847,161,350,651,5,451,31,2,4,9,2,68591128967.6,574631732933.82,21,1,18.50574712643678,41.07981220657277,78.8135593220339,75.0,514.0,-5,0.1193653692207416,-812.0,-61.866515261256254,0.34618343929527573,21.21212121212121,43.29896907216495,84.5360824742268,11.486486486486488,34.96503496503497,69.71830985915493,16.93548387096774,40.74074074074074,82.12765957446808,21.6,43.08943089430895,78.69318181818183,109.0,37.0,12
2023-10-25,893,276,616,163,314,641,24,72,32,1,4,9,1,212105947209.11,423060364313.5,17,3,18.480725623582767,36.25866050808314,76.49164677804295,51.0,574.0,-5,0.5013609524808458,-340.0,-69.25733324387205,0.8936714074657931,17.17171717171717,34.69387755102041,83.6734693877551,11.486486486486488,27.27272727272727,70.4225352112676,15.32258064516129,38.2716049382716,78.63247863247864,23.51421188630491,38.7434554973822,75.54945054945054,108.0,30.0,12
2023-10-26,893,356,533,151,299,626,64,28,33,0,2,12,1,235603509309.28,528224464656.82,11,1,17.10079275198188,34.48673587081891,74.61263408820024,93.0,551.0,-10,0.44602915062320764,-177.0,-67.08019595278918,1.4974748791015462,10.1010101010101,29.591836734693878,80.61224489795919,8.724832214765101,23.448275862068964,64.58333333333334,17.00404858299595,36.51452282157676,78.01724137931035,22.164948453608247,38.642297650130544,74.79452054794521,99.0,21.0,12
2023-10-27,897,771,122,264,410,661,137,7,39,0,16,1,2,539192817629.12,64167702917.85,6,5,29.72972972972973,47.12643678160919,78.41043890865956,225.0,107.0,15,8.402869249027283,649.0,-23.58334258914938,0.7520850252286273,21.428571428571427,47.42268041237113,83.50515463917526,18.666666666666668,30.136986301369863,66.89655172413794,29.838709677419356,53.333333333333336,80.51948051948052,35.96938775510204,49.6124031007752,80.27027027027027,81.0,15.0,34
2023-10-30,896,443,443,284,408,663,48,22,37,0,9,3,2,316045904455.63,219791794637.75,3,1,31.98198198198198,46.89655172413793,78.74109263657957,249.0,57.0,6,1.4379331356592329,0.0,-18.725616250291615,0.6954426288685123,27.27272727272727,44.89795918367347,83.6734693877551,22.818791946308725,35.172413793103445,66.66666666666666,31.32530120481928,50.83333333333333,81.89655172413794,37.084398976982094,49.35400516795866,80.16304347826086,58.0,11.0,30
2023-10-31,894,411,471,306,409,664,37,14,39,1,13,1,2,280079585665.82,283543168329.13,2,0,34.57627118644068,47.174163783160324,79.04761904761905,222.0,43.0,12,0.9877846372257167,-60.0,-17.478632149316773,0.883402547562353,30.303030303030305,45.91836734693878,83.6734693877551,28.859060402684566,36.55172413793103,69.44444444444444,33.87096774193548,50.627615062761514,82.75862068965517,38.303341902313626,49.35064935064935,79.23497267759562,39.0,10.0,26
2023-11-01,896,335,556,303,409,652,33,28,36,1,17,2,1,231460477089.58,321216191511.36,6,4,34.08323959505062,47.01149425287356,77.43467933491686,118.0,64.0,15,0.7205753732417136,-221.0,-24.37506758223671,0.8361623335819985,28.000000000000004,43.87755102040816,81.63265306122449,28.187919463087248,36.55172413793103,65.27777777777779,34.13654618473896,50.416666666666664,81.11587982832617,37.851662404092075,49.6124031007752,78.7465940054496,28.0,11.0,19
2023-11-02,896,648,242,396,463,668,65,13,37,1,13,0,2,485606951766.33997,90633743240.02,1,0,44.54443194600675,53.2183908045977,79.42925089179548,135.0,55.0,13,5.357904621464609,406.0,1.2003554605279376,0.49976364634898346,45.45454545454545,57.14285714285714,84.5360824742268,38.25503355704698,42.06896551724138,68.75,44.57831325301205,57.08333333333333,81.11587982832617,46.683673469387756,54.00516795865633,81.19891008174388,18.0,10.0,48
2023-11-03,898,581,303,472,499,685,70,12,42,0,33,0,1,420429574826.24,153713101760.24,4,3,52.974186307519645,57.22477064220184,81.1611374407583,168.0,53.0,33,2.735157706218312,278.0,16.66134038478907,0.7010534510736066,56.56565656565656,59.183673469387756,85.56701030927834,48.66666666666667,50.34013605442177,73.28767123287672,51.61290322580645,60.66945606694561,83.62068965517241,54.568527918781726,57.21649484536082,81.57181571815718,16.0,8.0,49
2023-11-06,893,611,277,549,548,693,77,16,40,0,32,0,2,474332758250.37,127625997169.78,7,4,61.89402480270575,63.133640552995395,82.59833134684148,212.0,41.0,32,3.7165841503229813,334.0,32.5971757931084,0.5934955550766987,62.62626262626263,65.3061224489796,85.56701030927834,66.0,61.224489795918366,78.76712328767124,63.306451612903224,67.08333333333333,85.77586206896551,59.23076923076923,60.835509138381205,81.31868131868131,20.0,11.0,60
2023-11-07,887,458,426,551,549,687,64,20,37,0,33,0,3,391568743553.22003,260452854029.29,10,8,62.684869169510804,63.83720930232558,82.67148014440433,211.0,48.0,33,1.5034150614805126,32.0,30.959329188255886,0.7151168020315556,66.3265306122449,68.04123711340206,86.45833333333334,63.33333333333333,61.224489795918366,78.76712328767124,65.7258064516129,68.33333333333333,85.77586206896551,59.530026109660575,60.90425531914894,81.23249299719888,28.0,19.0,66
2023-11-08,893,503,386,589,587,696,52,16,51,0,32,0,5,435128147404.0,184468986844.35,17,10,66.55367231638418,67.78290993071595,83.05489260143199,193.0,52.0,32,2.358814643304511,117.0,33.65417369516571,0.5524422243133966,74.22680412371135,76.04166666666666,86.31578947368422,68.66666666666667,66.21621621621621,79.59183673469387,66.12903225806451,70.7112970711297,84.84848484848484,64.1025641025641,64.49086161879896,82.46575342465754,39.0,25.0,70
2023-11-09,902,347,550,548,564,694,36,34,41,0,31,1,3,322787662434.87,302016269550.91,18,8,61.297539149888145,64.45714285714286,81.93624557260921,152.0,70.0,30,1.0687757415017625,-203.0,19.78999488009778,0.5903100776057897,73.19587628865979,76.04166666666666,86.31578947368422,64.66666666666666,62.83783783783784,79.59183673469387,60.08064516129033,65.69037656903765,84.34782608695653,57.89473684210527,61.47959183673469,80.26666666666667,56.0,33.0,54
2023-11-10,902,496,397,535,558,702,49,19,37,0,34,2,1,349848797751.73,184710578079.18,28,19,59.77653631284916,63.6986301369863,82.88075560802834,137.0,69.0,32,1.8940376961072587,99.0,22.937172018814206,0.6596332689924109,68.04123711340206,70.83333333333334,86.31578947368422,62.66666666666667,64.86486486486487,81.63265306122449,59.67741935483871,65.41666666666667,85.65217391304348,56.75,60.45918367346938,80.80000000000001,80.0,49.0,60
2023-11-12,903,804,95,634,611,714,50,5,50,0,45,0,4,117264982747.45,9377625221.22,23,17,70.917225950783,69.82857142857142,84.39716312056737,135.0,58.0,45,12.504763197626936,709.0,56.01332261232268,0.6767947350128884,78.35051546391753,76.04166666666666,86.31578947368422,73.33333333333333,69.12751677852349,83.1081081081081,71.37096774193549,71.54811715481172,85.1528384279476,67.91979949874687,67.51918158567774,83.9572192513369,96.0,62.0,71
2023-11-13,889,326,561,569,580,697,56,10,45,1,47,0,7,328374831094.15,233673404389.75,28,17,64.58569807037458,67.05202312138728,83.3732057416268,155.0,34.0,47,1.4052725938226374,-235.0,36.81336475671081,0.41351775583962325,75.51020408163265,74.22680412371135,86.45833333333334,69.79865771812081,67.56756756756756,80.95238095238095,66.53225806451613,69.8744769874477,85.65217391304348,58.549222797927456,63.25459317585301,82.09366391184572,114.0,71.0,67
2023-11-15,883,590,284,641,619,703,87,9,48,2,67,0,5,591676073016.1901,159000638699.7,19,9,73.25714285714285,72.06053550640279,84.6987951807229,193.0,24.0,67,3.7212182155674975,306.0,47.26333396637911,0.5582754540009083,89.79591836734694,83.50515463917526,88.54166666666666,79.19463087248322,73.64864864864865,85.71428571428571,72.98387096774194,72.80334728033473,86.14718614718615,66.84210526315789,68.0,82.30337078651685,116.0,70.0,77
2023-11-16,883,456,418,666,637,708,47,7,49,2,55,0,5,488823287904.72,215484534634.24,12,10,76.20137299771167,74.32905484247374,85.5072463768116,190.0,26.0,55,2.2684843194637647,38.0,42.56174097081362,0.4808977878088067,91.75257731958763,87.5,89.47368421052632,86.57718120805369,77.02702702702703,85.71428571428571,74.59677419354838,73.22175732217573,87.01298701298701,69.21052631578948,70.58823529411765,83.38028169014085,110.0,72.0,76
2023-11-17,872,427,440,626,621,704,56,15,52,2,47,0,1,434958968465.94,327815383571.13,30,20,72.53765932792584,73.31759149940969,86.06356968215158,190.0,31.0,47,1.3268412352331287,-13.0,35.77907025475105,0.7314021600210779,83.50515463917526,83.33333333333334,89.47368421052632,81.87919463087249,77.02702702702703,86.39455782312925,72.58064516129032,73.33333333333333,86.14718614718615,65.85365853658537,69.14600550964187,84.92753623188406,112.0,73.0,71
2023-11-20,871,417,447,607,618,701,63,16,50,2,46,0,5,323824127268.94,283574741273.52,40,22,70.41763341067285,73.04964539007092,85.8017135862913,166.0,38.0,46,1.1419357232405891,-30.0,28.950991441243794,0.816933814271894,83.50515463917526,82.29166666666666,88.29787234042553,79.19463087248322,77.02702702702703,87.16216216216216,67.74193548387096,73.75,85.71428571428571,65.21739130434783,68.50828729281768,84.59302325581395,129.0,78.0,68
2023-11-21,878,472,397,639,642,711,49,12,65,0,45,0,2,391918184046.98,243703851656.68,39,21,73.53279631760644,75.17564402810304,86.2864077669903,168.0,43.0,45,1.6081739430162896,75.0,28.218229098488877,0.7392961947538932,79.38144329896907,84.375,87.2340425531915,81.87919463087249,79.05405405405406,88.51351351351352,70.56451612903226,75.73221757322176,86.08695652173914,70.66666666666667,70.88948787061994,85.22727272727273,140.0,82.0,75
2023-11-22,878,318,557,618,625,707,36,17,112,0,25,0,1,278445958748.85,325559733127.88,42,22,71.11622554660529,73.18501170960188,85.80097087378641,148.0,45.0,25,0.8552837787204977,-239.0,11.750626149940977,0.6675160146772284,76.28865979381443,81.25,89.36170212765957,79.19463087248322,76.35135135135135,86.48648648648648,69.07630522088354,72.61410788381743,85.77586206896551,67.9144385026738,70.18970189701898,84.57142857142857,163.0,95.0,67
2023-11-23,882,455,416,629,640,718,54,11,132,0,28,0,2,350438703444.6,207850987735.3,40,15,71.96796338672769,74.3321718931475,86.40192539109506,139.0,40.0,28,1.6860093245786576,39.0,11.512072498182821,0.6487212045955522,79.38144329896907,81.25,89.36170212765957,78.52348993288591,76.35135135135135,87.16216216216216,71.08433734939759,72.61410788381743,85.71428571428571,68.07387862796834,72.87234042553192,85.75418994413407,191.0,100.0,63
2023-11-24,881,370,500,618,643,726,38,11,129,0,20,0,2,362602652977.43,228876162111.54,43,19,70.79037800687286,74.76744186046511,87.57539203860073,128.0,39.0,20,1.584274437460726,-130.0,2.8005487634386803,0.46709079090240924,72.44897959183673,82.4742268041237,90.52631578947368,75.67567567567568,74.82993197278913,87.07482993197279,69.47791164658635,73.96694214876032,86.63793103448276,69.31216931216932,73.2620320855615,87.60563380281691,204.0,99.0,55
2023-11-28,886,440,437,639,665,735,62,13,105,0,47,0,2,533841086239.61,226849262416.22,25,13,72.6962457337884,76.78983833718245,87.81362007168458,154.0,35.0,47,2.353285527815054,3.0,1.9881932264152464,0.42785500384783,81.81818181818183,87.75510204081633,91.66666666666666,76.87074829931973,78.08219178082192,87.67123287671232,72.28915662650603,75.6198347107438,86.20689655172413,69.01041666666666,74.21052631578947,87.87878787878788,189.0,90.0,64
2023-11-29,894,474,413,651,677,739,41,14,107,1,38,0,1,552908014455.04,205943231125.13,27,19,73.3934611048478,77.4599542334096,87.45562130177514,141.0,38.0,38,2.6847593457397787,61.0,4.183688276128134,0.4274870146892081,86.86868686868688,87.75510204081633,91.66666666666666,79.59183673469387,82.87671232876713,89.72602739726028,72.28915662650603,77.68595041322314,87.06896551724138,68.36734693877551,72.68041237113401,85.71428571428571,177.0,88.0,64
2023-11-30,889,492,394,660,690,740,68,12,110,1,58,1,2,931458618815.34,589183463851.72,31,24,74.82993197278913,79.49308755760369,88.20023837902265,171.0,39.0,57,1.5809313668208456,98.0,7.889918102252015,0.7898704464180031,83.6734693877551,86.5979381443299,90.52631578947368,86.48648648648648,87.67123287671232,89.72602739726028,73.89558232931726,80.57851239669421,89.27038626609442,68.73385012919897,73.89033942558747,86.3013698630137,166.0,90.0,75
2023-12-01,901,480,410,684,723,759,51,9,115,1,51,0,2,538199051036.78,277504473798.18,43,26,76.76767676767676,82.34624145785877,89.50471698113208,160.0,35.0,51,1.9394247727631042,70.0,9.61929501307667,0.6036489394992764,86.31578947368422,91.48936170212765,95.6989247311828,91.8918918918919,93.15068493150685,86.89655172413792,75.90361445783132,82.3045267489712,90.5982905982906,69.42355889724311,76.20253164556962,88.29787234042553,169.0,101.0,84
2023-12-04,903,640,249,751,756,771,96,7,123,1,67,0,3,866752596042.78,139527451976.62,47,39,84.19282511210763,85.9090909090909,90.81272084805654,215.0,28.0,67,6.212057797687139,391.0,27.099815796766364,0.41375679496332984,94.68085106382979,96.7741935483871,100.0,93.91891891891892,93.19727891156462,88.96551724137932,84.8,87.29508196721312,91.52542372881356,77.75,79.7979797979798,88.82978723404256,173.0,121.0,95
2023-12-05,916,412,500,724,750,781,51,15,105,0,47,0,1,804467346556.87,320866585389.13,82,50,79.82359426681367,83.79888268156425,90.49826187717265,198.0,31.0,47,2.507170840432807,-88.0,17.960161987837225,0.32865730037676844,93.61702127659575,93.54838709677419,100.0,93.28859060402685,92.51700680272108,90.3448275862069,78.8,84.08163265306122,90.67796610169492,72.46376811594203,78.29268292682927,88.2051282051282,230.0,158.0,88
2023-12-06,912,445,461,715,766,787,65,13,96,0,50,0,3,774579543570.7,332855587912.79,46,33,79.0929203539823,85.68232662192393,91.51162790697674,212.0,35.0,50,2.327073877376648,-16.0,13.655957171263626,0.4148097106125319,93.75,95.74468085106383,98.9247311827957,95.27027027027027,95.23809523809523,93.10344827586206,77.60000000000001,85.3061224489796,92.34042553191489,70.73170731707317,80.14705882352942,88.63049095607235,249.0,172.0,88
2023-12-07,919,510,400,737,770,791,62,17,94,0,46,0,3,641893634294.43,326315616294.92,89,63,80.90010976948409,85.46059933407325,91.33949191685913,178.0,45.0,46,1.967094439373366,110.0,16.20758226723688,0.6481641015701115,93.75,93.61702127659575,97.84946236559139,94.5945945945946,95.23809523809523,92.41379310344827,82.8,87.34693877551021,91.88034188034187,71.94244604316546,79.03614457831326,89.08629441624365,307.0,211.0,84
2023-12-08,922,315,601,688,762,784,37,23,83,1,27,0,2,472136311907.03,521402598863.62,61,32,75.27352297592998,84.1988950276243,90.11494252873563,164.0,53.0,27,0.9055120034615013,-286.0,-1.491816187042172,0.5788177891659563,93.75,95.78947368421052,97.87234042553192,91.21621621621621,92.46575342465754,90.97222222222221,74.0,84.5528455284553,90.5982905982906,66.19047619047619,78.4688995215311,87.68844221105527,325.0,217.0,70
2023-12-11,921,566,347,703,772,790,81,8,88,1,50,0,3,618326954711.04,209938725284.13,72,33,76.83060109289617,85.02202643171806,90.70034443168772,180.0,48.0,50,2.9452734547863884,219.0,8.63265721548445,0.5538106883276337,92.70833333333334,93.6842105263158,97.87234042553192,87.83783783783784,93.15068493150685,91.66666666666666,74.8,86.29032258064517,91.45299145299145,70.54631828978623,79.47494033412887,88.22055137844612,350.0,211.0,87
2023-12-12,925,306,608,655,742,793,43,25,79,1,32,0,2,443496584320.1,519422942811.01,49,24,71.27312295973884,81.35964912280701,90.62857142857142,161.0,56.0,32,0.8538255586478097,-302.0,-8.804081311432714,0.5894523402195435,85.56701030927834,92.70833333333334,97.89473684210527,85.13513513513513,91.78082191780823,91.72413793103448,69.47791164658635,84.2741935483871,90.98712446351931,64.23529411764706,73.45971563981043,88.30845771144278,317.0,185.0,65
2023-12-13,936,568,360,702,763,805,74,13,80,1,46,0,3,610932979505.91,328141522392.92,30,21,75.48387096774194,82.75488069414317,90.96045197740112,198.0,46.0,46,1.8617972362984672,208.0,1.8315276546102766,0.8474487699394362,87.62886597938144,94.79166666666666,96.84210526315789,86.48648648648648,91.0958904109589,90.97222222222221,74.69879518072288,86.69354838709677,91.48936170212765,69.4954128440367,75.0,89.29440389294405,301.0,173.0,76
2023-12-14,941,528,402,735,787,812,72,5,89,1,63,0,2,870800324422.87,224382231958.73,49,31,78.52564102564102,84.71474703982777,91.44144144144144,189.0,43.0,63,3.8808791445796555,126.0,6.815815682303988,0.33843693320245244,92.78350515463917,94.79166666666666,97.89473684210527,93.91891891891892,93.19727891156462,91.66666666666666,74.8,87.90322580645162,91.52542372881356,72.33560090702947,77.85388127853882,89.83050847457628,261.0,141.0,79
2023-12-15,948,499,438,746,807,823,59,16,82,1,57,0,3,939553709871.47,352607929876.9,34,22,79.10922587486743,86.12593383137673,91.95530726256983,205.0,34.0,57,2.6645847420376514,61.0,7.793302867570585,0.4275598326520012,94.84536082474226,96.90721649484536,96.875,88.51351351351352,91.78082191780823,92.3076923076923,78.4,87.90322580645162,92.37288135593221,72.99107142857143,80.94170403587444,90.47619047619048,234.0,131.0,81
2023-12-18,951,516,429,762,819,827,66,5,78,1,50,0,4,601647733716.72,319555332526.87,40,24,80.54968287526427,87.12765957446808,92.19620958751393,197.0,26.0,50,1.8827654320746785,87.0,9.890087896635677,0.6388460199589509,92.78350515463917,96.90721649484536,96.875,89.1891891891892,93.15068493150685,92.3076923076923,78.4,89.51612903225806,93.24894514767934,76.27494456762749,81.73719376391982,90.49881235154395,202.0,122.0,83
2023-12-19,958,438,514,753,819,834,55,6,74,2,37,0,3,532020759678.52,353317674892.33,57,34,79.01364113326338,86.48363252375924,92.2566371681416,180.0,27.0,37,1.5057858620875617,-76.0,3.4833886570031503,0.5659105316871806,94.84536082474226,96.90721649484536,98.95833333333334,86.48648648648648,92.46575342465754,92.3076923076923,78.4,87.5,94.09282700421942,73.58078602620087,81.7982456140351,89.7196261682243,210.0,132.0,78
2023-12-20,959,55,903,410,662,790,8,436,41,1,3,0,0,135221931148.74,982692075720.74,68,7,43.02203567681007,69.90496304118268,87.38938053097345,129.0,447.0,3,0.13760356320118244,-848.0,-40.611756136167685,0.44263449831490065,63.91752577319587,92.78350515463917,96.875,49.32432432432432,79.45205479452055,89.5104895104895,41.6,70.16129032258065,89.1213389121339,37.33624454148472,61.8421052631579,83.56807511737088,248.0,118.0,25
2023-12-21,969,814,152,588,739,810,146,6,59,1,9,0,0,767744538562.2,150876638476.56,61,12,61.18626430801248,77.38219895287958,89.01098901098901,209.0,448.0,9,5.088558085031009,662.0,-2.6100461536479003,1.0524127008883506,84.375,94.79166666666666,97.89473684210527,68.91891891891892,84.24657534246576,90.9090909090909,60.6425702811245,78.94736842105263,90.3765690376569,54.27350427350427,70.81545064377683,85.68129330254041,260.0,99.0,42
2023-12-22,967,659,301,657,763,815,78,7,68,1,36,0,3,556413848133.26,314561244734.48,49,16,68.58037578288099,80.14705882352942,89.75770925110133,232.0,449.0,36,1.7688569633011433,358.0,14.694466112174759,1.2377308149768045,85.26315789473684,95.78947368421052,97.87234042553192,76.35135135135135,84.24657534246576,91.6083916083916,65.46184738955823,81.78137651821862,89.9581589958159,64.37768240343348,74.78448275862068,87.26851851851852,275.0,93.0,44
2023-12-26,964,567,395,684,774,817,73,13,71,2,53,0,1,552765215938.63,200838098735.79,7,6,71.62303664921465,81.5595363540569,90.27624309392264,297.0,26.0,53,2.7522926148878417,172.0,20.116351768892244,0.5215444862984451,86.31578947368422,95.78947368421052,96.80851063829788,80.4054054054054,88.35616438356165,91.6083916083916,66.66666666666666,81.78137651821862,90.7949790794979,68.46652267818575,76.35574837310195,88.11188811188812,242.0,75.0,61
2023-12-27,970,502,458,708,786,826,36,11,76,2,30,1,2,562547758870.41,229214924635.74,10,6,73.90396659707724,82.56302521008404,90.86908690869086,187.0,31.0,29,2.454237043091284,44.0,18.251482246541237,0.4466030989472216,88.29787234042553,95.74468085106383,97.84946236559139,83.56164383561644,88.19444444444444,92.90780141843972,69.47791164658635,84.21052631578947,92.05020920502092,70.36247334754798,77.30192719486081,88.07339449541286,195.0,47.0,53
2023-12-28,977,417,551,699,781,829,53,14,71,2,51,1,3,744376100329.7,297682121910.15,27,20,72.58566978193146,81.69456066945607,90.99890230515916,162.0,38.0,50,2.500573751467602,-134.0,7.665761393698432,0.30265286403903524,88.29787234042553,95.6989247311828,96.73913043478261,83.56164383561644,90.97222222222221,92.90780141843972,68.82591093117408,81.14754098360656,91.52542372881356,68.0672268907563,76.42105263157895,88.91402714932126,154.0,60.0,55
2023-12-29,978,552,417,730,799,840,55,7,69,2,49,1,4,635929556391.12,263119916042.05,31,16,75.56935817805382,83.57740585774059,92.20636663007684,144.0,32.0,48,2.4168811162492547,135.0,12.026641257549336,0.5477062972996171,91.48936170212765,95.65217391304348,97.8021978021978,85.13513513513513,91.72413793103448,95.77464788732394,71.7741935483871,84.01639344262296,91.9831223628692,71.42857142857143,78.52631578947368,90.02267573696146,124.0,64.0,65
2024-01-01,976,630,338,779,820,841,96,5,88,2,60,1,5,555433226940.43,163600439999.32,26,14,80.89304257528556,86.1344537815126,92.62114537444934,204.0,26.0,59,3.395059493377516,292.0,23.545060334854107,0.5490052027304868,90.32258064516128,95.6043956043956,97.77777777777777,89.93288590604027,92.46575342465754,95.1048951048951,77.41935483870968,84.8360655737705,92.40506329113924,78.01268498942918,83.01486199575372,90.8675799086758,101.0,62.0,91
2024-01-02,981,410,563,748,828,850,61,8,90,2,50,1,4,505520835885.81,423368262954.42,36,23,77.27272727272727,86.52037617554859,92.99781181619255,212.0,20.0,49,1.1940451850549663,-153.0,11.025583344275432,0.6098944764988425,86.17021276595744,96.73913043478261,97.8021978021978,84.45945945945947,91.72413793103448,95.07042253521126,72.98387096774194,84.42622950819673,92.82700421940928,75.52301255230127,84.03361344537815,91.44144144144144,130.0,79.0,83
2024-01-03,977,527,441,750,830,847,73,6,86,1,51,0,6,676539352948.65,344986320419.65,37,20,77.80082987551867,87.09338929695699,93.07692307692308,230.0,19.0,51,1.961061389697106,86.0,12.216302600609282,0.6093696730488662,85.1063829787234,95.65217391304348,97.8021978021978,77.85234899328859,93.87755102040816,94.44444444444444,75.30364372469636,85.12396694214877,93.61702127659575,77.63713080168776,84.32203389830508,91.36363636363637,157.0,93.0,84
2024-01-04,977,644,327,812,850,856,103,3,99,1,78,0,5,797218744149.54,230808918347.2,34,21,84.23236514522821,89.19202518363065,94.06593406593406,237.0,17.0,78,3.4540205372406976,317.0,24.723286051771673,0.5701816011256122,85.26315789473684,95.6989247311828,97.82608695652173,87.83783783783784,95.8904109589041,95.1048951048951,82.5910931174089,88.42975206611571,94.04255319148936,83.75527426160338,86.22881355932203,92.95454545454545,164.0,94.0,88
2024-01-05,983,479,498,827,855,858,49,14,92,2,59,0,4,612447533110.22,392094970423.72003,42,23,85.25773195876289,89.15537017726798,93.77049180327869,225.0,23.0,59,1.5619877307999501,-19.0,18.493140472256663,0.6157842155812813,89.47368421052632,95.6989247311828,98.91304347826086,89.86486486486487,95.2054794520548,94.4055944055944,87.4493927125506,89.6694214876033,93.58974358974359,81.875,85.77405857740585,92.60089686098655,175.0,101.0,83
2024-01-08,990,300,686,729,820,852,61,24,88,2,52,0,5,355217248082.23,502300945812.6,29,11,74.61617195496417,84.79834539813858,92.6086956521739,213.0,41.0,52,0.7071801298474074,-386.0,-5.276099700589956,0.6183965948688667,78.57142857142857,92.70833333333334,97.89473684210527,80.0,90.9090909090909,94.28571428571428,73.38709677419355,83.60655737704919,91.48936170212765,72.8395061728395,82.02479338842976,91.55555555555556,178.0,98.0,70
2024-01-09,986,547,426,735,825,850,53,15,92,2,48,0,6,541087926207.61,354535752995.86,40,19,75.53956834532374,85.58091286307054,92.69356597600873,163.0,53.0,48,1.5261871944800118,121.0,-0.22241954987086388,0.8413368709484758,77.77777777777779,92.78350515463917,97.91666666666666,79.16666666666666,90.84507042253522,92.08633093525181,74.49392712550608,84.77366255144034,92.3076923076923,74.53416149068323,82.98755186721992,91.96428571428571,182.0,94.0,65
2024-01-10,990,488,497,721,812,843,70,13,89,2,53,0,5,598791816586.33,297627288678.51,30,10,73.79733879222108,83.88429752066115,91.53094462540716,184.0,52.0,53,2.0118847947209932,-9.0,-2.4004109232566826,0.48804551367201876,77.77777777777779,89.69072164948454,97.91666666666666,78.47222222222221,92.25352112676056,92.80575539568345,73.27935222672065,81.48148148148148,91.02564102564102,71.86858316221766,81.48148148148148,90.04424778761062,175.0,84.0,63
2024-01-11,998,621,367,779,843,859,97,14,104,3,65,0,8,653686796609.84,361548329494.64,19,12,79.16666666666666,86.46153846153845,92.46501614639398,220.0,42.0,65,1.8080205142243118,254.0,8.899408507114721,0.9358843438615553,77.77777777777779,91.75257731958763,95.83333333333334,80.55555555555556,90.84507042253522,92.80575539568345,78.45528455284553,85.12396694214877,93.13304721030042,79.39393939393939,84.81781376518218,91.3232104121475,160.0,75.0,66
2024-01-12,1006,498,499,804,862,870,65,15,91,3,61,0,6,677471935674.85,294567090320.08,26,17,81.04838709677419,87.60162601626016,92.8495197438634,232.0,42.0,61,2.299890102925962,-1.0,5.7662570775466975,0.4339320347151802,81.81818181818183,91.75257731958763,95.83333333333334,83.33333333333334,90.14084507042254,92.80575539568345,80.89430894308943,85.9504132231405,92.27467811158799,80.31809145129225,86.87872763419483,92.53731343283582,144.0,69.0,68
2024-01-15,1015,485,523,773,857,879,76,15,93,3,69,0,1,810235075404.12,257917938201.45,35,14,77.3,86.47830474268416,93.01587301587301,238.0,44.0,69,3.141445224997401,-38.0,1.2085813198783057,0.2951960609833381,83.83838383838383,91.75257731958763,95.83333333333334,79.16666666666666,91.54929577464789,92.08633093525181,77.55102040816327,85.89211618257261,93.13304721030042,75.390625,84.34442270058709,92.66247379454927,150.0,72.0,70
2024-01-16,1023,343,679,738,846,880,36,53,86,2,30,0,1,567773815411.38,512170596048.04,55,21,73.21428571428571,84.6,92.33997901364114,177.0,83.0,30,1.1085638648379663,-336.0,-17.594274359527564,0.4556838403253329,88.88888888888889,91.75257731958763,96.875,74.12587412587412,88.65248226950354,92.7536231884058,73.17073170731707,83.47107438016529,91.88034188034187,70.0,82.6923076923077,91.54639175257732,165.0,74.0,45
2024-01-17,1025,257,764,606,793,863,28,23,70,2,15,0,1,383891409868.66003,857579390451.7,45,19,60.0,79.14171656686626,90.55613850996852,140.0,91.0,15,0.44764533073312157,-507.0,-42.13274459362194,0.7514597192470711,65.65656565656566,83.50515463917526,93.6842105263158,63.19444444444444,83.80281690140845,91.42857142857143,60.40816326530612,78.83817427385893,91.37931034482759,57.8544061302682,77.20306513409962,89.30041152263375,180.0,83.0,31
2024-01-18,1028,473,546,598,768,857,58,17,75,2,27,0,2,594854829437.76,615373802116.43,38,12,58.91625615763547,76.34194831013916,89.73821989528797,122.0,93.0,27,0.9666560834925049,-73.0,-41.20247292080454,0.8961826042313252,56.56565656565656,81.44329896907216,87.5,62.758620689655174,79.02097902097903,91.36690647482014,61.382113821138205,78.00829875518673,90.98712446351931,57.14285714285714,73.90476190476191,89.11704312114989,199.0,83.0,35
2024-01-19,1027,700,316,674,792,861,100,11,146,1,65,0,4,890278689710.14,293845097012.01,21,12,66.4039408866995,78.80597014925374,90.25157232704403,186.0,51.0,65,3.0297551286818054,384.0,-17.351078275941624,0.7311448547267622,68.68686868686868,81.44329896907216,88.54166666666666,69.38775510204081,83.33333333333334,91.42857142857143,66.66666666666666,80.08298755186722,90.98712446351931,65.00956022944551,76.48183556405354,89.89690721649485,194.0,78.0,62
2024-01-20,1030,499,522,701,810,869,100,5,133,1,82,0,4,582496115661.7,181505740685.63,9,6,68.86051080550098,80.35714285714286,90.80459770114942,258.0,33.0,82,3.209243484318162,-23.0,-17.221380463204127,0.2978704177446066,74.74747474747475,82.4742268041237,90.625,70.06802721088435,84.13793103448276,91.48936170212765,69.51219512195121,81.74273858921161,91.84549356223177,67.11026615969583,78.28571428571428,90.14373716632443,168.0,70.0,66
2024-01-23,1032,126,904,444,671,828,17,327,92,2,19,5,3,264833747175.02,1146908489086.43,14,6,43.401759530791786,66.43564356435644,86.25,217.0,343.0,14,0.23091096604051936,-778.0,-54.77438193099755,0.6036115710026234,48.484848484848484,75.25773195876289,86.45833333333334,43.624161073825505,70.54794520547945,85.91549295774648,44.71544715447154,67.08333333333333,85.77586206896551,41.77693761814745,63.37760910815939,86.53061224489797,127.0,55.0,28
2024-01-24,1038,793,235,577,735,853,159,17,111,2,35,1,2,1038032359640.25,259020919611.63,27,11,56.01941747572815,72.48520710059172,88.48547717842324,276.0,349.0,34,4.007523257954036,558.0,-19.808326276305934,0.8420333128220329,64.28571428571429,79.16666666666666,86.31578947368422,56.00000000000001,72.78911564625851,90.20979020979021,57.66129032258065,73.64016736401673,90.04329004329004,53.745318352059925,70.67669172932331,87.67676767676768,109.0,47.0,45
2024-01-25,1041,570,467,619,728,856,119,13,132,2,48,1,3,671299211828.61,523079629256.99,24,8,59.864603481624755,71.58308751229106,88.52119958634952,295.0,357.0,47,1.283359500698123,103.0,-12.563307060163073,0.9510637857264884,64.28571428571429,78.125,86.31578947368422,58.666666666666664,69.5945945945946,86.98630136986301,61.044176706827315,71.00840336134453,89.08296943231441,58.84543761638734,71.21495327102804,89.13480885311871,95.0,43.0,43
2024-01-29,1049,652,390,669,760,868,135,16,145,2,87,4,5,972068385533.58,230791361225.27,16,13,64.1418983700863,74.14634146341463,89.11704312114989,413.0,46.0,83,4.211892422545084,262.0,1.6440009049398867,0.3969225004053334,74.48979591836735,81.25,90.52631578947368,66.0,75.0,86.98630136986301,65.60000000000001,76.15062761506276,90.0,61.100917431192656,71.77121771217713,89.06560636182903,90.0,44.0,68
2024-01-30,1044,483,555,665,764,858,75,24,155,2,57,2,3,603239694849.2,564226508336.0,15,10,64.0655105973025,74.90196078431373,88.54489164086688,329.0,53.0,55,1.069144547334822,-72.0,-2.9169707894217805,0.8139874747897202,70.0,80.61224489795919,89.69072164948454,62.16216216216216,74.65753424657534,87.5,65.2,76.15062761506276,88.69565217391305,62.96296296296296,73.3705772811918,88.55421686746988,96.0,48.0,61
2024-01-31,1051,746,299,782,825,884,147,17,144,2,69,1,9,1077458215711.92,220804963140.24,20,15,74.90421455938697,80.4093567251462,90.57377049180327,357.0,57.0,68,4.879682958157029,447.0,19.147983265846108,0.5113002830278721,75.0,82.6530612244898,89.69072164948454,72.78911564625851,77.77777777777779,88.02816901408451,75.6,82.00836820083683,90.9090909090909,75.13711151736746,80.0,91.30434782608695,102.0,57.0,80
2024-02-01,1054,387,662,735,811,879,76,44,147,3,63,1,7,689837351283.98,609269366719.35,42,24,70.20057306590259,78.81438289601554,89.96929375639714,298.0,85.0,62,1.1322370514021631,-275.0,1.8177790667709175,0.5163160349602995,71.0,83.6734693877551,90.72164948453609,69.38775510204081,75.69444444444444,88.73239436619718,70.39999999999999,79.07949790794979,90.0,70.18181818181817,78.64963503649635,90.15748031496062,117.0,70.0,78
2024-02-02,1054,537,506,706,790,877,109,39,143,4,88,4,8,1000823979843.4,376541096588.56,25,13,67.43075453677173,76.77356656948494,89.85655737704919,332.0,100.0,84,2.657940896520475,31.0,2.291365581227776,0.39928082054935643,73.0,79.59183673469387,89.69072164948454,69.38775510204081,77.08333333333334,88.02816901408451,66.8,78.33333333333333,90.9090909090909,66.18181818181819,75.50274223034735,89.9209486166008,118.0,75.0,84
2024-02-05,1052,418,631,649,751,862,90,96,133,3,80,7,7,848900274224.17,558872160754.58,41,19,62.10526315789474,73.12560856864654,88.22927328556807,275.0,179.0,73,1.5189525151476484,-213.0,-9.51517477681775,0.43611670800557417,68.0,78.57142857142857,87.62886597938144,65.54054054054053,73.79310344827587,88.81118881118881,62.65060240963856,74.16666666666667,89.17748917748918,59.854014598540154,71.50735294117648,87.74703557312253,143.0,81.0,66
2024-02-06,1049,720,325,731,787,859,128,26,142,3,80,1,4,875874940239.44,360108982652.74,34,19,70.15355086372361,76.78048780487805,88.1025641025641,327.0,161.0,79,2.4322496311736357,395.0,10.837809090937416,0.9108376817044161,76.0,78.78787878787878,88.77551020408163,70.94594594594594,77.24137931034483,88.02816901408451,73.09236947791165,78.75,89.22413793103449,67.52293577981652,75.41589648798521,87.47514910536779,162.0,90.0,73
2024-02-07,1048,561,478,744,805,863,114,41,156,3,84,1,3,808689511621.06,445563265442.97,41,24,71.53846153846153,78.76712328767124,88.60369609856262,332.0,163.0,83,1.8149824600488043,83.0,12.58542125241339,0.6466399500810922,74.74747474747475,78.57142857142857,87.62886597938144,76.35135135135135,82.75862068965517,89.5104895104895,73.89558232931726,81.32780082987551,89.65517241379311,68.56617647058823,76.57992565055763,88.04780876494024,183.0,99.0,70
2024-02-08,1059,378,679,692,777,852,72,70,150,2,53,4,2,771975634473.01,588061205766.77,37,24,65.77946768060836,75.14506769825918,86.58536585365853,314.0,137.0,49,1.3127470863622688,-301.0,-5.183297455786718,0.4240733319549769,73.73737373737373,77.55102040816327,86.5979381443299,70.94594594594594,77.24137931034483,87.41258741258741,64.65863453815261,78.42323651452283,87.93103448275862,63.48920863309353,72.72727272727273,85.7421875,178.0,99.0,67
2024-02-09,1061,287,774,596,729,846,36,139,119,2,31,6,2,594706646045.63,683880224330.13,28,12,56.54648956356736,70.23121387283237,85.71428571428571,222.0,250.0,25,0.869606438215337,-487.0,-29.64963546401888,0.42640097554097384,63.63636363636363,77.77777777777779,87.62886597938144,66.21621621621621,77.24137931034483,88.11188811188812,52.208835341365464,73.44398340248964,86.63793103448276,54.659498207885306,65.64195298372513,84.27184466019418,181.0,98.0,48
2024-02-12,1067,148,919,373,595,808,27,412,72,7,14,9,1,224558993362.42,828659838483.96,31,10,35.1555136663525,56.82903533906399,81.45161290322581,135.0,621.0,5,0.2709905596164194,-771.0,-64.62010628373729,0.5942812692018118,45.45454545454545,68.68686868686868,85.56701030927834,42.567567567567565,68.4931506849315,86.7132867132867,30.522088353413658,53.30578512396694,83.11688311688312,33.45132743362832,53.214285714285715,78.50287907869482,171.0,89.0,32
2024-02-13,1078,552,519,397,623,820,86,71,72,5,18,7,1,676257218168.24,366615993477.61,27,8,37.068160597572366,58.884688090737235,81.91808191808192,149.0,622.0,11,1.8445927897292906,33.0,-53.99675830317783,0.5765954529102282,45.91836734693878,73.46938775510205,86.45833333333334,49.32432432432432,69.86301369863014,87.41258741258741,32.1285140562249,56.611570247933884,84.48275862068965,34.54861111111111,54.54545454545454,78.49056603773586,164.0,78.0,31
2024-02-14,1074,757,314,486,659,830,177,27,89,3,30,2,2,772550004903.85,239358795103.28,14,8,45.50561797752809,62.52371916508539,83.24974924774324,290.0,510.0,28,3.227581441369244,443.0,-24.143811988283606,0.7469456834077457,64.28571428571429,76.53061224489795,87.5,56.666666666666664,74.14965986394559,88.88888888888889,41.12903225806452,63.07053941908713,84.4155844155844,41.25874125874126,56.866197183098585,80.41825095057035,137.0,62.0,38
2024-02-15,1074,722,350,553,701,838,162,15,108,2,40,4,7,789528077848.9,255584457950.73,11,7,52.02257761053622,66.82554814108676,84.4758064516129,425.0,113.0,36,3.089108329118746,372.0,-2.0488238291076257,0.6677840085477449,70.10309278350515,79.38144329896907,89.47368421052632,59.45945945945946,78.62068965517241,90.14084507042254,47.368421052631575,65.41666666666667,85.21739130434783,49.036777583187394,62.257495590828924,81.71428571428572,111.0,45.0,50
2024-02-16,1071,637,426,619,710,848,105,16,123,3,45,1,9,707198232297.36,332886678395.78,7,6,58.45136921624173,67.94258373205741,85.74317492416583,444.0,58.0,44,2.124441373579235,211.0,8.802635166133374,0.703858050834312,71.1340206185567,80.41237113402062,90.52631578947368,72.48322147651007,78.08219178082192,90.20979020979021,56.50406504065041,69.0376569037657,86.46288209606988,53.43915343915344,62.699822380106575,83.33333333333334,90.0,39.0,51
2024-02-19,1071,648,414,674,732,854,132,17,143,3,54,0,7,606351027109.34,281656695003.38,4,1,63.70510396975425,70.11494252873564,86.34984833164813,399.0,48.0,54,2.1528017542848166,234.0,19.186619431233765,0.7270606260836728,72.44897959183673,81.63265306122449,90.625,74.14965986394559,79.86111111111111,92.19858156028369,62.19512195121951,70.7112970711297,85.1528384279476,60.14109347442681,65.36412078152753,84.51242829827916,63.0,30.0,59
2024-02-20,1073,460,606,665,732,861,74,21,118,2,30,0,6,499371619962.46,380194345649.47,9,8,62.735849056603776,69.98087954110899,86.79435483870968,311.0,54.0,30,1.313464089292029,-146.0,8.96899288073843,0.5779190415475378,73.73737373737373,81.81818181818183,90.72164948453609,71.91780821917808,77.62237762237763,90.71428571428571,60.97560975609756,71.1297071129707,87.39130434782608,59.22671353251317,65.48672566371681,84.76190476190476,45.0,30.0,71
2024-02-21,1070,280,782,566,685,843,40,62,93,5,22,1,3,343792537914.34,634172816786.17,21,7,53.497164461247635,65.67593480345158,85.23761375126391,246.0,100.0,21,0.5421117537907018,-502.0,-17.611922784338777,0.6604842331511095,57.57575757575758,80.8080808080808,89.69072164948454,59.589041095890416,76.92307692307693,90.0709219858156,51.21951219512195,65.12605042016807,85.96491228070175,52.20458553791887,60.39076376554174,82.79158699808795,52.0,29.0,50
2024-02-22,1066,609,453,601,689,845,70,8,134,2,25,0,4,728669264023.16,248854296229.28,17,9,57.02087286527514,66.31376323387873,85.78680203045685,184.0,91.0,25,2.9280959785070624,156.0,-7.350546064058092,0.4591280035883939,69.6969696969697,82.82828282828282,89.69072164948454,71.42857142857143,79.86111111111111,90.84507042253522,54.285714285714285,64.55696202531645,86.34361233480176,52.2202486678508,60.64400715563506,83.42967244701349,58.0,31.0,56
2024-02-23,1064,551,505,650,717,851,88,11,117,3,44,0,9,648354272012.26,345678498603.35,8,6,61.72839506172839,69.07514450867052,86.39593908629442,198.0,81.0,44,1.8755990743763802,46.0,-4.040316237897818,0.5817283255344261,73.73737373737373,83.83838383838383,90.72164948453609,71.42857142857143,81.94444444444444,90.84507042253522,62.857142857142854,70.042194092827,87.28070175438597,56.58362989323843,62.72401433691756,83.97683397683397,59.0,31.0,56
2024-02-26,1062,410,646,586,704,843,68,21,105,5,44,4,6,436571543206.95,485675619259.78,10,8,55.75642245480494,67.95366795366795,85.75788402848423,226.0,40.0,40,0.8988953241513962,-236.0,-15.289868155341296,0.7060609901378508,66.66666666666666,83.83838383838383,90.72164948453609,66.66666666666666,78.47222222222221,91.48936170212765,53.2520325203252,66.10878661087865,84.78260869565217,52.05724508050089,63.1768953068592,83.68932038834951,65.0,38.0,61
2024-02-27,1060,396,657,557,681,834,35,44,77,6,29,2,2,456911543549.15,467632085802.2,11,9,53.047619047619044,65.86073500967117,85.01529051987767,191.0,76.0,27,0.977074836012034,-261.0,-26.08178570397876,0.6168818434496799,61.61616161616161,80.8080808080808,90.72164948453609,63.26530612244898,77.77777777777779,90.78014184397163,52.4390243902439,64.70588235294117,86.02620087336244,49.10394265232975,60.57866184448463,81.90661478599222,67.0,39.0,51
2024-02-28,1055,125,929,384,576,802,14,168,63,8,5,5,3,168244125486.91,698998301835.62,15,5,36.7816091954023,56.03112840466926,82.34086242299796,117.0,233.0,0,0.2406931820078658,-804.0,-62.32846627954392,0.5590240736262753,40.0,73.0,87.75510204081633,45.20547945205479,68.05555555555556,90.78014184397163,38.46153846153847,53.97489539748954,81.73913043478261,33.21234119782214,50.64220183486239,79.20792079207921,61.0,37.0,43
2024-02-29,1048,572,467,423,609,793,75,23,54,7,8,4,5,926208467809.0,450827895640.14,17,4,40.83011583011583,59.589041095890416,82.09109730848861,124.0,235.0,4,2.054461307222032,105.0,-47.5577358402544,0.5961851878750877,49.494949494949495,75.75757575757575,85.56701030927834,50.0,71.03448275862068,90.84507042253522,41.70040485829959,58.75,83.04347826086956,36.39705882352941,53.90334572490706,78.4708249496982,61.0,32.0,38
2024-03-01,1051,700,349,503,636,811,96,16,61,7,21,1,3,683435400676.33,193082829890.38998,10,1,48.458574181117534,61.98830409356725,83.69453044375645,185.0,207.0,20,3.539596975372203,351.0,-22.390972635460592,0.5666550946283587,64.28571428571429,82.6530612244898,88.54166666666666,62.328767123287676,74.48275862068967,91.54929577464789,50.403225806451616,59.67078189300411,84.54935622317596,41.02564102564102,55.925925925925924,80.12048192771084,63.0,27.0,31
2024-03-02,1046,764,273,570,678,818,42,8,57,5,23,0,5,77798096368.66,16038270776.72,5,2,55.179090029041625,66.34050880626224,84.76683937823834,213.0,47.0,23,4.850778332137036,491.0,6.238564767815422,0.5769248988340988,71.71717171717171,82.82828282828282,88.65979381443299,67.8082191780822,78.62068965517241,93.66197183098592,54.655870445344135,66.66666666666666,85.34482758620689,48.98336414048059,59.813084112149525,81.17408906882592,58.0,21.0,42
2024-03-04,1027,315,711,495,618,789,34,63,53,9,31,1,6,537485462939.63,327284694642.6,4,1,48.76847290640394,61.55378486055777,83.31573389651531,172.0,87.0,30,1.6422566399769245,-396.0,-13.664373576222658,0.2697738976350063,69.6969696969697,80.8080808080808,87.62886597938144,60.544217687074834,75.17241379310344,92.25352112676056,47.77327935222672,60.245901639344254,83.69098712446352,41.95402298850575,54.65116279069767,79.57894736842105,51.0,13.0,29
2024-03-05,1015,305,705,434,561,766,35,71,33,12,21,3,1,475054100112.91003,404902368367.62,8,3,43.270189431704885,56.381909547738694,82.01284796573876,111.0,142.0,18,1.1732559185270008,-400.0,-30.813063992494108,0.3687380618700208,65.65656565656566,77.77777777777779,87.62886597938144,55.4054054054054,72.6027397260274,92.3076923076923,42.68292682926829,52.04918032786885,83.1896551724138,35.68627450980392,49.60474308300395,77.05627705627705,44.0,11.0,18
2024-03-06,1002,172,828,291,464,740,11,160,21,19,12,8,1,410521053227.07,641807342405.37,0,0,29.453441295546558,47.298674821610604,80.61002178649237,80.0,294.0,4,0.6396328401113586,-656.0,-58.12112897844375,0.32476360745153204,61.61616161616161,76.76767676767676,88.65979381443299,47.26027397260274,64.58333333333334,91.48936170212765,24.390243902439025,40.98360655737705,80.60344827586206,20.321931589537222,39.473684210526315,75.44642857142857,27.0,7.0,3
2024-03-07,988,599,383,334,480,736,71,5,23,14,20,2,1,660771952281.2,290830507955.65,13,5,34.29158110882957,49.586776859504134,81.32596685082873,117.0,236.0,18,2.27201732351258,216.0,-37.578918896538454,0.6883612427696576,66.66666666666666,77.77777777777779,88.65979381443299,50.67567567567568,65.75342465753424,90.20979020979021,27.049180327868854,44.03292181069959,82.6086956521739,26.293995859213247,41.66666666666667,76.0919540229885,30.0,11.0,14
2024-03-11,976,159,815,233,393,686,15,224,17,22,9,12,2,350491702478.69,591594563924.08,10,4,24.22037422037422,41.10878661087866,76.90582959641256,97.0,389.0,-3,0.5924525407296829,-656.0,-63.42743468202676,0.32929561631990967,53.535353535353536,76.76767676767676,87.62886597938144,41.891891891891895,61.37931034482759,88.02816901408451,20.081967213114755,37.03703703703704,79.03930131004367,14.64968152866242,29.42430703624733,69.5754716981132,35.0,13.0,0
2024-03-12,961,126,831,152,296,638,9,232,19,20,1,10,2,274131596904.68,636051916859.93,9,2,16.050686378035902,31.455897980871413,72.5,95.0,461.0,-9,0.43098934165314157,-705.0,-87.66077850520911,0.3518057967625772,44.44444444444444,68.68686868686868,88.65979381443299,25.503355704697988,49.31506849315068,81.81818181818183,10.699588477366255,24.793388429752067,73.68421052631578,9.649122807017543,21.145374449339208,64.80582524271846,40.0,14.0,0
2024-03-13,956,25,931,48,139,514,1,635,7,44,0,26,1,152798608741.8,1035822650245.71,15,0,5.079365079365079,14.882226980728053,58.944954128440365,25.0,1091.0,-26,0.1475142571033316,-906.0,-117.991983581504,0.18203560068711563,15.306122448979592,39.795918367346935,86.45833333333334,9.395973154362416,24.65753424657534,73.42657342657343,3.2520325203252036,9.50413223140496,56.57894736842105,2.433628318584071,9.151785714285714,48.641975308641975,47.0,11.0,0
2024-03-14,960,815,142,115,235,587,381,15,13,24,2,3,1,851750871574.89,253998455509.1,10,4,12.130801687763713,25.05330490405117,67.08571428571429,391.0,882.0,-1,3.353370278837677,673.0,-64.38520400382859,1.7115427592170571,28.000000000000004,55.00000000000001,88.77551020408163,22.602739726027394,41.25874125874126,81.42857142857143,9.75609756097561,18.181818181818183,65.35087719298247,6.578947368421052,16.99779249448124,57.94621026894865,57.0,15.0,5
2024-03-15,957,454,500,128,235,595,61,32,13,27,3,3,0,517511519066.43,926995870943.21,4,4,13.530655391120508,25.13368983957219,68.23394495412845,443.0,682.0,0,0.5582673400042943,-46.0,-54.17948144489698,1.6264608995271252,27.27272727272727,46.464646464646464,88.65979381443299,25.850340136054424,42.758620689655174,81.56028368794325,11.336032388663968,19.91701244813278,66.96035242290749,7.72626931567329,17.555555555555554,59.45945945945946,48.0,14.0,5
2024-03-18,954,450,499,151,244,583,59,29,10,30,2,2,0,369706264318.61,370242831108.09,1,0,16.01272534464475,26.20837808807734,67.24336793540945,501.0,76.0,0,0.9985507706175588,-49.0,-45.33269124978598,0.9031124242753363,30.0,50.0,88.77551020408163,26.027397260273972,40.97222222222222,81.42857142857143,12.550607287449392,20.33195020746888,66.22807017543859,11.555555555555555,19.282511210762333,57.605985037406484,39.0,10.0,12
2024-03-19,949,204,743,118,209,557,17,61,8,47,1,8,0,204515687598.29,573776074976.78,1,0,12.566560170394037,22.54584681769148,64.4675925925926,137.0,122.0,-7,0.35643815857356287,-539.0,-62.042022176717154,0.770295148020112,20.0,41.0,86.73469387755102,15.068493150684931,33.10344827586207,80.1418439716312,9.31174089068826,15.416666666666668,61.67400881057269,11.883408071748878,18.778280542986426,55.0251256281407,31.0,8.0,8
2024-03-20,943,416,521,121,206,557,43,20,7,48,1,10,0,398853067883.51,365483049200.87,3,1,12.996777658431794,22.41566920565832,65.07009345794393,119.0,110.0,-9,1.0913038751198,-105.0,-54.318290008359696,0.7316610062207566,16.0,37.0,86.73469387755102,14.383561643835616,32.41379310344827,80.1418439716312,12.145748987854251,17.5,63.1578947368421,12.32876712328767,18.433179723502306,55.26992287917738,19.0,9.0,20
2024-03-21,934,807,123,223,275,587,155,6,8,26,6,1,2,726214790966.54,112463689546.56,2,0,24.18655097613883,30.18660812294182,69.14016489988222,215.0,87.0,5,6.4573267504787575,684.0,-7.992907554372266,1.016051357362341,34.0,60.0,87.75510204081633,33.78378378378378,42.857142857142854,84.61538461538461,20.816326530612244,22.268907563025213,67.69911504424779,20.51282051282051,23.239436619718308,59.424083769633505,11.0,5.0,20
2024-03-22,928,651,269,327,321,591,91,5,9,22,11,1,1,636319555360.34,271051644599.74,0,0,35.73770491803279,35.508849557522126,70.1067615658363,289.0,31.0,10,2.3475952573539574,382.0,16.555258981558836,1.030873759802239,52.52525252525253,67.67676767676768,86.5979381443299,40.54054054054054,44.21768707482993,83.91608391608392,32.6530612244898,30.252100840336134,69.91150442477876,31.914893617021278,27.857142857142858,60.742705570291776,7.0,1.0,18
2024-03-26,938,359,575,325,334,578,59,38,6,30,21,6,2,545383854521.93,386627550861.98,2,2,35.13513513513514,36.542669584245075,67.68149882903981,305.0,49.0,15,1.410618186174279,-216.0,7.561165074872136,0.44260582502501467,55.55555555555556,69.6969696969697,87.62886597938144,48.64864864864865,51.02040816326531,83.91608391608392,31.020408163265305,29.831932773109244,65.929203539823,28.17551963048499,27.674418604651162,57.73195876288659,8.0,3.0,15
2024-03-27,932,500,427,388,362,584,80,28,6,27,13,11,3,677707098070.69,448203140438.34,4,3,42.173913043478265,39.82398239823983,68.86792452830188,230.0,71.0,2,1.5120534349846286,73.0,14.28340895928065,0.7744171999883944,57.99999999999999,70.0,87.75510204081633,52.38095238095239,52.73972602739726,85.2112676056338,39.83739837398374,34.166666666666664,68.42105263157895,36.29976580796253,31.44208037825059,58.15789473684211,11.0,6.0,27
2024-03-28,938,504,428,428,398,594,56,13,6,28,14,13,1,760573906863.24,277765555168.05,8,6,46.170442286947136,43.44978165938865,69.55503512880561,195.0,79.0,1,2.7381865487356336,76.0,20.109510435653533,0.43005473604480693,69.0,74.0,88.77551020408163,54.729729729729726,57.534246575342465,85.91549295774648,47.5609756097561,41.49377593360996,70.6140350877193,37.1824480369515,32.634032634032636,58.03108808290155,16.0,11.0,42
2024-04-01,946,819,126,681,537,665,358,2,14,13,32,0,2,667868283593.47,129013773888.15,11,9,72.75641025641025,58.05405405405405,76.878612716763,494.0,43.0,32,5.176720775352918,693.0,55.840279645774075,1.2556211320006667,89.0,85.0,90.81632653061224,79.05405405405406,70.54794520547945,88.73239436619718,73.68421052631578,57.02479338842975,78.69565217391305,66.43990929705215,48.2837528604119,68.10126582278481,25.0,20.0,78
2024-04-02,945,697,246,783,604,683,128,5,10,9,31,0,1,709109226371.26,251542887596.69,11,10,83.74331550802138,65.36796536796537,79.05092592592592,542.0,20.0,31,2.819039063860182,451.0,74.01088592219827,1.0050706177351008,90.0,88.0,89.79591836734694,85.8108108108108,76.02739726027397,90.84507042253522,82.5910931174089,64.87603305785123,80.43478260869566,82.27272727272728,56.88073394495413,71.31979695431471,36.0,30.0,83
2024-04-03,948,646,299,817,669,710,128,4,9,8,33,0,4,702038659893.59,317746625788.6,8,6,87.1931696905016,72.2462203023758,82.08092485549133,614.0,11.0,33,2.2094291580633914,347.0,83.97669985892998,0.9778702834494174,89.0,87.0,89.79591836734694,82.43243243243244,79.45205479452055,92.95774647887323,85.82995951417004,70.24793388429752,82.17391304347827,89.14027149321268,67.57990867579909,76.20253164556962,42.0,34.0,88
2024-04-04,966,514,449,836,703,725,66,7,12,7,24,0,8,648223231339.35,428468111980.53,10,7,87.63102725366876,74.5493107104984,82.48009101251422,322.0,16.0,24,1.5128855875482417,65.0,77.97758727554094,0.7566772771287407,89.0,87.0,89.79591836734694,83.1081081081081,80.13698630136986,92.25352112676056,85.88709677419355,72.0164609053498,82.68398268398268,89.73799126637554,71.36563876651982,77.20588235294117,48.0,38.0,84
2024-04-05,962,553,404,840,735,728,49,1,10,5,20,0,7,626791951365.59,274204246075.0,32,22,88.23529411764706,78.19148936170212,82.91571753986332,243.0,12.0,20,2.2858579337759437,149.0,76.65845808036559,0.5988175647149766,87.0,89.0,90.81632653061224,83.22147651006712,82.1917808219178,92.25352112676056,87.04453441295547,74.79338842975206,83.47826086956522,90.78947368421053,76.32743362831859,77.45098039215686,72.0,54.0,91
2024-04-08,963,419,540,827,703,729,58,19,16,3,41,1,5,525378713134.97,359284930458.16,27,16,86.77859391395593,74.70775770456962,82.8409090909091,173.0,27.0,40,1.4622898668892328,-121.0,61.64731032808885,0.5306238821011413,89.0,88.0,92.85714285714286,83.22147651006712,81.5068493150685,90.84507042253522,86.99186991869918,74.27385892116183,85.65217391304348,87.33624454148472,69.8237885462555,76.09756097560975,88.0,61.0,88
2024-04-09,967,336,628,754,677,724,35,11,30,3,25,0,2,442817745546.2,395022747985.84,29,14,78.70563674321504,71.64021164021163,81.7155756207675,142.0,31.0,25,1.12099302585499,-292.0,39.95454244825179,0.47728383209671177,78.0,84.0,90.81632653061224,75.16778523489933,80.27210884353741,90.20979020979021,78.13765182186235,70.12448132780082,83.98268398268398,80.3030303030303,66.95842450765865,75.36231884057972,106.0,65.0,81
2024-04-10,968,521,441,758,706,731,60,14,24,4,22,0,3,628103782247.65,271431499529.84,22,14,79.04066736183525,74.63002114164905,82.59887005649718,153.0,44.0,22,2.314041602892884,80.0,39.80745319874985,0.5105378806563733,84.0,89.0,91.83673469387756,74.49664429530202,80.27210884353741,91.6083916083916,77.64227642276423,74.16666666666667,84.34782608695653,80.17241379310344,69.93464052287581,76.32850241545893,120.0,73.0,85
2024-04-12,963,284,673,674,645,714,28,29,30,4,17,1,3,377580610808.68,635121847511.96,36,13,70.64989517819707,68.54410201912859,81.32118451025056,123.0,54.0,16,0.5945010587933991,-389.0,16.032654624431927,0.7098239413599498,71.0,82.0,90.81632653061224,67.78523489932886,75.51020408163265,91.6083916083916,71.25506072874494,70.0,83.91304347826087,71.17903930131004,62.55506607929515,73.95577395577395,146.0,79.0,64
2024-04-15,961,144,815,470,518,680,15,102,36,3,10,2,2,235014258068.09,751621146778.01,20,6,49.36974789915966,55.223880597014926,77.6255707762557,103.0,145.0,8,0.3126764847896184,-671.0,-18.474961429732048,0.565079643527717,46.464646464646464,68.68686868686868,88.65979381443299,52.348993288590606,65.3061224489796,87.41258741258741,51.012145748987855,54.166666666666664,81.30434782608695,48.14004376367615,49.557522123893804,69.45812807881774,134.0,63.0,32
2024-04-16,955,590,354,519,547,687,61,5,130,2,22,0,3,490712169345.35,403062051859.51,33,10,54.80464625131995,58.690987124463526,78.87485648679679,104.0,136.0,22,1.21746060459294,236.0,-2.5365983488935946,1.368969690172373,47.474747474747474,68.68686868686868,86.5979381443299,45.63758389261745,64.86486486486487,88.19444444444444,52.82258064516129,58.57740585774059,81.93832599118943,60.532150776053214,54.48430493273543,71.96029776674938,140.0,57.0,41
2024-04-18,949,374,565,493,528,676,56,17,79,2,26,0,5,451218145575.63,645616148760.85,23,7,52.50266240681576,57.14285714285714,78.15028901734105,132.0,124.0,26,0.6988953830254497,-191.0,-10.246614923032247,0.9471330312547835,43.43434343434344,61.61616161616161,84.5360824742268,44.966442953020135,62.83783783783784,88.88888888888889,50.0,53.97489539748954,79.73568281938326,58.465011286681715,55.93607305936074,71.78841309823679,134.0,50.0,35
2024-04-19,951,421,521,474,506,679,41,12,85,1,18,1,4,504241959776.1,445324316826.02,7,4,50.371944739638685,54.64362850971922,78.2258064516129,158.0,34.0,17,1.1323027751325287,-100.0,-12.23744601930563,0.7136442991150588,43.43434343434344,58.58585858585859,86.45833333333334,46.97986577181208,62.16216216216216,88.96551724137932,45.96774193548387,50.2092050209205,80.1762114537445,55.50561797752809,53.63636363636364,71.25,119.0,40.0,40
2024-04-22,954,725,223,614,594,695,132,6,94,1,27,0,7,677588763177.37,193309507790.57,15,10,64.90486257928119,63.87096774193548,79.88505747126436,229.0,35.0,27,3.5052014301927885,502.0,16.22158062347716,0.9275133372447499,60.60606060606061,73.73737373737373,89.58333333333334,57.71812080536913,66.8918918918919,88.27586206896552,64.2570281124498,62.083333333333336,81.93832599118943,68.59688195991092,61.6252821670429,73.38308457711443,98.0,37.0,55
2024-04-23,960,582,368,680,634,708,82,15,132,1,36,0,3,699455946239.77,272861967581.63,23,13,71.42857142857143,67.73504273504274,80.72976054732041,255.0,33.0,36,2.563405785126574,214.0,26.072940499939055,0.6169611336241654,62.62626262626263,74.74747474747475,90.625,67.11409395973155,70.27027027027027,88.96551724137932,75.90361445783132,66.39004149377593,80.7017543859649,72.3076923076923,66.07142857142857,75.49019607843137,101.0,44.0,58
2024-04-24,965,591,366,732,699,725,74,12,150,1,37,0,4,653710903584.55,313873230531.13,9,6,76.48902821316614,74.36170212765958,82.19954648526077,288.0,33.0,37,2.082722704572013,225.0,34.91548849181428,0.775309211742846,72.72727272727273,74.74747474747475,90.625,72.66666666666667,75.0,88.96551724137932,76.70682730923694,73.44398340248964,81.14035087719299,78.43137254901961,74.5575221238938,78.4503631961259,77.0,40.0,71
2024-04-25,970,535,427,748,707,731,69,14,128,1,32,1,4,988169792937.9,349964140149.57,16,7,77.75467775467776,74.81481481481481,82.41262683201805,225.0,41.0,31,2.823631565552886,108.0,36.451289582408535,0.4437290671182352,81.81818181818183,81.81818181818183,89.58333333333334,70.66666666666667,76.35135135135135,87.67123287671232,77.01612903225806,72.5,82.66666666666667,79.56989247311827,74.0174672489083,78.80952380952381,70.0,40.0,77
2024-04-26,976,461,508,753,725,736,55,16,110,1,28,1,7,703174656142.1799,463993261893.13,28,12,77.70897832817337,76.07555089192026,82.32662192393735,198.0,42.0,27,1.5154846285335493,-47.0,29.832143066954572,0.5988053576226297,76.76767676767676,77.77777777777779,87.5,74.0,77.7027027027027,88.35616438356165,78.2258064516129,74.79338842975206,83.1858407079646,78.8135593220339,75.86206896551724,78.63849765258216,91.0,48.0,64
2024-04-29,986,485,486,769,734,745,64,13,123,1,23,0,4,670125603234.54,382137988605.64,28,14,78.71033776867962,76.37877211238293,82.50276854928018,188.0,43.0,23,1.7536220507145088,-1.0,26.32361208090666,0.5690749534226412,74.74747474747475,76.76767676767676,87.5,74.0,77.7027027027027,86.3013698630137,81.04838709677419,76.95473251028807,83.4061135371179,79.79166666666667,75.58386411889597,79.62962962962963,104.0,52.0,60
2024-04-30,975,440,527,747,727,747,46,17,118,1,22,0,4,631646245655.91,547870736066.86,26,13,77.32919254658384,76.28541448058762,83.55704697986577,165.0,46.0,22,1.1529110866378276,-87.0,18.892200027431166,0.7241795318670315,76.76767676767676,75.75757575757575,86.45833333333334,77.33333333333333,80.4054054054054,87.67123287671232,77.32793522267207,74.07407407407408,85.08771929824562,77.4468085106383,76.24190064794817,80.66037735849056,107.0,52.0,54
2024-05-02,973,481,485,709,709,744,61,18,125,1,33,1,2,770422223567.18,406424480116.19,38,19,73.62409138110073,74.63157894736842,83.40807174887892,171.0,48.0,32,1.8956097904017226,-4.0,16.593881721572465,0.5231839286446252,76.53061224489795,77.55102040816327,88.42105263157895,76.0,81.08108108108108,86.98630136986301,74.29718875502009,73.06122448979592,83.84279475982532,71.88841201716738,72.76688453159042,80.80568720379146,136.0,65.0,57
2024-05-03,975,303,665,648,680,740,34,14,86,1,23,1,3,529866457759.24,655879238640.12,28,11,67.08074534161491,71.27882599580713,82.68156424581005,141.0,49.0,22,0.8078719778626458,-362.0,-3.3541498385445934,0.5639991362862057,70.40816326530613,75.51020408163265,86.31578947368422,73.33333333333333,79.72972972972973,86.3013698630137,66.8,69.51219512195121,82.17391304347827,64.52991452991454,68.61471861471861,80.89622641509435,148.0,69.0,42
2024-05-06,979,229,748,523,609,727,37,68,63,1,20,1,5,381553785879.89,664593936951.22,33,12,53.91752577319588,63.63636363636363,80.86763070077865,132.0,100.0,19,0.574115658698667,-519.0,-28.242946073251957,0.5332544548850356,64.28571428571429,69.38775510204081,85.26315789473684,56.666666666666664,71.62162162162163,86.98630136986301,54.800000000000004,64.37246963562752,81.81818181818183,50.42372881355932,59.48275862068966,77.28337236533957,153.0,69.0,28
2024-05-07,980,170,809,372,526,705,23,100,46,1,9,2,1,251220311813.0,773360618377.7,35,2,38.31101956745623,54.79166666666667,78.15964523281596,94.0,182.0,7,0.32484239026806383,-639.0,-55.3816521235605,0.646885925695654,40.816326530612244,65.3061224489796,83.15789473684211,33.33333333333333,56.75675675675676,84.24657534246576,40.0,56.68016194331984,79.3103448275862,38.47780126849894,50.96359743040685,74.35897435897436,160.0,57.0,22
2024-05-08,970,601,359,440,552,711,61,18,52,2,13,1,1,616444591888.75,330635423511.21,24,7,45.78563995837669,58.0441640378549,79.53020134228188,121.0,186.0,12,1.8644239184729998,242.0,-34.25833753595649,0.8979152707352136,53.06122448979592,65.3061224489796,85.26315789473684,41.333333333333336,58.108108108108105,84.24657534246576,44.4,59.51417004048582,79.82832618025752,46.436285097192226,55.67685589519651,76.42857142857142,158.0,51.0,29
2024-05-09,967,93,874,249,423,660,11,194,30,4,2,7,1,212999204044.5,746317668025.53,29,6,25.99164926931106,44.620253164556964,73.99103139013454,95.0,312.0,-5,0.2854001897181586,-781.0,-67.1766118758753,0.3728355007736425,28.57142857142857,55.10204081632652,83.15789473684211,26.0,44.966442953020135,80.27210884353741,23.599999999999998,43.90243902439025,75.43103448275862,26.73913043478261,42.637362637362635,68.89952153110048,149.0,38.0,16
2024-05-10,957,638,316,323,474,670,69,8,33,3,8,1,1,581374499616.9401,264554653829.22,11,3,34.07172995780591,50.42553191489362,75.70621468926554,141.0,220.0,7,2.1975591478055767,322.0,-39.83585337712647,0.9187408419874652,41.83673469387755,62.244897959183675,82.10526315789474,37.333333333333336,50.33557046979866,81.63265306122449,28.915662650602407,50.0,76.72413793103449,34.146341463414636,48.09843400447427,71.53284671532847,132.0,30.0,26
2024-05-13,963,409,549,325,449,669,51,24,33,5,13,1,3,504778760519.35,419469607376.82,10,4,34.031413612565444,47.412882787750796,75.0,131.0,226.0,12,1.2033738598512922,-140.0,-39.360325593810614,0.6190851549857822,38.775510204081634,56.12244897959183,83.15789473684211,44.666666666666664,51.006711409395976,82.31292517006803,30.4,46.15384615384615,75.0,31.50984682713348,45.033112582781456,70.57416267942584,109.0,22.0,23
2024-05-14,960,757,196,456,533,692,150,4,50,5,26,0,2,707061613830.38,165904746365.24,4,4,47.8488982161595,56.4021164021164,77.665544332211,270.0,36.0,26,4.261852836167694,561.0,-3.7069477111065012,0.9062361011583303,59.183673469387756,64.94845360824742,86.17021276595744,55.333333333333336,62.0,84.45945945945947,42.0,52.4390243902439,76.72413793103449,46.15384615384615,54.86725663716814,73.86091127098321,78.0,24.0,43
2024-05-15,960,570,384,532,563,705,85,13,56,4,32,0,3,599216532175.76,295516516165.46,7,5,55.82371458551941,59.5137420718816,79.12457912457911,286.0,41.0,32,2.0276921911202352,186.0,8.04522511716105,0.7320514457275343,66.66666666666666,68.36734693877551,84.21052631578947,59.73154362416108,63.08724832214765,85.71428571428571,48.8,57.08502024291497,77.58620689655173,56.043956043956044,57.743362831858406,76.49880095923261,61.0,22.0,48
2024-05-16,956,564,387,554,578,711,55,12,67,3,35,1,3,847504919757.76,280267742803.6,12,9,58.438818565400844,61.424017003188105,80.06756756756756,290.0,29.0,34,3.0239117469599646,177.0,17.603106759744,0.48194671770775266,65.97938144329896,69.79166666666666,84.94623655913979,64.42953020134227,66.44295302013423,86.39455782312925,55.2,60.32388663967612,79.05982905982906,56.63716814159292,58.57461024498887,77.29468599033817,44.0,25.0,69
2024-05-17,959,658,297,629,630,727,90,10,64,4,49,1,1,831167667402.18,241195828613.42,11,6,66.14090431125132,66.73728813559322,81.59371492704825,230.0,35.0,48,3.4460283669928042,361.0,34.88708003035371,0.6429106146394185,71.1340206185567,69.79166666666666,84.94623655913979,72.48322147651007,69.79865771812081,85.03401360544217,63.6,66.39676113360325,81.62393162393163,64.3956043956044,65.2654867256637,79.61630695443645,44.0,28.0,79
2024-05-18,953,671,273,694,663,735,52,5,70,3,44,1,2,121663076045.0,22553123856.41,14,12,73.43915343915344,70.682302771855,82.86358511837655,197.0,27.0,43,5.3945110584058265,398.0,51.34044177657324,0.45562525153147126,74.22680412371135,69.79166666666666,86.02150537634408,75.16778523489933,71.81208053691275,85.71428571428571,73.6,72.46963562753037,82.5531914893617,72.60579064587974,69.50672645739911,81.31067961165049,48.0,36.0,80
2024-05-21,946,367,572,616,626,709,73,58,80,3,56,2,2,842849634115.86,413030565903.08,26,17,65.74172892209178,67.31182795698925,80.56818181818181,215.0,73.0,54,2.0406471183869708,-205.0,35.00136386070808,0.3144141805936299,72.16494845360825,76.04166666666666,84.94623655913979,73.15436241610739,69.79865771812081,85.71428571428571,62.0,63.56275303643725,79.57446808510639,63.94557823129252,66.66666666666666,78.2716049382716,70.0,49.0,76
2024-05-22,945,445,490,606,637,706,58,25,71,3,32,1,0,641196791536.29,517850040256.81,34,25,64.60554371002132,68.27438370846731,80.22727272727272,183.0,88.0,31,1.238190096921322,-45.0,28.85644542333982,0.733460288177244,71.1340206185567,77.08333333333334,86.02150537634408,77.85234899328859,73.15436241610739,85.71428571428571,61.199999999999996,66.12903225806451,79.57446808510639,60.633484162895925,65.9090909090909,77.28395061728395,97.0,69.0,62
2024-05-23,949,462,482,612,628,719,41,22,64,2,30,1,1,968624159408.29,268158497709.4,0,0,64.96815286624204,67.02241195304163,81.33484162895928,172.0,105.0,29,3.6121330022439784,-20.0,24.70825793227326,0.2653574005915435,85.56701030927834,79.16666666666666,87.2340425531915,75.16778523489933,74.49664429530202,87.07482993197279,60.8,62.903225806451616,81.27659574468085,59.4170403587444,64.1891891891892,77.94117647058823,85.0,60.0,66
2024-05-24,949,335,606,562,607,709,45,30,58,1,26,0,1,618737867707.89,538417304021.86,42,16,59.723698193411266,64.85042735042735,80.02257336343115,144.0,77.0,26,1.1491790161386957,-271.0,8.488016337749983,0.4810436605303748,84.375,78.94736842105263,87.09677419354838,72.48322147651007,72.48322147651007,87.75510204081633,52.800000000000004,60.08064516129033,80.9322033898305,54.035874439461885,61.93693693693694,75.1219512195122,116.0,70.0,57
2024-05-27,940,366,570,517,575,697,49,42,50,1,18,0,1,686436703724.39,477746021677.79,33,14,55.47210300429185,62.02804746494067,79.47548460661345,135.0,94.0,18,1.4368234848166856,-204.0,-2.0727303072561725,0.44689223829036767,81.25,84.21052631578947,87.09677419354838,72.48322147651007,72.48322147651007,87.07482993197279,53.6,57.25806451612904,82.5531914893617,45.08009153318078,56.32183908045977,73.13432835820896,135.0,72.0,39
2024-05-28,939,241,691,456,519,680,16,62,37,1,7,0,0,308677510037.13,659307479167.56,23,11,48.87459807073955,55.98705501618123,77.53705815279362,110.0,134.0,7,0.468184450792012,-450.0,-23.39180503720015,0.7449412258513443,73.19587628865979,81.25,87.2340425531915,70.27027027027027,71.62162162162163,86.3013698630137,45.2,50.806451612903224,81.35593220338984,38.35616438356164,48.04597701149425,69.82543640897757,132.0,66.0,23
2024-05-29,943,415,520,435,510,678,47,17,38,0,17,1,2,475141084178.39,499880308356.86,21,8,46.375266524520256,54.72103004291845,76.7836919592299,112.0,121.0,16,0.9505097044934827,-105.0,-24.252654906116263,0.8396304838383638,65.3061224489796,73.19587628865979,86.31578947368422,60.810810810810814,65.3061224489796,84.82758620689656,46.800000000000004,55.24193548387096,79.14893617021276,37.10407239819005,46.81818181818182,70.34313725490196,119.0,49.0,23
2024-05-30,938,173,762,337,439,651,19,63,34,1,9,5,2,267527654754.8,773038284076.88,25,8,36.12004287245445,47.30603448275862,74.14578587699316,82.0,142.0,4,0.34607296981968605,-589.0,-49.06741826950895,0.6560296253509756,55.10204081632652,69.0721649484536,82.10526315789474,41.21621621621622,57.82312925170068,80.6896551724138,35.199999999999996,44.354838709677416,77.02127659574468,30.663615560640732,40.596330275229356,68.23821339950372,144.0,57.0,15
2024-05-31,935,474,453,371,453,655,73,23,35,3,12,5,0,1387065236888.62,840176844573.31,9,3,39.93541442411195,49.02597402597403,74.94279176201373,139.0,103.0,7,1.6509205720767648,21.0,-39.53870385386216,0.6338025181779526,60.824742268041234,69.79166666666666,84.04255319148936,46.62162162162162,60.544217687074834,80.6896551724138,39.2,47.58064516129033,77.02127659574468,33.41013824884793,41.339491916859124,69.5,111.0,44.0,23
2024-06-03,930,715,212,512,547,682,211,10,47,2,55,0,5,1541640253209.95,117255410806.06,17,4,55.41125541125541,59.52121871599565,78.39080459770115,303.0,96.0,55,13.147710989301952,503.0,-7.093959509214834,0.2565192916225659,78.35051546391753,82.29166666666666,86.17021276595744,66.8918918918919,72.10884353741497,84.13793103448276,57.599999999999994,59.2741935483871,81.97424892703863,44.988344988344984,50.23364485981309,72.36180904522614,95.0,34.0,43
2024-06-04,926,42,884,121,247,537,6,679,13,8,1,23,1,120084769911.0,2403592726276.15,7,3,13.152173913043477,26.965065502183407,61.93771626297578,290.0,712.0,-22,0.04996053141542225,-842.0,-46.56823329699529,0.9509769186027586,12.121212121212121,33.6734693877551,82.29166666666666,17.80821917808219,35.172413793103445,70.62937062937063,16.400000000000002,29.31726907630522,58.36909871244635,9.88235294117647,21.22641509433962,55.949367088607595,79.0,26.0,11
2024-06-05,928,809,118,303,383,618,399,26,33,2,25,0,1,1696600484631.32,146380700820.73,15,5,32.86334056399132,41.72113289760348,70.95292766934558,616.0,715.0,25,11.590329019596089,691.0,-3.435896219062606,0.5915217930222961,37.37373737373738,54.08163265306123,88.54166666666666,44.52054794520548,50.3448275862069,81.11888111888112,32.0,38.95582329317269,69.52789699570815,28.337236533957842,37.558685446009385,63.90977443609023,73.0,23.0,32
2024-06-06,933,820,110,517,534,691,289,5,38,2,26,0,4,1261204279512.91,177470875328.57,49,7,55.77130528586839,57.7922077922078,78.79133409350057,694.0,710.0,26,7.106542282940303,710.0,34.40943146366514,1.0489694084337686,64.0,75.75757575757575,90.72164948453609,64.13793103448275,66.89655172413794,87.41258741258741,55.60000000000001,55.42168674698795,78.96995708154506,51.157407407407405,51.972157772621806,72.77227722772277,97.0,22.0,42
2024-06-07,938,813,123,706,645,725,165,4,78,1,46,0,6,1219717792801.21,89685161563.49,4,4,75.7510729613734,69.50431034482759,82.19954648526077,853.0,35.0,46,13.599995490198745,690.0,65.59513947507904,0.4860116389247702,83.0,84.0,94.89795918367348,78.62068965517241,75.69444444444444,90.84507042253522,76.8,71.08433734939759,83.62068965517241,72.5400457665904,63.2183908045977,75.36585365853658,92.0,23.0,61
2024-06-10,941,644,292,765,708,755,109,9,79,0,49,0,5,735620236496.61,460878558371.98,23,14,81.81818181818183,76.12903225806451,85.40723981900452,563.0,18.0,49,1.596125971004455,352.0,75.03094412746253,1.3817702938990888,80.0,86.0,94.89795918367348,82.1917808219178,78.47222222222221,90.14084507042254,82.0,76.30522088353415,87.65957446808511,82.00455580865604,72.99771167048054,80.1955990220049,98.0,33.0,58
2024-06-11,954,611,341,803,752,782,105,9,101,0,39,0,4,812044310843.63,377803386418.05,9,8,84.79408658922914,79.83014861995754,87.17948717948718,379.0,22.0,39,2.1493833566252905,270.0,78.62340238461313,0.8336292596581012,88.0,87.0,94.94949494949495,83.56164383561644,81.94444444444444,90.9090909090909,83.93574297188755,77.82258064516128,88.41201716738198,84.95575221238938,78.66666666666666,83.41232227488152,100.0,38.0,61
2024-06-12,962,642,316,847,791,784,75,5,88,0,51,0,2,872745376351.49,251833014448.09,34,24,88.4133611691023,83.17560462670873,86.72566371681415,289.0,23.0,51,3.4655717331747535,326.0,84.10183718255382,0.5862367672762312,91.0,91.0,92.92929292929293,91.2751677852349,86.89655172413792,90.97222222222221,89.11290322580645,83.80566801619433,88.79310344827587,86.55097613882863,79.95642701525054,82.75058275058275,119.0,57.0,69
2024-06-13,968,560,404,858,809,803,78,6,82,0,44,0,4,827582545332.21,341887509094.21,36,24,89.00414937759335,84.6234309623431,88.24175824175823,258.0,20.0,44,2.4206281988037257,156.0,79.86538974888035,0.5726359027571503,91.0,93.0,93.93939393939394,89.26174496644296,88.96551724137932,93.05555555555556,88.75502008032129,83.46774193548387,89.36170212765957,88.62660944206009,82.07343412526998,84.72222222222221,106.0,74.0,85
2024-06-14,977,570,405,878,840,810,100,7,93,0,76,0,7,996537220383.06,282827209921.81,23,18,90.23638232271325,87.04663212435233,88.23529411764706,253.0,18.0,76,3.523484252659287,165.0,76.29390024434511,0.3994362700344671,92.0,95.0,93.93939393939394,90.60402684563759,90.3448275862069,93.05555555555556,90.36144578313254,86.29032258064517,89.7872340425532,89.6842105263158,84.7457627118644,84.54545454545455,125.0,88.0,91
2024-06-18,989,564,423,887,858,820,118,17,93,0,71,0,7,1015764068533.49,325771639250.13,23,17,90.14227642276423,87.90983606557377,88.17204301075269,296.0,30.0,71,3.118024855913189,141.0,71.65880721674577,0.42762113676057734,90.0,95.0,95.95959595959596,89.93288590604027,90.3448275862069,94.44444444444444,90.36144578313254,88.30645161290323,90.2542372881356,90.12345679012346,85.5072463768116,83.37028824833703,125.0,91.0,91
2024-06-19,1008,340,667,849,845,826,72,25,88,0,31,0,8,650763733080.24,1029152967333.28,39,23,84.64606181455633,84.92462311557789,87.5,290.0,49.0,31,0.6323294531875913,-327.0,43.93750864206459,0.8061385166650735,76.76767676767676,91.91919191919192,95.91836734693877,85.90604026845638,89.65517241379311,93.75,87.14859437751004,83.87096774193549,88.13559322033898,84.58498023715416,82.7037773359841,83.47639484978541,155.0,106.0,77
2024-06-20,1018,644,369,880,874,849,111,7,99,0,50,0,3,920694227852.9,422901661889.25,43,27,86.87068114511352,86.96517412935323,88.90052356020942,301.0,49.0,50,2.17708822363061,275.0,50.11611081750186,0.8016475554968812,78.78787878787878,88.88888888888889,95.91836734693877,84.56375838926175,89.65517241379311,93.75,87.95180722891565,87.90322580645162,90.2542372881356,88.56589147286822,85.38011695906432,85.32494758909853,164.0,109.0,87
2024-06-21,1033,423,606,881,875,860,58,41,95,0,32,1,1,988459667858.46,796650008741.73,52,24,85.61710398445092,85.8684985279686,88.84297520661157,241.0,73.0,31,1.2407702968831746,-183.0,32.24823512341322,0.5625697228033502,71.71717171717171,83.83838383838383,94.89795918367348,83.33333333333334,87.58620689655172,95.83333333333334,85.14056224899599,85.88709677419355,89.0295358649789,89.07721280602637,85.7685009487666,85.48057259713701,180.0,109.0,79
2024-06-24,1044,506,535,860,875,861,85,23,100,1,49,1,4,705647718228.96,418464594534.37,34,17,82.6923076923077,84.9514563106796,87.94688457609806,254.0,71.0,48,1.686278188036772,-29.0,24.509960229350362,0.5608768465566726,67.67676767676768,80.8080808080808,95.91836734693877,81.33333333333333,86.98630136986301,93.05555555555556,82.73092369477911,83.80566801619433,86.4406779661017,85.79335793357934,85.68773234200744,85.62874251497006,191.0,108.0,76
2024-06-25,1054,433,619,855,879,867,43,23,106,1,33,0,2,694267868674.0701,488626151851.71,61,18,81.42857142857143,84.43804034582134,87.66430738119313,186.0,87.0,33,1.4208569599540568,-186.0,9.921185393779872,0.49231933055177424,68.68686868686868,80.8080808080808,94.89795918367348,80.0,85.61643835616438,95.13888888888889,81.92771084337349,82.99595141700405,84.32203389830508,83.87681159420289,85.42805100182149,85.71428571428571,229.0,109.0,57
2024-06-26,1061,455,603,818,867,877,71,11,112,1,34,0,8,785217845739.75,505015273701.74,28,16,77.38883632923368,82.65014299332698,88.05220883534136,199.0,57.0,34,1.5548397971889787,-148.0,-0.7018230176018037,0.485297927184599,62.62626262626263,80.8080808080808,94.89795918367348,76.0,86.3013698630137,95.13888888888889,78.714859437751,82.25806451612904,87.76371308016878,79.78533094812164,82.19424460431655,84.91295938104449,218.0,102.0,57
2024-06-27,1067,323,742,742,821,873,33,58,109,1,25,0,1,1063693485248.16,627367124254.74,28,8,70.0,78.04182509505704,87.3,147.0,92.0,25,1.6954880868386903,-419.0,-23.330986094245123,0.25674611129676295,65.3061224489796,78.57142857142857,95.87628865979381,75.33333333333333,84.24657534246576,94.48275862068965,70.16129032258065,75.30364372469636,85.95744680851064,69.32624113475178,77.54010695187165,84.32122370936902,203.0,83.0,48
2024-06-28,1072,591,472,773,842,878,72,7,135,1,29,0,3,775832723246.43,578034362245.34,23,13,72.5140712945591,79.65941343424787,87.36318407960198,176.0,76.0,29,1.342191353871687,119.0,-15.662265594303936,0.9328913052940876,71.42857142857143,81.63265306122449,95.87628865979381,77.33333333333333,87.07482993197279,93.83561643835617,72.28915662650603,80.08130081300813,88.03418803418803,71.52899824253075,77.20848056537103,83.71212121212122,174.0,72.0,51
2024-07-01,1078,808,269,850,899,904,158,5,189,1,67,0,8,895345631908.73,249964683515.55,25,16,79.36507936507937,84.65160075329567,89.41641938674579,263.0,70.0,67,3.5818885264767077,539.0,11.972801761117296,0.8385848554236104,74.22680412371135,83.50515463917526,96.875,78.0,89.1891891891892,93.87755102040816,78.8,84.5528455284553,90.17094017094017,80.8362369337979,83.71278458844134,86.51685393258427,165.0,71.0,65
2024-07-02,1079,500,575,827,885,905,68,15,182,1,50,0,5,626763190127.11,608587995538.89,26,15,77.1455223880597,83.25493885230479,89.51533135509396,298.0,27.0,50,1.0298645302264404,-75.0,4.840920341196863,0.8443491273557208,70.40816326530613,80.61224489795919,93.81443298969072,71.14093959731544,87.75510204081633,93.83561643835617,78.4,80.89430894308943,89.31623931623932,79.30434782608695,83.56643356643356,87.64044943820225,130.0,68.0,71
2024-07-03,1087,674,410,881,915,919,89,11,178,0,51,0,6,1088970486461.25,215433216088.35,22,12,81.64967562557925,85.51401869158879,90.09803921568627,315.0,31.0,51,5.054793806794672,264.0,15.668957125458917,0.32521651759853204,78.57142857142857,85.71428571428571,94.84536082474226,79.72972972972973,89.72602739726028,94.48275862068965,80.80000000000001,83.73983739837398,88.93617021276596,83.01886792452831,85.17241379310346,88.58195211786372,124.0,64.0,78
2024-07-04,1093,551,535,883,928,929,76,11,380,1,50,0,5,948753394472.14,375767047863.14,40,18,81.45756457564576,86.2453531598513,90.72265625,233.0,37.0,50,2.5248445808842988,16.0,12.448583790375679,0.4079088866909033,77.55102040816327,85.71428571428571,95.87628865979381,81.08108108108108,89.04109589041096,94.48275862068965,79.51807228915662,85.71428571428571,90.17094017094017,83.02207130730051,85.8603066439523,89.05109489051095,136.0,74.0,78
2024-07-05,1098,614,480,891,936,935,91,5,304,0,67,1,2,1158320522364.98,323394420968.32,37,16,81.81818181818183,86.58649398704902,90.86491739552964,256.0,27.0,66,3.5817579007599827,134.0,15.532921669927632,0.35713376004426517,84.84848484848484,88.88888888888889,96.93877551020408,85.03401360544217,90.3448275862069,93.75,79.60000000000001,85.36585365853658,90.63829787234042,81.45025295109612,85.78680203045685,89.13043478260869,150.0,77.0,77
2024-07-08,1104,407,695,832,914,926,72,29,231,1,40,1,5,824227929231.8,545289553619.91,29,15,75.91240875912408,84.08463661453543,89.46859903381642,239.0,45.0,39,1.5115417556785289,-288.0,-3.0076340514050948,0.3874266182798812,74.74747474747475,86.86868686868688,95.91836734693877,77.55102040816327,85.51724137931035,92.36111111111111,71.4859437751004,83.33333333333334,88.93617021276596,77.53743760399334,83.58458961474037,87.81362007168458,154.0,76.0,64
2024-07-09,1108,554,547,858,919,934,73,27,182,2,40,1,1,741551299998.47,548145971016.09,27,15,77.9291553133515,84.2346471127406,89.98073217726397,236.0,61.0,39,1.3528354475065598,7.0,-4.094771022887546,0.7486476472959104,82.82828282828282,87.87878787878788,95.91836734693877,82.31292517006803,86.20689655172413,93.75,74.0,84.21052631578947,88.98305084745762,77.68595041322314,83.16666666666667,88.39285714285714,155.0,76.0,63
2024-07-10,1121,327,792,786,903,936,42,44,133,2,29,0,4,630722188066.78,752206151105.08,35,14,70.55655296229803,81.71945701357465,89.058039961941,187.0,100.0,29,0.8384964509266168,-465.0,-28.603799278390603,0.49240373936290166,74.74747474747475,84.84848484848484,96.93877551020408,74.82993197278913,84.13793103448276,91.66666666666666,70.0,81.37651821862349,89.0295358649789,69.09385113268608,80.78175895765473,87.06293706293707,168.0,78.0,48
2024-07-11,1130,673,454,818,926,948,106,7,131,2,40,0,8,965458273037.78,364495416504.15,26,16,73.03571428571428,83.27338129496404,89.68779564806056,221.0,78.0,40,2.6487528493428605,219.0,-15.215999440453768,0.5596516318966188,77.31958762886599,85.56701030927834,95.83333333333334,71.42857142857143,84.24657534246576,93.79310344827586,68.8,83.33333333333334,88.98305084745762,74.4408945686901,82.6645264847512,87.93103448275862,154.0,76.0,64
2024-07-12,1128,418,707,768,908,951,47,32,119,2,31,0,1,948959550982.52,544446472891.35,26,14,68.69409660107334,81.8018018018018,90.05681818181817,195.0,83.0,31,1.7429804365210662,-289.0,-29.093350581815507,0.33920664812891915,74.22680412371135,84.5360824742268,95.83333333333334,71.42857142857143,83.56164383561644,93.79310344827586,66.4,81.70731707317073,91.10169491525424,68.10897435897436,80.99838969404188,87.73747841105354,143.0,74.0,62
2024-07-15,1135,595,537,802,934,958,90,19,117,1,36,2,3,828955319891.24,415302325057.63,26,12,71.28888888888889,83.61683079677708,90.0375939849624,243.0,58.0,34,1.9960286034425858,58.0,-23.46301905477071,0.5551059974183594,80.61224489795919,89.79591836734694,95.87628865979381,76.02739726027397,86.20689655172413,94.44444444444444,72.39999999999999,84.5528455284553,91.9831223628692,68.30427892234549,81.68789808917197,87.20136518771331,140.0,71.0,64
2024-07-16,1131,531,595,800,934,952,64,20,107,1,37,0,4,595702772088.71,577222465778.95,21,15,71.36485280999108,83.9173405211141,89.8961284230406,201.0,71.0,37,1.0320159165752865,-64.0,-24.63177050387356,0.8647511733650786,70.40816326530613,88.77551020408163,95.87628865979381,75.51020408163265,86.89655172413792,93.75,70.8,83.73983739837398,91.9831223628692,70.7667731629393,82.53205128205127,87.09122203098106,134.0,71.0,63
2024-07-18,1125,299,824,674,874,937,35,78,83,1,22,0,4,634566643373.18,783411289430.51,26,18,60.44843049327354,78.95212285456188,88.81516587677724,189.0,117.0,22,0.8100044662803743,-525.0,-48.55789414033713,0.44797787268533584,62.62626262626263,84.84848484848484,96.93877551020408,65.06849315068493,81.25,91.6083916083916,63.2,81.70731707317073,91.56118143459916,57.90322580645161,76.37540453074433,85.6152512998267,125.0,75.0,63
2024-07-19,1125,111,1013,424,733,903,13,220,58,2,5,1,1,312533394128.46,959581640126.16,29,6,38.026905829596416,66.21499548328816,85.43046357615894,112.0,318.0,4,0.32569755512138604,-902.0,-87.62194037881181,0.33643334602787567,40.4040404040404,69.6969696969697,95.91836734693877,43.15068493150685,72.22222222222221,88.81118881118881,38.800000000000004,68.29268292682927,87.81512605042016,36.12903225806451,63.43042071197411,81.83391003460207,128.0,65.0,33
2024-07-22,1123,729,389,509,778,910,93,16,58,2,15,2,1,852902698761.06,319808671167.31,26,6,45.73225516621743,70.40723981900453,86.17424242424242,141.0,314.0,13,2.6669154893391194,340.0,-58.48359021081359,0.7026979284527771,53.535353535353536,75.75757575757575,94.89795918367348,52.054794520547944,75.17241379310344,88.88888888888889,48.8,74.6938775510204,89.45147679324894,41.74757281553398,66.72077922077922,82.66897746967071,128.0,57.0,33
2024-07-23,1113,479,633,485,736,895,68,43,55,3,20,1,2,590486711820.05,1038272803642.11,24,8,43.97098821396192,67.21461187214612,85.56405353728489,174.0,279.0,19,0.5687201954522054,-154.0,-57.97788286612105,1.3305559853205335,40.4040404040404,68.68686868686868,96.93877551020408,45.57823129251701,67.12328767123287,86.20689655172413,46.58634538152611,68.16326530612244,87.76371308016878,43.09210526315789,66.61157024793388,82.50883392226149,126.0,53.0,26
2024-07-24,1114,874,239,684,839,919,220,4,72,0,47,0,5,818336457538.67,502089271235.02,6,4,61.95652173913043,76.4813126709207,87.94258373205741,381.0,63.0,47,1.6298624655447371,635.0,-17.805613672078316,2.243688558388978,45.0,67.0,94.94949494949495,57.534246575342465,73.10344827586206,88.27586206896552,59.83935742971887,77.64227642276423,90.29535864978902,66.66666666666666,78.38283828382838,85.63829787234043,111.0,42.0,54
2024-07-25,1107,506,599,669,813,913,80,19,86,1,46,0,4,649376500449.32,582182401204.54,5,2,60.81818181818181,74.51879010082493,87.7041306436119,368.0,66.0,46,1.1154176064163994,-93.0,-19.76929544281139,0.7573318105550577,41.0,67.0,95.95959595959596,56.16438356164384,69.6551724137931,88.96551724137932,57.99999999999999,76.01626016260163,88.18565400843882,66.3907284768212,76.33333333333333,85.71428571428571,90.0,26.0,46
2024-07-26,1112,802,309,797,891,930,96,13,89,1,56,0,4,1077552917540.97,213440842648.4,15,11,72.12669683257919,81.14754098360656,88.99521531100478,396.0,36.0,56,5.048485117330695,493.0,7.950603120425896,0.514108528666069,61.0,79.0,96.96969696969697,68.02721088435374,77.3972602739726,89.72602739726028,69.87951807228916,81.70731707317073,90.2542372881356,75.86206896551724,82.17821782178217,86.87943262411348,76.0,31.0,63
2024-07-29,1115,655,457,851,918,944,92,21,98,1,50,2,7,985063391495.01,410676986397.32,25,19,76.80505415162455,83.45454545454545,89.9904671115348,268.0,53.0,48,2.398633047681871,198.0,16.861363376391644,0.5975321632703434,73.73737373737373,87.87878787878788,96.93877551020408,72.97297297297297,81.63265306122449,91.15646258503402,75.1004016064257,82.44897959183673,91.48936170212765,78.92156862745098,83.57963875205255,87.87346221441125,75.0,44.0,79
2024-07-30,1123,677,443,880,935,956,83,10,104,1,48,1,4,848935356934.09,443062872042.88,30,21,78.85304659498208,84.38628158844766,90.44465468306528,271.0,44.0,47,1.9160607004143857,234.0,26.195756578360403,0.7975826151845984,75.75757575757575,87.87878787878788,97.95918367346938,71.62162162162163,80.27210884353741,91.83673469387756,78.714859437751,86.53061224489797,91.06382978723404,81.12903225806451,83.9546191247974,88.56152512998267,81.0,57.0,83
2024-07-31,1126,516,608,866,939,955,56,24,79,1,47,1,3,812717647725.79,477858220729.18,21,15,77.390527256479,84.51845184518452,90.00942507068802,231.0,55.0,46,1.700750583479838,-92.0,17.745683983151885,0.4990056853544374,75.75757575757575,87.87878787878788,97.95918367346938,71.81208053691275,81.63265306122449,91.83673469387756,76.70682730923694,86.1788617886179,91.52542372881356,79.2604501607717,84.00646203554119,87.58620689655172,96.0,68.0,79
2024-08-01,1128,332,796,747,892,954,48,61,63,1,33,1,5,605152744982.18,682023640686.35,29,10,66.63693131132918,80.2158273381295,89.91517436380772,187.0,95.0,32,0.8872899836333952,-464.0,-8.16785650566716,0.4700666465632132,66.0,85.0,97.97979797979798,65.54054054054053,80.82191780821918,91.78082191780823,67.06827309236948,80.89430894308943,91.52542372881356,66.82692307692307,79.03225806451613,87.41379310344828,120.0,76.0,62
2024-08-02,1130,397,729,646,834,950,68,37,67,1,27,0,2,494056008049.19,741395599730.35,44,18,57.52448797862867,74.86535008976661,89.36970837253058,172.0,122.0,27,0.6663864854726426,-332.0,-23.683094341079105,0.8172158807654116,53.0,76.0,97.97979797979798,50.67567567567568,69.17808219178082,91.78082191780823,58.63453815261044,76.82926829268293,92.37288135593221,59.424920127795524,75.2411575562701,86.08247422680412,149.0,83.0,51
2024-08-05,1136,44,1092,293,568,865,13,643,40,3,9,3,1,84279045780.51001,1395242168240.53,32,5,25.952170062001773,50.66904549509367,80.8411214953271,129.0,741.0,6,0.06040460050515108,-1048.0,-72.63020721865094,0.6670525085188544,16.0,47.0,93.93939393939394,27.027027027027028,50.68493150684932,85.61643835616438,26.104417670682732,52.4390243902439,81.27659574468085,27.21518987341772,50.5564387917329,77.28813559322035,156.0,69.0,18
2024-08-06,1131,386,744,305,530,852,37,78,33,5,9,2,0,389188704346.75,753546764091.92,25,5,27.135231316725978,47.448522829006265,79.85004686035614,118.0,758.0,7,0.5164758484707335,-358.0,-79.6168376928816,1.0045333307206414,15.0,42.0,93.93939393939394,25.675675675675674,43.83561643835616,83.56164383561644,26.104417670682732,50.20242914979757,82.27848101265823,29.82456140350877,48.07692307692308,75.55555555555556,151.0,53.0,18
2024-08-07,1131,985,145,484,674,890,272,11,58,3,28,2,1,994949889857.0,136778010048.09,21,9,43.098842386464824,60.39426523297491,83.41143392689784,322.0,732.0,26,7.27419480300367,840.0,-25.292322559884397,0.9338632841494491,37.37373737373738,61.61616161616161,95.91836734693877,41.21621621621622,59.863945578231295,85.03401360544217,38.95582329317269,60.16260162601627,85.23206751054853,46.09250398724083,60.416666666666664,80.17094017094017,151.0,47.0,36
2024-08-08,1130,417,709,462,640,884,68,39,59,3,31,2,4,448493626493.71,633909733993.71,2,1,41.06666666666667,57.34767025089605,82.92682926829268,377.0,128.0,29,0.7075039275200028,-292.0,-35.318400508372356,0.8313060950531758,29.292929292929294,55.55555555555556,95.91836734693877,35.57046979865772,53.06122448979592,85.71428571428571,39.6,57.72357723577236,84.38818565400844,44.81658692185008,58.493589743589745,79.45205479452055,124.0,38.0,34
2024-08-09,1127,718,403,520,677,886,116,26,76,3,37,0,4,771516140633.14,218892474774.27,5,4,46.470062555853445,60.99099099099099,83.58490566037736,456.0,76.0,37,3.5246352869314306,315.0,-13.364105151787719,0.505481439094566,38.775510204081634,61.224489795918366,94.84536082474226,44.29530201342282,58.108108108108105,86.48648648648648,45.2,60.40816326530612,84.32203389830508,48.71382636655949,61.873990306946695,80.65630397236615,85.0,24.0,49
2024-08-12,1131,539,589,534,673,883,97,40,70,3,37,2,6,697314910347.09,492116190305.15,13,9,47.593582887700535,60.412926391382406,83.06679209783631,281.0,105.0,35,1.4169720974119973,-50.0,-12.776362096148908,0.6458210138420433,38.144329896907216,61.855670103092784,94.79166666666666,43.624161073825505,59.06040268456376,86.57718120805369,47.199999999999996,58.19672131147541,82.12765957446808,50.159744408945684,61.37820512820513,80.61749571183533,66.0,28.0,41
2024-08-13,1132,225,904,423,592,845,24,148,51,2,21,3,4,313373917329.57,752782442888.32,12,5,37.63345195729537,53.04659498207885,79.34272300469483,237.0,214.0,18,0.4162874948666424,-679.0,-43.659959973096974,0.5978892192989549,26.53061224489796,47.95918367346938,92.78350515463917,40.54054054054054,56.08108108108109,86.48648648648648,37.2,51.63934426229508,79.14893617021276,38.853503184713375,53.674121405750796,75.38461538461539,53.0,28.0,38
2024-08-14,1130,370,758,394,547,825,41,75,48,4,10,8,1,485128744181.06,546083472745.91,10,1,35.17857142857143,49.19064748201439,77.83018867924528,162.0,263.0,2,0.8883783677642778,-388.0,-55.2971363580221,0.5494580538976346,31.25,44.79166666666667,92.63157894736842,33.78378378378378,52.702702702702695,83.78378378378379,34.8,47.540983606557376,79.05982905982906,36.26198083067093,49.67948717948718,73.41337907375643,42.0,20.0,26
2024-08-16,1131,869,260,510,633,853,151,16,53,2,30,4,2,959290616096.55,115476214735.59,13,5,45.495093666369314,56.8733153638814,80.39585296889726,216.0,239.0,26,8.30725719831631,609.0,-15.120436485342964,0.4023358868658961,40.625,62.5,94.73684210526315,49.32432432432432,62.83783783783784,86.48648648648648,44.4,54.09836065573771,81.19658119658119,45.77352472089314,55.67999999999999,76.1986301369863,53.0,24.0,40
2024-08-19,1128,819,307,605,687,873,161,10,80,1,54,2,5,739835905303.7,289937353590.33,7,3,54.162936436884515,61.891891891891895,82.51417769376181,353.0,101.0,52,2.551709519805643,512.0,14.456244088224416,1.0454765412326157,47.42268041237113,61.855670103092784,95.83333333333334,55.4054054054054,64.86486486486487,89.1891891891892,55.42168674698795,60.08230452674898,83.2618025751073,54.41412520064205,61.89710610932476,78.3132530120482,55.0,23.0,50
2024-08-20,1130,686,441,677,726,896,106,13,105,2,43,1,4,774836007134.04,323683763817.87,1,1,60.50044682752458,65.28776978417267,84.44863336475024,418.0,39.0,42,2.3938056020938507,245.0,26.3220247581834,0.6498253468013101,58.76288659793815,62.88659793814433,95.83333333333334,59.45945945945946,70.94594594594594,90.54054054054053,59.43775100401606,63.37448559670782,83.69098712446352,61.44,65.06410256410257,81.33561643835617,43.0,15.0,52
2024-08-21,1131,759,368,773,769,914,110,12,116,2,62,0,5,776166000769.61,327956312658.08997,9,7,69.14132379248659,69.21692169216922,86.22641509433963,377.0,35.0,62,2.366674983258517,391.0,43.63565710720742,0.871475810827341,63.91752577319587,64.94845360824742,96.875,69.79865771812081,71.81208053691275,90.60402684563759,68.42105263157895,68.87966804979253,85.77586206896551,70.08,69.39102564102564,83.53344768439108,40.0,17.0,61
2024-08-22,1137,675,460,837,818,940,87,15,114,2,48,0,5,687809281606.63,380387721754.81,13,8,74.4661921708185,73.16636851520573,87.93264733395696,303.0,40.0,48,1.8081795028336312,215.0,49.42063448008692,0.8115296639787424,67.0103092783505,71.1340206185567,96.875,77.7027027027027,73.64864864864865,92.56756756756756,72.17741935483872,69.83471074380165,86.69527896995707,75.7527733755943,74.64342313787638,85.8108108108108,43.0,24.0,70
2024-08-23,1143,494,644,804,799,936,75,13,100,3,57,0,5,621901045724.62,438551961330.53,16,11,71.15044247787611,71.08540925266904,87.06976744186046,272.0,40.0,57,1.4180783591477373,-150.0,35.86968696149846,0.5409297309935884,60.204081632653065,68.36734693877551,95.87628865979381,68.02721088435374,70.74829931972789,88.43537414965986,73.38709677419355,72.31404958677686,87.98283261802575,72.68445839874411,71.11459968602826,84.94983277591973,46.0,30.0,76
2024-08-26,1145,551,593,785,803,939,84,32,98,3,48,0,4,659851918400.11,346781395231.59,21,11,69.28508384819064,71.31438721136767,87.26765799256505,246.0,60.0,48,1.9027892714931922,-42.0,29.504278398297828,0.48832191089496996,65.3061224489796,69.38775510204081,95.87628865979381,70.27027027027027,74.32432432432432,89.79591836734694,71.37096774193549,73.02904564315352,87.98283261802575,68.85758998435054,70.2660406885759,84.97495826377296,60.0,38.0,76
2024-08-27,1147,624,518,810,822,954,80,18,84,2,52,0,1,709555580471.26,364560592115.2,19,15,71.42857142857143,72.93700088731144,88.57938718662952,239.0,63.0,52,1.9463309963218478,106.0,31.3143326847698,0.6189251504033515,70.10309278350515,73.19587628865979,95.83333333333334,70.27027027027027,74.32432432432432,90.47619047619048,73.79032258064517,73.85892116182573,88.8412017167382,70.98283931357254,72.23088923556942,86.85524126455907,78.0,52.0,75
2024-08-28,1149,420,724,777,811,949,37,27,76,2,33,0,1,564196897867.13,523023942832.25,23,13,68.45814977973568,71.89716312056737,87.87037037037037,201.0,77.0,33,1.0787209755865526,-304.0,12.205357436279485,0.5377762279278337,68.04123711340206,68.04123711340206,95.83333333333334,62.83783783783784,70.94594594594594,91.15646258503402,72.28915662650603,73.66255144032921,88.08510638297872,68.33073322932918,72.03125,85.71428571428571,92.0,58.0,67
2024-08-29,1140,296,840,683,763,932,27,35,63,4,21,0,3,638967960468.22,574318421705.46,19,5,60.65719360568384,68.18588025022342,87.18428437792329,144.0,80.0,21,1.1125674126398049,-544.0,-16.19384318836113,0.3167277311716806,63.91752577319587,68.04123711340206,96.875,55.4054054054054,66.21621621621621,90.47619047619048,61.29032258064516,71.07438016528926,88.03418803418803,61.137440758293835,67.5632911392405,84.45945945945947,98.0,55.0,53
2024-08-30,1132,680,447,721,792,925,92,14,64,4,32,0,4,1165577662474.29,993118434263.42,25,8,64.54789615040286,71.35135135135135,87.26415094339622,156.0,76.0,32,1.1736542412877273,233.0,-1.5441905064870536,1.2961677663699924,67.3469387755102,70.40816326530613,96.90721649484536,61.904761904761905,68.70748299319727,91.78082191780823,68.95161290322581,73.96694214876032,88.03418803418803,62.980769230769226,71.107544141252,84.21955403087479,107.0,52.0,46
2024-09-02,1131,424,705,669,764,909,45,37,66,3,35,0,1,527819176650.31,484016886163.02,17,10,59.946236559139784,68.89089269612263,85.75471698113208,164.0,86.0,35,1.0904974428361929,-281.0,-14.711016510952284,0.5515083448083363,69.38775510204081,74.48979591836735,96.90721649484536,62.585034013605444,68.02721088435374,91.78082191780823,61.693548387096776,70.78189300411523,86.38297872340426,57.14285714285714,67.4718196457327,82.13058419243985,103.0,51.0,47
2024-09-03,1127,592,531,693,767,913,58,11,63,2,42,0,2,660640044193.61,343442567019.91,13,8,62.32014388489209,69.41176470588235,86.45833333333334,195.0,62.0,42,1.9235823035160098,61.0,-8.79509766221529,0.5795840330907794,68.36734693877551,71.42857142857143,95.87628865979381,63.94557823129252,70.06802721088435,93.15068493150685,62.903225806451616,70.37037037037037,86.80851063829788,60.74313408723748,68.55753646677472,83.04498269896193,97.0,44.0,51
2024-09-04,1122,536,581,682,759,907,72,18,111,1,45,0,3,605338033044.53,466153592956.97,34,17,61.66365280289331,69.12568306010928,86.46329837940895,175.0,66.0,45,1.298580644213565,-45.0,-8.993011558234087,0.7104274473031218,58.76288659793815,67.0103092783505,95.83333333333334,60.810810810810814,68.70748299319727,92.46575342465754,64.11290322580645,70.49180327868852,88.5593220338983,61.337683523654164,69.01639344262294,82.48686514886164,108.0,48.0,50
2024-09-05,1114,629,480,709,776,917,80,13,135,1,47,0,3,663050928191.14,464844983097.82,24,13,64.51319381255686,71.12740604949587,87.83524904214559,210.0,42.0,47,1.4263914902822785,149.0,0.5827371184610133,0.918693553343717,55.670103092783506,61.855670103092784,95.83333333333334,60.810810810810814,68.02721088435374,92.46575342465754,67.33870967741935,74.59016393442623,89.40677966101694,65.67656765676567,71.97346600331676,84.62897526501767,113.0,56.0,62
2024-09-06,1112,241,871,576,700,882,27,58,95,0,19,1,2,326841503010.69,859577395767.79,24,9,52.4112829845314,64.16131989000917,84.64491362763916,179.0,89.0,18,0.38023510694897844,-630.0,-30.182911448556986,0.7276904492542329,37.11340206185567,51.546391752577314,88.54166666666666,47.2972972972973,57.14285714285714,89.72602739726028,57.599999999999994,66.53061224489795,86.07594936708861,53.973509933774835,66.94352159468438,82.06039076376554,112.0,57.0,48
2024-09-09,1115,386,726,526,661,871,54,38,90,0,30,2,3,530434930086.45,464290585932.92,21,9,47.73139745916515,60.47575480329369,83.34928229665071,161.0,109.0,28,1.142463246418454,-340.0,-41.8366264161146,0.46538078352903917,38.144329896907216,52.083333333333336,88.29787234042553,47.2972972972973,55.10204081632652,88.43537414965986,52.0,66.53061224489795,85.59322033898306,47.61120263591433,60.66115702479339,80.28169014084507,116.0,56.0,42
2024-09-10,1110,820,288,657,739,895,103,12,93,1,29,0,3,766228117367.57,251412058648.38,45,23,59.94525547445255,67.92279411764706,86.0576923076923,184.0,108.0,29,3.0476983541954987,532.0,-7.991369581295778,0.9342204809418562,44.329896907216494,56.25,88.29787234042553,52.02702702702703,61.224489795918366,88.43537414965986,64.2570281124498,72.54098360655738,88.51063829787233,62.62458471760798,69.55074875207987,84.04255319148936,148.0,71.0,54
2024-09-11,1111,308,801,557,674,883,33,45,89,2,19,0,6,417996496514.28,594958911200.07,24,14,50.68243858052776,61.94852941176471,84.90384615384615,190.0,95.0,19,0.702563636993275,-493.0,-30.2637181396192,0.5473089277109374,42.857142857142854,47.91666666666667,89.36170212765957,46.97986577181208,56.4625850340136,87.07482993197279,55.020080321285135,65.57377049180327,85.95744680851064,51.07794361525705,64.05990016638935,83.15602836879432,138.0,68.0,44
2024-09-12,1114,736,372,635,722,900,69,11,112,1,41,0,4,995256922080.15,179655276272.89,19,12,57.77979981801637,66.29935720844811,86.53846153846155,205.0,68.0,41,5.539814597865692,364.0,-6.305257566287629,0.35714094555044545,52.04081632653062,60.416666666666664,91.48936170212765,59.73154362416108,64.62585034013605,92.51700680272108,59.036144578313255,70.61224489795919,86.80851063829788,57.711442786069654,65.89018302828619,84.04255319148936,133.0,67.0,64
2024-09-13,1114,688,424,684,766,910,79,12,116,2,47,0,5,654678230382.75,389055286447.86,28,13,62.18181818181818,70.21081576535289,87.41594620557157,181.0,68.0,47,1.682738297582516,264.0,9.210752511742296,0.9642863134244398,48.484848484848484,61.855670103092784,93.6842105263158,63.51351351351351,69.86301369863014,93.83561643835617,68.27309236947792,74.6938775510204,88.08510638297872,61.58940397350994,69.81757877280266,84.42477876106194,137.0,71.0,64
2024-09-16,1118,497,618,697,771,917,78,29,109,2,50,0,4,527510381942.95,386394357597.58,17,9,63.191296464188575,70.47531992687385,87.91946308724832,226.0,52.0,50,1.3652124353542936,-121.0,3.1808873658991708,0.5890710477834142,58.58585858585859,64.28571428571429,93.75,64.86486486486487,67.58620689655173,93.79310344827586,66.66666666666666,75.30364372469636,88.98305084745762,62.108731466227354,70.19867549668875,84.98233215547704,133.0,71.0,67
2024-09-17,1123,415,703,668,741,913,40,32,80,2,31,0,5,534871264291.99,454699420954.03,27,17,60.397830018083184,67.67123287671232,87.4521072796935,197.0,73.0,31,1.176318331722849,-288.0,-10.340551770626192,0.5018430414239468,58.76288659793815,63.541666666666664,93.61702127659575,58.78378378378378,65.51724137931035,92.41379310344827,62.096774193548384,71.95121951219512,87.2340425531915,60.35889070146819,67.10526315789474,85.26315789473684,115.0,65.0,63
2024-09-18,1119,312,805,577,709,893,43,43,70,2,21,1,2,537514171754.45,536061383238.89996,41,20,52.40690281562216,65.04587155963303,85.86538461538461,161.0,104.0,20,1.0027101159698768,-493.0,-32.09967947350226,0.3865300983591516,51.041666666666664,62.10526315789474,94.68085106382979,51.35135135135135,60.0,87.58620689655172,54.83870967741935,68.69918699186992,85.95744680851064,51.88834154351396,65.23178807947019,83.92226148409894,132.0,71.0,46
2024-09-19,1116,295,820,480,640,863,21,84,48,3,10,2,2,505964204437.62,754493749571.31,23,8,43.71584699453552,58.87764489420423,82.98076923076924,104.0,159.0,8,0.6706009224398477,-525.0,-52.143235262093796,0.5364682414275167,49.48453608247423,60.416666666666664,92.70833333333334,46.62162162162162,57.24137931034483,86.20689655172413,45.74898785425101,61.63265306122449,82.12765957446808,41.254125412541256,57.90349417637272,80.85106382978722,136.0,67.0,30
2024-09-20,1112,772,337,567,685,876,126,15,50,4,36,2,1,1536632242378.08,296656015321.74,19,12,51.82815356489945,63.133640552995395,84.63768115942028,190.0,142.0,34,5.179845218076959,435.0,-21.019759285029068,0.44225282619431056,59.79381443298969,64.58333333333334,95.83333333333334,52.02702702702703,60.95890410958904,88.35616438356165,55.465587044534416,67.62295081967213,83.33333333333334,49.00332225913621,61.602671118530886,82.28980322003578,127.0,66.0,51
2024-09-23,1109,681,423,648,718,891,103,15,50,7,43,3,4,769009962931.09,289432088810.72,21,10,59.34065934065934,66.35859519408503,86.17021276595744,250.0,114.0,40,2.656961659265085,258.0,-3.1540885282135918,0.6059286073625505,65.97938144329896,66.66666666666666,96.875,61.48648648648649,65.06849315068493,90.41095890410958,66.53225806451613,72.54098360655738,86.80851063829788,54.757929883138566,64.09395973154362,82.9443447037702,131.0,67.0,53
2024-09-24,1102,471,630,640,719,892,63,28,49,6,35,3,2,660381536065.63,495765325791.43,13,12,58.87764489420423,66.75951717734448,86.60194174757282,292.0,58.0,32,1.33204462214337,-159.0,-8.713169588495276,0.5612567591137201,70.10309278350515,69.79166666666666,96.875,64.1891891891892,65.06849315068493,90.41095890410958,65.46184738955823,74.6938775510204,88.13559322033898,52.951096121416526,63.389830508474574,83.15217391304348,117.0,62.0,52
2024-09-25,1106,413,691,598,693,885,44,27,46,4,27,3,1,533327410795.82,503022804056.94,43,30,54.9127640036731,64.28571428571429,85.83899127061105,210.0,70.0,24,1.0602449958420765,-278.0,-19.372618047093646,0.5637230239607697,62.10526315789474,71.27659574468085,92.5531914893617,61.224489795918366,62.758620689655174,91.0344827586207,62.65060240963856,70.61224489795919,87.71186440677965,48.99665551839465,60.94276094276094,82.55395683453237,119.0,72.0,57
2024-09-26,1106,414,689,543,678,877,38,30,52,4,29,1,1,793895959187.43,400147210356.86,37,14,49.81651376146789,62.83595922150139,84.98062015503875,145.0,85.0,28,1.9840097310172833,-275.0,-28.2395833889598,0.3028567944461797,67.36842105263158,74.46808510638297,94.68085106382979,60.544217687074834,64.82758620689654,90.3448275862069,57.028112449799195,69.79591836734694,87.76371308016878,41.40233722871452,57.647058823529406,80.75539568345323,133.0,78.0,56
2024-09-27,1103,520,579,556,669,872,76,35,50,4,30,2,4,1004650208449.91,649484937271.95,22,8,51.14995400183992,62.23255813953489,84.8249027237354,158.0,92.0,28,1.5468414289479457,-59.0,-24.879640839310554,0.5806026111690047,69.47368421052632,75.53191489361703,94.68085106382979,61.48648648648649,65.06849315068493,89.72602739726028,59.2741935483871,69.26229508196722,88.13559322033898,42.281879194630875,56.51438240270728,80.43478260869566,136.0,74.0,48
2024-09-30,1106,460,645,533,659,865,57,31,40,4,18,2,0,436486528519.52,664949629334.54,19,12,48.94398530762167,61.18848653667596,83.89912706110573,171.0,96.0,16,0.65642044038184,-185.0,-28.182491755163895,1.0864657020107227,52.083333333333336,71.57894736842105,94.73684210526315,53.691275167785236,61.224489795918366,89.1156462585034,57.72357723577236,68.18181818181817,87.17948717948718,43.64548494983278,56.66104553119731,79.27927927927928,134.0,76.0,43
2024-10-01,1103,634,467,581,689,866,85,13,55,4,19,1,3,578178340362.61,407536348183.67,24,15,53.499079189686924,64.21248835041938,84.32327166504382,218.0,79.0,18,1.4187160064113704,167.0,-13.265516829442682,0.9569228139577702,57.73195876288659,70.52631578947368,93.6842105263158,57.71812080536913,64.62585034013605,88.43537414965986,61.63265306122449,70.53941908713693,87.98283261802575,48.403361344537814,60.50847457627119,80.07246376811594,145.0,79.0,49
2024-10-03,1102,133,965,380,559,823,26,130,36,6,11,3,1,240522428127.48,1031788023023.5,34,10,35.02304147465438,52.1455223880597,80.21442495126706,168.0,174.0,8,0.23311225054024676,-832.0,-50.39517568380384,0.591233767755573,26.53061224489796,58.333333333333336,88.54166666666666,40.54054054054054,56.16438356164384,83.56164383561644,41.63265306122449,61.82572614107884,85.04273504273505,32.323232323232325,46.17996604414261,75.81818181818181,136.0,59.0,19
2024-10-04,1098,292,804,311,494,810,26,53,33,5,4,4,0,346285844153.64,839561491196.72,14,6,28.769657724329324,46.29803186504217,79.33398628795298,137.0,196.0,0,0.4124603710206389,-512.0,-65.88905812586361,0.880530846401767,23.711340206185564,47.368421052631575,89.47368421052632,28.37837837837838,47.26027397260274,82.1917808219178,33.198380566801625,52.47933884297521,83.82978723404256,27.843803056027166,43.321917808219176,74.86238532110092,113.0,51.0,17
2024-10-07,1092,80,1011,152,319,696,9,481,20,14,2,10,1,170969606348.05,1017049442354.55,28,2,14.152700186219738,30.122757318224743,68.63905325443787,61.0,664.0,-8,0.16810353482151447,-931.0,-99.75688232319541,0.47071927882154696,13.402061855670103,34.73684210526316,82.10526315789474,14.18918918918919,34.69387755102041,73.46938775510205,17.00404858299595,35.833333333333336,72.53218884120172,13.058419243986256,25.82322357019064,63.26530612244898,119.0,45.0,10
2024-10-08,1087,954,133,288,444,760,287,9,25,7,10,1,2,888123600952.38,196748896144.97,8,1,26.91588785046729,42.08530805687204,75.32210109018831,322.0,543.0,9,4.513995343069097,821.0,-40.615087600298125,1.5890429177869156,24.742268041237114,40.0,89.47368421052632,30.405405405405407,44.89795918367347,79.59183673469387,32.25806451612903,50.413223140495866,77.77777777777779,24.090121317157713,38.17863397548161,70.54409005628519,108.0,34.0,24
2024-10-09,1086,737,345,393,493,778,110,3,31,5,19,0,2,674675483171.39,340258031755.5,4,4,36.76333021515435,46.774193548387096,77.10604558969277,406.0,493.0,19,1.982834849453879,392.0,-11.295777674219451,1.077362486667178,34.69387755102041,48.95833333333333,90.625,38.095238095238095,48.63013698630137,82.1917808219178,41.12903225806452,53.49794238683128,79.82832618025752,34.89583333333333,43.05799648506151,72.09737827715355,88.0,23.0,26
2024-10-10,1079,567,510,442,523,774,87,8,31,9,20,1,2,503640735362.76,379919699182.37,0,0,41.580432737535276,49.904580152671755,77.01492537313432,484.0,20.0,19,1.325650489949986,57.0,-2.9212887990510694,0.838655976300584,39.795918367346935,50.0,85.41666666666666,35.374149659863946,50.68493150684932,78.76712328767124,42.33870967741936,55.55555555555556,79.82832618025752,43.15789473684211,47.246891651865006,73.77358490566037,54.0,13.0,33
2024-10-11,1074,526,546,455,528,780,56,11,31,6,20,3,2,489695180058.17,291826924704.85,6,5,42.924528301886795,50.47801147227533,77.7666999002991,253.0,22.0,17,1.6780328975931245,-20.0,0.40350563321314326,0.5741067202864537,44.89795918367347,50.0,91.66666666666666,39.455782312925166,48.63013698630137,76.71232876712328,42.74193548387097,57.61316872427984,81.11587982832617,43.56261022927689,47.95008912655972,74.0530303030303,46.0,12.0,32
2024-10-14,1070,488,579,463,521,772,54,21,22,7,19,3,2,586370412190.76,275215945603.18,11,8,43.80321665089877,50.0,77.27727727727728,197.0,40.0,16,2.1305829896797404,-91.0,-0.3058126553670064,0.3955877212284351,46.93877551020408,47.91666666666667,90.625,40.816326530612244,50.0,77.3972602739726,48.99598393574297,58.77551020408164,82.5531914893617,41.740674955595026,46.48648648648649,72.41379310344827,29.0,18.0,55
2024-10-15,1062,581,479,516,555,777,79,11,25,5,27,3,4,590997865817.11,398603210159.0,4,1,49.002849002849004,53.62318840579711,78.16901408450704,189.0,43.0,24,1.482672117922395,102.0,8.73924927117379,0.8180794781974424,46.464646464646464,50.0,88.54166666666666,46.62162162162162,53.74149659863946,78.2312925170068,56.62650602409639,61.63265306122449,83.47457627118644,46.678635547576306,50.6398537477148,73.7864077669903,25.0,18.0,57
2024-10-16,1060,533,523,546,577,783,86,13,33,5,28,5,4,537142344526.32,453943263078.38,8,5,51.95052331113226,55.91085271317829,78.85196374622356,219.0,45.0,23,1.1832807934712635,10.0,11.829080972010303,0.8612667969547021,42.857142857142854,52.63157894736842,86.31578947368422,45.63758389261745,51.70068027210885,78.91156462585033,60.6425702811245,64.89795918367346,83.05084745762711,51.35135135135135,53.57798165137615,75.53398058252428,29.0,19.0,57
2024-10-17,1052,173,878,401,496,734,20,69,30,5,6,5,2,245251679324.67,702769754199.32,7,2,38.446788111217636,48.390243902439025,74.36676798378926,185.0,93.0,1,0.348978705840991,-705.0,-21.338258328634538,0.5646153220115248,25.510204081632654,41.05263157894737,80.0,30.201342281879196,42.17687074829932,74.14965986394559,44.17670682730924,55.32786885245902,80.0,40.40219378427788,48.237476808905384,70.7843137254902,36.0,21.0,40
2024-10-18,1044,482,560,396,494,733,41,20,28,6,10,1,2,624447426293.03,368279413098.46,13,5,38.297872340425535,48.52652259332024,74.5676500508647,147.0,102.0,9,1.6955805947428377,-78.0,-18.239642139042687,0.5076221610361299,35.35353535353536,43.75,81.25,33.108108108108105,46.25850340136054,74.82993197278913,40.562248995983936,53.90946502057613,78.2051282051282,39.21933085501858,47.556390977443606,71.54150197628458,43.0,21.0,32
2024-10-21,1036,167,869,285,406,671,20,120,38,6,12,14,3,376482339206.84,595328204937.93,19,3,27.80487804878049,40.1980198019802,68.96197327852003,81.0,209.0,-2,0.6323945952570695,-702.0,-46.69912708624645,0.3038844973299963,26.0,35.051546391752574,80.41237113402062,22.2972972972973,41.49659863945578,70.06802721088435,28.225806451612907,44.214876033057855,72.22222222222221,29.489603024574667,38.93129770992366,64.84848484848484,51.0,16.0,15
2024-10-22,1029,34,995,116,237,584,4,501,15,10,1,22,1,72694461883.75,948135903056.55,2,0,11.394891944990176,23.582089552238806,60.51813471502591,65.0,641.0,-21,0.07667093045353673,-961.0,-83.74849108067443,0.4456820084121012,12.0,24.489795918367346,70.10309278350515,9.45945945945946,18.367346938775512,62.585034013605444,10.526315789473683,28.21576763485477,66.95278969957081,12.237093690248566,22.736030828516377,54.91803278688525,49.0,15.0,9
2024-10-23,1026,642,381,158,270,601,86,25,15,8,3,14,0,712567681156.66,405481547947.67,9,0,15.535889872173058,26.973026973026975,62.474012474012476,110.0,646.0,-11,1.7573368868775787,261.0,-53.90695484050701,0.9588596146028117,13.131313131313133,26.804123711340207,70.83333333333334,15.54054054054054,22.448979591836736,63.94557823129252,13.654618473895583,31.950207468879665,67.81115879828327,16.89059500959693,25.968992248062015,57.818930041152264,50.0,10.0,17
2024-10-24,1022,322,698,155,248,580,29,60,14,10,5,5,1,452155283230.63,467054444206.72,5,2,15.301085883514315,24.824824824824827,60.5427974947808,119.0,586.0,0,0.9680997340654882,-376.0,-59.97290658096131,0.4765191388274102,14.14141414141414,24.742268041237114,67.70833333333334,13.422818791946309,22.972972972972975,64.1891891891892,14.919354838709678,27.685950413223143,63.94849785407726,16.247582205029012,24.0234375,56.34095634095634,48.0,10.0,10
2024-10-25,1013,120,893,108,188,521,4,231,9,20,1,34,0,210239270199.81,879019034993.29,0,0,10.756972111553784,18.98989898989899,54.957805907173,119.0,316.0,-33,0.23917487771060025,-773.0,-84.70943078614494,0.5618420326012941,14.14141414141414,21.649484536082475,63.541666666666664,11.409395973154362,18.243243243243242,56.08108108108109,9.274193548387096,17.768595041322314,59.227467811158796,10.62992125984252,19.284294234592444,50.74309978768577,35.0,5.0,9
2024-10-28,1005,723,281,149,227,539,135,36,10,14,3,8,0,652446160990.84,287135642983.24,3,1,14.944834503510531,23.09257375381485,57.15800636267232,168.0,327.0,-5,2.2722576487270967,442.0,-44.6856118276462,1.1323336233882437,18.181818181818183,23.711340206185564,67.70833333333334,14.76510067114094,21.62162162162162,58.108108108108105,12.903225806451612,23.553719008264462,62.66094420600859,15.369261477045908,23.18548387096774,51.931330472103,19.0,3.0,18
2024-10-29,1004,610,392,189,254,553,72,29,17,17,7,5,0,681053089501.98,316513906201.75,3,2,18.97590361445783,25.891946992864423,58.76726886291179,211.0,296.0,2,2.151731965507601,218.0,-21.44181855899157,0.7231953021678967,23.46938775510204,28.125,68.42105263157895,19.463087248322147,25.0,59.45945945945946,17.338709677419356,26.859504132231404,64.37768240343348,18.7624750499002,25.252525252525253,53.76344086021505,20.0,5.0,21
2024-10-30,997,755,240,314,301,582,159,15,17,11,13,1,1,528892042832.02,435508285952.4,1,0,31.749241658240646,30.903490759753595,62.24598930481283,366.0,80.0,12,1.2144247535391934,515.0,13.388833778503084,2.5903896673428664,28.57142857142857,27.083333333333332,67.36842105263158,24.832214765100673,25.675675675675674,61.48648648648649,32.66129032258064,33.47107438016529,67.38197424892704,34.0080971659919,31.967213114754102,58.82352941176471,12.0,5.0,29
2024-10-31,1001,663,337,423,367,617,116,20,22,7,19,2,3,503747448837.83,462878105701.37,3,2,42.59818731117825,37.5639713408393,65.77825159914713,347.0,64.0,17,1.0882939647243268,326.0,33.65209735816851,1.8077459897918766,24.742268041237114,24.210526315789473,70.2127659574468,28.000000000000004,27.027027027027028,62.16216216216216,46.37096774193548,44.03292181069959,71.7948717948718,48.59437751004016,40.122199592668025,62.98701298701299,10.0,5.0,39
2024-11-01,993,860,130,527,418,628,56,2,32,4,20,0,3,150948492738.3,15948589510.33,9,6,53.44827586206896,43.13725490196079,67.52688172043011,331.0,37.0,20,9.464692325332576,730.0,71.0089272319916,0.698954005898143,29.591836734693878,29.166666666666668,72.63157894736842,37.58389261744966,31.292517006802722,61.904761904761905,55.42168674698795,49.794238683127574,73.07692307692307,62.04081632653061,46.16977225672878,65.41850220264317,19.0,11.0,59
2024-11-04,980,169,811,340,335,577,21,91,30,4,12,0,1,244881294699.44998,653328089506.85,3,1,34.943473792394656,35.0418410041841,62.85403050108932,193.0,113.0,12,0.37482131662866836,-642.0,33.99397213795041,0.5559574682373876,22.448979591836736,25.0,66.3157894736842,22.14765100671141,27.2108843537415,56.4625850340136,34.93975903614458,37.295081967213115,67.65957446808511,41.509433962264154,38.37953091684435,61.67800453514739,19.0,11.0,38
2024-11-05,976,628,343,389,367,588,69,12,50,2,14,0,6,728193640195.33,235317131342.45,6,2,40.18595041322314,38.509968520461705,64.26229508196721,146.0,105.0,14,3.094520301352864,285.0,48.52621567185542,0.5916599704603741,27.835051546391753,26.31578947368421,67.02127659574468,28.666666666666668,29.054054054054053,58.108108108108105,39.91935483870967,44.8559670781893,69.65811965811966,46.51162790697674,40.68522483940043,62.87015945330297,22.0,11.0,40
2024-11-06,979,842,135,624,471,654,178,6,45,3,27,0,5,944495953873.84,145538016253.32,0,0,64.19753086419753,49.21630094043887,71.16430903155604,268.0,109.0,27,6.489685500658967,707.0,81.80865281498494,0.9610692284554813,50.51546391752577,36.84210526315789,76.59574468085107,50.66666666666667,37.83783783783784,68.24324324324324,66.93548387096774,53.278688524590166,74.8936170212766,69.81132075471697,53.191489361702125,69.00452488687783,21.0,11.0,54
2024-11-07,974,312,662,546,432,635,43,26,39,4,17,0,6,346434814504.64,600388599589.14,3,3,56.52173913043478,45.378151260504204,69.55093099671413,290.0,44.0,17,0.5770176428095295,-350.0,57.00609330828575,0.8167845464149222,41.23711340206185,32.631578947368425,69.14893617021278,41.333333333333336,33.108108108108105,64.1891891891892,57.08502024291497,49.382716049382715,73.93162393162393,64.19491525423729,49.78540772532189,69.10755148741418,21.0,12.0,48
2024-11-08,984,185,797,396,375,598,26,79,35,5,11,3,1,316366162136.81,581341230534.43,7,2,40.57377049180328,38.981288981288984,64.8590021691974,247.0,111.0,8,0.5442004549479019,-612.0,22.41487446351652,0.4265348358006676,31.958762886597935,29.47368421052631,67.02127659574468,26.0,27.027027027027028,56.75675675675676,38.46153846153847,43.80165289256198,68.24034334763948,47.9253112033195,42.138364779874216,65.32438478747203,19.0,8.0,24
2024-11-11,989,262,727,358,347,571,28,74,33,7,4,8,1,377656780659.01,489044042260.44,16,4,36.53061224489796,35.92132505175984,61.66306695464363,97.0,179.0,-4,0.7722347028570674,-465.0,0.0773079789212403,0.4666782560999003,34.02061855670103,33.68421052631579,69.14893617021278,25.333333333333336,23.64864864864865,53.37837837837838,34.0080971659919,39.66942148760331,66.52360515021459,41.76954732510288,38.25363825363826,60.310421286031044,32.0,11.0,17
2024-11-12,987,216,769,277,305,542,26,72,25,10,4,10,2,259914352330.68,578260792487.19,11,1,28.29417773237998,31.63900414937759,58.658008658008654,80.0,225.0,-6,0.4494760075514506,-553.0,-23.421697905302338,0.6249149244021254,22.68041237113402,30.526315789473685,64.8936170212766,18.666666666666668,22.2972972972973,48.64864864864865,26.209677419354836,35.80246913580247,63.67521367521367,33.47107438016529,32.63598326359833,58.03571428571429,37.0,10.0,14
2024-11-13,987,65,922,131,187,458,8,332,18,24,2,23,0,96889274138.83,796351566876.83,4,0,13.408393039918117,19.418483904465216,49.67462039045553,62.0,478.0,-21,0.12166645759085405,-857.0,-58.59623944678697,0.5794441360196311,10.416666666666668,14.736842105263156,55.91397849462365,8.0,12.162162162162163,43.24324324324324,12.903225806451612,20.98765432098765,55.98290598290598,15.942028985507244,21.80293501048218,47.20357941834452,41.0,10.0,5
2024-11-14,990,622,366,190,231,478,76,31,18,23,3,15,0,490568068083.32,318966560187.08997,4,1,19.40755873340143,23.96265560165975,51.787648970747554,110.0,435.0,-12,1.5379921575339344,256.0,-32.72749126752241,1.1049819360831634,17.02127659574468,20.43010752688172,52.74725274725275,12.0,13.513513513513514,43.24324324324324,18.548387096774192,26.74897119341564,60.851063829787236,22.587268993839835,26.458333333333332,49.665924276169264,42.0,8.0,17
2024-11-18,992,363,626,197,223,455,63,60,20,23,7,17,4,416183047646.27,432249162072.12,2,0,20.122574055158324,23.13278008298755,49.4028230184582,147.0,423.0,-10,0.9628313578473302,-263.0,-36.39607411791363,0.6022572901752022,13.978494623655912,21.73913043478261,52.22222222222223,11.333333333333332,13.513513513513514,42.567567567567565,19.35483870967742,25.81967213114754,57.02127659574469,24.385245901639344,25.0,47.098214285714285,37.0,6.0,7
2024-11-19,992,629,356,236,250,476,79,13,20,21,8,6,3,579224442619.42,275968943178.71,1,0,24.106230847803882,25.906735751295333,51.62689804772235,218.0,104.0,2,2.098875460215572,273.0,-12.550732084408523,0.8418098005694912,20.0,23.404255319148938,52.17391304347826,16.216216216216218,16.43835616438356,44.52054794520548,23.790322580645164,28.57142857142857,61.18143459915611,27.459016393442624,27.916666666666668,48.769574944071586,22.0,2.0,25
2024-11-21,985,257,726,218,226,447,34,70,23,20,10,26,0,336047090050.54,727613575252.52,0,0,22.404933196300103,23.541666666666668,48.74591057797165,176.0,143.0,-16,0.46184829623871987,-469.0,-29.200210985339623,0.7664735222389004,23.958333333333336,23.404255319148938,50.0,15.54054054054054,14.383561643835616,43.15068493150685,24.291497975708502,27.459016393442624,57.20338983050848,23.236514522821576,24.369747899159663,45.82392776523702,11.0,1.0,9
2024-11-22,976,710,261,284,272,476,80,11,44,11,16,5,0,790692457967.3099,190453949951.51,1,0,29.460580912863072,28.541448058761805,52.25027442371021,193.0,94.0,11,4.151620158934072,449.0,2.610485609291004,0.6552397399738032,37.11340206185567,33.68421052631579,54.83870967741935,24.324324324324326,18.493150684931507,47.26027397260274,31.300813008130078,32.510288065843625,62.12765957446808,28.541226215644823,28.57142857142857,48.05491990846682,8.0,1.0,31
2024-11-25,974,760,212,424,338,512,147,8,41,8,15,3,4,1458153759098.8599,475991035485.64,2,1,44.1207075962539,35.54153522607781,56.38766519823789,261.0,89.0,12,3.063405926565712,548.0,34.74557876965371,1.170235269602773,53.608247422680414,40.0,63.44086021505376,44.21768707482993,27.397260273972602,52.054794520547944,50.81300813008131,42.97520661157025,64.1025641025641,38.6411889596603,33.33333333333333,52.18390804597701,6.0,1.0,36
2024-11-26,979,594,384,483,371,528,90,17,48,10,21,3,0,488412650747.3,313187015646.88,3,2,50.0,38.84816753926702,58.02197802197803,317.0,36.0,18,1.559492017057271,210.0,45.147355527915565,0.9919095340538652,54.63917525773196,44.21052631578947,64.51612903225806,48.97959183673469,29.45205479452055,52.73972602739726,54.47154471544715,44.8559670781893,65.38461538461539,47.05882352941176,37.57961783439491,54.46224256292906,7.0,3.0,45
2024-11-27,972,665,304,566,415,557,95,9,72,6,13,1,2,759202878969.48,240563232984.34,4,4,58.958333333333336,43.73024236037934,61.61504424778761,332.0,34.0,12,3.1559389585477593,361.0,61.36513787858988,0.6931376141085449,60.204081632653065,45.26315789473684,64.51612903225806,60.13513513513513,33.33333333333333,57.82312925170068,62.601626016260155,51.85185185185185,71.36752136752136,56.41025641025641,42.456896551724135,56.97674418604651,10.0,7.0,74
2024-11-28,982,515,461,592,450,565,63,10,63,4,10,0,4,535532550748.87,581314290734.86,21,10,61.15702479338842,46.92387904066736,62.08791208791209,248.0,36.0,10,0.9212444271271645,54.0,59.574516099023455,1.2126387162196683,54.63917525773196,45.26315789473684,67.3913043478261,54.729729729729726,35.374149659863946,57.82312925170068,64.22764227642277,53.086419753086425,71.36752136752136,62.893081761006286,47.67932489451477,57.43707093821511,31.0,17.0,53
2024-11-29,984,627,352,629,487,590,63,11,62,4,15,0,3,767920750037.03,260465666812.6,5,4,64.77857878475798,50.62370062370062,64.76399560922064,221.0,30.0,15,2.9482609337127497,275.0,68.79566189699906,0.6041697258311763,68.04123711340206,50.526315789473685,66.30434782608695,56.75675675675676,38.095238095238095,60.544217687074834,68.42105263157895,58.606557377049185,73.07692307692307,64.71816283924844,50.42016806722689,61.41552511415526,35.0,21.0,69
2024-12-02,982,627,354,681,524,597,100,8,57,3,35,0,6,666259756482.53,252856295355.54,11,7,70.35123966942149,54.64025026068822,65.7488986784141,226.0,29.0,35,2.634934422121883,273.0,76.23576324478321,0.6721937463823671,71.875,50.0,64.83516483516483,66.21621621621621,46.25850340136054,60.544217687074834,74.49392712550608,61.382113821138205,73.72881355932203,69.18238993710692,54.66101694915254,63.36405529953917,44.0,27.0,71
2024-12-03,984,685,296,758,601,628,78,10,50,4,19,1,4,828023962008.7,279790306357.75,12,8,78.14432989690722,62.539021852237255,68.93523600439077,241.0,29.0,18,2.9594447812997444,389.0,88.01587108091474,0.7819673486770824,73.95833333333334,56.38297872340425,65.93406593406593,77.02702702702703,53.06122448979592,65.98639455782312,77.82258064516128,68.0161943319838,75.52742616033755,79.49790794979079,63.8477801268499,66.97247706422019,53.0,33.0,76
2024-12-04,995,592,401,777,631,652,73,8,49,5,26,0,4,792464483108.22,351112040857.93,23,14,79.12423625254583,64.91769547325103,70.71583514099783,251.0,26.0,26,2.257013120859828,191.0,87.74778392540263,0.6540986462543275,73.19587628865979,56.38297872340425,69.23076923076923,80.4054054054054,59.183673469387756,66.66666666666666,82.66129032258065,70.8502024291498,78.48101265822784,78.11860940695297,65.28925619834712,68.23266219239373,72.0,43.0,74
2024-12-05,1005,469,530,781,649,671,50,9,63,5,29,0,4,946939767124.73,303855869422.08,26,15,78.72983870967742,66.08961303462321,71.76470588235294,201.0,27.0,29,3.116410977763129,-61.0,74.47983048781276,0.2839502449104189,80.41237113402062,65.95744680851064,71.42857142857143,82.87671232876713,55.86206896551724,65.51724137931035,82.0,74.29718875502009,79.66804979253112,75.55110220440882,64.97975708502024,69.65065502183407,77.0,48.0,79
2024-12-06,1000,573,420,799,666,673,74,7,63,5,26,0,3,704211776290.36,318881585270.37,33,21,80.87044534412956,68.02860061287028,72.36559139784946,197.0,24.0,26,2.2083801913280134,153.0,73.46333114623437,0.6177766489860148,83.50515463917526,65.95744680851064,72.52747252747253,81.63265306122449,60.273972602739725,67.8082191780822,82.32931726907631,72.98387096774194,79.16666666666666,79.39393939393939,68.22810590631364,70.19867549668875,105.0,65.0,77
2024-12-09,1004,524,475,790,681,675,70,12,50,6,27,1,4,623923917477.98,389789389681.82,40,22,79.71745711402623,69.34826883910387,72.26980728051392,194.0,28.0,26,1.6006693203919198,49.0,67.02690755345367,0.6891853805673847,77.08333333333334,67.74193548387096,72.22222222222221,80.27210884353741,64.38356164383562,65.06849315068493,80.32128514056225,75.0,79.16666666666666,79.75951903807615,68.28282828282828,70.96069868995633,134.0,80.0,72
2024-12-10,1003,488,512,782,687,677,65,22,55,5,27,1,2,618170002613.26,410468838831.21,33,19,78.98989898989899,70.03058103975535,72.48394004282656,209.0,41.0,26,1.506009577666039,-24.0,57.538630843858876,0.6328811012457968,72.16494845360825,61.702127659574465,72.52747252747253,78.76712328767124,66.89655172413794,64.13793103448275,79.11646586345381,75.0,78.75,80.32128514056225,70.04048582995951,71.83406113537117,155.0,91.0,71
2024-12-11,1017,535,478,785,715,703,58,6,55,5,21,2,0,606873808343.92,311179972017.04,42,29,78.18725099601593,71.85929648241206,74.15611814345992,193.0,40.0,19,1.950234150386414,57.0,53.18846110293606,0.5739038369843548,69.0721649484536,67.02127659574468,73.62637362637363,82.87671232876713,68.96551724137932,69.6551724137931,82.32931726907631,77.01612903225806,79.16666666666666,76.5625,71.06299212598425,73.09322033898306,174.0,106.0,74
2024-12-12,1022,247,773,708,653,682,20,49,64,3,18,2,2,449116333832.16,557257114786.67,39,20,70.02967359050444,65.16966067864271,71.48846960167715,143.0,77.0,16,0.8059409595947309,-526.0,20.05312366893236,0.3964735607665228,65.97938144329896,62.76595744680851,70.32967032967034,74.14965986394559,61.37931034482759,66.89655172413794,75.1004016064257,70.96774193548387,76.66666666666667,67.18146718146718,63.883495145631066,70.50209205020921,187.0,111.0,62
2024-12-13,1022,389,631,658,634,672,37,8,70,2,19,2,2,598753541413.11,366626174909.79,55,23,65.01976284584981,63.336663336663335,70.51416579223505,115.0,63.0,17,1.6331445553783386,-242.0,5.822144544514535,0.3774814500836177,68.36734693877551,63.829787234042556,70.65217391304348,70.27027027027027,60.689655172413794,64.58333333333334,68.67469879518072,68.14516129032258,75.83333333333333,61.12185686653772,61.673151750972764,69.60167714884696,209.0,113.0,58
2024-12-16,1014,566,446,681,646,673,70,10,140,2,28,0,5,555491150589.84,288497216979.36,40,13,67.6266137040715,64.98993963782696,71.21693121693121,127.0,67.0,28,1.9254645032835156,120.0,11.72554667041472,0.6590920236649321,69.38775510204081,63.829787234042556,72.82608695652173,72.66666666666667,63.26530612244898,66.20689655172414,70.56451612903226,70.56451612903226,77.08333333333334,64.38356164383562,62.97029702970297,69.44444444444444,209.0,104.0,59
2024-12-17,1019,306,710,594,600,640,53,19,116,2,30,1,3,391797073552.13,616262560752.55,20,10,58.69565217391305,60.06006006006006,67.43940990516333,160.0,37.0,29,0.6357632257810475,-404.0,-9.485672245292697,0.6779031847327802,61.224489795918366,60.63829787234043,67.3913043478261,54.0,51.70068027210885,60.689655172413794,60.88709677419355,63.306451612903224,72.91666666666666,58.52713178294574,60.78431372549019,66.73728813559322,196.0,95.0,50
2024-12-18,1022,262,756,490,547,617,26,42,116,1,13,7,0,286585448957.23,579884524788.24,13,6,48.32347140039448,54.7,64.94736842105263,149.0,71.0,6,0.49421123811138806,-494.0,-32.07383605699607,0.7012403195953565,46.93877551020408,54.25531914893617,65.21739130434783,42.0,43.53741496598639,55.86206896551724,50.806451612903224,58.06451612903226,72.08333333333333,49.22779922779923,56.360078277886494,64.05919661733616,167.0,72.0,37
2024-12-19,1026,377,647,464,514,604,37,23,90,2,15,10,2,367118763423.87,578098122471.1901,27,10,45.75936883629191,51.4,63.512092534174556,116.0,84.0,5,0.6350457632599656,-270.0,-40.02634693571748,0.9175548741604531,35.78947368421053,41.75824175824176,62.92134831460674,42.0,42.567567567567565,55.47945205479452,49.193548387096776,55.06072874493927,69.0376569037657,47.02495201535509,53.89105058365759,63.312368972746334,155.0,62.0,33
2024-12-20,1031,108,921,294,390,553,13,212,81,2,7,17,2,248539033910.67,1063123876105.18,20,5,28.85181550539745,38.84462151394422,57.90575916230366,76.0,277.0,-10,0.23378181931272968,-813.0,-73.7756120023457,0.5015952223870102,21.27659574468085,28.888888888888886,54.54545454545454,26.666666666666668,31.756756756756754,49.31506849315068,30.522088353413658,44.534412955465584,64.85355648535564,30.038022813688215,39.884393063583815,57.676348547717836,120.0,44.0,26
2024-12-23,1039,376,661,281,376,543,28,46,69,3,4,11,2,484244964186.66,307637116754.3,17,5,27.414634146341466,37.227722772277225,56.56250000000001,78.0,281.0,-7,1.5740784769264726,-285.0,-75.86235557430109,0.3613765810752686,24.731182795698924,38.20224719101123,58.620689655172406,24.0,29.054054054054053,50.3448275862069,31.72690763052209,40.48582995951417,62.76150627615063,26.82926829268293,37.832699619771866,55.010224948875255,97.0,36.0,30
2024-12-24,1028,563,462,300,381,540,51,8,62,3,5,6,5,444286346751.11,284168427282.36,12,4,29.55665024630542,38.1,56.782334384858046,92.0,266.0,-1,1.5634613281990368,101.0,-57.96720955045144,0.7794338731860099,23.655913978494624,35.95505617977528,56.32183908045977,23.333333333333332,28.37837837837838,49.6551724137931,35.88709677419355,42.27642276422765,63.02521008403361,29.389312977099237,39.26499032882012,55.92515592515592,89.0,30.0,25
2024-12-26,1029,364,662,277,374,533,31,24,49,3,4,8,5,472746193407.41,306094479757.91,7,5,27.210216110019648,37.3253493013972,55.9286463798531,110.0,78.0,-4,1.544445341782396,-298.0,-62.327023652307744,0.35601709411329757,24.46808510638298,37.07865168539326,59.77011494252874,24.666666666666668,31.08108108108108,50.3448275862069,34.67741935483871,43.49593495934959,61.34453781512605,24.904942965779465,36.22350674373796,54.24430641821946,83.0,29.0,24
2024-12-27,1027,520,501,299,384,540,45,22,39,4,4,5,2,374959602927.3,326355455515.38,7,5,29.429133858267715,38.36163836163836,56.72268907563025,127.0,54.0,-1,1.148930090153279,19.0,-49.893029591133356,0.9033832089454085,27.659574468085108,37.07865168539326,55.172413793103445,26.0,32.21476510067114,50.0,34.274193548387096,44.89795918367347,62.28813559322034,28.435114503816795,37.25868725868725,56.31469979296067,63.0,24.0,24
2024-12-30,1030,324,705,289,361,520,49,79,37,4,10,12,1,638880444656.63,695332718106.35,5,3,28.472906403940883,36.13613613613614,54.621848739495796,125.0,125.0,-2,0.9188125742112919,-381.0,-59.012499520873575,0.5001830416607052,37.362637362637365,37.2093023255814,53.57142857142857,30.201342281879196,31.292517006802722,47.22222222222222,32.66129032258064,42.04081632653061,58.47457627118644,24.47817836812144,34.548944337811896,55.122950819672134,48.0,22.0,20
2024-12-31,1032,676,354,345,387,544,52,12,35,3,7,2,1,479003183447.52997,305786885447.47,4,3,34.023668639053255,38.73873873873874,57.202944269190326,146.0,113.0,5,1.5664608465683079,322.0,-31.364583813197115,1.21905665497956,37.07865168539326,34.523809523809526,53.65853658536586,32.432432432432435,34.93150684931507,51.048951048951054,37.096774193548384,42.04081632653061,60.851063829787236,32.514177693761816,38.93129770992366,57.841140529531565,35.0,20.0,45
2025-01-01,1031,724,301,455,454,553,108,9,34,4,12,2,1,480023432891.39,149282847747.24,8,4,44.9604743083004,45.49098196392786,58.27186512118019,209.0,100.0,10,3.215529715136111,423.0,-2.5187929640677282,0.7480309086542294,42.69662921348314,40.476190476190474,54.87804878048781,41.21621621621622,37.67123287671233,51.048951048951054,49.392712550607285,52.459016393442624,61.965811965811966,44.31818181818182,45.229007633587784,59.183673469387756,31.0,20.0,61
2025-01-02,1025,685,336,539,499,579,73,8,34,3,18,3,3,800748223912.01,149007919218.39,18,8,53.57852882703777,50.30241935483871,61.39978791092259,233.0,29.0,15,5.373863537671524,349.0,18.45695217675822,0.3793714637334899,55.55555555555556,51.76470588235295,66.26506024096386,57.432432432432435,45.20547945205479,53.84615384615385,56.50406504065041,58.0246913580247,63.0901287553648,50.76628352490421,47.87644787644788,61.98347107438017,42.0,23.0,57
2025-01-03,1012,478,529,517,488,570,47,10,32,3,14,2,4,573484397258.02,427254675290.21,7,4,52.06445115810675,49.795918367346935,61.1587982832618,228.0,27.0,12,1.342254234827236,-51.0,16.29892951128062,0.6731896677800109,51.11111111111111,45.348837209302324,64.28571428571429,58.78378378378378,46.57534246575342,52.816901408450704,52.84552845528455,54.32098765432099,62.39316239316239,49.90176817288802,49.306930693069305,62.5,42.0,22.0,47
2025-01-06,1006,73,933,249,324,493,13,435,27,5,3,16,0,194491669584.73,785510773005.94,7,1,25.202429149797574,33.26488706365503,53.23974082073434,133.0,453.0,-13,0.24759898434042138,-860.0,-26.077674515259133,0.3160038381258335,28.26086956521739,37.93103448275862,54.11764705882353,29.45205479452055,30.344827586206897,45.39007092198582,25.101214574898783,35.80246913580247,55.319148936170215,23.45924453280318,32.06412825651302,54.40860215053763,44.0,20.0,17
2025-01-07,1007,812,193,378,401,534,139,9,29,4,10,8,2,671380211413.92,226921994574.7,18,4,38.18181818181819,41.04401228249744,57.48116254036598,199.0,454.0,2,2.958638772201122,619.0,11.770717414625665,1.4220235080879156,33.69565217391305,34.48275862068966,57.647058823529406,41.78082191780822,37.93103448275862,48.93617021276596,40.08097165991903,47.73662551440329,59.148936170212764,37.02970297029703,39.8406374501992,59.18803418803419,58.0,21.0,28
2025-01-08,1000,259,737,314,349,516,24,36,22,5,8,10,2,338991426329.41,562453998498.87,17,2,31.975560081466398,36.01651186790505,55.90465872156013,176.0,480.0,-2,0.6027007137190634,-478.0,-10.777761072395961,0.5830832562645449,29.67032967032967,32.18390804597701,54.11764705882353,34.93150684931507,29.86111111111111,47.85714285714286,33.198380566801625,40.74074074074074,58.54700854700855,30.923694779116467,36.16161616161616,57.327586206896555,67.0,19.0,16
2025-01-09,988,206,778,255,304,478,14,77,16,6,2,12,0,271581009397.24,571660132838.57,1,0,26.288659793814436,31.732776617954073,52.41228070175439,177.0,122.0,-10,0.4750742509342194,-572.0,-34.70282137343747,0.5573475945747128,24.175824175824175,25.0,50.588235294117645,27.89115646258503,28.965517241379313,43.262411347517734,27.235772357723576,35.12396694214876,57.5107296137339,25.720164609053498,32.091097308488614,52.980132450331126,50.0,11.0,17
2025-01-10,977,106,871,147,225,420,8,218,13,17,1,39,0,231704570511.41,651132158595.61,6,1,15.312500000000002,23.734177215189874,46.46017699115044,46.0,331.0,-38,0.3558487588927576,-765.0,-64.63523382396079,0.3419969672080227,20.87912087912088,23.863636363636363,45.88235294117647,18.367346938775512,24.137931034482758,45.07042253521127,17.479674796747968,24.793388429752067,49.137931034482754,12.184873949579831,23.044397463002113,45.61797752808989,49.0,8.0,6
2025-01-13,972,33,938,61,119,317,2,565,9,45,0,89,0,86215547643.86,884199832599.95,6,0,6.387434554973822,12.60593220338983,35.22222222222222,24.0,860.0,-89,0.09750685813901033,-905.0,-96.90427030003843,0.3608078174728794,10.989010989010989,13.636363636363635,35.294117647058826,8.16326530612245,13.10344827586207,33.098591549295776,6.097560975609756,14.049586776859504,38.793103448275865,5.095541401273886,11.513859275053305,34.01360544217687,48.0,7.0,2
2025-01-14,970,783,187,110,162,365,205,12,12,16,2,8,0,757180941946.95,232062397166.96,4,0,11.554621848739496,17.215727948990438,40.691192865105904,215.0,795.0,-6,3.262833406836642,596.0,-48.959775135584636,1.2832913156484382,16.483516483516482,18.181818181818183,42.35294117647059,13.013698630136986,15.277777777777779,36.17021276595745,11.788617886178862,19.00826446280992,43.53448275862069,10.021321961620469,16.70235546038544,40.31890660592255,34.0,3.0,13
2025-01-15,964,475,488,116,162,366,56,29,9,22,4,7,3,552931968648.42,338333582797.11,2,0,12.26215644820296,17.326203208556148,41.07744107744108,263.0,606.0,-3,1.6342804757280014,-13.0,-38.172432894298694,0.5955897229354801,16.666666666666664,22.988505747126435,42.857142857142854,15.068493150684931,15.277777777777779,39.71631205673759,11.336032388663968,19.672131147540984,41.452991452991455,11.01511879049676,15.65217391304348,40.97222222222222,19.0,1.0,11
2025-01-16,959,764,193,201,208,395,110,6,11,10,4,3,2,695990535960.42,218920179747.52,0,0,21.314952279957584,22.365591397849464,44.632768361581924,371.0,47.0,1,3.1791977183789264,571.0,0.44160688647228596,1.245140936002053,24.731182795698924,26.436781609195403,47.61904761904761,24.65753424657534,22.06896551724138,40.42553191489361,21.86234817813765,23.770491803278688,46.15384615384615,19.25601750547046,20.92511013215859,44.60093896713615,18.0,1.0,27
2025-01-17,950,474,470,220,213,393,45,16,13,7,7,4,1,463679600309.23,352191865622.4,0,0,23.554603854389722,23.152173913043477,44.760820045558084,211.0,51.0,3,1.3165539740385734,4.0,5.104402864599109,0.7660230102106883,24.210526315789473,23.863636363636363,47.05882352941176,30.344827586206897,25.694444444444443,43.262411347517734,25.101214574898783,24.59016393442623,45.06437768240343,20.3579418344519,21.396396396396398,44.630071599045344,12.0,0.0,21
2025-01-20,938,621,314,313,251,413,90,18,10,6,5,4,2,563561588019.37,298669000550.06,1,1,33.83783783783784,27.552140504939626,47.5258918296893,245.0,40.0,1,1.8869102149250714,307.0,24.215571411574544,1.048119296152075,37.5,27.27272727272727,47.05882352941176,39.310344827586206,26.38888888888889,46.09929078014184,33.603238866396765,29.508196721311474,47.63948497854077,31.35011441647597,26.89655172413793,48.048780487804876,7.0,1.0,26
2025-01-21,934,137,794,195,189,362,6,119,14,7,0,8,0,131180583931.56,811781892148.4,10,2,21.218715995647443,20.883977900552487,41.898148148148145,141.0,153.0,-8,0.16159584883617872,-657.0,-7.765457337819328,1.0677506993354406,18.947368421052634,16.091954022988507,42.857142857142854,21.379310344827587,17.36111111111111,36.17021276595745,22.58064516129032,23.26530612244898,44.871794871794876,20.88167053364269,21.678321678321677,41.9753086419753,13.0,3.0,10
2025-01-22,929,196,731,152,146,323,8,98,11,18,0,17,0,328234291108.82,600651634564.45,2,1,16.612021857923498,16.204217536071035,37.60186263096624,104.0,235.0,-17,0.54646366083201,-535.0,-28.970409631861997,0.4906563312644231,18.947368421052634,16.091954022988507,38.095238095238095,18.493150684931507,14.482758620689657,32.3943661971831,18.62348178137652,17.62295081967213,41.201716738197426,14.285714285714285,16.0,37.25,13.0,4.0,6
2025-01-23,931,541,385,200,182,337,57,21,11,17,0,5,0,588424870499.7,292364270231.42,5,1,21.810250817884405,20.155038759689923,39.09512761020882,71.0,238.0,-5,2.0126428924913915,156.0,-12.405791795109167,0.6981838707886007,25.263157894736842,24.137931034482758,41.66666666666667,27.027027027027028,21.08843537414966,31.944444444444443,25.30612244897959,21.90082644628099,43.290043290043286,17.24941724941725,18.0327868852459,38.70967741935484,18.0,5.0,15
2025-01-24,930,101,825,130,136,294,10,147,10,27,0,28,0,222612351375.71,595945257277.4,4,1,14.115092290988057,15.060908084163898,34.02777777777778,75.0,266.0,-28,0.3735449668526997,-724.0,-42.18101458570996,0.32773629224809786,20.618556701030926,21.59090909090909,38.82352941176471,20.408163265306122,17.80821917808219,30.49645390070922,12.449799196787147,14.40329218106996,35.622317596566525,11.448598130841122,13.145539906103288,33.33333333333333,22.0,6.0,6
2025-01-27,927,81,845,62,87,227,6,402,7,59,1,81,0,158785164376.59,736298082774.56,0,0,6.739130434782608,9.65593784683685,26.364692218350754,73.0,570.0,-80,0.21565337203955057,-764.0,-69.42792499874506,0.4445002981363085,9.375,12.5,35.714285714285715,8.783783783783784,12.32876712328767,23.404255319148938,5.6000000000000005,10.655737704918032,25.75107296137339,6.103286384976526,7.5650118203309695,25.806451612903224,21.0,5.0,3
2025-01-28,924,282,641,65,86,212,36,123,3,67,0,55,0,537588265853.82,567219350463.91,4,0,7.080610021786492,9.555555555555555,24.679860302677533,52.0,672.0,-55,0.9477608008509305,-359.0,-72.12689377689637,0.4641863190679651,15.463917525773196,14.606741573033707,31.76470588235294,10.06711409395973,10.273972602739725,22.69503546099291,6.024096385542169,10.245901639344263,24.463519313304722,4.7281323877068555,7.8384798099762465,24.0,15.0,3.0,2
2025-01-29,926,826,100,148,119,260,304,19,4,47,1,1,0,739583104148.96,138811132528.44,2,0,16.08695652173913,13.19290465631929,30.197444831591174,346.0,544.0,0,5.327981197743143,726.0,-19.823877613331263,1.5503057712551271,21.649484536082475,15.909090909090908,35.714285714285715,23.48993288590604,15.646258503401361,29.577464788732392,15.66265060240964,13.524590163934427,31.16883116883117,12.470588235294118,11.583924349881796,28.71287128712871,15.0,2.0,15
2025-01-30,933,470,462,179,131,270,58,47,4,66,5,3,0,546669701326.83,444546138953.47,1,0,19.35135135135135,14.44321940463065,31.141868512110726,398.0,189.0,2,1.2297254512518647,8.0,-10.905679405416421,0.8272708483673215,28.125,15.909090909090908,36.904761904761905,26.174496644295303,17.80821917808219,30.49645390070922,20.967741935483872,14.814814814814813,32.03463203463203,14.120370370370368,12.790697674418606,29.683698296836987,11.0,1.0,21
2025-01-31,931,758,170,280,183,314,154,14,6,56,3,2,0,823218780285.2,177714787543.08,2,2,30.335861321776814,20.198675496688743,36.30057803468208,516.0,80.0,1,4.632246937164094,588.0,25.77390845937783,0.962561709229927,45.36082474226804,26.96629213483146,44.70588235294118,41.21621621621622,28.965517241379313,39.285714285714285,29.1497975708502,20.98765432098765,35.93073593073593,23.897911832946637,15.384615384615385,33.74083129584352,9.0,2.0,29
2025-02-01,927,447,478,317,192,318,121,60,4,53,9,1,0,484106148747.14,492195247216.73,1,0,34.494015233949945,21.286031042128602,36.89095127610209,333.0,121.0,8,0.9835652649729304,-31.0,26.056086541480028,0.950772131568088,41.66666666666667,25.842696629213485,42.35294117647059,42.95302013422819,30.136986301369863,36.87943262411347,32.79352226720648,20.66115702479339,36.79653679653679,30.913348946135834,17.647058823529413,35.80246913580247,10.0,2.0,20
2025-02-03,912,234,678,247,171,276,36,182,7,44,8,9,1,356659846643.84,650445329593.62,3,2,27.292817679558013,19.256756756756758,32.50883392226148,311.0,256.0,-1,0.5483317819603242,-444.0,5.5170683689700155,0.6294231972638141,32.29166666666667,23.595505617977526,41.17647058823529,31.543624161073826,22.602739726027394,32.62411347517731,27.82258064516129,19.00826446280992,31.16883116883117,24.271844660194176,17.27493917274939,31.377551020408163,9.0,4.0,14
2025-02-04,909,659,247,339,204,305,120,16,5,47,6,2,2,775210664853.1,225128783604.97,9,4,37.666666666666664,23.103057757644393,36.137440758293835,277.0,258.0,4,3.4434098227677103,412.0,30.72862248962909,0.7748180819753577,50.51546391752577,31.521739130434785,42.04545454545455,43.24324324324324,25.174825174825177,34.05797101449276,36.54618473895582,22.633744855967077,38.793103448275865,33.251231527093594,20.74074074074074,33.93782383419689,16.0,8.0,33
2025-02-05,908,628,278,410,252,328,99,10,5,33,8,1,3,584384538492.79,314209129631.36,13,4,45.657015590200444,28.57142857142857,38.95486935866984,255.0,208.0,7,1.8598585571921742,350.0,49.030858150344464,1.2146046251849356,51.041666666666664,35.16483516483517,42.5287356321839,51.35135135135135,32.63888888888889,35.507246376811594,46.400000000000006,27.86885245901639,42.48927038626609,41.83168316831683,26.054590570719604,37.23958333333333,28.0,12.0,25
2025-02-06,907,411,495,411,255,326,49,27,10,24,3,2,3,355007298273.98,487165278041.12,6,3,45.819397993311036,28.944381384790013,38.71733966745843,268.0,53.0,1,0.7287204451463698,-84.0,42.73411534950439,1.139398566121274,44.79166666666667,31.868131868131865,40.229885057471265,46.62162162162162,29.166666666666668,34.78260869565217,48.4,30.327868852459016,43.34763948497854,44.168734491315135,27.363184079601986,36.97916666666667,32.0,13.0,23
2025-02-07,906,286,620,363,242,313,24,46,9,22,1,7,1,424873161518.71,424058468825.85004,3,2,40.513392857142854,27.500000000000004,37.21759809750297,172.0,83.0,-6,1.0019211801031016,-334.0,24.636729678038606,0.46040580011810567,44.329896907216494,30.107526881720432,39.77272727272727,47.97297297297297,28.87323943661972,33.82352941176471,39.75903614457831,30.737704918032787,40.598290598290596,37.3134328358209,24.438902743142144,35.77023498694517,34.0,15.0,24
2025-02-10,904,105,798,208,166,276,6,160,13,19,1,14,0,130636008961.09999,562074189565.81,2,0,23.318385650224215,18.97142857142857,33.014354066985646,79.0,233.0,-13,0.232417733078997,-693.0,-8.90971871945483,0.5661312741730355,30.612244897959183,22.58064516129032,39.77272727272727,22.972972972972975,19.718309859154928,31.61764705882353,23.293172690763054,20.491803278688526,36.324786324786324,21.662468513853906,16.91919191919192,29.894179894179896,33.0,13.0,9
2025-02-11,900,41,859,81,94,209,9,340,4,35,0,70,0,79176477120.67,742415706963.66,7,0,9.111361079865016,10.77981651376147,25.090036014405765,39.0,546.0,-70,0.10664709323633094,-818.0,-43.797383505714464,0.4475501118827992,14.14141414141414,13.829787234042554,34.831460674157306,11.564625850340136,12.056737588652481,21.48148148148148,9.236947791164658,11.475409836065573,26.923076923076923,6.852791878172589,9.16030534351145,22.933333333333334,31.0,9.0,4
2025-02-12,901,384,514,111,106,205,48,43,6,35,1,67,1,493932396101.6,504373902508.67,11,1,12.47191011235955,12.142038946162657,24.550898203592812,63.0,543.0,-66,0.9792980835147581,-130.0,-39.00734998043788,0.7628746799758219,20.2020202020202,14.893617021276595,31.46067415730337,17.006802721088434,17.73049645390071,23.703703703703706,12.048192771084338,12.704918032786885,25.847457627118644,9.113924050632912,9.137055837563452,22.400000000000002,29.0,6.0,5
2025-02-13,908,396,509,113,107,212,34,43,5,47,3,14,1,448530564391.06,347330469539.93,1,0,12.597547380156076,12.15909090909091,25.208085612366233,91.0,426.0,-11,1.2913654393326865,-113.0,-33.86683456642422,0.6024600372834396,15.151515151515152,14.893617021276595,35.95505617977528,17.687074829931973,18.30985915492958,26.47058823529412,11.244979919678714,11.11111111111111,25.106382978723403,10.945273631840797,9.975062344139651,22.30971128608924,24.0,3.0,9
2025-02-14,905,81,824,54,55,147,6,345,4,84,0,81,0,134752395454.34,665757135758.55,0,0,6.033519553072626,6.2713797035347785,17.541766109785204,88.0,431.0,-81,0.20240473322273275,-743.0,-60.80235971461039,0.4856653760444071,11.11111111111111,9.574468085106384,28.08988764044944,10.135135135135135,10.56338028169014,21.323529411764707,3.2128514056224895,4.11522633744856,16.52542372881356,5.012531328320802,5.276381909547738,14.323607427055704,21.0,1.0,3
2025-02-17,908,374,531,64,65,151,38,75,4,115,2,64,0,404565465060.24,372787114299.2,0,0,7.142857142857142,7.403189066059225,18.01909307875895,78.0,463.0,-62,1.0852453036655516,-157.0,-54.22822191773653,0.6490066786883983,14.14141414141414,13.829787234042554,29.213483146067414,12.837837837837837,14.084507042253522,22.058823529411764,4.819277108433735,5.761316872427984,17.02127659574468,4.75,4.511278195488721,14.550264550264549,19.0,1.0,7
2025-02-18,920,229,690,66,61,141,18,155,3,131,1,81,0,265725845697.63,458437377403.39,3,1,7.2767364939360535,6.86164229471316,16.646989374262102,62.0,575.0,-80,0.5796339015869805,-461.0,-63.536192991820684,0.5725753049680992,15.306122448979592,15.053763440860216,29.545454545454547,12.162162162162163,11.971830985915492,20.588235294117645,7.630522088353414,4.938271604938271,16.23931623931624,3.3980582524271843,4.37956204379562,12.596401028277635,15.0,2.0,2
2025-02-19,920,736,181,118,84,162,241,16,6,68,3,5,0,586949560483.14,203145638007.5,0,0,13.009922822491731,9.448818897637794,19.126328217237308,297.0,246.0,-2,2.8893042756914635,555.0,-20.376827295203555,1.4073624494146768,22.448979591836736,18.27956989247312,31.818181818181817,20.945945945945947,14.084507042253522,21.16788321167883,10.441767068273093,8.60655737704918,18.803418803418804,9.466019417475728,6.341463414634147,15.721649484536082,4.0,1.0,16
2025-02-20,932,691,241,175,111,188,113,8,5,62,0,2,1,527772862881.09,238939690807.48,0,0,19.042437431991292,12.333333333333334,21.93698949824971,372.0,179.0,-2,2.208812027409588,450.0,11.37631451188011,1.2980823544206324,25.510204081632654,18.27956989247312,37.5,27.027027027027028,19.148936170212767,23.52941176470588,20.080321285140563,11.065573770491802,20.851063829787233,14.150943396226415,9.47867298578199,18.592964824120603,3.0,1.0,22
2025-02-21,936,263,670,155,105,181,28,37,6,45,1,9,1,286376866046.98,516591240086.53,0,0,16.793066088840735,11.61504424778761,21.022067363530777,382.0,61.0,-8,0.5543587343815805,-407.0,-4.381630815622742,0.7080925925533295,23.46938775510204,17.20430107526882,33.70786516853933,22.972972972972975,19.718309859154928,19.852941176470587,17.741935483870968,10.330578512396695,23.17596566523605,12.587412587412588,8.430913348946136,17.3697270471464,3.0,1.0,15
2025-02-24,937,213,722,130,89,154,14,56,11,29,1,34,0,202715871382.56,475350115083.15,0,0,14.084507042253522,9.845132743362832,17.865429234338748,155.0,101.0,-33,0.4264559215413258,-509.0,-22.93276591655956,0.6917804056964516,18.367346938775512,14.893617021276595,28.888888888888886,18.243243243243242,12.676056338028168,19.11764705882353,16.93548387096774,9.95850622406639,18.53448275862069,10.023310023310025,7.728337236533958,14.603960396039604,3.0,1.0,10
2025-02-25,926,339,584,128,93,161,27,29,16,24,1,29,0,339467448984.43,376761069474.86,2,1,14.019715224534501,10.426008968609866,18.896713615023476,69.0,122.0,-28,0.9010151963354099,-245.0,-25.479322598277776,0.6442504570574485,16.3265306122449,15.053763440860216,30.337078651685395,16.216216216216218,13.380281690140844,20.588235294117645,15.261044176706829,10.78838174273859,21.120689655172413,11.961722488038278,8.173076923076923,14.430379746835442,2.0,1.0,10
2025-02-27,924,172,750,107,78,137,18,180,7,52,2,86,0,317591614309.95,575462637085.17,2,0,11.758241758241757,8.74439461883408,16.13663133097762,59.0,265.0,-84,0.5518891998247065,-578.0,-44.17923194815546,0.4155423469170536,16.3265306122449,15.789473684210526,28.888888888888886,14.864864864864865,12.676056338028168,19.25925925925926,13.253012048192772,8.264462809917356,17.24137931034483,8.674698795180722,6.053268765133172,11.479591836734695,4.0,1.0,5
2025-02-28,921,130,791,68,61,112,15,262,4,73,0,168,0,328634245627.21,1142444268183.02,0,0,7.497243660418963,6.853932584269663,13.20754716981132,60.0,471.0,-168,0.287658886109062,-661.0,-64.09675828256007,0.571332690722308,12.121212121212121,10.416666666666668,23.91304347826087,6.756756756756757,8.450704225352112,16.417910447761194,10.080645161290322,7.43801652892562,12.5,5.097087378640777,5.121951219512195,10.0,4.0,1.0,3
2025-03-03,929,351,574,70,56,106,42,107,3,130,2,100,0,505527488566.87,401240625878.31,3,2,7.650273224043716,6.229143492769744,12.412177985948478,75.0,549.0,-98,1.2599110258595514,-223.0,-58.90575950706321,0.4853503503729858,9.090909090909092,10.416666666666668,23.076923076923077,10.135135135135135,8.333333333333332,16.176470588235293,7.661290322580645,7.053941908713693,11.688311688311687,6.428571428571428,4.0669856459330145,9.090909090909092,7.0,3.0,10
2025-03-04,929,619,306,102,76,117,117,17,4,101,1,15,0,529724150809.67,300811957036.04,3,2,11.135371179039302,8.444444444444445,13.66822429906542,174.0,386.0,-14,1.760981032898916,313.0,-27.37292675647811,1.1487209567858994,14.14141414141414,11.458333333333332,24.175824175824175,13.513513513513514,12.5,16.911764705882355,12.5,7.883817427385892,11.637931034482758,8.788598574821853,6.682577565632458,11.335012594458437,10.0,5.0,20
2025-03-05,925,835,89,232,103,149,240,4,5,47,0,0,1,769436201164.3,148038100851.63998,2,2,25.410733844468787,11.495535714285714,17.508813160987074,399.0,128.0,0,5.197555201923385,746.0,21.374509879054543,1.8050837571553335,36.36363636363637,14.583333333333334,28.57142857142857,28.187919463087248,15.277777777777779,19.852941176470587,24.596774193548388,11.570247933884298,15.879828326180256,22.302158273381295,9.420289855072465,15.089514066496163,10.0,6.0,42
2025-03-06,931,741,190,334,155,171,116,1,8,41,1,2,0,684401082842.12,214117447756.41,1,0,36.30434782608696,17.184035476718403,19.93006993006993,473.0,22.0,-1,3.196381658820848,551.0,53.196695653039704,1.2201296391616507,40.4040404040404,22.916666666666664,27.472527472527474,35.57046979865772,20.833333333333336,23.357664233576642,37.096774193548384,14.87603305785124,17.24137931034483,35.14150943396226,15.95238095238095,18.592964824120603,9.0,6.0,47
2025-03-07,929,570,353,394,171,179,90,8,6,45,2,0,0,446574312413.53,325482533782.86,0,0,42.87268770402611,18.895027624309392,20.911214953271028,446.0,13.0,2,1.372037716504488,217.0,63.438681011531806,1.1768851969323302,41.41414141414141,24.742268041237114,27.173913043478258,39.59731543624161,21.379310344827587,21.897810218978105,41.76706827309237,17.21311475409836,18.803418803418804,45.023696682464454,17.66109785202864,20.35623409669211,9.0,6.0,50
2025-03-10,928,146,782,266,133,152,10,224,3,75,2,2,0,181382327724.86,549257058176.4,2,1,28.881650380021718,14.631463146314633,17.715617715617714,216.0,233.0,0,0.33023212906370525,-636.0,29.228385087984904,0.565362212916026,32.6530612244898,19.791666666666664,25.274725274725274,30.87248322147651,15.172413793103448,20.437956204379564,29.31726907630522,14.285714285714285,14.042553191489363,27.058823529411764,13.47517730496454,17.21518987341772,8.0,5.0,24
2025-03-11,922,353,564,257,134,151,29,43,6,76,2,14,0,380661441538.26,425437498490.25,5,2,28.087431693989075,14.823008849557523,17.743830787309047,129.0,275.0,-12,0.8947529140922302,-211.0,21.082440147912365,0.6995076685027474,40.4040404040404,22.68041237113402,26.08695652173913,29.054054054054053,16.666666666666664,21.323529411764707,29.71887550200803,15.040650406504067,15.74468085106383,23.86634844868735,12.23021582733813,15.721649484536082,10.0,5.0,18
2025-03-12,921,330,590,242,137,148,26,35,8,58,1,19,0,412077664029.5,395776065789.46,2,0,26.477024070021884,15.171650055370986,17.41176470588235,65.0,302.0,-18,1.0411889440750364,-260.0,11.562245023410796,0.537195517759931,41.41414141414141,27.55102040816326,25.806451612903224,27.516778523489933,14.482758620689657,19.708029197080293,27.016129032258064,14.754098360655737,15.517241379310345,22.248803827751196,12.740384615384615,15.721649484536082,10.0,3.0,13
2025-03-13,919,281,636,213,133,139,17,25,10,36,2,26,0,256769622317.71,425362314877.68,3,2,23.355263157894736,14.761376248612654,16.372202591283862,72.0,103.0,-24,0.6036492028955324,-355.0,-1.3853330331550922,0.7319216148249124,35.35353535353536,23.46938775510204,24.731182795698924,21.333333333333336,16.43835616438356,17.391304347826086,26.31578947368421,13.877551020408163,16.23931623931624,19.471153846153847,12.62135922330097,14.0625,12.0,5.0,12
2025-03-17,917,426,489,262,143,140,38,50,11,40,6,55,0,466815771968.81,241295920367.77,2,1,28.79120879120879,15.906562847608456,16.528925619834713,81.0,110.0,-49,1.9346194136117802,-63.0,2.1514143936468457,0.450303371320658,46.0,30.303030303030305,25.53191489361702,32.88590604026846,17.93103448275862,18.248175182481752,33.603238866396765,16.3265306122449,15.74468085106383,20.28985507246377,11.463414634146343,14.173228346456693,14.0,6.0,21
2025-03-18,911,826,83,419,197,173,231,5,10,20,7,0,0,759742274720.6,84851101770.97,1,0,46.24724061810154,21.986607142857142,20.473372781065088,286.0,80.0,7,8.953829223942142,743.0,45.46457637159426,1.111458235355324,64.0,36.36363636363637,29.78723404255319,55.70469798657718,26.20689655172414,22.62773722627737,52.41935483870967,24.390243902439025,20.33898305084746,34.71882640586797,15.517241379310345,17.46031746031746,13.0,5.0,42
2025-03-19,912,773,139,583,283,199,192,3,25,7,6,0,2,825861653165.21,162084259267.93,3,3,64.20704845814979,31.549609810479375,23.550295857988164,461.0,58.0,6,5.0952612973974025,634.0,76.82000698088133,1.091435895932807,77.0,43.43434343434344,32.25806451612903,68.45637583892618,40.41095890410959,29.496402877697843,73.49397590361446,36.734693877551024,22.127659574468083,53.90243902439025,22.358722358722357,20.105820105820104,11.0,6.0,76
2025-03-20,910,549,360,610,313,221,57,10,26,4,5,1,0,716942353016.18,259830544472.23,1,1,67.40331491712708,35.01118568232663,26.18483412322275,480.0,18.0,4,2.7592689476614054,189.0,80.99480011691738,0.5526826231609284,78.0,47.474747474747474,33.69565217391305,76.51006711409396,49.31506849315068,32.142857142857146,70.68273092369478,37.142857142857146,24.25531914893617,59.45945945945946,25.495049504950494,23.342175066312997,10.0,7.0,88
2025-03-21,919,731,187,736,383,258,156,10,50,1,9,0,2,1244432773542.33,276223056532.16,4,4,80.43715846994536,42.414174972314505,30.210772833723652,405.0,23.0,9,4.505173424570529,544.0,101.90927424764362,0.8676893297317532,86.0,59.59595959595959,37.634408602150536,84.66666666666667,52.38095238095239,36.42857142857142,83.13253012048193,49.59016393442623,32.47863247863248,75.96153846153845,30.508474576271187,24.8062015503876,11.0,9.0,96
2025-03-24,925,650,272,785,458,290,104,11,46,2,8,0,1,796269176582.12,215877138350.1,17,13,85.23344191096635,50.38503850385039,33.72093023255814,317.0,31.0,8,3.6885294231145767,378.0,110.9816032581763,0.6478749681045203,89.0,65.3061224489796,45.65217391304348,90.66666666666666,63.51351351351351,43.262411347517734,87.14859437751004,57.377049180327866,34.8936170212766,81.27962085308057,38.18615751789976,26.785714285714285,26.0,21.0,96
2025-03-25,935,156,778,652,392,261,14,152,22,2,0,4,1,314502161266.19,695125433910.29,16,9,70.18299246501614,42.70152505446623,30.103806228373703,274.0,173.0,-4,0.45243943887511145,-622.0,68.18353654589089,0.44318448302388025,84.0,57.14285714285714,41.30434782608695,87.33333333333333,54.054054054054056,38.297872340425535,75.1004016064257,49.795918367346935,32.340425531914896,58.139534883720934,31.381733021077284,23.308270676691727,41.0,30.0,72
2025-03-26,941,184,756,544,340,232,13,81,18,5,0,8,1,289687189663.48,580144771690.01,46,10,58.119658119658126,36.79653679653679,26.605504587155966,131.0,244.0,-8,0.4993360343825854,-572.0,33.75027182415741,0.4874197466785738,74.0,56.56565656565656,34.78260869565217,75.33333333333333,51.67785234899329,35.91549295774648,62.0,41.39344262295082,29.48717948717949,46.330275229357795,24.537037037037038,19.801980198019802,84.0,37.0,38
2025-03-27,949,630,317,610,388,263,103,20,26,3,1,4,1,1012742657667.21,397213296694.25,20,6,64.55026455026454,41.58628081457664,29.954441913439634,130.0,253.0,-3,2.5496192249746263,313.0,48.391079127954484,0.7794817688864147,81.0,60.60606060606061,39.130434782608695,82.0,58.38926174496645,42.95774647887324,67.2,47.950819672131146,32.47863247863248,53.48314606741573,28.117913832199548,21.951219512195124,103.0,42.0,49
2025-03-28,972,336,634,548,376,258,32,37,31,3,2,11,1,481753919435.77997,499082130331.38,16,7,56.611570247933884,39.3717277486911,28.666666666666668,148.0,138.0,-9,0.9652798410472151,-298.0,30.117013977061216,0.5490308941743999,73.0,56.56565656565656,38.04347826086957,76.0,55.70469798657718,42.25352112676056,62.8,44.67213114754098,31.48936170212766,43.58974358974359,27.645788336933048,20.649651972157773,115.0,45.0,43
2025-04-01,981,536,444,589,378,252,115,38,44,2,1,6,2,309316630900.74,494541150215.49,4,1,60.28659160696008,39.211618257261414,27.722772277227726,250.0,95.0,-5,0.6254618665523773,92.0,33.84210320316216,1.9301052098691192,57.99999999999999,52.52525252525253,33.69565217391305,66.0,53.02013422818792,40.140845070422536,62.0,40.57377049180328,29.361702127659573,58.07127882599581,31.35593220338983,21.59090909090909,102.0,33.0,48
2025-04-02,973,690,275,668,422,279,70,8,67,1,4,6,1,582066130804.63,174416885988.35,10,3,68.93704850361198,44.09613375130617,30.965593784683687,217.0,83.0,-2,3.3372120337219444,415.0,53.00784397546266,0.7518524096572181,68.0,56.56565656565656,36.95652173913043,77.33333333333333,55.70469798657718,46.478873239436616,70.0,44.89795918367347,31.914893617021278,65.88486140724946,37.28448275862069,24.074074074074073,96.0,27.0,45
2025-04-03,971,657,311,718,475,300,88,18,96,1,3,5,1,481368988717.85,367575436036.89,9,4,74.25025853154085,49.73821989528796,33.33333333333333,273.0,64.0,-2,1.3095787735651072,346.0,65.67951311590228,1.6131448031759181,68.0,56.56565656565656,38.04347826086957,75.33333333333333,62.41610738255034,47.55244755244755,74.4,52.244897959183675,37.60683760683761,75.16059957173448,42.857142857142854,25.290023201856147,59.0,21.0,44
2025-04-04,971,65,904,400,304,239,8,379,51,4,2,20,2,151085842596.67,804191895123.67,3,0,41.36504653567735,31.83246073298429,26.555555555555554,166.0,405.0,-18,0.18787287401526942,-839.0,16.93539266539863,0.38271972600692067,45.0,41.41414141414141,28.26086956521739,46.666666666666664,42.95302013422819,38.46153846153847,36.8,31.428571428571427,31.62393162393162,41.32762312633833,26.406926406926406,19.489559164733176,42.0,15.0,25
2025-04-07,970,24,946,150,156,165,2,525,17,8,1,89,0,40767836642.32,1128559431955.01,6,2,15.511892450879008,16.335078534031414,18.29268292682927,98.0,922.0,-88,0.03612378354917263,-922.0,-28.975507283108982,0.7023068008315541,17.0,23.232323232323232,24.731182795698924,22.0,24.832214765100673,29.577464788732392,14.399999999999999,16.73469387755102,20.425531914893615,13.704496788008566,11.904761904761903,12.037037037037036,32.0,10.0,9
2025-04-08,973,871,102,295,246,208,190,5,14,6,1,2,1,842031268027.81,60471260464.14,17,2,30.4437564499484,25.678496868475992,23.008849557522122,200.0,909.0,-1,13.924486798603152,769.0,16.46555079733257,0.6132517348597099,32.0,36.36363636363637,29.03225806451613,39.33333333333333,36.91275167785235,36.61971830985916,27.200000000000003,24.796747967479675,25.53191489361702,28.997867803837952,20.25862068965517,15.898617511520738,45.0,11.0,27
2025-04-09,966,256,708,259,219,193,20,90,13,15,2,1,1,281305589993.36,487756750753.76,3,2,26.923076923076923,23.02839116719243,21.492204899777285,212.0,620.0,1,0.5767333605504003,-452.0,-5.814672297876577,0.6269481629411594,27.0,34.34343434343434,30.107526881720432,34.66666666666667,32.21476510067114,32.3943661971831,26.0,23.170731707317074,25.53191489361702,24.891774891774894,17.505470459518598,13.785046728971961,38.0,10.0,22
2025-04-11,963,877,85,480,327,249,254,1,26,5,3,0,2,796387421994.11,108906547911.61,1,1,50.10438413361169,34.53009503695882,27.85234899328859,464.0,96.0,3,7.312576123893566,792.0,37.364810317208985,1.4109455934565944,47.0,44.44444444444444,32.97872340425532,50.66666666666667,46.97986577181208,41.13475177304964,50.4,36.58536585365854,32.340425531914896,50.43668122270743,27.1523178807947,19.81132075471698,30.0,7.0,47
2025-04-15,968,911,56,744,498,309,341,0,52,3,10,1,2,930607539583.45,41872300906.65,5,4,77.25856697819314,52.20125786163522,34.37152391546162,615.0,91.0,9,22.22489615887467,855.0,77.2464439015211,0.7319654961069948,70.0,63.0,38.297872340425535,75.33333333333333,58.38926174496645,48.93617021276596,74.0,53.2520325203252,38.983050847457626,81.20950323974083,47.276688453159046,26.168224299065418,32.0,11.0,58
2025-04-16,969,682,284,792,563,330,87,8,61,1,11,0,4,632518926311.18,242909825863.69,7,7,82.15767634854771,58.95287958115183,36.666666666666664,682.0,9.0,11,2.6039248270925075,398.0,88.10900839660036,0.9222264889211844,70.0,62.0,41.05263157894737,79.33333333333333,63.08724832214765,48.57142857142857,81.2,60.97560975609756,41.94915254237288,86.20689655172413,55.869565217391305,28.904428904428904,33.0,16.0,64
2025-04-17,973,586,384,801,589,344,61,5,80,2,13,0,4,762879294742.99,201934703906.0,6,6,82.74793388429752,61.418143899895725,38.095238095238095,489.0,13.0,13,3.777851354852349,202.0,87.15595599791013,0.4039443385475153,77.0,65.0,46.31578947368421,80.0,69.79865771812081,47.85714285714286,80.72289156626506,61.63265306122449,42.79661016949153,85.9275053304904,57.8494623655914,30.555555555555557,22.0,20.0,85
2025-04-21,979,799,178,872,682,383,133,6,112,0,15,0,4,887598454821.97,111129470922.67,14,12,89.7119341563786,70.82035306334372,42.27373068432671,281.0,19.0,15,7.98706632410416,621.0,106.85531641704041,0.5620041029829917,85.0,76.0,50.526315789473685,88.59060402684564,72.97297297297297,57.85714285714286,87.6,69.10569105691057,46.186440677966104,92.17758985200845,69.9360341151386,33.33333333333333,33.0,30.0,87
2025-04-22,978,600,375,879,706,393,65,9,82,2,9,0,2,644652837833.68,387997678466.51,15,11,90.4320987654321,73.31256490134996,43.32965821389195,259.0,20.0,9,1.6614863273964748,225.0,103.36399299331163,0.962993178828728,85.0,78.0,51.578947368421055,91.2751677852349,77.02702702702703,60.431654676258994,88.0,72.35772357723577,46.41350210970464,92.60042283298098,71.64179104477611,34.403669724770644,47.0,40.0,82
2025-04-23,974,514,459,868,708,399,54,11,51,2,4,0,2,801804501231.82,309626262984.68,24,20,89.76215098241985,73.82690302398332,44.13716814159292,252.0,26.0,4,2.5895881489597428,55.0,91.36209150105694,0.4324339020901237,90.0,80.0,56.84210526315789,93.33333333333333,81.87919463087249,60.0,85.14056224899599,72.35772357723577,47.88135593220339,91.02564102564102,70.6896551724138,34.18013856812933,66.0,56.0,81
2025-04-24,969,417,547,851,716,401,37,15,47,2,8,0,1,456262582635.72003,570060829410.59,35,20,88.46153846153845,74.9738219895288,44.65478841870824,156.0,35.0,8,0.8003752566326461,-130.0,71.3936552676739,0.9524782659703933,86.0,79.0,53.68421052631579,94.0,80.53691275167785,60.71428571428571,84.33734939759037,74.39024390243902,48.10126582278481,89.41684665226782,72.60869565217392,35.44600938967136,94.0,69.0,72
2025-04-25,962,79,883,619,540,333,6,272,22,3,1,0,1,170034163568.66,906923986266.23,29,3,64.68129571577848,56.782334384858046,37.29003359462486,97.0,298.0,1,0.18748447074234292,-804.0,20.26367401179303,0.477200715958301,66.0,65.0,50.526315789473685,74.0,69.12751677852349,51.06382978723404,62.65060240963856,57.08502024291497,41.35021097046413,62.44541484716157,50.76923076923077,27.380952380952383,117.0,66.0,52
2025-04-28,960,543,413,646,577,351,36,20,23,5,1,0,0,650636305308.59,209998365676.04,23,4,67.57322175732217,60.60924369747899,39.34977578475337,79.0,307.0,1,3.098292232961054,130.0,23.146221667955928,0.4243531200187635,82.0,74.0,53.68421052631579,80.66666666666666,75.83892617449665,54.22535211267606,66.26506024096386,61.1336032388664,44.06779661016949,60.83150984682714,52.41228070175439,28.400954653937948,126.0,58.0,45
2025-04-29,956,419,532,611,554,341,37,11,35,2,6,1,0,588936512906.46,383074027340.7,16,4,64.18067226890757,58.438818565400844,38.35770528683914,79.0,303.0,5,1.5373960928514454,-113.0,13.345068805635421,0.5122908719649707,78.0,73.0,54.736842105263165,76.66666666666667,73.8255033557047,52.816901408450704,61.84738955823293,57.08502024291497,43.64406779661017,58.27814569536424,50.88495575221239,26.682692307692307,127.0,51.0,41
2025-04-30,951,173,775,432,438,307,11,82,28,4,1,2,0,444643761667.99,608038907175.43,3,2,45.61774023231256,46.447507953340406,34.68926553672316,84.0,113.0,-1,0.7312751806188322,-602.0,-19.551642235676788,0.3052555486194827,67.0,64.0,47.91666666666667,65.33333333333333,66.44295302013423,51.06382978723404,46.1847389558233,48.582995951417004,40.67796610169492,33.92857142857143,34.675615212527966,22.572815533980584,106.0,33.0,24
2025-05-02,938,386,548,403,435,301,27,22,23,6,1,3,0,470647802800.55,450832907123.5,3,1,43.19399785637727,46.82454251883746,34.518348623853214,75.0,115.0,-2,1.043951751001224,-162.0,-25.580571964820344,0.674724249821168,59.0,65.0,51.041666666666664,56.00000000000001,60.40268456375839,47.5177304964539,43.373493975903614,48.582995951417004,40.25423728813559,35.02304147465438,36.95150115473441,22.55639097744361,74.0,14.0,27
2025-05-05,926,709,213,527,502,322,94,9,37,5,2,0,0,698638301093.52,158995931338.57,8,3,57.220412595005435,54.74372955288986,37.39837398373984,132.0,113.0,2,4.394064019196955,496.0,2.292595976586014,0.7575307239745025,75.0,72.0,54.166666666666664,70.66666666666667,69.12751677852349,49.645390070921984,57.831325301204814,57.08502024291497,42.79661016949153,47.867298578199055,44.180522565320665,25.51546391752577,53.0,14.0,44
2025-05-06,931,102,829,328,365,267,5,231,16,4,1,4,0,228553939965.21,616538947363.07,8,6,35.42116630669546,39.58785249457701,30.831408775981522,126.0,262.0,-3,0.3707047883069392,-727.0,-35.03730841339448,0.3319077899109997,57.99999999999999,57.99999999999999,45.83333333333333,48.0,50.33557046979866,40.42553191489361,34.93975903614458,40.48582995951417,36.86440677966102,25.995316159250585,30.985915492957744,20.10178117048346,38.0,16.0,15
2025-05-07,933,694,237,399,446,303,60,10,17,2,3,2,0,677836660167.68,287938262717.65,8,5,43.042071197411005,48.268398268398265,34.90783410138249,159.0,250.0,1,2.354104153334985,457.0,-7.579190124760824,1.2438999515147642,61.61616161616161,67.67676767676768,51.041666666666664,52.666666666666664,60.40268456375839,43.57142857142857,44.57831325301205,49.596774193548384,43.22033898305085,34.4988344988345,38.78504672897196,22.97979797979798,30.0,17.0,51
2025-05-08,931,204,723,325,370,276,20,41,12,3,2,4,0,364903408964.6,628513352632.33,11,1,35.13513513513514,40.130151843817785,31.87066974595843,85.0,282.0,-2,0.580581792632276,-519.0,-32.86460303735525,0.4859912589908901,49.494949494949495,59.59595959595959,48.95833333333333,38.666666666666664,44.29530201342282,40.714285714285715,35.34136546184739,41.76706827309237,36.708860759493675,30.44496487119438,33.1764705882353,21.62849872773537,38.0,16.0,20
2025-05-09,929,347,579,290,347,275,29,21,23,1,1,5,0,426313054374.91,483946580330.37,6,2,31.4192849404117,37.67643865363735,31.79190751445087,109.0,72.0,-4,0.880909322851055,-232.0,-39.96930806243672,0.6803301295230252,40.4040404040404,53.535353535353536,46.875,36.0,40.666666666666664,41.42857142857143,32.53012048192771,38.55421686746988,34.74576271186441,27.058823529411764,32.38770685579196,22.900763358778626,41.0,17.0,24
2025-05-12,928,884,44,722,623,389,539,5,101,0,11,0,0,909984573605.95,100684034630.82,8,7,78.30802603036877,67.64386536373507,44.971098265895954,588.0,67.0,11,9.038022531999308,840.0,7.75601568143081,2.2229319543934314,84.0,85.0,60.824742268041234,83.22147651006712,78.52348993288591,54.67625899280576,75.1004016064257,65.46184738955823,48.728813559322035,77.12264150943396,60.99290780141844,35.36895674300254,41.0,21.0,70
2025-05-13,936,625,308,759,668,410,92,11,85,0,10,0,1,584447573360.4,516178880558.33,4,4,81.52524167561761,71.98275862068965,47.12643678160919,660.0,37.0,10,1.1322578187008088,317.0,22.372387404030405,1.792189681276987,79.0,81.0,61.224489795918366,81.20805369127517,75.16778523489933,52.89855072463768,81.6,71.4859437751004,54.04255319148936,82.17592592592592,69.06976744186046,37.59398496240601,37.0,19.0,67
2025-05-14,943,718,222,815,749,458,108,6,136,1,19,1,1,864241645468.14,245856145731.41,9,8,86.88699360341151,80.02136752136752,52.223489167616876,739.0,22.0,18,3.5152330355503763,496.0,43.70752328983292,0.9200625396739461,82.0,83.0,64.28571428571429,84.56375838926175,84.56375838926175,60.14492753623188,88.0,78.3132530120482,58.97435897435898,88.15489749430525,78.76712328767124,42.75184275184275,38.0,22.0,88
2025-05-15,949,656,288,832,770,490,71,17,97,1,15,0,0,1044200291760.88,183253221275.64,12,11,88.13559322033898,81.6542948038176,55.492638731596834,271.0,34.0,15,5.698127893698785,368.0,55.33052685574489,0.39974142740752355,83.0,83.0,71.42857142857143,87.91946308724832,86.57718120805369,65.94202898550725,86.4,81.12449799196787,57.692307692307686,90.3370786516854,80.0,46.973365617433416,39.0,32.0,93
2025-05-16,951,624,323,844,806,531,106,18,64,1,9,0,1,982286781830.04,467700337371.11005,19,17,89.21775898520085,85.29100529100529,59.932279909706544,285.0,41.0,9,2.100248178890273,301.0,61.641542270320926,0.9198382192681678,86.0,86.0,76.53061224489795,89.93288590604027,89.26174496644296,65.94202898550725,86.8,83.93574297188755,65.1063829787234,91.05145413870245,84.56375838926175,51.08433734939759,52.0,47.0,88
2025-05-19,952,592,358,850,827,558,88,13,73,1,15,1,0,630429613687.78,463271354273.44,37,28,89.56796628029505,87.23628691983122,62.69662921348315,265.0,48.0,14,1.3608214880380387,234.0,63.3792527384318,1.2151713501381582,84.0,82.0,74.48979591836735,89.93288590604027,89.26174496644296,68.84057971014492,89.2,89.1566265060241,69.0677966101695,90.88888888888889,86.66666666666667,54.30622009569378,81.0,68.0,88
2025-05-20,960,196,762,790,782,517,23,55,57,2,4,2,2,261457113075.55,843135216629.04,28,12,82.54963427377221,81.79916317991632,57.44444444444444,217.0,86.0,2,0.3101010465686491,-566.0,24.548098924974468,0.8294646232742942,71.0,81.0,69.38775510204081,79.19463087248322,84.56375838926175,56.83453237410072,84.0,81.12449799196787,62.39316239316239,85.37117903930131,81.4410480349345,52.21445221445221,105.0,76.0,76
2025-05-21,959,638,316,799,800,545,55,20,52,2,8,0,0,724636112936.88,213526018043.1,42,22,83.49007314524556,83.68200836820083,60.55555555555555,166.0,88.0,8,3.393666587228789,322.0,35.624721919843566,0.5949280195556345,74.0,81.0,76.53061224489795,83.89261744966443,85.90604026845638,63.30935251798561,84.0,86.34538152610442,64.68085106382979,85.1528384279476,82.09606986899564,53.73831775700935,138.0,90.0,85
2025-05-22,961,398,560,767,782,547,43,20,50,3,7,1,2,488565587867.87,524375707956.37,51,16,79.97914494264859,81.62839248434238,60.57585825027686,121.0,95.0,6,0.93170904077906,-162.0,20.71711097085742,0.7628071153200502,68.0,76.0,70.40816326530613,77.85234899328859,83.89261744966443,63.04347826086957,80.4,83.53413654618474,64.25531914893618,83.04347826086956,81.08695652173913,55.55555555555556,177.0,95.0,63
2025-05-23,958,599,356,787,798,563,53,20,54,3,9,0,1,673370467959.37,221306110940.11,12,9,82.32217573221757,83.56020942408377,62.55555555555555,151.0,60.0,9,3.0427106829490036,243.0,28.11751805461998,0.5529885832037623,81.0,80.0,73.46938775510205,80.53691275167785,83.22147651006712,64.4927536231884,81.2,83.93574297188755,67.09401709401709,83.80743982494529,84.24507658643327,56.97674418604651,170.0,87.0,70
2025-05-26,966,583,376,785,801,566,61,21,58,3,11,1,0,628554073156.37,234753425860.52,15,6,81.43153526970954,83.17757009345794,62.47240618101545,157.0,61.0,10,2.6775075628920906,207.0,32.50427852096388,0.5790952512637615,82.0,82.0,74.48979591836735,81.87919463087249,83.89261744966443,66.18705035971223,82.0,83.13253012048193,67.81115879828327,80.86021505376344,83.22580645161291,55.73394495412845,148.0,65.0,59
2025-05-27,966,459,501,760,781,576,39,20,99,3,7,0,0,484785260511.43,655392210075.52,16,11,78.83817427385893,81.10072689511942,63.576158940397356,153.0,61.0,7,0.739687248427272,-42.0,23.642437327083087,1.2385878851076866,78.0,80.0,73.46938775510205,78.52348993288591,83.89261744966443,70.71428571428572,81.6,81.92771084337349,67.53246753246754,77.63440860215054,80.0,56.97940503432495,136.0,64.0,56
2025-05-28,972,458,509,729,752,580,53,20,99,3,14,2,1,510049537863.26,535077197239.8,21,12,75.23219814241486,77.68595041322314,63.59649122807017,153.0,61.0,12,0.9532260774601397,-51.0,15.497350919679597,0.9439560641724076,76.0,78.0,73.46938775510205,74.49664429530202,79.19463087248322,68.57142857142857,75.1004016064257,78.62903225806451,70.86956521739131,75.3715498938429,76.64543524416136,56.08108108108109,115.0,54.0,56
2025-05-29,981,523,453,728,762,592,63,22,112,3,17,1,2,757000619961.83,263263359448.58002,27,11,74.43762781186093,77.99385875127943,64.27795874049946,155.0,62.0,16,2.8754499735451624,70.0,14.505815286751208,0.401511205875734,75.75757575757575,79.7979797979798,75.25773195876289,75.16778523489933,79.19463087248322,74.46808510638297,76.30522088353415,79.43548387096774,71.30434782608695,72.97297297297297,76.50727650727652,55.18763796909493,91.0,49.0,75
2025-05-30,992,425,566,708,761,576,61,36,154,3,22,3,3,767383828490.39,858485318688.96,19,8,71.58746208291204,77.02429149797571,61.868958109559614,177.0,78.0,19,0.8938811320178474,-141.0,3.0355232441636772,0.84002600047179,65.65656565656566,74.74747474747475,70.10309278350515,70.0,76.66666666666667,70.4225352112676,75.80645161290323,81.37651821862349,67.82608695652173,71.13821138211382,75.40650406504065,54.54545454545454,98.0,48.0,60
2025-06-02,1000,535,463,730,766,580,70,28,164,3,17,0,0,642549495192.15,364266693103.97,31,14,73.21965897693079,76.90763052208835,61.702127659574465,194.0,86.0,17,1.763953464196497,72.0,3.8632459315305283,0.6550669180615809,68.68686868686868,76.76767676767676,71.1340206185567,76.0,80.0,69.71830985915493,73.89558232931726,77.82258064516128,65.08620689655173,72.94589178356713,75.55110220440882,55.65031982942431,114.0,56.0,67
2025-06-03,1007,380,621,676,756,578,36,17,141,3,11,0,1,442794966986.74,653968485390.77,30,15,67.39780658025923,75.52447552447552,61.228813559322035,167.0,81.0,11,0.6770891516617255,-241.0,-11.09836740042848,0.9037454854924205,52.57731958762887,73.19587628865979,68.42105263157895,63.33333333333333,80.66666666666666,69.71830985915493,74.0,77.01612903225806,65.66523605150213,68.18181818181817,73.71541501976284,55.06329113924051,128.0,60.0,54
2025-06-04,1012,588,421,704,764,590,59,10,194,3,17,2,2,725915328288.91,329063456500.33,38,21,69.91062562065541,76.01990049751244,62.10526315789474,165.0,55.0,15,2.2060040820369307,167.0,-3.435054962251286,0.6331242066575916,59.79381443298969,73.19587628865979,68.42105263157895,72.66666666666667,83.33333333333334,71.12676056338029,75.90361445783132,78.54251012145748,68.83116883116884,68.10176125244618,73.18982387475538,54.9792531120332,145.0,69.0,64
2025-06-05,1015,575,436,746,780,607,70,4,185,3,19,1,2,816338893843.02,303341992478.76,39,19,73.93458870168483,77.45779543197617,63.693599160545645,165.0,31.0,18,2.6911502992787257,139.0,1.7342524472014702,0.4900533945662582,64.28571428571429,75.51020408163265,71.875,75.83892617449665,84.56375838926175,74.46808510638297,76.20967741935483,77.64227642276423,68.3982683982684,74.12451361867704,75.68093385214007,56.70103092783505,157.0,77.0,69
2025-06-06,1022,526,492,773,814,627,66,18,212,3,15,0,2,910755782567.98,288588305834.08,27,20,76.08267716535433,80.27613412228797,65.38060479666319,195.0,32.0,15,3.155899820457752,34.0,0.8953390200475724,0.3387641407773966,83.6734693877551,84.6938775510204,75.0,81.20805369127517,85.90604026845638,80.28169014084507,75.0,79.67479674796748,69.86899563318777,73.70441458733205,78.1190019193858,57.113821138211385,165.0,89.0,78
2025-06-09,1026,777,245,849,867,667,89,6,251,2,19,0,2,856181665535.17,182050254870.01,18,10,83.23529411764706,85.16699410609037,69.40686784599376,225.0,28.0,19,4.702996247637843,532.0,25.073591344730744,0.6743421436964728,87.75510204081633,89.79591836734694,81.25,83.22147651006712,85.90604026845638,80.28169014084507,83.93574297188755,86.23481781376519,76.08695652173914,82.06106870229007,83.58778625954199,60.85192697768763,152.0,85.0,85
2025-06-10,1033,530,498,856,879,686,54,4,167,3,20,0,5,639056235337.94,432263026759.01,38,22,83.34956183057449,85.7560975609756,71.01449275362319,209.0,28.0,20,1.4783967070452657,32.0,20.620629125611217,0.7198724287200838,87.87878787878788,90.9090909090909,81.44329896907216,85.13513513513513,88.51351351351352,80.85106382978722,84.33734939759037,86.63967611336032,77.39130434782608,81.54425612052731,83.61581920903954,63.25301204819277,160.0,92.0,83
2025-06-11,1043,514,527,856,887,701,62,17,135,3,9,0,5,579935169562.72,532840586418.10004,59,35,82.54580520732884,85.70048309178743,71.75025588536336,205.0,27.0,9,1.0883840014162633,-13.0,14.460243282635972,0.896128633866394,86.86868686868688,88.88888888888889,81.44329896907216,81.75675675675676,88.51351351351352,79.43262411347519,80.72289156626506,85.02024291497976,78.26086956521739,82.80961182994456,84.65804066543437,64.83300589390963,181.0,106.0,81
2025-06-12,1051,173,877,723,833,660,19,55,76,3,7,0,1,214103853298.51,812494784545.63,75,19,69.31927133269416,80.01921229586935,67.20977596741345,135.0,76.0,7,0.26351412633158366,-704.0,-25.429187829521055,0.7485875641419278,67.67676767676768,83.83838383838383,78.35051546391753,62.83783783783784,81.08108108108108,75.177304964539,67.8714859437751,78.94736842105263,71.61572052401746,72.0292504570384,79.52468007312615,60.970873786407765,217.0,106.0,55
2025-06-13,1056,319,734,639,789,630,26,17,69,2,11,1,0,368570908238.88,612835376721.86,45,9,60.973282442748086,75.4302103250478,63.894523326572006,107.0,89.0,10,0.6014191122751693,-415.0,-44.95750549126771,0.722632346996825,50.505050505050505,75.75757575757575,74.22680412371135,54.36241610738255,75.16778523489933,74.64788732394366,60.88709677419355,75.60975609756098,65.93886462882097,64.67391304347827,75.36231884057972,58.108108108108105,235.0,95.0,46
2025-06-16,1051,584,461,647,790,651,45,5,53,2,14,1,2,633485074445.13,209544302183.29,41,13,62.09213051823417,75.96153846153845,66.29327902240327,90.0,77.0,13,3.0231558092713766,123.0,-34.529429564604754,0.4190360536302572,63.63636363636363,80.8080808080808,78.35051546391753,64.42953020134227,79.19463087248322,77.62237762237763,62.096774193548384,76.01626016260163,68.99563318777294,61.172161172161175,74.17582417582418,59.64912280701754,258.0,98.0,54
2025-06-17,1041,271,768,513,727,617,22,37,45,2,9,0,2,452473312589.25,520018418942.58997,16,8,49.7093023255814,70.58252427184466,63.47736625514403,93.0,59.0,9,0.8701101655385847,-497.0,-56.44077749948491,0.4055401227440156,47.474747474747474,75.75757575757575,75.25773195876289,55.033557046979865,73.8255033557047,74.82517482517483,52.016129032258064,69.51219512195121,65.06550218340611,47.57462686567165,69.21641791044776,57.25646123260437,236.0,84.0,43
2025-06-18,1043,328,712,480,703,604,27,11,48,2,7,0,2,320196724914.27997,536295092627.19,13,4,46.42166344294004,68.12015503875969,61.885245901639344,94.0,53.0,7,0.5970532442236375,-384.0,-69.24277609631002,0.771579690354746,46.464646464646464,74.74747474747475,75.0,48.99328859060403,67.78523489932886,71.52777777777779,47.58064516129033,68.29268292682927,64.34782608695652,45.16728624535316,66.91449814126395,55.533596837944664,190.0,53.0,42
2025-06-19,1040,119,921,327,573,524,8,72,35,2,2,4,1,209664524418.66998,626402672974.36,18,3,31.71677982541222,55.68513119533528,53.798767967145785,57.0,120.0,-2,0.33471205258929665,-802.0,-100.74227101611395,0.3860254875183311,44.44444444444444,59.59595959595959,69.79166666666666,34.22818791946309,57.71812080536913,62.5,34.274193548387096,56.91056910569105,58.69565217391305,27.476635514018692,53.83177570093458,46.03174603174603,133.0,37.0,24
2025-06-20,1043,740,301,414,630,546,63,15,32,1,4,0,6,1305547626941.59,228299381394.85,14,4,40.15518913676043,61.224489795918366,56.05749486652978,98.0,98.0,4,5.718577154984095,439.0,-65.12062781746572,0.42990969504619375,58.16326530612245,69.38775510204081,71.57894736842105,47.651006711409394,67.78523489932886,67.36111111111111,35.08064516129033,60.16260162601627,59.388646288209614,37.12686567164179,58.3955223880597,48.418972332015805,102.0,32.0,42
2025-06-23,1038,522,511,432,633,559,49,10,35,1,9,1,5,540975359684.86,325561557688.96,6,3,42.146341463414636,61.87683284457478,57.74793388429752,120.0,97.0,8,1.6616684215576376,11.0,-55.73851974353417,0.6147594824177499,57.73195876288659,76.28865979381443,70.2127659574468,53.02013422818792,67.11409395973155,70.83333333333334,39.516129032258064,63.82113821138211,61.40350877192983,37.47645951035782,56.873822975517896,50.0,67.0,22.0,42
2025-06-24,1029,731,297,547,709,582,59,15,27,1,5,1,5,705006517530.95,357707272835.03,4,3,53.838582677165356,69.92110453648915,60.62499999999999,171.0,40.0,4,1.970903504263079,434.0,-26.28812474160501,1.2488076945196431,67.0103092783505,79.38144329896907,73.40425531914893,66.0,76.0,73.97260273972603,50.81300813008131,68.9795918367347,62.99559471365639,49.330783938814534,66.85823754789271,53.14401622718052,55.0,17.0,45
2025-06-25,1033,828,204,718,786,630,108,6,34,1,13,0,5,737565765493.75,229893159473.12,11,8,70.32321253672869,77.21021611001964,65.28497409326425,216.0,31.0,13,3.2082980075794256,624.0,8.523403608752442,1.2651017828839526,71.42857142857143,84.5360824742268,73.40425531914893,72.66666666666667,80.0,76.71232876712328,63.56275303643725,75.60975609756098,68.42105263157895,72.6235741444867,75.80952380952381,58.95372233400402,53.0,21.0,59
2025-06-26,1037,513,518,718,795,633,35,11,31,2,24,0,4,833834634261.22,279481631967.47003,12,9,70.1171875,77.86483839373165,65.39256198347107,202.0,32.0,24,2.9835042410167163,-5.0,6.794643330264302,0.3319410365610878,78.57142857142857,87.62886597938144,77.6595744680851,76.51006711409396,85.23489932885906,78.62068965517241,66.39676113360325,74.39024390243902,67.68558951965066,68.49056603773585,75.61436672967864,58.199999999999996,47.0,27.0,77
2025-06-27,1037,581,452,763,811,646,60,8,34,1,22,0,5,946319060993.92,512971006760.68,16,12,74.51171875,79.43192948090108,66.66666666666666,203.0,25.0,22,1.844780793693888,129.0,11.982580075505616,0.6967755922451278,82.6530612244898,88.65979381443299,80.85106382978722,76.51006711409396,83.89261744966443,74.48275862068967,73.27935222672065,78.86178861788618,71.17903930131004,73.0188679245283,76.74858223062382,59.68063872255489,49.0,35.0,84
2025-06-30,1035,643,386,784,830,654,67,8,37,1,23,1,4,652240987005.25,365795707045.08,32,19,76.48780487804878,81.37254901960785,67.63185108583247,162.0,27.0,22,1.7830744714695872,257.0,22.758353092309413,0.9342308105815437,78.57142857142857,86.5979381443299,80.85106382978722,80.0,83.33333333333334,74.14965986394559,75.40322580645162,81.22448979591836,70.48458149779736,75.61436672967864,79.92424242424242,61.923847695390776,75.0,51.0,84
2025-07-01,1037,441,588,745,814,645,33,21,34,2,20,1,2,530661147057.84,407889850287.25,31,19,72.47081712062257,79.6477495107632,66.56346749226006,160.0,37.0,19,1.3009913011665533,-147.0,11.657847256215117,0.5764834855755772,77.55102040816327,85.56701030927834,78.72340425531915,74.66666666666667,83.33333333333334,73.46938775510205,68.95161290322581,77.14285714285715,66.51982378854625,72.55639097744361,78.67924528301887,62.27544910179641,102.0,67.0,81
2025-07-02,1041,382,653,694,793,640,34,19,30,1,8,2,1,445977190660.71,475155290671.01,41,22,67.444120505345,77.59295499021526,66.11570247933885,134.0,48.0,6,0.9385924968464627,-271.0,-4.091374469926585,0.6232655225751861,67.70833333333334,83.15789473684211,77.17391304347827,71.33333333333334,80.66666666666666,72.97297297297297,66.26016260162602,77.36625514403292,66.07142857142857,66.85288640595903,75.84269662921348,62.10317460317461,132.0,81.0,70
2025-07-03,1042,512,527,721,809,654,47,7,36,1,8,1,6,501466128870.25,418003947410.19,42,19,70.20447906523856,79.31372549019608,67.70186335403726,114.0,47.0,7,1.1996684049927357,-15.0,-4.736502173428106,0.8098379500987326,71.57894736842105,79.7872340425532,76.92307692307693,69.79865771812081,80.53691275167785,75.34246575342466,67.20647773279353,78.27868852459017,68.14159292035397,71.45522388059702,79.36210131332082,63.618290258449306,162.0,91.0,69
2025-07-04,1037,544,487,715,814,652,35,11,37,2,10,2,2,486227765771.32,339178042783.04,30,9,70.02938295788442,80.27613412228797,67.84599375650365,116.0,37.0,8,1.4335472950480537,57.0,-1.664403849054767,0.7792160921432683,66.3157894736842,80.85106382978722,76.92307692307693,72.48322147651007,81.87919463087249,76.55172413793103,68.29268292682927,80.24691358024691,67.2566371681416,70.80979284369114,79.73484848484848,63.92785571142284,176.0,88.0,61
2025-07-07,1044,384,656,669,788,645,34,25,34,3,7,2,3,382221702660.32,337546540944.25,33,18,65.14118792599805,77.25490196078432,66.56346749226006,116.0,43.0,5,1.1323525982257026,-272.0,-15.47943776247029,0.5169466247313369,57.89473684210527,80.85106382978722,76.92307692307693,63.758389261744966,79.86577181208054,75.17241379310344,62.34817813765182,77.45901639344262,64.91228070175438,68.09701492537313,75.79737335834896,62.97029702970297,177.0,87.0,51
2025-07-08,1038,454,574,634,788,645,39,13,25,4,6,2,8,451086282269.98,412288940042.86,24,9,62.03522504892368,77.63546798029557,66.77018633540372,108.0,49.0,4,1.0941023114107469,-120.0,-19.613894569628208,0.7229129838238578,67.0103092783505,80.41237113402062,78.72340425531915,62.585034013605444,79.45205479452055,77.46478873239437,57.08502024291497,77.8688524590164,67.10526315789474,63.2768361581921,76.51515151515152,61.354581673306775,170.0,77.0,43
2025-07-09,1038,531,498,651,782,650,44,5,21,5,11,2,7,524184425103.82,363605038627.22003,30,15,63.57421875,77.04433497536945,67.28778467908903,117.0,43.0,9,1.4416313566029302,33.0,-15.400785666900088,0.7396239373937579,60.824742268041234,79.16666666666666,79.56989247311827,62.16216216216216,83.1081081081081,76.38888888888889,60.56910569105691,74.8971193415638,68.28193832599119,65.85365853658537,75.9469696969697,61.952191235059765,159.0,70.0,45
2025-07-10,1025,488,535,644,777,649,45,2,21,3,8,1,5,398923787525.18,425139107632.34,30,16,63.76237623762376,77.62237762237763,68.10073452256033,128.0,20.0,7,0.9383370768848887,-47.0,-15.721573626733043,0.9720915385102906,53.68421052631579,78.72340425531915,75.82417582417582,58.38926174496645,79.86577181208054,77.24137931034483,59.34959349593496,76.44628099173553,68.14159292035397,69.23076923076923,77.32558139534885,63.951120162932796,147.0,67.0,46
2025-07-11,1026,275,749,536,715,624,25,15,23,3,6,2,4,339819432122.11,587828854599.55,27,18,53.069306930693074,71.42857142857143,65.47743966421827,114.0,22.0,4,0.5780924659671685,-474.0,-37.267239464256555,0.6351167501611333,37.89473684210527,70.2127659574468,71.42857142857143,48.322147651006716,71.14093959731544,71.72413793103448,52.84552845528455,70.37037037037037,67.10526315789474,57.30769230769231,72.23300970873787,61.75869120654397,144.0,76.0,54
2025-07-14,1017,515,499,554,707,626,49,17,33,3,10,2,2,570881392005.61,350111170333.57,30,16,55.400000000000006,71.34207870837538,66.38388123011664,119.0,34.0,8,1.6305717737074774,16.0,-31.002447558017877,0.6329461510975868,43.15789473684211,70.2127659574468,73.62637362637363,59.06040268456376,75.16778523489933,72.91666666666666,55.87044534412956,68.0327868852459,66.66666666666666,56.385068762278976,72.02380952380952,62.916666666666664,141.0,74.0,61
2025-07-15,1020,748,270,698,792,673,66,8,31,3,12,0,2,657565177019.99,252466041231.11002,27,13,69.59122632103688,79.59798994974875,71.06652587117213,140.0,40.0,12,2.60456881176367,478.0,-2.391038240393719,1.0636579682048901,54.25531914893617,74.19354838709677,75.55555555555556,68.45637583892618,78.52348993288591,77.77777777777779,69.63562753036437,79.50819672131148,71.73913043478261,72.70955165692008,80.94302554027504,67.90890269151139,144.0,78.0,70
2025-07-16,1023,570,447,715,813,684,46,8,39,2,12,0,10,575179868561.61,324503290318.77,28,19,71.07355864811133,81.4629258517034,72.0,161.0,33.0,12,1.7724931787181335,123.0,4.333671917376906,0.7194204189587349,56.38297872340425,75.26881720430107,74.44444444444444,65.77181208053692,79.86577181208054,79.16666666666666,69.75806451612904,81.63265306122449,73.04347826086956,75.92233009708738,82.97455968688845,68.93004115226337,142.0,82.0,77
2025-07-17,1031,513,515,727,815,695,34,11,38,3,14,0,5,425574167928.53,470466005862.49,28,13,71.55511811023622,80.93346573982126,72.47132429614182,146.0,27.0,14,0.9045800602497066,-2.0,3.8116307426839064,1.1011921980453494,55.208333333333336,68.08510638297872,74.72527472527473,66.8918918918919,81.75675675675676,76.92307692307693,69.75806451612904,82.85714285714286,73.04347826086956,76.7175572519084,82.11538461538461,70.5050505050505,140.0,79.0,69
2025-07-18,1032,292,737,635,766,684,25,12,51,3,12,0,7,359163596710.51,525864809577.27,39,17,62.43854473942969,76.06752730883814,71.32429614181439,105.0,31.0,12,0.682996066991501,-445.0,-18.803772615392027,0.580092380116432,46.31578947368421,62.365591397849464,68.88888888888889,55.70469798657718,76.35135135135135,78.72340425531915,60.88709677419355,75.91836734693878,73.27586206896551,68.0,78.50287907869482,68.75,152.0,78.0,58
2025-07-21,1036,483,551,612,742,673,26,25,46,2,11,1,3,553907253884.99,285796584113.91,53,22,60.0,73.53815659068384,70.10416666666667,85.0,48.0,10,1.9381171248156666,-68.0,-19.195923623469994,0.45228846624114954,52.63157894736842,69.89247311827957,74.44444444444444,58.38926174496645,77.02702702702703,75.88652482269504,59.83935742971887,71.83673469387755,73.47826086956522,61.859582542694504,73.9961759082218,66.13226452905812,175.0,84.0,56
2025-07-22,1034,398,631,552,704,656,29,23,53,3,10,2,5,508481667139.04,450180706025.61,43,20,54.223968565815326,69.91062562065541,68.4759916492693,80.0,60.0,8,1.1295056859014152,-233.0,-27.68523311725931,0.5584255637827547,40.42553191489361,61.95652173913043,71.91011235955057,48.322147651006716,72.97297297297297,73.75886524822694,53.81526104417671,68.9795918367347,68.69565217391305,58.55513307984791,70.88122605363985,66.26506024096386,191.0,91.0,52
2025-07-23,1041,493,545,560,703,659,31,18,39,3,11,3,5,606772366662.04,286286499231.17,20,11,54.63414634146342,69.39782823297136,68.29015544041451,86.0,66.0,8,2.1194585434225623,-52.0,-25.755166568862876,0.4268010614175777,50.0,65.21739130434783,70.45454545454545,52.348993288590606,72.97297297297297,73.23943661971832,55.020080321285135,66.80327868852459,70.0,55.909943714821765,70.32136105860114,65.74257425742574,183.0,83.0,49
2025-07-24,1051,357,691,531,693,664,36,36,34,4,12,3,2,417196425490.23,539278777175.69,21,10,51.30434782608696,67.74193548387096,68.1025641025641,96.0,77.0,9,0.7736192172723177,-334.0,-38.07618383713961,0.6678253790733126,45.26315789473684,62.365591397849464,70.78651685393258,50.67567567567568,70.74829931972789,73.75886524822694,48.99598393574297,65.57377049180327,67.82608695652173,53.591160220994475,68.83116883116884,66.2135922330097,176.0,80.0,41
2025-07-25,1050,134,915,348,533,590,16,87,33,4,4,2,0,196859898085.22,719400362115.78,27,7,33.65570599613153,52.15264187866928,60.57494866529775,83.0,141.0,2,0.2736444245124489,-781.0,-70.7702726823305,0.5351765806762551,26.041666666666668,39.361702127659576,66.66666666666666,32.6530612244898,51.369863013698634,66.18705035971223,32.1285140562249,48.57142857142857,60.775862068965516,35.97785977859779,56.23836126629422,57.89473684210527,164.0,70.0,27
2025-07-28,1046,226,820,253,448,545,23,86,30,6,10,5,1,318815548108.6,551467990265.11,28,7,24.586977648202136,44.051130776794494,56.24355005159959,75.0,209.0,5,0.578121584092912,-594.0,-89.0198672815571,0.4767332057494445,18.75,34.04255319148936,62.22222222222222,23.809523809523807,47.94520547945205,65.46762589928058,24.193548387096776,43.44262295081967,56.709956709956714,26.022304832713754,45.0281425891182,52.455795677799614,139.0,55.0,25
2025-07-29,1045,759,284,347,520,575,99,13,34,4,12,2,3,677805040717.55,226620219740.74,31,7,33.59148112294289,51.130776794493606,59.339525283797734,138.0,186.0,10,2.9909292361157287,475.0,-50.72817132748804,0.8935467877328932,30.208333333333332,38.297872340425535,64.83516483516483,32.432432432432435,53.42465753424658,68.84057971014492,34.13654618473896,51.63934426229508,59.74025974025974,34.25925925925926,52.5328330206379,55.5992141453831,127.0,42.0,38
2025-07-30,1039,519,517,399,535,579,55,23,34,6,20,1,1,480398412360.67,353064145347.98,6,4,38.737864077669904,52.91790306627102,60.12461059190031,177.0,122.0,19,1.3606547668191835,2.0,-41.385130430121535,0.7377833793213631,38.775510204081634,40.42553191489361,63.73626373626373,29.72972972972973,47.26027397260274,67.62589928057554,38.95582329317269,54.50819672131148,61.73913043478261,41.1214953271028,55.97722960151803,56.66003976143141,113.0,35.0,40
2025-07-31,1032,298,729,328,477,554,32,47,34,6,15,3,1,390431434324.5,631428477365.61,7,3,32.093933463796475,47.604790419161674,58.07127882599581,186.0,83.0,12,0.6183304179650299,-431.0,-54.83990481072259,0.6611014720336936,32.98969072164948,40.42553191489361,64.83516483516483,25.850340136054424,41.66666666666667,63.503649635036496,33.33333333333333,47.540983606557376,58.07860262008734,33.0812854442344,50.57692307692307,55.33199195171026,99.0,28.0,33
2025-08-01,1037,185,849,247,393,500,22,107,27,7,5,2,2,286555309450.96,604572502157.74,15,4,24.097560975609756,39.1044776119403,52.2466039707419,109.0,177.0,3,0.473980057690739,-664.0,-77.71953738208289,0.45973118963045356,21.649484536082475,35.1063829787234,62.637362637362635,17.80821917808219,31.46853146853147,50.73529411764706,26.104417670682732,41.80327868852459,53.275109170305676,25.328330206378986,40.64885496183206,50.29940119760479,87.0,25.0,23
2025-08-04,1038,694,336,314,432,532,77,23,29,10,9,4,4,614437413950.18,178712672821.51,21,3,30.6640625,43.02788844621514,55.53235908141963,131.0,177.0,5,3.438130067943485,358.0,-45.79302554368553,0.6007556868584828,29.166666666666668,37.634408602150536,63.33333333333333,33.33333333333333,42.36111111111111,60.58394160583942,32.66129032258064,44.44444444444444,56.76855895196506,29.268292682926827,43.51145038167939,52.191235059760956,80.0,21.0,33
2025-08-05,1038,376,660,324,412,526,26,23,30,7,7,4,2,390996040312.94,430975022609.05,13,4,31.640625,40.99502487562189,54.96342737722048,125.0,153.0,3,0.9072359645018777,-284.0,-50.36689279413734,0.6279479561965609,31.25,38.70967741935484,64.44444444444444,30.201342281879196,40.41095890410959,59.71223021582733,34.959349593495936,42.38683127572017,57.826086956521735,30.58161350844278,40.91778202676864,50.602409638554214,62.0,18.0,25
2025-08-06,1044,229,813,251,363,498,17,77,28,11,5,6,2,334262854175.45,491831663330.93,9,1,24.41634241245136,35.97621407333994,51.821019771071796,120.0,123.0,-1,0.6796285784279418,-584.0,-69.02571482930296,0.41445110707337907,32.98969072164948,38.70967741935484,64.44444444444444,25.0,35.61643835616438,56.52173913043478,26.93877551020408,41.32231404958678,55.84415584415584,21.561338289962826,33.14393939393939,46.41434262948207,65.0,15.0,18
2025-08-07,1038,477,557,255,357,495,36,32,19,7,3,7,3,550557691481.84,376702895452.14,14,8,24.951076320939332,35.62874251497006,51.832460732984295,79.0,132.0,-4,1.4615170154745682,-80.0,-59.43387909522306,0.5859483126211213,32.98969072164948,38.297872340425535,63.73626373626373,31.08108108108108,40.689655172413794,56.20437956204379,27.86885245901639,42.738589211618255,54.58515283842795,20.45028142589118,30.45977011494253,47.18875502008032,72.0,20.0,23
2025-08-08,1036,244,790,200,309,449,24,50,18,12,2,1,5,220486796232.21,730255299729.6699,11,4,19.607843137254903,30.9,47.114375655823714,77.0,159.0,1,0.30193111411013523,-546.0,-74.23569014710861,1.0229510807587983,19.587628865979383,34.04255319148936,57.14285714285714,20.27027027027027,31.03448275862069,46.715328467153284,22.131147540983605,36.21399176954733,53.04347826086957,18.267419962335214,27.7992277992278,42.62626262626263,68.0,20.0,14
2025-08-11,1032,599,428,240,342,460,55,35,19,10,5,5,1,562463332502.72,192295711722.46,4,2,23.575638506876228,34.234234234234236,48.421052631578945,115.0,117.0,0,2.924991553189299,171.0,-50.67006014573525,0.47847410320018763,29.166666666666668,39.784946236559136,61.111111111111114,28.37837837837838,37.93103448275862,48.92086330935252,26.01626016260163,40.16393442622951,54.58515283842795,20.075757575757574,29.40038684719536,43.08943089430895,51.0,19.0,21
2025-08-12,1034,493,535,269,345,456,39,34,18,14,10,5,0,347311780163.3,397801663301.21,8,4,26.39842983316977,34.46553446553446,48.0,118.0,119.0,5,0.8730777475415437,-42.0,-40.918096193832326,1.0554562061598713,32.29166666666667,38.70967741935484,56.17977528089888,27.027027027027028,35.86206896551724,48.57142857142857,30.48780487804878,42.44897959183673,55.65217391304348,23.251417769376182,29.53667953667954,42.76985743380855,46.0,19.0,18
2025-08-13,1033,603,425,310,379,466,73,30,21,14,13,9,2,636544570886.09,201758662026.33,7,2,30.48180924287119,37.9,49.15611814345991,167.0,99.0,4,3.154980135638585,178.0,-21.375576533986163,0.44970917990410336,46.391752577319586,44.680851063829785,61.111111111111114,31.292517006802722,38.88888888888889,52.51798561151079,34.285714285714285,45.49180327868852,55.021834061135365,25.568181818181817,32.818532818532816,43.26530612244898,44.0,20.0,31
2025-08-14,1018,329,684,279,342,448,17,46,17,17,7,8,3,385789275881.0,372391240280.98,7,3,27.78884462151394,34.650455927051674,47.863247863247864,129.0,110.0,-1,1.0359783855009876,-355.0,-31.209844342147775,0.46428975621357216,39.175257731958766,44.680851063829785,61.111111111111114,31.97278911564626,38.88888888888889,49.64028776978417,33.198380566801625,40.816326530612244,53.91304347826087,21.832358674463936,28.57142857142857,41.92872117400419,37.0,15.0,17
2025-08-18,1028,768,255,413,433,500,123,14,23,15,15,1,6,811582002290.38,202594782447.58,5,3,40.81027667984189,43.517587939698494,52.910052910052904,213.0,90.0,14,4.005937332075032,513.0,3.9379059035847916,0.7518252174759538,54.736842105263165,52.17391304347826,69.66292134831461,42.17687074829932,45.13888888888889,53.956834532374096,47.368421052631575,48.16326530612245,60.43478260869565,34.79923518164436,39.29961089494164,45.9958932238193,31.0,14.0,45
2025-08-19,1026,753,269,519,483,531,86,8,28,11,13,0,9,641978791765.08,193407798034.68,13,8,51.284584980237156,48.59154929577465,56.25,226.0,68.0,13,3.3193014877816176,484.0,32.519542834168206,0.8433269818605811,58.333333333333336,55.434782608695656,70.78651685393258,60.544217687074834,52.083333333333336,61.15107913669065,53.62903225806451,52.4390243902439,61.471861471861466,46.257197696737045,44.53125,49.69072164948454,40.0,20.0,53
2025-08-20,1020,536,481,542,501,528,59,11,29,11,16,0,5,602551661302.95,307922949246.69,5,3,53.87673956262425,50.708502024291505,56.28997867803838,268.0,33.0,16,1.9568260916474287,55.0,35.344244695646196,0.5694655846534428,64.21052631578948,54.94505494505495,69.31818181818183,63.26530612244898,57.24137931034483,62.142857142857146,51.012145748987855,53.278688524590166,62.44541484716157,50.67698259187621,46.8503937007874,49.272349272349274,37.0,19.0,56
2025-08-21,1019,480,534,544,509,528,40,14,23,9,12,0,6,488513401980.72,427209722625.02,31,20,54.23728813559322,51.57041540020263,56.470588235294116,185.0,33.0,12,1.143497856226247,-54.0,32.13264356373164,0.7860761606154989,62.10526315789474,59.34065934065934,69.31818181818183,60.544217687074834,54.48275862068965,61.87050359712231,54.25101214574899,54.91803278688525,62.28070175438597,50.97276264591439,47.73175542406312,49.791666666666664,61.0,37.0,64
2025-08-22,1018,370,644,483,469,514,29,14,23,8,12,1,4,352331516966.88,396878484715.91,18,7,48.20359281437126,47.5659229208925,55.0321199143469,128.0,39.0,11,0.8877566573534034,-274.0,18.22606137812604,0.6471752779680585,56.25,56.52173913043478,70.78651685393258,49.6551724137931,46.85314685314685,56.934306569343065,46.58634538152611,51.6260162601626,60.86956521739131,47.0703125,44.15841584158416,48.74476987447699,72.0,41.0,51
2025-08-25,1010,462,543,498,466,514,39,20,22,4,10,0,5,491862875879.68,276230769969.45,9,1,50.15105740181269,47.69703172978505,55.507559395248386,108.0,48.0,10,1.7806230491052029,-81.0,15.89480330254262,0.4778264157084374,61.458333333333336,57.608695652173914,68.53932584269663,53.103448275862064,49.65034965034965,58.3941605839416,51.80722891566265,52.84552845528455,61.471861471861466,46.3220675944334,42.74193548387097,49.25373134328358,76.0,39.0,48
2025-08-26,1010,155,855,343,383,470,10,59,20,6,5,8,0,450922906480.65,927462453440.53,12,4,34.50704225352113,39.16155419222903,50.646551724137936,78.0,93.0,-3,0.48618993125586807,-700.0,-17.12789636859391,0.37287187177925396,44.329896907216494,46.236559139784944,62.92134831460674,35.41666666666667,40.140845070422536,52.55474452554745,36.94779116465863,43.08943089430895,56.709956709956714,31.150793650793652,35.61368209255533,44.79830148619958,75.0,35.0,23
2025-08-28,1008,243,761,293,336,431,18,50,23,5,4,12,0,265053792870.61002,703988618878.4,7,1,29.655870445344128,34.53237410071942,46.5945945945946,67.0,129.0,-8,0.3765029515575063,-518.0,-36.176665105572695,0.8481120459925593,38.297872340425535,41.11111111111111,60.46511627906976,23.61111111111111,32.16783216783217,41.605839416058394,30.120481927710845,36.3265306122449,53.01724137931034,29.540918163672654,33.131313131313135,42.340425531914896,77.0,33.0,13
2025-08-29,1005,397,605,284,320,420,24,15,15,8,5,14,1,369348647016.03,478953257066.69,15,2,28.803245436105477,33.02373581011352,45.5531453362256,52.0,124.0,-9,0.7711580233905821,-208.0,-36.78247905016168,0.8509259155760368,35.41666666666667,36.95652173913043,60.22727272727273,25.694444444444443,29.577464788732392,40.44117647058824,26.720647773279353,34.5679012345679,51.30434782608696,29.458917835671343,32.52032520325203,41.452991452991455,61.0,15.0,11
2025-09-01,1000,790,206,404,388,468,87,4,23,6,10,2,5,656689117496.53,135229646593.29001,10,6,41.18246687054026,40.24896265560166,51.147540983606554,129.0,69.0,8,4.856103184766545,584.0,2.4834624224655357,0.7897178685042795,44.329896907216494,41.48936170212766,63.33333333333333,47.55244755244755,42.25352112676056,54.81481481481482,36.43724696356275,40.49586776859504,55.70175438596491,41.093117408906885,39.300411522633745,45.45454545454545,53.0,14.0,38
2025-09-02,999,642,353,470,435,495,78,13,22,3,13,2,1,523906385195.99,327373876855.86,3,2,47.81281790437436,45.03105590062112,54.03930131004366,189.0,32.0,11,1.6003304546705224,289.0,21.293425069449484,1.1364508364787236,48.45360824742268,44.680851063829785,65.55555555555556,50.349650349650354,49.29577464788733,59.25925925925925,40.32258064516129,42.79835390946502,57.45614035087719,50.70707070707071,44.969199178644764,48.59611231101512,47.0,15.0,46
2025-09-03,997,689,303,545,486,512,78,6,32,1,14,0,4,711103357452.45,192011990638.81,2,1,55.55555555555556,50.36269430051813,55.895196506550214,243.0,23.0,14,3.7034320361278508,386.0,42.11947600727351,0.6140054334888766,55.670103092783506,48.93617021276596,64.04494382022472,61.111111111111114,53.14685314685315,60.29411764705882,48.582995951417004,49.586776859504134,60.0,57.40365111561866,50.20576131687243,50.97613882863341,37.0,12.0,55
2025-09-04,994,296,698,469,446,496,24,17,30,2,14,1,4,423871290253.35,538292874658.68,12,10,47.906026557711954,46.409989594172735,54.26695842450766,180.0,36.0,13,0.7874361898661908,-402.0,20.315152179076698,0.5385436602556603,45.36082474226804,49.46236559139785,65.55555555555556,46.57534246575342,48.275862068965516,56.20437956204379,44.71544715447154,45.83333333333333,59.388646288209614,50.40816326530613,45.54865424430642,48.90829694323144,42.0,21.0,45
2025-09-05,997,473,521,462,461,491,53,10,37,2,15,0,1,494926620212.64,269375130256.69,29,15,47.14285714285714,47.92099792099792,53.544165757906214,155.0,33.0,15,1.8373137109614386,-48.0,19.27087954507303,0.49412872518692547,48.45360824742268,48.38709677419355,63.33333333333333,49.65986394557823,49.6551724137931,56.934306569343065,42.91497975708502,46.88796680497925,58.951965065502186,48.261758691206545,47.82608695652174,47.939262472885034,56.0,34.0,73
2025-09-08,999,543,452,495,467,514,65,11,50,2,22,2,6,529571543053.64,213580355021.45,25,15,50.45871559633027,48.494288681204566,55.99128540305011,142.0,38.0,20,2.479495565031975,91.0,25.231672045274536,0.4845047720877156,51.546391752577314,46.236559139784944,65.55555555555556,52.702702702702695,51.369863013698634,60.86956521739131,43.08943089430895,45.83333333333333,60.526315789473685,53.265306122448976,49.3801652892562,50.43290043290043,71.0,43.0,76
2025-09-09,1001,465,532,510,474,513,43,17,47,2,16,2,6,439700342080.16,294800417266.65,29,18,51.88199389623601,49.1701244813278,55.760869565217384,161.0,38.0,14,1.491518723606305,-67.0,22.30199127272045,0.5860202332978913,54.63917525773196,50.0,65.21739130434783,61.07382550335571,55.55555555555556,58.82352941176471,46.53061224489796,46.44351464435147,60.96491228070175,51.21951219512195,48.45360824742268,50.43103448275862,97.0,59.0,74
2025-09-10,1000,615,380,607,545,543,63,13,48,0,4,0,4,627104933378.46,253816105457.35,18,8,61.74974567650051,56.59397715472482,59.08596300326442,171.0,41.0,4,2.4707058373954744,235.0,34.785604255823095,0.6550440073180294,72.16494845360825,59.375,69.56521739130434,75.16778523489933,65.97222222222221,62.96296296296296,57.55102040816327,55.64853556485355,65.06550218340611,57.72357723577236,53.71900826446281,52.915766738660906,113.0,66.0,71
2025-09-11,997,457,533,617,560,539,40,13,48,1,7,0,2,466725500350.5,421993603281.68,27,13,62.89500509683996,58.151609553478714,58.65070729053319,146.0,43.0,7,1.1060013628665397,-76.0,29.735165335096745,0.775234923381002,69.0721649484536,58.333333333333336,65.59139784946237,76.51006711409396,71.52777777777779,64.17910447761194,60.40816326530612,56.666666666666664,63.04347826086957,58.77551020408164,54.865424430641816,53.46320346320347,128.0,69.0,61
2025-09-12,999,468,525,620,562,550,36,7,48,2,6,1,2,566919702918.87,277536615843.19,24,13,63.072227873855546,58.057851239669425,59.78260869565217,139.0,33.0,5,2.042684354266189,-57.0,26.21836423120023,0.436400547919606,72.16494845360825,65.625,69.89247311827957,76.51006711409396,69.86301369863014,67.91044776119402,62.04081632653061,54.58333333333333,64.19213973799127,57.72357723577236,54.73251028806584,53.23275862068966,123.0,67.0,64
2025-09-15,1000,606,391,682,610,575,54,7,51,3,21,0,1,529393896432.42,252793777099.43,35,19,69.23857868020305,62.95149638802889,62.43213897937026,130.0,27.0,21,2.0941729757224063,215.0,36.68040746621271,0.7400879204963975,74.48979591836735,63.541666666666664,70.96774193548387,81.20805369127517,77.3972602739726,71.64179104477611,67.07317073170732,61.66666666666667,68.5589519650655,65.65040650406505,59.13757700205339,55.053763440860216,133.0,71.0,70
2025-09-16,1003,617,377,717,659,604,43,4,46,1,17,0,2,621089166292.72,216499652957.32,22,13,72.57085020242914,67.79835390946502,65.29729729729729,133.0,18.0,17,2.8687767292410364,240.0,46.69205239481732,0.5704887235922292,78.57142857142857,70.83333333333334,74.19354838709677,84.56375838926175,79.45205479452055,75.55555555555556,74.39024390243902,70.0,70.86956521739131,66.86868686868686,62.65306122448979,57.81584582441114,126.0,66.0,69
2025-09-17,1010,575,432,761,687,619,39,7,44,1,15,1,5,614992653056.13,285734087438.7,25,18,76.40562248995984,70.17364657814096,66.48764769065521,136.0,18.0,14,2.1523251165756254,143.0,50.168548546800174,0.6184096019081842,77.55102040816327,75.0,75.26881720430107,84.66666666666667,81.5068493150685,77.37226277372264,78.86178861788618,69.58333333333333,71.05263157894737,72.50996015936255,66.19718309859155,59.40803382663847,133.0,76.0,75
2025-09-18,1020,469,540,751,699,622,30,16,38,1,10,1,7,603945029459.1,307022214963.78,42,20,74.72636815920399,70.89249492900609,66.3820704375667,112.0,27.0,9,1.9671053103774543,-71.0,42.190110014011516,0.44152110918345516,84.375,77.6595744680851,74.72527472527473,88.0,85.61643835616438,78.26086956521739,74.79674796747967,72.38493723849372,70.04405286343612,69.00584795321637,64.69428007889546,59.66735966735966,148.0,83.0,68
2025-09-19,1024,505,512,725,689,625,47,17,36,2,10,1,7,793625855397.24,526622909189.57,37,18,71.99602780536246,69.66632962588474,66.48936170212765,116.0,40.0,9,1.5070097436865515,-7.0,38.357594518407154,0.6544935287459893,77.08333333333334,76.59574468085107,75.82417582417582,86.0,82.99319727891157,79.85611510791367,72.46963562753037,70.0,70.92511013215858,66.73151750972762,64.37007874015748,58.7991718426501,161.0,88.0,64
2025-09-22,1030,324,705,608,629,609,34,27,39,2,14,3,3,484151637171.02,484887046283.1,47,15,60.01974333662389,63.15261044176707,64.37632135306553,111.0,60.0,11,0.9984833393308458,-381.0,16.18900579707339,0.46027254535173284,62.5,65.26315789473685,72.82608695652173,68.66666666666667,76.71232876712328,78.41726618705036,61.1336032388664,65.0,68.58407079646017,56.53846153846154,58.05825242718446,56.850715746421265,173.0,84.0,47
2025-09-23,1027,353,670,562,603,582,33,16,40,2,16,2,3,450218908893.6,528728415580.26,37,13,55.64356435643565,60.72507552870091,61.78343949044586,114.0,60.0,14,0.8515126019839528,-317.0,0.353917411347652,0.6187408975677381,58.76288659793815,65.97938144329896,74.46808510638297,61.74496644295302,72.22222222222221,70.28985507246377,56.2753036437247,61.41078838174274,65.929203539823,52.9980657640232,56.16438356164384,54.958677685950406,188.0,84.0,42
2025-09-24,1033,288,744,488,560,563,23,21,35,3,15,5,0,347179648942.67,518963555130.67,61,24,47.8900883218842,56.00000000000001,59.5137420718816,90.0,64.0,10,0.6689865704639963,-456.0,-20.136852745504598,0.5786316067975258,53.608247422680414,64.58333333333334,70.96774193548387,51.006711409395976,62.5,65.94202898550725,46.1847389558233,57.02479338842975,64.60176991150442,46.75572519083969,52.123552123552116,53.16973415132924,224.0,90.0,37
2025-09-25,1042,250,789,398,492,538,16,31,41,3,8,11,0,339192580016.66,570067601585.27,35,8,38.75365141187926,48.85799404170804,56.45330535152151,72.0,68.0,-3,0.5950041347261583,-539.0,-41.70577696588573,0.5325287039911686,44.89795918367347,56.70103092783505,69.14893617021278,41.891891891891895,56.64335664335665,62.77372262773723,35.34136546184739,49.79253112033195,63.11111111111111,38.34586466165413,44.866920152091254,49.29577464788733,217.0,78.0,29
2025-09-26,1048,107,941,237,354,465,6,104,37,3,5,18,0,179581468465.09,715978291128.97,26,8,22.96511627906977,34.980237154150196,48.4375,45.0,156.0,-13,0.2508197115612571,-834.0,-74.6886782894822,0.4533488205373958,34.02061855670103,45.83333333333333,61.29032258064516,20.27027027027027,39.16083916083916,49.63503649635037,18.8,35.53719008264463,53.53982300884957,23.649906890130353,31.63841807909605,43.452380952380956,206.0,68.0,18
2025-09-29,1052,457,591,236,354,457,43,37,40,2,7,11,0,710826036366.3,535606999957.03,19,2,22.846079380445307,34.9112426035503,47.55463059313215,65.0,172.0,-4,1.3271410501045118,-134.0,-67.51561552970978,0.582655213157144,37.11340206185567,48.95833333333333,62.365591397849464,28.57142857142857,42.95774647887324,50.0,16.06425702811245,32.780082987551864,52.654867256637175,21.85185185185185,31.21495327102804,41.89723320158103,178.0,55.0,18
2025-09-30,1056,500,552,252,352,463,18,20,30,3,7,5,0,510889370180.09,408490248370.66,10,3,24.347826086956523,34.645669291338585,48.07892004153687,67.0,161.0,2,1.2506770289324365,-52.0,-56.945068792455785,0.7242454130803485,41.23711340206185,47.91666666666667,62.76595744680851,28.965517241379313,37.5886524822695,51.49253731343284,20.481927710843372,34.024896265560166,55.70175438596491,21.875,31.784386617100374,41.02564102564102,151.0,45.0,18
2025-10-01,1054,808,244,362,436,506,87,2,32,2,11,2,2,745835156274.27,163217202939.03,2,1,35.11154219204656,43.125618199802176,52.81837160751566,148.0,59.0,9,4.569586678635081,564.0,-16.822525988141336,0.7246772285377004,50.0,59.13978494623656,70.0,38.775510204081634,44.05594405594406,56.20437956204379,30.76923076923077,44.35146443514644,57.9646017699115,33.51749539594843,39.55223880597015,46.53465346534654,92.0,22.0,38
2025-10-03,1056,734,318,480,509,535,91,9,36,1,21,3,3,662721026357.92,371529488338.96,10,8,46.51162790697674,50.346191889218595,55.84551148225469,196.0,31.0,18,1.7837642694818756,416.0,10.16636073948822,1.2939916670151599,58.94736842105262,61.702127659574465,71.42857142857143,49.6551724137931,51.77304964539007,58.51851851851851,41.86991869918699,50.84033613445378,59.55555555555555,45.604395604395606,47.76951672862453,50.69033530571993,67.0,22.0,51
2025-10-06,1057,439,615,486,510,527,50,23,37,1,17,5,3,544804789954.23004,319760508408.74,6,4,47.093023255813954,50.445103857566764,55.01043841336117,228.0,34.0,12,1.7037901042420875,-176.0,3.591027087914057,0.41896072552253594,63.1578947368421,64.8936170212766,71.73913043478261,53.79310344827586,56.33802816901409,62.22222222222222,45.90163934426229,51.271186440677965,58.744394618834086,43.06569343065693,46.01113172541744,48.4251968503937,47.0,18.0,49
2025-10-07,1061,430,628,490,511,529,35,27,34,1,10,8,5,523767026810.97,375414285216.78,13,8,47.34299516908212,50.39447731755424,55.104166666666664,176.0,59.0,2,1.3951707418606216,-198.0,-3.148838319621433,0.49077389257965215,68.08510638297872,69.89247311827957,74.72527472527473,56.849315068493155,61.53846153846154,63.503649635036496,48.36065573770492,48.728813559322035,59.19282511210763,40.83484573502722,44.83394833948339,47.54420432220039,41.0,24.0,53
2025-10-08,1061,350,705,432,470,524,33,22,28,3,8,12,1,375081713560.64,435743686994.34,30,4,41.77949709864603,46.396841066140176,54.413291796469366,118.0,72.0,-4,0.8607851926619239,-355.0,-16.745679051466183,0.5767454005266605,60.63829787234043,61.29032258064516,74.19354838709677,43.53741496598639,48.61111111111111,57.2463768115942,40.909090909090914,48.717948717948715,59.909909909909906,38.475499092558984,42.25092250922509,47.647058823529406,61.0,25.0,23
2025-10-09,1062,550,508,472,484,526,50,21,30,1,11,6,5,594622017624.35,226741295954.81,28,11,45.692158760890614,47.77887462981244,54.56431535269709,118.0,70.0,5,2.622468991016349,42.0,-8.437249481936092,0.4128465080285791,67.36842105263158,68.08510638297872,76.34408602150538,52.77777777777778,55.00000000000001,62.5,49.382716049382715,50.0,60.44444444444444,38.475499092558984,41.43646408839779,45.88235294117647,87.0,35.0,33
2025-10-10,1066,664,397,535,518,548,51,16,34,1,12,1,3,585869284663.23,269058402630.74,21,11,51.59112825458052,50.93411996066863,56.553147574819405,134.0,59.0,11,2.177479978082254,267.0,9.958644047421785,0.7681099699835467,71.57894736842105,70.2127659574468,77.41935483870968,57.931034482758626,56.73758865248227,64.23357664233576,55.371900826446286,52.96610169491526,62.94642857142857,44.86486486486487,45.23809523809524,47.96116504854369,98.0,38.0,40
2025-10-13,1064,320,743,449,479,520,21,24,28,1,9,7,2,389781744220.97,403818245786.3,16,10,43.38164251207729,47.19211822660099,53.8860103626943,122.0,61.0,2,0.9652405464294991,-423.0,-8.862660205214326,0.44619593328672225,60.416666666666664,66.3157894736842,74.19354838709677,49.30555555555556,57.446808510638306,63.76811594202898,48.760330578512395,52.54237288135594,59.64125560538116,36.52802893309223,38.858195211786374,45.00978473581213,108.0,44.0,25
2025-10-14,1058,227,827,344,407,482,19,47,19,1,6,13,1,355544667086.94,484968141346.77,17,6,33.46303501945525,40.33696729435084,50.2606882168926,91.0,87.0,-7,0.733129945607525,-600.0,-33.76056204019214,0.37440305905025956,56.84210526315789,61.702127659574465,72.3404255319149,38.62068965517241,47.88732394366197,59.12408759124088,34.97942386831276,45.9915611814346,57.14285714285714,27.339449541284406,32.08955223880597,40.67460317460318,112.0,42.0,16
2025-10-15,1061,764,296,439,467,511,74,15,19,2,15,4,2,714669286664.09,185119596747.73,20,7,42.66277939747328,46.19188921859545,53.22916666666667,114.0,86.0,11,3.8605814793233306,468.0,-1.479465298897182,0.6685731397990036,65.95744680851064,69.89247311827957,72.82608695652173,55.86206896551724,59.154929577464785,64.96350364963503,41.56378600823045,48.319327731092436,58.849557522123895,35.64899451553931,37.732342007434944,43.960396039603964,102.0,45.0,31
2025-10-16,1055,635,418,505,490,527,43,16,19,2,10,1,7,677736948355.73,295656760101.46,18,14,49.26829268292683,48.756218905472636,55.01043841336117,136.0,78.0,9,2.292310002054924,217.0,13.578269741404469,0.6627108700913231,75.25773195876289,76.84210526315789,76.59574468085107,58.04195804195804,60.0,65.44117647058823,53.086419753086425,49.37238493723849,60.26200873362445,40.59040590405904,40.48964218455744,45.69138276553106,92.0,48.0,38
2025-10-17,1049,303,742,444,455,517,27,30,19,2,11,1,1,508275214875.89,504129979768.97,13,5,43.57212953876349,45.363908275174474,54.02298850574713,144.0,61.0,10,1.008222552264834,-439.0,-6.415258147844639,0.40502545219895403,73.68421052631578,76.34408602150538,80.64516129032258,53.14685314685315,60.0,65.18518518518519,42.38683127572017,43.333333333333336,55.895196506550214,36.2453531598513,36.9811320754717,45.2,84.0,42.0,28
2025-10-20,1050,606,440,494,493,530,65,16,19,3,26,4,3,642474256623.76,273227589011.81,22,14,48.47890088321884,49.103585657370516,55.208333333333336,135.0,62.0,22,2.3514252676584197,166.0,6.772351797586609,0.5857182646694248,68.08510638297872,72.82608695652173,79.34782608695652,60.83916083916085,62.857142857142854,66.66666666666666,51.229508196721305,48.760330578512395,56.95652173913044,40.520446096654275,41.509433962264154,46.91848906560636,90.0,46.0,45
2025-10-21,1045,825,215,584,551,543,24,0,19,2,17,0,5,128614212935.92,43739648802.950005,19,12,57.59368836291914,55.1,56.68058455114823,116.0,46.0,17,2.9404491452442953,610.0,40.21389654194238,1.3049738705842446,72.3404255319149,77.17391304347827,79.12087912087912,67.13286713286713,67.14285714285714,68.38235294117648,60.65573770491803,54.54545454545454,58.44155844155844,51.031894934333955,48.28897338403042,48.6,92.0,52.0,56
2025-10-23,1023,391,632,532,530,532,35,41,13,2,12,0,5,601396521662.79,469326619004.56,18,10,53.57502517623364,54.19222903885481,56.71641791044776,124.0,57.0,12,1.281402966101411,-241.0,26.055347815656862,0.4828074403153733,64.8936170212766,72.82608695652173,78.02197802197803,59.02777777777778,65.24822695035462,66.42335766423358,58.606557377049185,58.26446280991735,60.17316017316018,47.55381604696673,45.72564612326044,48.22546972860125,90.0,55.0,60
2025-10-24,1023,357,660,492,504,530,28,13,14,3,11,2,8,416659701657.48,394255476493.95,34,19,49.447236180904525,51.37614678899083,56.323060573857596,87.0,54.0,9,1.0568266682374767,-303.0,10.719511915604457,0.5118238469617655,63.1578947368421,69.89247311827957,75.82417582417582,54.54545454545454,62.4113475177305,68.11594202898551,56.557377049180324,57.26141078838174,59.56521739130435,42.10526315789473,42.094861660079054,47.71784232365145,106.0,60.0,49
2025-10-27,1022,544,476,526,522,539,47,14,21,3,21,3,5,625082008776.4401,266443207185.82,5,2,52.91750503018109,53.3197139938713,57.401490947816825,110.0,68.0,18,2.3460234373342534,68.0,16.10377466148163,0.48714651553343047,62.76595744680851,71.73913043478261,80.0,64.33566433566433,64.53900709219859,69.56521739130434,56.326530612244895,60.16597510373444,61.30434782608696,46.2890625,43.56435643564357,47.81704781704782,98.0,57.0,66
2025-10-28,1020,453,565,516,526,537,44,18,22,3,22,3,1,587873409329.49,489025309058.36,31,19,51.85929648241206,53.72829417773238,57.12765957446808,119.0,45.0,19,1.2021328925929549,-112.0,11.626800435899199,0.6669561380814043,60.215053763440864,71.42857142857143,79.7752808988764,61.37931034482759,66.90140845070422,69.7841726618705,56.9672131147541,57.74058577405857,58.69565217391305,45.22417153996101,44.97041420118343,48.54771784232365,107.0,62.0,65
2025-10-29,1020,667,351,614,576,562,47,19,27,3,18,1,0,715642450318.5,339432826078.2,25,14,61.584754262788366,58.77551020408164,59.914712153518124,138.0,51.0,17,2.108347794722798,316.0,29.14085347084672,0.9013147190616843,63.829787234042556,76.08695652173914,83.33333333333334,76.02739726027397,74.64788732394366,72.66187050359713,65.1639344262295,62.916666666666664,63.04347826086957,55.36062378167641,49.209486166007906,50.31315240083507,113.0,64.0,68
2025-10-30,1018,384,632,588,560,550,31,13,31,2,11,1,2,471188220092.13,489965021713.0,37,18,58.85885885885885,57.259713701431494,58.76068376068376,122.0,50.0,10,0.9616772610517723,-248.0,15.769664548372624,0.6318075318161761,54.25531914893617,70.65217391304348,81.11111111111111,73.46938775510205,67.13286713286713,72.14285714285714,61.943319838056674,61.82572614107884,61.904761904761905,54.01174168297456,49.800796812749006,49.05263157894737,132.0,72.0,54
2025-10-31,1017,310,704,506,515,536,32,24,34,2,13,8,0,487919218179.01,554369399367.39,37,19,50.49900199600798,52.55102040816326,57.20384204909285,110.0,56.0,5,0.8801337496907142,-394.0,-3.041550303084591,0.5003113552294163,50.51546391752577,63.44086021505376,76.92307692307693,63.6986301369863,65.03496503496503,69.06474820143885,50.20242914979757,54.958677685950406,59.05172413793104,46.875,45.81673306772908,49.05263157894737,135.0,72.0,48
2025-11-03,1021,643,375,579,567,557,77,21,43,1,28,5,5,669784377331.07,265260064781.76,57,27,57.44047619047619,57.56345177664974,59.25531914893617,140.0,58.0,23,2.5250102305529034,268.0,13.990068750434908,0.6790731561872542,55.670103092783506,65.95744680851064,78.26086956521739,65.75342465753424,67.6056338028169,71.73913043478261,59.2741935483871,59.50413223140496,59.91379310344828,54.54545454545454,52.26824457593688,51.67364016736402,187.0,97.0,66
2025-11-04,1024,304,718,490,507,531,23,19,30,1,18,7,2,427908107910.3,553459551291.6,32,16,48.418972332015805,51.2639029322548,56.19047619047619,132.0,64.0,11,0.7731515463265517,-414.0,-5.61784730255809,0.5476265690762512,47.42268041237113,55.319148936170215,75.0,59.183673469387756,60.56338028169014,70.28985507246377,47.58064516129033,54.54545454545454,57.758620689655174,45.96153846153846,46.37964774951076,47.82608695652174,188.0,94.0,45
2025-11-06,1010,164,844,344,402,459,21,128,27,2,6,18,2,352155233271.82,712015837948.92,29,13,34.434434434434436,41.23076923076923,49.24892703862661,121.0,168.0,-12,0.4945890449379071,-680.0,-35.654526291354344,0.39287727497669445,39.175257731958766,51.06382978723404,72.82608695652173,43.91891891891892,52.77777777777778,62.142857142857146,31.17408906882591,40.833333333333336,52.17391304347826,32.34714003944773,36.21730382293762,39.361702127659576,192.0,93.0,19
2025-11-07,1012,525,487,368,408,467,45,27,29,2,17,21,4,653933148191.13,475550131489.93,53,18,36.72654690618762,41.80327868852459,50.0,89.0,174.0,-4,1.3751087527666415,38.0,-25.257614195318354,0.7839589016245673,42.70833333333333,53.76344086021505,70.32967032967034,49.32432432432432,54.861111111111114,67.14285714285714,32.244897959183675,41.596638655462186,51.73913043478261,34.1130604288499,35.92814371257485,40.169133192389005,208.0,93.0,18
2025-11-10,1017,449,565,377,409,467,47,58,33,5,18,23,3,553066341071.54,341112960766.12,31,13,37.51243781094528,41.69215086646279,49.94652406417112,113.0,213.0,-5,1.6213583319419613,-116.0,-23.94196628223098,0.49013857691463886,51.578947368421055,61.95652173913043,72.22222222222221,54.054054054054056,58.620689655172406,67.14285714285714,34.01639344262295,42.616033755274266,53.7117903930131,31.85328185328185,32.74161735700197,38.865546218487395,202.0,87.0,16
2025-11-11,1021,477,543,359,409,471,39,41,27,1,14,20,4,675092017731.22,299889104508.06,16,7,35.579781962338956,41.52284263959391,50.159744408945684,131.0,126.0,-6,2.2511388629428377,-66.0,-20.19737748513012,0.39022605541341915,53.68421052631579,65.21739130434783,76.92307692307693,51.70068027210885,60.0,67.62589928057554,33.46938775510204,41.10169491525424,53.30396475770925,28.735632183908045,32.2265625,38.589211618257266,161.0,67.0,21
2025-11-12,1026,651,373,436,457,496,64,16,31,2,14,2,4,751173046184.46,272280631344.29,20,9,42.95566502463054,46.16161616161616,52.54237288135594,150.0,115.0,12,2.7588192464363215,278.0,0.3052328238167519,0.6326287281221641,60.824742268041234,69.89247311827957,81.52173913043478,61.64383561643836,65.73426573426573,69.34306569343066,44.71544715447154,46.63865546218487,55.895196506550214,33.65019011406844,36.240310077519375,40.74074074074074,149.0,60.0,32
2025-11-13,1031,387,638,425,436,493,39,33,34,4,8,9,5,526186912817.82,503048203927.68,13,9,41.66666666666667,43.95161290322581,52.114164904862584,142.0,90.0,-1,1.0459970013002302,-251.0,-8.616561526152765,0.579908997201998,56.25,69.23076923076923,80.0,60.273972602739725,61.53846153846154,69.34306569343066,37.80487804878049,42.016806722689076,55.21739130434783,35.714285714285715,35.57692307692308,40.695296523517385,133.0,56.0,25
2025-11-14,1036,485,546,439,443,483,59,18,43,4,13,10,4,693931667120.12,351265243559.4,18,9,42.829268292682926,44.433299899699094,50.78864353312302,162.0,67.0,3,1.9755204360341847,-61.0,-6.70161288774591,0.4496427230393973,54.166666666666664,64.83516483516483,80.0,59.863945578231295,64.58333333333334,69.56521739130434,39.75409836065574,43.037974683544306,53.50877192982456,37.54646840148699,36.0,38.98989898989899,98.0,47.0,40
2025-11-17,1044,617,426,500,472,505,71,15,42,5,24,11,9,680745757403.88,257058460731.13,31,16,48.44961240310077,47.05882352941176,52.82426778242678,169.0,66.0,13,2.648213777783044,191.0,7.569176262530682,0.5469183869001055,64.58333333333334,71.42857142857143,81.11111111111111,65.54054054054053,62.5,67.3913043478261,46.53061224489796,47.89915966386555,55.70175438596491,41.804788213627994,38.301886792452834,42.4,98.0,50.0,50
2025-11-18,1042,254,786,415,427,472,19,28,33,7,11,14,2,392872250477.5,547000739066.92,19,13,40.252182347235696,42.57228315054836,49.47589098532495,149.0,61.0,-3,0.7182298348401976,-532.0,-16.417144895295507,0.44993287748466704,55.208333333333336,62.637362637362635,81.11111111111111,51.67785234899329,57.24137931034483,65.71428571428571,39.59183673469388,43.459915611814345,50.442477876106196,34.750462107208875,34.71698113207547,38.75502008032129,101.0,56.0,34
2025-11-19,1048,423,622,410,431,478,39,33,42,7,15,20,4,517828283681.01,359441170401.1,15,5,39.61352657004831,42.800397219463754,49.89561586638831,129.0,76.0,-5,1.440648223750123,-199.0,-20.19336376076042,0.47205438320772714,53.191489361702125,68.53932584269663,80.68181818181817,52.702702702702695,56.55172413793104,67.85714285714286,40.816326530612244,44.91525423728814,51.10132158590308,33.21167883211679,33.89199255121043,38.9662027833002,96.0,52.0,33
2025-11-20,1049,431,615,400,427,468,32,18,31,6,12,14,1,457738418506.01,442460088034.77,28,10,38.64734299516908,42.40317775571003,48.75,90.0,79.0,-2,1.034530415023647,-184.0,-22.57106407192913,0.6774213671756207,54.83870967741935,71.5909090909091,79.3103448275862,54.36241610738255,58.21917808219178,65.95744680851064,38.9344262295082,44.680851063829785,51.541850220264315,31.51183970856102,32.342007434944236,37.42574257425743,111.0,53.0,14
2025-11-21,1059,160,893,307,346,451,11,50,22,9,3,29,0,269257603278.82,564536057624.79,10,2,29.40613026819923,34.05511811023622,46.542827657378744,82.0,101.0,-26,0.4769537740630516,-733.0,-51.941142517618715,0.3756576471981125,47.82608695652174,57.47126436781609,77.90697674418605,36.91275167785235,48.63013698630137,64.53900709219859,29.508196721311474,35.319148936170215,48.89867841409692,24.329159212880143,25.91240875912409,35.33980582524272,103.0,46.0,5
2025-11-24,1055,273,781,276,321,416,28,101,23,15,4,46,0,497929870926.25,986933767436.22,18,5,26.53846153846154,31.750741839762615,43.19833852544133,71.0,169.0,-42,0.5045220736744408,-508.0,-65.54285387609525,0.6928375879539213,42.391304347826086,50.57471264367817,70.93023255813954,35.374149659863946,45.13888888888889,60.431654676258994,26.422764227642276,33.33333333333333,45.851528384279476,21.62162162162162,24.49355432780847,32.61296660117878,90.0,35.0,7
2025-11-25,1053,571,478,290,335,430,47,7,24,12,6,15,1,453511407077.36,368032943116.91,15,6,27.99227799227799,33.201189296333,44.74505723204995,86.0,158.0,-9,1.232257643124346,93.0,-46.794602818212184,0.9694082046245623,42.391304347826086,52.87356321839081,75.29411764705883,33.78378378378378,44.13793103448276,58.45070422535211,29.38775510204082,35.59322033898305,48.89867841409692,23.41197822141561,26.062846580406656,33.92504930966469,86.0,28.0,12
2025-11-26,1044,827,213,403,399,463,61,7,21,9,14,2,0,680861256048.03,208148004152.06,3,1,39.24050632911392,39.900000000000006,48.634453781512605,136.0,115.0,12,3.271043884478638,614.0,-4.480875149631103,1.186969433948778,59.78260869565217,66.66666666666666,77.64705882352942,48.64864864864865,53.79310344827586,65.95744680851064,40.65040650406504,42.19409282700422,51.52838427947598,32.53234750462107,30.69679849340866,37.42454728370221,74.0,24.0,22
2025-11-27,1040,376,662,378,389,447,20,12,22,11,8,6,0,411222803737.3,376839363595.62,14,9,36.986301369863014,39.095477386934675,47.10221285563752,128.0,26.0,2,1.0912416362601023,-286.0,-13.28023361724614,0.5204858501937975,59.34065934065934,66.66666666666666,78.82352941176471,47.2972972972973,56.25,64.08450704225352,38.61788617886179,41.77215189873418,49.77973568281938,29.608938547486037,28.6527514231499,35.55555555555556,60.0,23.0,15
2025-11-28,1039,428,608,375,392,459,30,13,20,14,8,6,3,373420090898.84,367243789529.54,12,7,36.76470588235294,39.47633434038268,48.41772151898734,111.0,32.0,2,1.0168179872482317,-180.0,-15.43728393897075,0.6923042051273242,58.24175824175825,65.51724137931035,77.64705882352942,46.62162162162162,54.166666666666664,64.7887323943662,37.39837398373984,40.50632911392405,50.43859649122807,30.093457943925234,30.666666666666664,37.72819472616633,62.0,28.0,15
2025-12-01,1039,439,593,357,383,453,30,24,23,14,11,17,1,414456658259.96,365386779753.26,13,4,35.03434739941119,38.56998992950655,47.83526927138332,80.0,49.0,-6,1.1342957140918895,-154.0,-15.904375544350444,0.6526547990248103,52.22222222222223,63.95348837209303,75.0,46.97986577181208,58.21917808219178,64.33566433566433,33.06122448979592,41.10169491525424,50.442477876106196,29.719626168224302,27.80952380952381,37.24696356275304,57.0,27.0,15
2025-12-02,1036,317,716,324,363,438,19,16,21,15,7,22,1,354996654314.97,520058035318.36,8,5,31.92118226600985,36.70374115267948,46.34920634920635,79.0,53.0,-15,0.6826096900851736,-399.0,-28.474216989228296,0.6485952903955328,52.74725274725275,57.47126436781609,76.47058823529412,41.891891891891895,51.369863013698634,60.13986013986013,30.081300813008134,38.81856540084388,49.33920704845815,26.41509433962264,28.13102119460501,35.714285714285715,50.0,26.0,20
2025-12-03,1032,295,735,278,329,426,14,28,17,23,2,31,1,295529880005.02,533326120053.98,8,3,27.497527200791293,33.401015228426395,45.270988310308184,63.0,68.0,-29,0.5541260195077419,-440.0,-41.12906033965274,0.7243127557414393,43.333333333333336,59.77011494252874,76.47058823529412,29.333333333333332,38.775510204081634,59.72222222222222,30.20408163265306,36.440677966101696,49.77777777777778,23.00380228136882,26.019417475728158,33.47022587268994,55.0,28.0,12
2025-12-04,1024,391,627,273,326,413,16,25,14,22,4,15,1,453027020523.42,364504445544.07,8,3,27.218344965104684,33.40163934426229,44.265809217577704,49.0,69.0,-11,1.2428573260532354,-236.0,-41.543306102567385,0.5017506455789423,46.666666666666664,56.32183908045977,74.11764705882354,31.333333333333336,44.89795918367347,61.80555555555556,29.67479674796748,36.59574468085106,47.55555555555556,21.470019342359766,24.65483234714004,32.150313152400834,49.0,22.0,11
2025-12-05,1016,353,660,255,309,401,20,41,10,17,4,29,0,503345946972.87,317704813232.58,11,3,25.576730190571716,31.88854489164087,43.351351351351354,50.0,94.0,-25,1.5843195507535133,-307.0,-45.23976969934657,0.3375887677420298,50.0,58.620689655172406,75.29411764705883,34.66666666666667,44.89795918367347,60.416666666666664,24.193548387096776,35.319148936170215,46.666666666666664,19.25343811394892,21.8,30.78556263269639,48.0,18.0,7
2025-12-08,1007,97,910,150,225,347,11,151,9,31,4,65,0,132745260471.04001,763458373554.59,6,2,15.166835187057634,23.4375,37.79956427015251,47.0,217.0,-61,0.17387360603956786,-813.0,-73.47404722609602,0.6130511066133262,36.26373626373626,54.02298850574713,67.05882352941175,16.0,27.7027027027027,54.48275862068965,14.112903225806454,25.213675213675213,40.17857142857143,11.600000000000001,15.885947046843176,26.07758620689655,41.0,16.0,0
2025-12-09,1004,740,262,219,269,362,89,6,9,13,6,13,1,653120960017.96,356039813062.45,11,0,22.233502538071065,28.079331941544883,39.519650655021834,120.0,198.0,-7,1.834404288667013,478.0,-32.69698427533632,1.53969738206861,32.967032967032964,52.87356321839081,67.05882352941175,20.666666666666668,30.405405405405407,55.86206896551724,23.387096774193548,31.48936170212766,42.66666666666667,20.161290322580644,21.311475409836063,27.765726681127983,44.0,11.0,9
2025-12-10,1008,320,685,196,238,358,18,20,9,12,2,4,0,256412482294.98,504410279658.02997,6,2,19.7979797979798,24.688796680497926,38.91304347826087,118.0,177.0,-2,0.5083411116617557,-365.0,-39.81911053106012,0.9189760063757567,29.03225806451613,45.97701149425287,64.70588235294117,20.666666666666668,27.7027027027027,54.48275862068965,18.548387096774192,28.270042194092827,42.857142857142854,18.43687374749499,18.29268292682927,27.467811158798284,42.0,10.0,5
2025-12-11,1007,632,372,251,283,362,32,10,10,11,4,3,0,579182349134.01,164155445933.63,3,3,25.430597771023304,29.448491155046824,39.519650655021834,139.0,36.0,1,3.52825546444667,260.0,-14.459432927048653,0.48151976190568585,38.46153846153847,55.294117647058826,68.67469879518072,28.859060402684566,34.01360544217687,55.86206896551724,26.104417670682732,32.63598326359833,42.22222222222222,21.686746987951807,22.040816326530614,27.861771058315334,37.0,10.0,21
2025-12-12,995,668,325,333,327,390,49,5,9,11,10,2,0,629473725246.9,168432561079.57,5,0,34.04907975460122,34.24083769633508,42.951541850220266,99.0,35.0,8,3.737244872442018,343.0,11.445388589016403,0.5499732250730391,47.82608695652174,58.139534883720934,73.80952380952381,43.624161073825505,41.0958904109589,59.02777777777778,35.7429718875502,38.75,46.017699115044245,27.66393442622951,25.672877846790893,30.616740088105725,31.0,7.0,25
2025-12-15,990,533,452,360,338,398,45,9,10,6,15,3,0,413718296475.36,284759687865.45,5,4,37.03703703703704,35.54153522607781,44.12416851441242,126.0,24.0,12,1.4528682046836747,81.0,20.436784042306925,0.8116383413316904,48.91304347826087,59.09090909090909,71.76470588235294,39.59731543624161,43.15068493150685,56.94444444444444,39.75903614457831,39.58333333333333,48.660714285714285,32.572614107883815,26.834381551362686,32.516703786191535,30.0,9.0,26
2025-12-16,985,259,723,329,313,379,24,23,9,8,8,14,2,309188319673.84,466738724127.13,5,1,34.05797101449276,33.15677966101695,42.39373601789709,118.0,37.0,-6,0.6624441120716256,-464.0,0.772243234658788,0.5407695417100581,40.21739130434783,51.724137931034484,67.85714285714286,35.57046979865772,41.37931034482759,55.94405594405595,35.7429718875502,35.833333333333336,46.902654867256636,31.512605042016805,25.847457627118644,30.839002267573694,24.0,10.0,15
2025-12-17,978,256,719,250,280,361,13,34,8,8,5,24,1,370398765430.36,389528788885.09,14,6,26.014568158168572,29.818956336528224,40.607424071991,82.0,66.0,-19,0.9508893206340819,-463.0,-15.994800372053675,0.37443902441096316,35.483870967741936,48.275862068965516,65.47619047619048,28.859060402684566,38.62068965517241,55.24475524475524,24.096385542168676,31.40495867768595,44.73684210526316,24.25531914893617,22.795698924731184,28.80184331797235,32.0,14.0,10
2025-12-18,974,373,597,248,257,348,27,13,10,8,5,24,2,517346931612.79,287600606915.43,7,4,25.94142259414226,27.45726495726496,39.27765237020316,64.0,70.0,-19,1.798838108032636,-224.0,-18.30064865393257,0.34733009989921704,32.967032967032964,48.23529411764706,67.07317073170732,31.543624161073826,37.93103448275862,51.74825174825175,28.4,31.68724279835391,44.29824561403509,21.45922746781116,18.142548596112313,27.25173210161663,36.0,15.0,14
2025-12-19,966,742,223,361,317,372,65,8,10,6,11,4,1,884843594674.78,200625112795.58,8,4,38.04004214963119,34.1227125941873,42.32081911262799,105.0,55.0,7,4.41043288322714,519.0,16.969354308330637,0.7544280455425593,44.565217391304344,50.588235294117645,65.85365853658537,46.97986577181208,45.51724137931035,55.94405594405595,41.6,37.86008230452675,48.90829694323144,31.877729257641924,25.438596491228072,29.64705882352941,39.0,19.0,36
2025-12-22,963,704,254,497,365,391,75,10,15,5,20,1,2,680980856704.72,185258682557.69,5,2,52.53699788583509,39.45945945945946,44.68571428571428,167.0,31.0,19,3.6758377383616603,450.0,43.59036006952404,0.7540195570608693,65.21739130434783,52.32558139534884,72.28915662650603,58.78378378378378,51.048951048951054,58.156028368794324,56.39999999999999,45.67901234567901,50.21834061135371,45.83333333333333,30.022075055187635,31.753554502369667,39.0,17.0,47
2025-12-23,966,521,442,540,399,400,31,12,19,3,8,3,4,490700712984.69,310963645485.1,6,4,56.902002107481565,42.94940796555436,45.50625711035267,171.0,30.0,5,1.5780002585807165,79.0,47.58336819499678,0.7469789851203086,67.36842105263158,58.42696629213483,69.76744186046511,60.689655172413794,51.06382978723404,58.27338129496403,61.84738955823293,47.71784232365145,50.22026431718062,50.8695652173913,34.93449781659388,33.957845433255265,40.0,20.0,48
2025-12-24,970,342,627,505,392,391,31,16,15,4,17,4,1,465793914684.26,315258587125.27,22,15,52.99055613850997,42.01500535905681,44.280860702151756,137.0,38.0,13,1.4774979452000583,-285.0,32.55947330130099,0.36917448665601293,66.3157894736842,57.30337078651685,69.76744186046511,53.79310344827586,50.35460992907801,55.79710144927537,57.42971887550201,48.559670781893004,50.43478260869565,47.62931034482759,33.04347826086956,32.16783216783217,48.0,29.0,58
2025-12-26,965,328,630,438,376,384,29,14,14,7,11,10,1,409515017477.11,302964631391.85,26,13,46.15384615384615,40.43010752688172,43.68600682593857,91.0,42.0,1,1.3516924916144728,-302.0,18.701245800684575,0.3851726068353535,58.94736842105262,53.93258426966292,66.27906976744185,51.724137931034484,53.52112676056338,58.69565217391305,51.00401606425703,46.50205761316872,49.130434782608695,39.130434782608695,30.482456140350877,31.294117647058822,67.0,38.0,43
2025-12-29,966,283,681,378,344,371,15,23,13,7,4,13,1,366279136992.57,468630666994.5,25,10,39.74763406940063,36.94951664876477,42.11123723041998,75.0,53.0,-9,0.7815944682870462,-398.0,1.9589550586541122,0.531689209612144,46.875,51.68539325842697,66.27906976744185,43.83561643835616,49.65034965034965,58.27338129496403,44.354838709677416,39.25619834710744,48.03493449781659,34.490238611713664,28.88402625820569,28.805620608899297,84.0,44.0,26
2025-12-30,962,371,588,390,334,368,33,17,16,6,9,10,1,656697903536.49,651608915521.59,21,6,41.139240506329116,35.913978494623656,41.91343963553531,77.0,54.0,-1,1.0078098808866458,-217.0,-3.315498301075195,0.626062904242698,50.0,52.80898876404494,65.11627906976744,41.78082191780822,46.15384615384615,55.39568345323741,46.37096774193548,39.34426229508197,48.03493449781659,36.24454148471616,27.53303964757709,29.4811320754717,100.0,48.0,24
2025-12-31,957,745,208,499,387,398,49,10,11,5,20,3,0,661856078073.43,231481954858.81998,28,13,53.028692879914985,41.883116883116884,45.58991981672394,97.0,50.0,17,2.8592124102161387,537.0,29.891421567861613,1.2526983852032219,54.736842105263165,57.95454545454546,68.6046511627907,60.95890410958904,54.54545454545454,58.69565217391305,57.028112449799195,46.53061224489796,52.17391304347826,47.893569844789354,32.142857142857146,32.93556085918855,122.0,57.0,39
2026-01-01,955,465,486,508,403,403,38,10,12,4,17,4,1,413977404760.82,311923131651.64,14,10,54.04255319148936,43.66197183098591,46.16265750286369,120.0,37.0,13,1.327177636903042,-21.0,30.23388094796328,0.7209209203445079,63.91752577319587,59.34065934065934,70.78651685393258,59.589041095890416,55.633802816901415,56.52173913043478,58.2995951417004,47.73662551440329,51.96506550218341,47.77777777777778,34.45190156599553,34.2925659472422,114.0,52.0,41
2026-01-02,960,688,270,610,474,423,64,8,18,3,29,4,5,698808844130.7,227629923119.82,20,18,64.55026455026454,51.077586206896555,48.23261117445838,151.0,28.0,25,3.0699340163764868,418.0,52.3255143132104,0.8300335233770874,72.16494845360825,68.13186813186813,73.03370786516854,65.75342465753424,65.49295774647888,63.76811594202898,69.63562753036437,57.20164609053497,54.54545454545454,59.78021978021978,39.823008849557525,34.36754176610978,108.0,57.0,64
2026-01-05,966,388,578,568,475,424,38,24,22,2,26,5,1,500010886483.82,451674756135.74,26,16,59.66386554621849,50.80213903743316,47.963800904977376,140.0,42.0,21,1.1070153460902157,-190.0,40.552233268930635,0.6063875078041631,73.19587628865979,67.03296703296702,71.91011235955057,70.74829931972789,64.33566433566433,65.46762589928058,66.26016260162602,57.85123966942148,53.67965367965368,49.78354978354979,39.651416122004356,34.11764705882353,109.0,63.0,66
2026-01-06,964,327,634,514,439,418,24,19,20,2,24,9,4,503509764155.26,486161283904.16,27,15,54.10526315789473,46.95187165775401,47.33861834654587,126.0,51.0,15,1.0356846191284126,-307.0,24.433316809726776,0.49800186382656986,71.1340206185567,67.03296703296702,71.91011235955057,66.8918918918919,63.888888888888886,65.0,60.0,53.30578512396694,53.91304347826087,43.26086956521739,34.27947598253275,32.78301886792453,115.0,72.0,63
2026-01-07,959,490,462,536,458,426,41,8,33,2,16,5,2,549091870912.45,403118955685.69,53,20,56.719576719576715,49.24731182795699,48.51936218678816,103.0,51.0,11,1.3621087849328881,28.0,27.27947665305883,0.7786500405386617,71.1340206185567,70.32967032967034,71.91011235955057,67.78523489932886,66.20689655172414,64.28571428571429,63.52459016393443,56.016597510373444,56.52173913043478,46.37362637362637,35.98233995584989,33.89021479713604,140.0,79.0,57
2026-01-08,955,105,849,345,349,380,7,102,13,4,6,19,0,134902066406.91,807243359335.38,43,8,36.54661016949153,37.6889848812095,43.47826086956522,72.0,129.0,-13,0.1671144950860638,-744.0,-9.023454064157548,0.7400609480170163,44.44444444444444,54.94505494505495,68.53932584269663,46.308724832214764,51.724137931034484,57.85714285714286,39.183673469387756,41.90871369294606,48.484848484848484,30.155210643015522,27.39420935412027,30.434782608695656,169.0,77.0,19
2026-01-09,959,156,803,235,277,333,8,75,11,6,1,42,1,266484645700.62,691917937886.93,36,6,24.78902953586498,29.78494623655914,37.883959044368595,56.0,185.0,-41,0.3851390910813005,-647.0,-35.16734255705677,0.5044190175484038,38.38383838383838,45.05494505494506,64.04494382022472,22.14765100671141,40.689655172413794,50.71428571428571,29.38775510204082,34.024896265560166,42.857142857142854,20.21978021978022,20.97130242825607,25.29832935560859,185.0,65.0,8
2026-01-12,952,345,604,237,260,320,25,26,12,8,0,36,1,517369258848.6,390606445651.21,47,2,25.185972369819343,28.169014084507044,36.69724770642202,40.0,203.0,-36,1.324528216594209,-259.0,-37.94453050570033,0.4312418911307546,44.44444444444444,49.45054945054945,67.77777777777779,32.21476510067114,39.310344827586206,48.201438848920866,27.346938775510203,33.057851239669425,42.672413793103445,17.410714285714285,17.528089887640448,22.62773722627737,206.0,51.0,10
2026-01-13,961,478,480,262,279,329,43,7,12,5,5,13,0,468922923465.56,434635862935.98,7,1,27.521008403361346,29.935622317596568,37.3439273552781,76.0,108.0,-8,1.0788868647376904,-2.0,-27.27930354926204,0.923019239441246,47.474747474747474,48.35164835164835,66.66666666666666,30.666666666666664,35.86206896551724,49.28571428571429,34.552845528455286,37.4485596707819,43.96551724137931,18.38074398249453,20.309050772626932,23.389021479713605,186.0,37.0,15
2026-01-14,968,444,523,288,299,332,32,15,9,5,11,18,1,592437514216.73,378636778057.27,2,1,30.031282586027114,31.842385516506923,37.429537767756486,100.0,48.0,-7,1.564659189359365,-79.0,-21.874137983761045,0.5425771826442205,40.4040404040404,45.65217391304348,64.83516483516483,33.33333333333333,39.58333333333333,48.92086330935252,34.69387755102041,38.01652892561984,42.42424242424242,24.301075268817204,23.427331887201735,25.11737089201878,135.0,18.0,20
2026-01-16,976,360,616,298,290,328,41,33,12,6,9,30,1,582764490427.03,541005147783.86,4,1,30.753353973168213,30.623020063357977,36.68903803131991,116.0,55.0,-21,1.0771884386206498,-256.0,-25.99335073533885,0.5425379287991006,43.43434343434344,46.73913043478261,65.93406593406593,40.0,44.44444444444444,50.71428571428571,34.41295546558704,35.12396694214876,41.92139737991266,23.25581395348837,20.8955223880597,23.27188940092166,96.0,11.0,19
2026-01-19,978,213,763,234,251,295,15,56,12,5,7,54,1,358133751438.95,579435668314.53,7,2,24.098867147270855,26.421052631578945,32.887402452619845,88.0,104.0,-47,0.618073361760235,-550.0,-44.08531088426119,0.45166354520064794,40.4040404040404,45.65217391304348,60.43956043956044,27.333333333333332,35.41666666666667,46.42857142857143,29.959514170040485,32.231404958677686,38.26086956521739,16.63157894736842,16.94915254237288,19.954128440366972,67.0,7.0,10
2026-01-20,980,67,913,124,156,246,6,263,7,9,2,108,1,137877808656.43,857344354543.63,17,0,12.744090441932169,16.369359916054567,27.363737486095662,62.0,352.0,-106,0.16081963790363238,-846.0,-74.1335102571685,0.45631521022573623,25.252525252525253,31.868131868131865,53.333333333333336,16.0,20.13888888888889,40.0,15.789473684210526,23.045267489711936,33.33333333333333,7.547169811320755,8.842105263157894,14.840182648401825,37.0,5.0,4
2026-01-21,981,292,689,112,151,242,25,83,5,18,1,99,0,432471879624.81,662934623615.84,14,3,11.510791366906476,15.828092243186584,26.978818283166113,46.0,402.0,-98,0.6523597715653792,-397.0,-77.00405316971842,0.6496455344953539,26.262626262626267,30.434782608695656,49.45054945054945,10.666666666666668,20.0,39.285714285714285,12.195121951219512,17.842323651452283,32.01754385964912,8.368200836820083,10.714285714285714,15.753424657534246,44.0,7.0,3
2026-01-22,985,746,238,178,178,264,100,20,9,15,5,14,1,664987612389.55,344389937059.34,6,4,18.219037871033777,18.599791013584117,29.36596218020022,131.0,366.0,-9,1.9309147592049691,508.0,-33.8233470941,1.6232999238159942,34.69387755102041,38.46153846153847,54.44444444444444,20.666666666666668,25.517241379310345,42.142857142857146,18.951612903225808,19.00826446280992,34.93449781659388,13.721413721413722,12.526096033402922,17.272727272727273,48.0,10.0,10
2026-01-23,985,136,848,116,138,226,13,172,7,22,3,76,1,243028021659.14,749556705223.6,3,1,11.87308085977482,14.389989572471324,25.139043381535036,138.0,275.0,-73,0.32422900090880036,-712.0,-57.73472666397575,0.4946422375575133,24.489795918367346,34.40860215053764,48.888888888888886,13.333333333333334,19.310344827586206,37.857142857142854,10.887096774193548,14.049586776859504,29.955947136563875,9.355509355509357,9.18580375782881,13.800904977375566,47.0,10.0,2
2026-01-27,978,471,503,147,158,229,64,53,7,30,6,63,0,756434227773.46,490042834974.74,3,1,15.154639175257731,16.596638655462183,25.64389697648376,177.0,245.0,-57,1.5436083823416202,-32.0,-43.890282562899614,0.606618699699648,30.612244897959183,39.361702127659576,50.54945054945055,16.666666666666664,22.916666666666664,37.410071942446045,17.408906882591094,19.00826446280992,31.718061674008812,10.31578947368421,8.898305084745763,13.53211009174312,43.0,9.0,8
2026-01-28,982,779,200,261,223,258,227,15,6,22,15,7,1,929322854594.27,254153835906.46,8,4,26.796714579055443,23.301985370950888,28.762541806020064,304.0,240.0,8,3.656536802916099,579.0,-1.2838314436650649,1.0652155878463265,44.89795918367347,43.61702127659575,52.74725274725275,28.666666666666668,29.86111111111111,42.44604316546763,27.125506072874494,25.102880658436217,35.24229074889868,22.338204592901878,16.386554621848738,16.136363636363637,34.0,13.0,26
2026-01-29,988,365,618,261,212,264,51,43,8,21,21,13,1,822526891248.09,482421792195.2,4,2,26.605504587155966,22.06035379812695,29.2358803986711,342.0,111.0,8,1.7049953060894787,-253.0,-6.448896579501195,0.3464026467533254,48.45360824742268,41.935483870967744,54.44444444444444,31.333333333333336,27.77777777777778,42.44604316546763,26.720647773279353,24.793388429752067,34.95575221238938,20.739219712525667,15.145228215767634,17.1875,24.0,12.0,36
2026-01-30,987,646,333,341,263,285,108,42,7,17,4,4,2,682422305892.93,667574549934.4,7,3,34.79591836734694,27.31048805815161,31.561461794019934,386.0,100.0,0,1.0222413451201653,313.0,17.467217212256415,1.8977318313337233,44.89795918367347,46.31578947368421,54.347826086956516,33.557046979865774,31.03448275862069,45.65217391304348,33.33333333333333,30.0,36.888888888888886,33.880903490759756,21.11801242236025,19.866071428571427,25.0,11.0,23
2026-02-01,989,252,736,216,180,237,26,160,4,22,0,12,0,198788638630.06,834331134570.61,16,2,21.9959266802444,18.633540372670808,26.158940397350992,185.0,245.0,-12,0.23826108171351765,-484.0,-2.021841581852101,1.437042516072824,21.21212121212121,36.45833333333333,47.31182795698925,16.89189189189189,16.666666666666664,38.68613138686132,22.35772357723577,21.57676348547718,30.666666666666664,23.517382413087933,14.22680412371134,15.74279379157428,38.0,12.0,7
2026-02-02,984,532,447,262,201,262,56,20,5,23,2,19,1,770914354704.12,282526321967.34,19,3,26.816786079836234,20.893970893970895,29.11111111111111,190.0,222.0,-17,2.728646128742785,85.0,9.775122357094403,0.4361711058886678,29.292929292929294,39.175257731958766,51.578947368421055,28.37837837837838,22.22222222222222,45.588235294117645,27.125506072874494,22.821576763485478,33.77777777777778,25.672877846790893,15.833333333333332,16.89189189189189,54.0,14.0,17
2026-02-03,985,876,107,551,365,342,296,8,5,22,11,2,2,1377338240186.31,113668403804.31,8,5,56.33946830265849,37.863070539419084,37.957824639289676,378.0,188.0,9,12.11716003822414,769.0,54.012650913108175,0.6756464272176371,71.71717171717171,59.79381443298969,64.21052631578948,56.75675675675676,42.465753424657535,52.55474452554745,52.226720647773284,36.25,41.517857142857146,55.16528925619835,32.84823284823285,26.06741573033708,54.0,15.0,35
2026-02-04,999,683,313,638,407,352,126,33,6,15,9,1,3,795592871248.08,364093154377.32,2,2,64.24974823766365,41.57303370786517,38.59649122807017,478.0,61.0,8,2.1851354843754756,370.0,71.6156745739344,0.9986147961080512,70.70707070707071,56.70103092783505,62.10526315789474,62.83783783783784,51.70068027210885,54.347826086956516,59.91902834008097,40.416666666666664,43.80530973451327,65.53106212424849,36.16161616161616,26.269315673289185,52.0,15.0,38
2026-02-05,1009,310,697,556,387,332,31,58,8,14,2,4,2,360184986408.23,607189820365.2,2,0,55.43369890329013,39.09090909090909,35.969664138678226,453.0,99.0,-2,0.593199975242657,-387.0,48.45818143107117,0.7497695376338924,60.60606060606061,57.73195876288659,62.10526315789474,62.16216216216216,48.29931972789115,52.17391304347826,49.59349593495935,38.333333333333336,41.150442477876105,55.294117647058826,33.201581027667984,23.275862068965516,47.0,12.0,22
2026-02-06,1008,398,609,534,392,327,38,34,10,18,5,14,2,516671317938.68,437293600001.6,27,10,53.293413173652695,39.5959595959596,35.50488599348534,195.0,125.0,-9,1.1815204200033789,-211.0,37.21623388676774,0.5531266041651991,63.63636363636363,56.70103092783505,60.0,59.73154362416108,49.32432432432432,51.42857142857142,45.714285714285715,38.333333333333336,42.152466367713004,53.045186640471506,34.05940594059406,22.4622030237581,58.0,20.0,23
2026-02-09,1008,846,162,738,517,391,235,11,19,7,18,2,4,829277294315.52,197768388291.55,13,8,73.57926221335993,52.22222222222223,42.40780911062907,304.0,103.0,16,4.193174154268781,684.0,72.16828756695446,1.2454102858823164,69.6969696969697,62.88659793814433,64.21052631578948,73.8255033557047,59.45945945945946,59.285714285714285,74.79674796747967,52.47933884297521,48.44444444444444,73.6738703339882,47.912524850894634,29.87012987012987,52.0,25.0,60
2026-02-10,1018,580,436,754,554,400,75,21,25,6,15,1,4,672636116207.51,393848585985.52997,14,10,74.43237907206318,55.344655344655344,43.01075268817204,348.0,66.0,14,1.7078545922016404,144.0,74.69145202567935,0.7789159776435682,69.6969696969697,61.855670103092784,63.1578947368421,73.15436241610739,61.48648648648649,60.71428571428571,75.20325203252033,53.30578512396694,47.34513274336283,75.33718689788054,53.30739299610895,31.556503198294244,58.0,30.0,63
2026-02-11,1022,417,602,714,537,400,52,42,30,5,20,3,7,583796059176.72,441706825007.27997,5,4,70.20648967551622,53.48605577689243,42.82655246252677,362.0,74.0,17,1.3216822247813313,-185.0,60.02530037776074,0.5240980145699818,66.66666666666666,61.855670103092784,63.1578947368421,73.8255033557047,63.51351351351351,62.4113475177305,70.44534412955466,53.71900826446281,45.089285714285715,69.73180076628353,48.93617021276596,31.856540084388186,61.0,32.0,63
2026-02-12,1027,318,708,629,498,384,40,50,31,7,20,14,5,543485825907.94,560929015400.22,30,22,61.54598825831703,49.35579781962339,40.93816631130064,167.0,113.0,6,0.9689030358327348,-390.0,36.93561421690152,0.46356810306291596,68.68686868686868,58.76288659793815,61.05263157894737,67.11409395973155,56.75675675675676,57.446808510638306,58.2995951417004,49.586776859504134,46.42857142857143,60.151802656546494,45.40229885057471,29.497907949790797,89.0,54.0,60
2026-02-13,1035,180,854,485,415,354,17,110,27,15,5,28,1,263867941452.21,854785137715.22,42,13,47.0873786407767,40.806293018682396,37.46031746031746,109.0,202.0,-23,0.30869505073229314,-674.0,2.8092544782823836,0.682786566301123,51.515151515151516,47.42268041237113,56.84210526315789,52.348993288590606,52.702702702702695,53.90070921985816,46.15384615384615,41.735537190082646,40.17857142857143,45.23364485981308,35.84905660377358,27.628865979381445,104.0,57.0,37
2026-02-16,1040,478,561,485,417,359,35,52,29,14,10,22,2,510748143418.4,291239021740.25,31,10,46.76952748312439,40.76246334310851,37.74973711882229,92.0,212.0,-12,1.7537077976931457,-83.0,3.1671706293716113,0.4858562595172582,52.0,49.48453608247423,58.94736842105262,58.38926174496645,56.75675675675676,56.02836879432624,50.20242914979757,43.20987654320987,42.22222222222222,41.0351201478743,33.64485981308411,26.3265306122449,122.0,59.0,34
2026-02-17,1046,730,312,550,464,377,66,9,46,6,15,4,3,539043244148.15,313298845757.09,18,10,52.833813640730064,45.18013631937682,39.55928646379853,118.0,171.0,11,1.7205401534293758,418.0,28.50735308540603,1.3598889773540126,51.515151515151516,50.0,58.51063829787234,63.51351351351351,62.16216216216216,56.73758865248227,55.6910569105691,47.71784232365145,44.0,48.9051094890511,38.56088560885609,29.006085192697768,126.0,59.0,45
2026-02-18,1050,573,468,591,502,386,44,6,74,3,14,3,3,589731827135.3099,252027739406.53,9,4,56.55502392344498,48.737864077669904,40.334378265412745,145.0,67.0,11,2.3399480887460995,105.0,34.380672319888426,0.5232419386769678,59.59595959595959,59.375,61.702127659574465,69.5945945945946,66.8918918918919,56.02836879432624,58.2995951417004,51.45228215767634,45.089285714285715,51.724137931034484,40.73394495412844,29.71887550200803,130.0,59.0,51
2026-02-19,1039,170,868,445,422,355,14,48,74,3,3,15,4,240165833488.86,603975927781.32,9,4,43.0784123910939,41.45383104125737,37.52642706131078,124.0,63.0,-12,0.3976413999993328,-698.0,-0.9195430962285513,0.4925355724090616,42.42424242424242,48.95833333333333,58.51063829787234,60.13513513513513,56.08108108108109,52.816901408450704,44.12955465587044,43.62139917695473,40.707964601769916,38.03339517625232,35.02824858757062,27.479338842975203,109.0,41.0,31
2026-02-20,1049,468,575,450,424,356,19,20,59,6,8,21,3,547280312563.13,290586078978.71,6,4,43.186180422264876,41.16504854368932,37.27748691099477,77.0,74.0,-13,1.8833672779046888,-107.0,-1.5466295615274532,0.4321584286968006,46.464646464646464,49.48453608247423,57.446808510638306,63.51351351351351,61.48648648648649,54.22535211267606,42.91497975708502,42.21311475409836,40.969162995594715,37.22627737226277,33.64140480591497,26.82926829268293,73.0,32.0,35
2026-02-23,1050,522,527,475,435,369,38,34,84,2,18,17,3,488709554521.63,410755754554.85,14,8,45.58541266794626,42.23300970873786,38.67924528301887,71.0,102.0,1,1.1897813946666704,-5.0,3.024944658449627,0.8325162407194531,47.474747474747474,51.546391752577314,59.57446808510638,61.74496644295302,60.40268456375839,54.54545454545454,47.368421052631575,43.90243902439025,42.10526315789473,40.036563071297984,34.75836431226766,28.425357873210633,56.0,30.0,50
2026-02-24,1050,300,747,407,390,352,12,67,78,8,14,49,1,430287481859.01,578677026288.3,5,3,39.02205177372963,37.86407766990291,36.858638743455494,69.0,121.0,-35,0.7435710462171319,-447.0,-15.181484106762213,0.5401049808837463,45.0,47.95918367346938,55.78947368421052,56.08108108108109,56.75675675675676,54.22535211267606,40.08097165991903,39.183673469387756,40.174672489082965,32.846715328467155,30.241187384044526,26.58486707566462,43.0,23.0,39
2026-02-25,1046,567,472,462,432,361,43,23,52,12,19,34,0,658982837697.65,340062188595.77,14,8,44.46583253128008,42.023346303501945,38.0,93.0,124.0,-15,1.9378303727880173,95.0,-3.572073280484517,0.6199052318043563,52.0,50.505050505050505,52.57731958762887,66.21621621621621,63.94557823129252,60.71428571428571,46.963562753036435,42.04081632653061,40.0,36.029411764705884,34.45065176908753,27.536231884057973,48.0,27.0,51
2026-02-26,1040,546,491,463,428,361,42,9,62,6,19,11,1,629513880204.51,364839786968.12,9,6,44.90785645004849,41.96078431372549,38.32271762208068,97.0,99.0,8,1.7254529321921719,55.0,4.3718333423853295,0.6444779063699037,56.99999999999999,53.535353535353536,55.670103092783506,64.86486486486487,63.26530612244898,57.85714285714286,45.74898785425101,42.04081632653061,40.43478260869565,36.75373134328358,33.83742911153119,28.000000000000004,48.0,29.0,64
2026-02-27,1035,254,778,378,382,335,22,53,44,10,9,44,3,365996013772.77,992360033071.81,17,10,36.84210526315789,37.561455260570305,35.79059829059829,107.0,85.0,-35,0.36881373853786137,-524.0,-17.807985661772875,0.8852114630939697,40.0,46.464646464646464,53.608247422680414,51.35135135135135,54.421768707483,55.714285714285715,34.81781376518219,37.55102040816327,36.52173913043478,33.14500941619586,31.1787072243346,25.79957356076759,59.0,35.0,47
2026-03-02,1038,117,921,247,287,291,12,170,43,11,2,89,1,288757235627.59,870605658192.77,17,4,24.00388726919339,28.164867517173697,30.957446808510635,76.0,232.0,-87,0.33167397076995936,-804.0,-50.682690982019295,0.3830141699814042,32.0,38.38383838383838,50.51546391752577,37.83783783783784,44.21768707482993,50.71428571428571,21.45748987854251,27.346938775510203,32.03463203463203,19.850187265917604,22.15909090909091,20.55084745762712,62.0,31.0,27
2026-03-04,1041,123,918,140,223,252,21,220,25,16,0,83,1,283927410864.74,982006716770.29,17,1,13.592233009708737,21.841332027424095,26.80851063829787,55.0,443.0,-83,0.289129805342417,-795.0,-78.08715057591988,0.4634144444080892,15.151515151515152,36.734693877551024,50.0,18.243243243243242,33.108108108108105,44.680851063829785,15.040650406504067,20.491803278688526,28.38427947598253,11.359404096834265,16.57250470809793,16.033755274261605,74.0,29.0,8
2026-03-05,1032,730,298,214,258,272,72,11,18,23,6,26,0,860834823956.04,264768487194.58002,16,3,20.980392156862745,25.519287833827892,29.184549356223176,105.0,401.0,-20,3.2512737187013014,432.0,-39.77752777582526,0.7534476151422597,25.252525252525253,37.755102040816325,51.041666666666664,27.2108843537415,38.775510204081634,45.714285714285715,23.387096774193548,26.01626016260163,30.303030303030305,17.300380228136884,19.230769230769234,19.13978494623656,76.0,24.0,16
2026-03-06,1028,370,658,212,247,267,37,29,15,23,7,27,2,433008165207.89,578099121478.23,4,2,20.88669950738916,24.528301886792452,28.771551724137932,130.0,260.0,-20,0.7490206248725396,-288.0,-42.82391264286528,0.7507270317033323,22.0,35.35353535353536,51.546391752577314,30.82191780821918,37.67123287671233,46.043165467625904,24.291497975708502,26.93877551020408,30.869565217391305,16.28352490421456,17.60154738878143,17.74891774891775,71.0,20.0,7
2026-03-09,1018,128,890,147,175,224,17,200,16,25,1,119,0,204646164410.21,847321198686.88,3,2,14.626865671641792,17.552657973921765,24.321389793702497,126.0,240.0,-118,0.2415213554521668,-762.0,-68.91445214097013,0.5954762238305866,20.0,21.0,44.89795918367347,18.243243243243242,25.170068027210885,40.0,17.551020408163264,20.98765432098765,25.877192982456144,11.1328125,13.017751479289942,14.285714285714285,57.0,12.0,6
2026-03-10,1022,882,138,227,245,260,192,8,16,18,6,3,1,868628724189.64,182428285020.81,9,5,22.51984126984127,24.5,28.13852813852814,246.0,237.0,3,4.761480513235947,744.0,-15.577291151144948,1.3422935009519752,25.0,35.0,47.95918367346938,28.37837837837838,37.41496598639456,44.285714285714285,25.71428571428571,28.39506172839506,30.263157894736842,18.83495145631068,16.862745098039216,17.903930131004365,49.0,13.0,27
2026-03-11,1014,364,643,221,236,253,47,35,14,23,6,15,1,338351791819.82,662109559239.38,9,4,22.1,23.790322580645164,27.589967284623775,256.0,243.0,-9,0.5110208531175908,-279.0,-21.046132049088698,1.1077755820795105,21.0,25.0,43.87755102040816,23.64864864864865,36.054421768707485,45.32374100719424,21.810699588477366,24.896265560165975,29.955947136563875,22.00392927308448,19.444444444444446,17.439293598233995,41.0,16.0,10
2026-03-12,1015,378,635,228,235,244,44,39,9,27,7,37,0,481423870947.35004,665246603202.32,1,1,22.8,23.641851106639837,26.608505997818977,283.0,82.0,-30,0.7236773079785808,-257.0,-24.516760356585166,0.8225704799476729,21.21212121212121,24.242424242424242,43.29896907216495,29.054054054054053,34.01360544217687,43.262411347517734,24.489795918367346,26.337448559670783,29.515418502202646,20.47244094488189,19.207920792079207,16.371681415929203,26.0,14.0,29
2026-03-13,1010,87,923,114,143,193,11,306,7,45,0,81,0,136903016091.71,946768931256.09,4,0,11.468812877263582,14.473684210526317,21.162280701754383,102.0,380.0,-81,0.14460024148667308,-836.0,-56.311563757711696,0.651851296043114,11.11111111111111,18.181818181818183,38.144329896907216,14.864864864864865,23.12925170068027,34.04255319148936,12.601626016260163,15.983606557377051,24.12280701754386,9.980039920159681,10.441767068273093,11.883408071748878,26.0,12.0,7
2026-03-16,1014,392,620,108,136,194,27,55,7,42,1,88,0,705840363000.94,446342606397.98,7,1,10.832497492477431,13.723511604439958,21.202185792349727,82.0,400.0,-87,1.5813869276274728,-228.0,-52.81456284688633,0.39981237575088263,10.0,16.0,37.755102040816325,14.285714285714285,19.863013698630137,35.714285714285715,12.550607287449392,16.73469387755102,22.844827586206897,9.145129224652088,10.0,12.134831460674157,30.0,11.0,10
2026-03-17,1011,629,380,142,169,209,63,8,7,30,4,17,1,731964749766.49,262222838965.34,13,3,14.24272818455366,17.087967644084934,22.916666666666664,101.0,369.0,-13,2.7913844295738075,249.0,-25.71055425389619,0.5929900376163755,19.0,24.0,41.83673469387755,15.436241610738255,23.12925170068027,36.61971830985916,17.813765182186234,20.491803278688526,26.521739130434785,11.177644710578843,12.248995983935743,12.44343891402715,34.0,9.0,13
2026-03-18,1004,868,133,281,218,233,202,7,6,11,1,2,1,820398121653.01,173677403412.63998,0,0,28.355196770938445,22.177009155645983,25.66079295154185,292.0,70.0,-1,4.723689469860549,735.0,21.891925864379857,1.3816140606013103,27.0,28.000000000000004,44.89795918367347,26.174496644295303,28.57142857142857,40.845070422535215,33.87096774193548,25.30612244897959,27.705627705627705,26.518218623481783,17.515274949083505,15.331807780320366,25.0,5.0,28
2026-03-19,999,62,935,139,145,186,8,255,6,28,0,47,0,92577998019.03,875270405259.9401,3,0,14.083080040526848,14.795918367346939,20.417124039517017,273.0,270.0,-47,0.10577073949111297,-873.0,-17.91741326381606,0.6269234832510457,13.0,17.0,35.714285714285715,11.409395973154362,19.047619047619047,30.28169014084507,18.951612903225808,19.183673469387756,24.675324675324674,12.653061224489795,10.860655737704917,11.59090909090909,27.0,4.0,8
2026-03-20,1002,618,380,216,194,202,83,13,7,23,4,25,2,859575680260.17,434621903764.18,3,0,21.840242669362993,19.77573904179409,22.149122807017545,293.0,275.0,-21,1.977755085087852,238.0,3.685188847895546,0.8223039352728768,19.0,21.0,39.795918367346935,21.62162162162162,25.34246575342466,33.33333333333333,27.82258064516129,25.30612244897959,27.155172413793103,19.47261663286004,15.10204081632653,12.01814058956916,26.0,4.0,18
2026-03-23,999,40,959,74,102,148,6,578,3,47,0,203,0,136108929579.0,975130900330.01,4,0,7.497467071935157,10.408163265306122,16.245883644346872,97.0,846.0,-203,0.1395801625534963,-919.0,-35.713012290830534,0.2988255203301498,6.0,12.0,33.6734693877551,8.0,11.486486486486488,20.833333333333336,9.34959349593496,14.814814814814813,20.52401746724891,6.720977596741344,7.566462167689162,8.636363636363637,23.0,3.0,2
2026-03-24,1004,901,103,162,153,182,207,11,8,25,2,11,2,1014030650020.12,124870565532.8,0,0,16.347124117053482,15.548780487804878,19.978046103183313,296.0,602.0,-9,8.120653940289575,798.0,16.630090797012826,1.077200540726656,11.11111111111111,18.181818181818183,38.144329896907216,14.000000000000002,19.463087248322147,26.20689655172414,21.138211382113823,20.24793388429752,24.45414847161572,15.725806451612904,11.538461538461538,11.59090909090909,10.0,0.0,15
2026-03-25,1014,884,129,314,213,208,152,3,5,15,5,1,3,1044036153903.09,104807858780.06999,1,0,31.4,21.471774193548388,22.608695652173914,365.0,592.0,4,9.961430049762846,755.0,59.15029348313384,0.687924639741632,27.27272727272727,24.242424242424242,39.175257731958766,32.88590604026846,28.37837837837838,32.63888888888889,37.142857142857146,26.556016597510375,29.257641921397383,28.994082840236686,16.46825396825397,12.444444444444445,11.0,0.0,26
2026-03-27,1024,133,891,185,164,189,23,274,6,21,2,66,3,299793896485.86,1148904138630.47,0,0,18.280632411067195,16.334661354581673,20.30075187969925,382.0,288.0,-64,0.26093899952629973,-758.0,19.55931531235163,0.5720512567105598,13.0,18.0,36.734693877551024,22.2972972972973,20.408163265306122,25.174825174825177,21.224489795918366,21.991701244813278,26.200873362445414,16.76300578034682,12.209302325581394,12.364425162689804,8.0,0.0,14
2026-03-30,1041,110,930,123,137,165,15,394,5,61,0,221,0,181741364071.75,1152386666282.19,0,0,11.964980544747082,13.431372549019608,17.478813559322035,190.0,671.0,-221,0.15770866618760945,-820.0,-17.488767600228897,0.7499877638415148,9.0,14.000000000000002,30.612244897959183,9.45945945945946,15.54054054054054,23.776223776223777,15.10204081632653,18.25726141078838,22.270742358078603,11.775700934579438,10.546139359698682,10.548523206751055,5.0,0.0,3
2026-04-01,1051,974,76,289,200,203,556,4,11,25,2,2,2,1026933347138.58,156329562065.48,5,1,27.86885245901639,19.436345966958214,21.30115424973767,594.0,672.0,0,6.569028490647469,898.0,36.82256534751588,1.9509413746538702,17.0,20.0,34.69387755102041,28.187919463087248,22.14765100671141,31.944444444444443,30.165289256198346,24.369747899159663,25.55066079295154,28.754578754578752,16.420664206642066,13.429752066115702,6.0,1.0,20
2026-04-02,1050,605,442,348,226,199,60,16,11,17,2,6,2,633312389787.52,462017445252.57,1,0,33.55834136933462,21.963070942662778,20.903361344537817,631.0,414.0,-4,1.370754278426237,163.0,46.32464219110008,0.9985584594450296,22.0,23.0,29.591836734693878,28.666666666666668,24.666666666666668,31.03448275862069,35.390946502057616,25.10460251046025,25.55066079295154,36.213235294117645,19.62962962962963,13.900414937759336,7.0,1.0,25
2026-04-06,1051,814,237,462,266,213,84,7,15,10,4,0,3,921991305450.63,166459973853.87,2,1,44.5945945945946,25.87548638132296,22.42105263157895,700.0,27.0,4,5.538816834490298,577.0,74.91729468140907,0.6200961791570433,38.38383838383838,25.252525252525253,35.051546391752574,40.26845637583892,32.88590604026846,33.793103448275865,46.88796680497925,27.42616033755274,25.44642857142857,45.88665447897623,23.388581952117864,15.082644628099173,8.0,2.0,40
2026-04-07,1053,563,488,501,281,215,41,10,16,7,2,4,0,676100167147.07,358204905658.27,5,3,48.26589595375722,27.28155339805825,22.63157894736842,185.0,33.0,-2,1.8874676378443411,75.0,73.88942608721622,0.6112361883501116,40.0,28.000000000000004,37.755102040816325,45.63758389261745,34.22818791946309,33.793103448275865,50.0,29.831932773109244,24.88888888888889,49.725776965265084,24.12523020257827,15.145228215767634,13.0,5.0,31
2026-04-08,1055,979,76,899,520,287,555,11,18,3,7,1,5,1430649622957.69,119884504269.14,6,6,86.4423076923077,50.3875968992248,30.17875920084122,680.0,28.0,6,11.93356582386903,903.0,114.04115130874527,1.079440892813715,88.0,56.00000000000001,47.95918367346938,78.52348993288591,54.36241610738255,43.05555555555556,86.77685950413223,50.84033613445378,33.77777777777778,88.16029143897997,48.07339449541285,21.074380165289256,19.0,11.0,88
2026-04-09,1067,471,592,873,510,290,47,16,26,3,8,1,9,648135595525.21,599716567619.9401,8,5,82.90598290598291,48.85057471264368,30.114226375908622,643.0,37.0,7,1.0807365187482274,-121.0,96.60067061660887,0.7361721328984313,86.0,56.00000000000001,47.95918367346938,78.52348993288591,53.02013422818792,46.52777777777778,81.81818181818183,52.94117647058824,32.589285714285715,83.98576512455516,44.703770197486534,20.72434607645875,22.0,15.0,91
2026-04-10,1066,926,136,943,651,327,143,4,57,2,13,1,11,1080559967526.21,167673423660.32,6,4,89.63878326996198,62.41610738255034,33.921161825726145,745.0,31.0,12,6.444431943581319,790.0,126.75605627174922,1.0565436316219277,89.0,65.0,51.02040816326531,87.33333333333333,62.0,47.94520547945205,86.30705394190872,64.55696202531645,35.874439461883405,91.80035650623886,61.15107913669065,25.553319919517104,27.0,19.0,100
2026-04-13,1067,380,682,893,621,342,48,23,45,4,9,1,8,559388908576.2,661585345718.49,18,15,84.80531813865147,59.48275862068966,35.40372670807454,238.0,43.0,8,0.84552796127716,-302.0,97.30513072553546,0.6589785036694905,78.0,56.00000000000001,47.95918367346938,85.90604026845638,60.40268456375839,49.31506849315068,81.89300411522635,60.08403361344538,35.714285714285715,86.98752228163993,59.60502692998204,28.714859437751006,43.0,33.0,89
2026-04-15,1063,964,99,986,776,389,251,6,67,3,24,0,10,1203901354225.6199,140242282996.33,16,13,93.9047619047619,74.54370797310278,40.310880829015545,442.0,33.0,24,8.584439218357026,865.0,129.988063729895,1.1343051642268336,94.0,66.0,52.04081632653062,91.33333333333333,74.66666666666667,53.74149659863946,92.9460580912863,74.15254237288136,39.91031390134529,94.99105545617174,76.21621621621621,34.205231388329985,54.0,43.0,100
2026-04-16,1073,737,334,991,841,417,88,4,79,2,33,0,7,961700096460.72,479271382626.76,18,16,93.40245051837888,80.01902949571836,42.813141683778234,387.0,33.0,33,2.006587773277627,403.0,134.18203112997296,1.0996712208322657,91.0,70.0,53.06122448979592,91.33333333333333,78.0,56.4625850340136,91.73553719008265,79.74683544303798,45.089285714285715,95.07908611599298,82.4468085106383,35.84158415841584,66.0,53.0,100
2026-04-17,1079,815,263,1023,886,461,115,5,168,1,29,0,11,1134549120066.38,270469699868.32,18,17,95.87628865979381,83.8221381267739,47.04081632653061,454.0,15.0,29,4.194736492179134,552.0,144.54696310138976,0.7387494593205114,94.0,75.0,60.204081632653065,94.66666666666667,82.0,57.82312925170068,95.47325102880659,82.35294117647058,48.23008849557522,96.68989547038328,86.46748681898066,40.86444007858546,76.0,65.0,100
2026-04-20,1086,399,686,1005,853,450,48,29,163,1,21,0,14,622457476746.46,585606435642.99,31,18,93.66262814538676,80.24459078080903,45.59270516717325,251.0,38.0,21,1.062927998841078,-287.0,110.73624512144417,0.5471985437352153,94.0,75.0,61.224489795918366,92.66666666666666,82.66666666666667,55.78231292517006,93.00411522633745,81.09243697478992,49.557522123893804,94.13793103448276,80.17391304347827,37.98449612403101,101.0,79.0,99
2026-04-21,1165,759,403,1007,881,471,91,18,160,1,12,0,18,895807280948.46,314755074064.08,36,26,93.84902143522834,82.87864534336784,47.81725888324873,254.0,52.0,12,2.8460455597487377,356.0,113.42440002298345,0.6617514197462727,94.0,77.0,62.244897959183675,90.0,83.33333333333334,59.183673469387756,94.23868312757202,83.61344537815127,51.32743362831859,94.6551724137931,83.47826086956522,40.27237354085603,119.0,90.0,100
2026-04-22,1173,759,408,997,898,505,113,20,134,1,30,1,20,799880007312.9,500316387586.43,57,39,92.4860853432282,84.16119962511715,51.16514690982776,252.0,67.0,29,1.5987483663519222,351.0,114.90565046368462,1.1635940694606872,88.0,77.0,64.28571428571429,86.66666666666667,80.66666666666666,62.585034013605444,93.87755102040816,84.58333333333333,52.19298245614035,94.16809605488851,86.13518197573656,44.94163424124514,160.0,116.0,100
2026-04-23,1178,407,764,963,867,495,64,28,193,2,23,1,20,546625452009.58,733670805220.76,35,23,88.9196675900277,80.8768656716418,49.74874371859296,268.0,66.0,22,0.7450554773609965,-357.0,80.1975913381657,0.7150105318008271,80.0,69.0,62.244897959183675,82.66666666666667,76.0,61.37931034482759,89.02439024390245,82.57261410788381,51.94805194805194,91.9931856899489,83.47676419965576,43.186180422264876,177.0,123.0,95
2026-04-24,1186,249,933,867,795,467,21,79,141,2,10,3,11,416404630594.52,811438049439.02,27,12,79.3956043956044,73.61111111111111,46.375372393247275,198.0,127.0,7,0.5131687266605225,-684.0,33.771212829156184,0.5200648735468579,76.0,64.0,58.16326530612245,76.66666666666667,73.33333333333333,60.0,79.75708502024291,74.68879668049793,46.75324675324675,80.50420168067227,74.87266553480475,40.33771106941838,186.0,118.0,72
2026-04-27,1190,1006,181,967,876,520,208,11,332,0,34,0,18,1030747537426.12,229800271348.45,42,16,88.22992700729927,80.88642659279779,51.536174430128845,293.0,118.0,34,4.485406093638507,825.0,69.35780313980729,1.239132184175361,80.0,68.0,63.26530612244898,81.33333333333333,78.0,63.44827586206897,87.90322580645162,80.99173553719008,50.0,91.47157190635451,83.75634517766497,46.81647940074906,197.0,116.0,91
2026-04-28,1190,483,705,910,846,519,62,29,260,0,32,2,13,755682114389.89,554828070445.36,41,22,83.10502283105022,78.18853974121997,51.488095238095234,291.0,119.0,30,1.3620113232254176,-222.0,47.08754883971493,0.5030107836081007,73.0,66.0,62.244897959183675,80.0,76.66666666666667,62.758620689655174,81.85483870967742,78.099173553719,51.082251082251084,86.09715242881072,80.67796610169492,46.62921348314607,202.0,112.0,80
2026-04-29,1183,560,620,906,857,520,55,31,199,0,22,0,9,879509720243.24,414255018137.08,16,11,83.11926605504587,79.57288765088208,51.741293532338304,325.0,71.0,22,2.123111807307555,-60.0,35.911043668937396,0.42542545491141487,75.0,72.0,62.244897959183675,78.66666666666666,75.33333333333333,60.0,83.06451612903226,79.42386831275721,51.082251082251084,85.6418918918919,82.02054794520548,47.83427495291902,161.0,84.0,78
2026-04-30,1174,361,812,830,803,516,37,41,276,0,8,0,6,507201554514.43,830351365768.92,46,15,76.63896583564174,75.11693171188027,51.6,154.0,101.0,8,0.6108276272235096,-451.0,6.62557652957792,0.7278342710348616,64.0,64.0,63.26530612244898,70.66666666666667,70.66666666666667,57.24137931034483,76.70682730923694,73.66255144032921,49.35064935064935,80.3082191780822,78.81944444444444,48.85931558935361,172.0,76.0,51
2026-05-04,1166,789,374,862,841,540,144,25,423,0,38,2,9,956711483485.13,339766137040.07,34,20,80.18604651162791,79.26484448633366,54.43548387096774,236.0,97.0,36,2.8157940983162226,415.0,24.85337424277767,0.7492116237159185,66.0,69.0,64.28571428571429,75.33333333333333,74.0,57.931034482758626,79.91967871485943,79.01234567901234,53.246753246753244,84.02777777777779,82.57042253521126,52.123552123552116,179.0,84.0,69
2026-05-05,1175,532,639,840,829,549,62,32,272,0,22,1,7,695750716505.48,528402916421.76,31,12,77.27690892364305,77.26001863932899,54.900000000000006,243.0,98.0,21,1.3167049137748257,-107.0,14.213874416349576,0.6322987421175921,64.0,66.0,66.3265306122449,72.0,74.66666666666667,56.16438356164384,76.8,76.32653061224491,54.14847161572053,81.09028960817717,80.27681660899654,52.75142314990512,168.0,80.0,65
2026-05-06,1181,904,274,945,921,590,154,22,293,1,32,0,16,1132728493093.84,309415534369.08,20,15,86.38025594149909,85.35681186283595,58.64811133200796,360.0,79.0,32,3.6608649769429094,630.0,41.89603269267181,0.9012269214440771,81.0,79.0,68.04123711340206,84.0,81.33333333333333,62.585034013605444,88.75502008032129,85.24590163934425,56.76855895196506,86.89075630252101,87.52136752136752,56.66041275797373,147.0,73.0,77
2026-05-07,1195,819,373,980,949,628,142,14,308,0,55,1,19,938592465164.8,515715884143.94,56,40,88.4476534296029,86.74588665447898,61.68958742632613,358.0,68.0,54,1.8199797485834897,446.0,56.154797855463954,1.206447740681192,82.0,77.0,70.10309278350515,84.66666666666667,80.66666666666666,65.54054054054053,90.36144578313254,88.9344262295082,62.28070175438597,89.65517241379311,89.0,58.89908256880734,187.0,102.0,83
2026-05-08,1210,501,706,945,945,643,90,39,311,0,40,0,20,695850147108.84,627886139612.2,33,23,84.22459893048129,85.21190261496844,62.3666343355965,386.0,75.0,40,1.1082425669383569,-205.0,35.515268080373914,0.6403216671290314,77.0,78.0,71.1340206185567,78.66666666666666,78.66666666666666,62.83783783783784,84.0,86.53061224489797,63.31877729257642,86.81672025723472,87.45928338762215,60.32315978456014,174.0,110.0,89
2026-05-11,1215,304,909,799,864,591,50,135,173,0,23,0,9,488099964469.08,802676199986.78,58,30,71.02222222222223,77.6978417266187,57.26744186046512,282.0,188.0,23,0.6080907400482523,-605.0,-2.3091062177299193,0.5499729256159978,58.58585858585859,62.62626262626263,61.458333333333336,62.66666666666667,68.66666666666667,56.16438356164384,74.4,82.0408163265306,59.91379310344828,73.64217252396166,80.58252427184466,55.7347670250896,198.0,120.0,78
2026-05-12,1216,110,1105,481,697,506,20,404,114,0,3,7,4,198097595152.64,1099445023273.18,70,19,42.604074402125775,62.45519713261649,48.84169884169884,160.0,578.0,-4,0.18017962786613892,-995.0,-54.13740071152006,0.5524903813552893,28.28282828282828,50.505050505050505,56.25,38.0,57.99999999999999,53.74149659863946,46.0,65.71428571428571,50.21645021645021,44.60317460317461,64.14790996784566,45.729537366548044,237.0,127.0,40
2026-05-13,1223,728,490,556,719,528,86,32,87,0,6,8,3,807526346470.11,437064717083.08,55,8,48.986784140969164,64.08199643493762,50.720461095100866,156.0,571.0,-2,1.847612755976846,238.0,-36.52990550015303,0.8041264496080933,41.41414141414141,53.535353535353536,59.375,46.0,61.33333333333333,52.73972602739726,48.8,67.88617886178862,52.1551724137931,50.943396226415096,64.91228070175438,48.148148148148145,272.0,120.0,39
2026-05-14,1222,615,603,576,710,537,62,45,91,1,15,8,3,885239007658.29,398804904479.83,34,4,50.838481906443064,63.39285714285714,51.63461538461539,168.0,481.0,7,2.2197294910726506,12.0,-32.59284756693346,0.45947062541372385,48.484848484848484,56.56565656565656,61.458333333333336,52.666666666666664,63.08724832214765,54.794520547945204,49.2,64.37246963562752,54.741379310344826,51.419558359621455,64.16,47.879858657243815,250.0,84.0,47
2026-05-15,1212,421,791,512,698,514,53,62,64,2,10,2,2,550439839603.6901,672496056533.08,5,3,45.47069271758437,62.713387241689134,49.61389961389961,201.0,139.0,8,0.8185027023673171,-370.0,-48.16369879619605,0.6502576867385141,43.43434343434344,58.58585858585859,58.333333333333336,44.666666666666664,57.71812080536913,55.47945205479452,44.0,63.306451612903224,50.21459227467812,46.57097288676236,64.34359805510535,46.3458110516934,222.0,64.0,39
2026-05-18,1206,271,933,408,601,471,46,115,48,4,11,8,1,471417010354.83997,642554003664.41,9,2,36.39607493309545,54.290876242095756,45.683802133850634,161.0,222.0,3,0.7336613073242158,-662.0,-75.83595810323459,0.3959059527681446,36.36363636363637,49.494949494949495,55.208333333333336,38.0,55.033557046979865,52.054794520547944,34.0,54.43548387096774,46.3519313304721,36.97749196141479,54.828150572831426,42.086330935251794,173.0,36.0,27
2026-05-19,1135,770,364,506,657,507,96,22,45,4,10,3,1,821296387894.17,407227141717.69,17,9,44.977777777777774,59.29602888086642,49.127906976744185,195.0,199.0,7,2.0168016906484425,406.0,-45.71656002023637,1.0488808221419512,43.43434343434344,53.535353535353536,55.208333333333336,48.0,56.375838926174495,55.47945205479452,42.8,59.2741935483871,50.64377682403433,45.367412140575084,60.94771241830066,45.78096947935368,120.0,26.0,43
2026-05-20,1130,557,567,538,658,507,69,15,49,2,10,2,4,665420885226.46,398834610202.31,13,5,47.73735581188998,59.33273219116321,49.127906976744185,211.0,152.0,8,1.6684130920556852,-10.0,-40.53589185917172,0.5888010111969689,43.0,55.00000000000001,55.670103092783506,48.99328859060403,56.75675675675676,55.55555555555556,44.800000000000004,60.483870967741936,50.85470085470085,49.36305732484077,60.1957585644372,45.601436265709154,78.0,23.0,44
2026-05-21,1129,663,461,588,694,517,85,23,53,2,20,2,1,665987788621.36,428961795953.93,5,3,52.313167259786475,62.63537906137184,50.19417475728155,250.0,60.0,18,1.5525573487035809,202.0,-25.303741122165576,0.9263283416792693,48.484848484848484,53.535353535353536,58.333333333333336,52.0,59.73154362416108,56.55172413793104,50.0,62.24899598393574,51.70940170940172,53.92,64.97545008183306,46.48648648648649,49.0,22.0,50
2026-05-22,1130,560,564,603,700,528,60,36,48,6,9,5,4,637991936108.81,388650101629.25,11,8,53.504880212954745,63.06306306306306,51.11326234269119,214.0,74.0,4,1.641558649886622,-4.0,-22.453733536414497,0.6048567326467544,46.0,54.0,58.76288659793815,55.70469798657718,62.16216216216216,55.94405594405595,51.2,61.6,53.813559322033896,55.095541401273884,65.359477124183,47.3967684021544,55.0,27.0,58
2026-05-25,1136,817,315,719,760,569,123,26,65,3,28,1,2,868269437050.43,211949427637.01,7,5,63.572060123784254,68.16143497757847,54.81695568400771,268.0,85.0,27,4.096587788561762,502.0,5.395291617084752,0.6331246704617497,61.0,65.0,63.91752577319587,69.79865771812081,70.94594594594594,60.83916083916085,63.05220883534136,69.07630522088354,58.97435897435898,62.7172195892575,67.63754045307444,50.0,53.0,30.0,78
2026-05-26,1148,570,571,730,783,576,71,27,77,3,25,1,4,691539793640.4,495378804036.05,16,8,63.81118881118881,69.4764862466726,54.961832061068705,254.0,89.0,24,1.3959817981838296,-1.0,4.029231665241186,0.7150871793698216,64.0,64.0,62.88659793814433,71.81208053691275,70.94594594594594,60.83916083916085,63.05220883534136,69.87951807228916,59.401709401709404,62.22910216718266,69.84126984126983,50.34843205574913,52.0,29.0,73
2026-05-27,1152,591,557,724,783,583,94,29,63,3,39,3,7,905452766139.54,384169272854.49,12,9,63.06620209059234,69.1696113074205,55.3656220322887,288.0,82.0,36,2.356910950768554,34.0,4.59110424808873,0.45018302125209614,67.0,65.0,64.94845360824742,73.15436241610739,75.0,61.53846153846154,61.44578313253012,68.67469879518072,57.5107296137339,60.76923076923077,68.66141732283465,51.37931034482759,51.0,33.0,85
2026-05-29,1156,307,849,599,708,544,71,119,63,3,26,14,9,834632299766.18,1915340986168.46,9,2,52.04170286707212,62.37885462555066,51.466414380321666,236.0,175.0,12,0.43576172900461896,-542.0,-23.751450214817062,0.8298156090854174,50.0,57.99999999999999,58.76288659793815,62.41610738255034,66.21621621621621,61.111111111111114,48.59437751004016,60.24096385542169,52.81385281385281,51.301684532924966,63.00940438871473,47.350427350427346,55.0,32.0,59
2026-06-01,1166,365,800,512,638,528,58,107,65,6,13,7,6,434004006909.06,799641093711.07,17,2,44.02407566638005,55.67190226876091,49.43820224719101,223.0,255.0,6,0.5427485034503197,-435.0,-42.515577029527435,0.8406287573333912,48.0,54.0,60.824742268041234,44.29530201342282,57.432432432432435,57.04225352112676,38.55421686746988,54.21686746987952,52.118644067796616,45.41353383458647,56.08628659476117,44.68802698145025,61.0,26.0,28
2026-06-02,1166,753,408,572,674,546,105,17,77,4,15,7,4,911642710474.63,437084987727.69,30,8,49.18314703353396,58.813263525305416,51.075771749298404,234.0,243.0,8,2.085733292314757,345.0,-19.34632757095716,0.8848630081777497,48.0,55.00000000000001,62.88659793814433,48.99328859060403,60.810810810810814,56.64335664335665,47.389558232931726,59.036144578313255,53.61702127659574,50.07518796992482,58.85978428351309,46.801346801346796,84.0,29.0,44
2026-06-03,1165,488,675,575,655,538,63,29,63,8,20,6,4,670916404192.41,570690104601.65,12,3,49.48364888123925,57.15532286212914,50.32740879326474,226.0,153.0,14,1.1756229848434456,-187.0,-26.039887646024795,0.6149615755081871,44.0,49.0,60.824742268041234,51.006711409395976,57.432432432432435,57.04225352112676,49.39759036144578,57.028112449799195,52.56410256410257,50.0,58.39753466872111,46.14093959731543,80.0,24.0,43
2026-06-04,1165,616,546,597,656,551,100,20,79,7,25,4,8,786594057871.32,438395655478.5,12,6,51.37693631669536,57.24258289703316,51.54349859681946,268.0,66.0,21,1.794256051677265,70.0,-18.782682071977497,0.628787138352124,47.0,54.0,62.88659793814433,54.36241610738255,57.432432432432435,57.34265734265735,52.208835341365464,58.23293172690763,52.78969957081545,51.05421686746988,57.31895223420646,47.81879194630873,80.0,21.0,50
2026-06-05,1148,526,621,577,654,551,51,34,67,6,14,3,1,595622175847.49,541257569076.35,16,3,50.393013100436676,57.876106194690266,52.32668566001899,214.0,83.0,11,1.1004412868792073,-95.0,-20.73385789580717,0.7697102463136055,44.0,51.0,61.855670103092784,53.02013422818792,58.38926174496645,57.638888888888886,50.0,58.2995951417004,53.91304347826087,50.92592592592593,58.67507886435332,48.797250859106526,87.0,22.0,44
2026-06-08,1143,164,979,427,551,517,19,151,45,15,13,15,1,238486178669.82,752370809769.59,9,3,37.423312883435585,49.02135231316726,49.33206106870229,170.0,205.0,-2,0.31697957386578474,-815.0,-58.2984439357025,0.5284816095247015,31.0,42.0,59.79381443298969,35.333333333333336,49.664429530201346,53.47222222222222,39.3574297188755,50.403225806451616,51.94805194805194,38.161993769470406,49.441786283891545,45.48611111111111,79.0,23.0,19
2026-06-09,1139,915,223,564,633,549,156,8,59,12,20,1,5,857666274494.92,258726324741.82,11,4,49.6042216358839,56.417112299465245,52.43553008595988,226.0,193.0,19,3.314955582315697,692.0,-14.774672780134502,1.2377659101503327,45.0,51.0,61.855670103092784,49.333333333333336,57.04697986577181,59.02777777777778,50.0,57.028112449799195,54.310344827586206,50.23547880690737,56.891025641025635,48.43205574912892,60.0,19.0,46
2026-06-10,1139,251,888,472,564,521,29,93,58,12,7,7,2,408481207851.52,687434137602.85,8,2,41.512752858399296,50.22261798753339,49.856459330143544,204.0,252.0,0,0.5942114095118027,-637.0,-43.93797507822319,0.47568534217457376,38.0,45.0,57.73195876288659,41.333333333333336,51.006711409395976,56.25,44.0,51.80722891566265,51.931330472103,41.13029827315541,50.239999999999995,46.05954465849387,56.0,18.0,26
2026-06-11,1136,265,869,381,526,491,21,66,68,6,4,19,1,391247715288.42,609682362301.98,5,1,33.627537511032656,46.964285714285715,47.166186359269936,206.0,167.0,-15,0.6417238540593244,-604.0,-67.00290866769791,0.47520162202421473,27.27272727272727,43.43434343434344,55.208333333333336,36.0,46.97986577181208,54.166666666666664,35.7429718875502,46.774193548387096,49.56896551724138,33.22834645669291,47.59615384615385,43.05799648506151,49.0,13.0,22
2026-06-12,1134,1028,104,659,667,566,308,3,85,6,14,0,5,1000602970609.99,93207105740.69,12,9,58.267020335985855,59.60679177837355,54.31861804222648,358.0,162.0,14,10.735264899156418,924.0,-9.988412343360295,0.9207611994178293,51.515151515151516,54.54545454545454,62.5,58.666666666666664,62.16216216216216,58.74125874125874,59.83935742971887,60.6425702811245,54.506437768240346,58.60979462875198,59.3900481540931,51.75438596491229,45.0,19.0,59
2026-06-15,1130,861,268,811,782,600,151,8,93,4,29,0,3,1012225829143.28,249708769411.54,8,7,71.89716312056737,70.00895255147717,57.692307692307686,480.0,77.0,29,4.05362547550363,593.0,22.258924075665167,0.7925464714435734,65.65656565656566,61.61616161616161,67.70833333333334,68.66666666666667,69.79865771812081,62.23776223776224,74.8,72.8,58.54700854700855,72.49602543720191,70.27463651050081,54.4973544973545,44.0,23.0,75
2026-06-16,1142,667,471,847,813,608,77,17,102,4,15,0,4,753672292214.5499,359104861885.47,5,4,74.55985915492957,72.26666666666667,58.12619502868069,536.0,28.0,15,2.0987526825936436,196.0,29.869102093553614,0.6747511952451538,69.0721649484536,65.97938144329896,67.02127659574468,67.78523489932886,70.94594594594594,61.97183098591549,81.12449799196787,75.90361445783132,59.227467811158796,74.41497659906396,72.10776545166404,55.28596187175043,38.0,23.0,84
2026-06-17,1143,650,489,867,837,624,89,16,119,3,28,0,4,896165713865.67,338485726225.26,17,12,76.2532981530343,74.20212765957447,59.541984732824424,317.0,41.0,28,2.6475731306592163,161.0,34.47645878838047,0.5020610529659909,76.53061224489795,67.3469387755102,71.27659574468085,72.2972972972973,72.78911564625851,62.676056338028175,79.91967871485943,76.70682730923694,60.94420600858369,75.70093457943925,74.60567823343848,56.303972366148535,47.0,33.0,88
2026-06-18,1143,646,493,891,840,639,80,19,116,2,28,0,3,816244258157.88,411639344158.44,41,27,78.3641160949868,74.46808510638297,61.03151862464183,246.0,52.0,28,1.982911181210384,153.0,37.84336646851552,0.6608187194679908,73.46938775510205,69.38775510204081,73.40425531914893,76.19047619047619,73.97260273972603,64.28571428571429,82.8,76.4,62.82051282051282,77.88161993769471,74.60567823343848,57.51295336787565,83.0,59.0,86
2026-06-19,1148,633,510,886,856,652,91,15,112,2,30,2,6,838461373742.43,643717478449.3,22,16,77.5831873905429,75.61837455830388,61.859582542694504,260.0,50.0,28,1.3025300722954787,123.0,39.03285570268842,0.9528965948562566,75.51020408163265,68.36734693877551,75.53191489361703,74.82993197278913,73.28767123287672,64.28571428571429,77.60000000000001,76.0,63.559322033898304,78.516228748068,77.11598746081505,58.390410958904106,93.0,66.0,84
2026-06-22,1166,756,410,934,899,691,115,16,110,3,35,1,8,810082739357.89,296056904704.47003,39,27,80.51724137931035,78.24194952132288,64.57943925233644,286.0,50.0,34,2.736239981183789,346.0,51.00470471939281,0.6738818421279906,73.46938775510205,70.40816326530613,74.46808510638297,81.63265306122449,76.02739726027397,70.0,83.6,80.0,65.67796610169492,80.15037593984962,79.23664122137404,61.33333333333333,124.0,86.0,89
2026-06-23,1164,284,880,836,841,658,31,49,92,3,12,4,5,375599109787.18,837813561684.34,43,19,72.19343696027633,73.32170880557977,61.61048689138576,237.0,80.0,8,0.4483087013202266,-596.0,13.8856121050781,0.7198773340264678,65.65656565656566,64.64646464646465,72.63157894736842,73.97260273972603,72.41379310344827,65.46762589928058,74.0,75.6,62.97872340425532,72.09653092006033,73.96630934150078,58.43071786310517,162.0,101.0,74
2026-06-24,1163,596,566,825,845,677,55,29,83,4,19,0,2,738499410481.29,402305989165.41,48,20,71.30509939498704,73.73472949389179,63.27102803738318,201.0,94.0,19,1.8356659616559985,30.0,13.379359859313624,0.5736357025539465,65.65656565656566,63.63636363636363,68.08510638297872,76.71232876712328,74.48275862068967,68.57142857142857,71.2,76.8,64.1025641025641,70.99697885196375,73.92638036809815,60.96345514950167,193.0,109.0,75
2026-06-25,1156,349,806,732,812,651,30,55,77,3,13,2,2,593591028608.8099,632338693842.95,50,14,63.65217391304348,71.29060579455663,61.18421052631579,116.0,133.0,11,0.9387232418141985,-457.0,-11.470382610111573,0.4612674557335423,61.61616161616161,68.68686868686868,65.95744680851064,64.38356164383562,72.41379310344827,65.0,65.60000000000001,72.8,62.82051282051282,63.05343511450382,70.85271317829456,58.89261744966443,202.0,96.0,48
2026-06-29,1160,433,725,638,745,635,56,59,64,7,27,8,3,877599612421.55,871009377638.2001,19,10,55.28596187175043,65.23642732049036,59.401309635173064,141.0,143.0,19,1.0075662041678815,-292.0,-24.409560508419556,0.5927564628902857,48.484848484848484,60.60606060606061,63.829787234042556,55.47945205479452,66.89655172413794,64.28571428571429,59.599999999999994,68.67469879518072,61.80257510729614,54.62822458270106,64.25269645608628,56.644518272425245,199.0,90.0,46
2026-06-30,1156,705,450,708,767,649,87,17,76,2,34,10,6,753069662429.02,570016172536.19,23,12,61.61879895561357,67.51760563380282,60.88180112570356,173.0,131.0,24,1.3211373619074083,255.0,-8.00050980893079,1.1858469163303145,53.535353535353536,61.61616161616161,65.95744680851064,63.44827586206897,70.13888888888889,65.46762589928058,67.60000000000001,71.8875502008032,62.66094420600859,60.152671755725194,66.14906832298136,58.333333333333336,183.0,75.0,51
2026-07-01,1157,623,529,742,798,664,88,31,85,3,32,9,8,719785430119.72,399432058475.6,22,9,64.46568201563856,70.06145741878841,62.114125350795135,231.0,107.0,23,1.8020221833638557,94.0,-1.9807689118232377,0.6535401021625218,62.62626262626263,67.67676767676768,69.14893617021278,61.64383561643836,69.6551724137931,70.0,67.8714859437751,74.19354838709677,65.08620689655173,64.07914764079148,68.93353941267388,58.043117744610285,162.0,65.0,55
2026-07-02,1161,802,354,818,863,690,95,11,83,3,32,1,13,815005870417.1,326574191119.1,19,11,71.00694444444444,74.97827975673329,64.48598130841121,270.0,59.0,31,2.495622411631026,448.0,20.87601339976284,0.907804286660172,62.62626262626263,68.68686868686868,69.14893617021278,69.6551724137931,75.0,75.53956834532374,75.0,76.61290322580645,65.80086580086581,71.06060606060606,75.30303030303031,60.726072607260726,133.0,56.0,61
2026-07-03,1173,552,618,806,864,704,56,40,86,3,36,2,5,674824582732.95,544005645718.57,30,20,69.30352536543423,74.35456110154905,65.3061224489796,239.0,82.0,34,1.240473491486624,-66.0,14.61418220917012,0.7200507625718796,59.79381443298969,64.94845360824742,69.56521739130434,62.585034013605444,71.91780821917808,74.46808510638297,72.98387096774194,77.01612903225806,64.93506493506493,70.78986587183309,75.26080476900148,62.70358306188925,113.0,62.0,72
2026-07-06,1182,539,641,794,857,703,54,31,72,4,30,1,1,659166185920.79,386712339335.83,33,23,67.80529461998293,73.24786324786324,64.67341306347745,205.0,82.0,29,1.704538797631577,-102.0,7.387245630167498,0.4933144590863964,56.25,65.625,71.42857142857143,66.21621621621621,70.06802721088435,73.94366197183099,72.28915662650603,76.70682730923694,64.65517241379311,68.14159292035397,73.74631268436578,61.575562700964625,127.0,75.0,77
2026-07-07,1188,356,828,698,813,687,23,66,66,4,17,2,0,544907015089.53,656147156612.12,37,17,59.353741496598644,69.19148936170212,62.96975252062328,133.0,137.0,15,0.8304646443993519,-472.0,-17.328721373030586,0.5177242568011142,47.91666666666667,60.416666666666664,70.32967032967034,60.13513513513513,66.66666666666666,71.12676056338029,62.5,72.58064516129032,66.23376623376623,59.64912280701754,69.73684210526315,58.85167464114832,141.0,80.0,61
2026-07-08,1194,164,1029,478,662,627,21,152,59,3,5,4,2,333716259298.54,934882578950.47,40,7,40.4399323181049,56.05419136325148,57.103825136612016,98.0,249.0,1,0.3569606138914053,-865.0,-58.0242295538998,0.4464863369423254,32.29166666666667,46.875,61.53846153846154,42.567567567567565,55.78231292517006,63.38028169014085,44.17670682730924,60.6425702811245,58.620689655172406,39.7677793904209,55.73294629898403,54.502369668246445,159.0,78.0,40
2026-07-09,1196,995,200,636,756,662,152,8,66,3,18,3,2,922790178900.89,260654038768.95,30,8,53.71621621621622,63.95939086294417,60.18181818181818,196.0,226.0,15,3.5402872837081696,795.0,-9.528767900773481,1.4052531902973373,33.33333333333333,53.125,63.73626373626373,54.054054054054056,61.64383561643836,67.85714285714286,56.8,68.4,60.68376068376068,55.362318840579704,64.34782608695652,57.79527559055118,170.0,75.0,50
2026-07-10,1200,936,261,780,852,701,114,6,97,2,27,0,6,964676626525.1,191845658591.42,19,9,65.65656565656566,71.8381112984823,63.438914027149316,287.0,166.0,27,5.028399566651666,675.0,25.982495652153396,0.713190518974554,52.63157894736842,61.05263157894737,68.88888888888889,68.45637583892618,69.38775510204081,71.63120567375887,71.2,78.4,65.38461538461539,64.84149855907782,71.46974063400576,60.15625,159.0,64.0,59
2026-07-13,1205,627,576,807,868,718,81,13,124,2,28,0,4,690608850528.88,458534819575.23,7,4,67.70134228187919,72.94117647058823,64.6846846846847,347.0,27.0,28,1.5061208463266431,51.0,25.01471351164511,0.7227452360954753,54.736842105263165,62.10526315789474,66.66666666666666,63.758389261744966,68.02721088435374,71.63120567375887,71.6,75.2,68.51063829787233,68.91117478510029,74.64183381088824,61.49068322981367,133.0,45.0,59
2026-07-14,1212,285,926,694,792,701,29,47,71,4,13,1,3,494725969527.47003,645417689752.19,19,9,57.68911055694098,66.16541353383458,62.81362007168458,224.0,66.0,12,0.7665206228193429,-641.0,-10.537813786047707,0.4015226320170388,49.494949494949495,54.736842105263165,63.33333333333333,56.375838926174495,64.62585034013605,68.08510638297872,59.199999999999996,70.8,67.23404255319149,58.58156028368794,66.38297872340425,60.0,115.0,37.0,45
2026-07-15,1203,672,527,726,819,712,62,23,65,5,17,3,2,748469636185.8,395787705394.99,34,12,60.80402010050251,68.93939393939394,64.25992779783394,172.0,83.0,14,1.8910886467249886,145.0,-1.5825355566448227,0.6742900800545866,53.535353535353536,60.416666666666664,63.73626373626373,65.77181208053692,70.27027027027027,70.4225352112676,66.0,72.98387096774194,67.09401709401709,58.90804597701149,68.39080459770115,61.93447737909516,109.0,42.0,51
2026-07-16,1204,512,686,700,808,705,45,24,56,5,12,3,4,600508185447.6,556601887847.05,42,14,58.62646566164153,68.01346801346801,63.51351351351351,136.0,94.0,9,1.0788827680236237,-174.0,-9.867859992722131,0.6917857131951641,49.494949494949495,57.291666666666664,62.637362637362635,58.78378378378378,67.3469387755102,69.50354609929079,61.6,71.37096774193549,67.52136752136752,58.82352941176471,68.4361549497848,60.86956521739131,121.0,48.0,44
2026-07-17,1204,374,822,625,770,701,21,55,43,5,5,4,3,637751574783.63,452328684718.88,17,5,52.43288590604027,64.92411467116358,63.26714801444043,128.0,102.0,1,1.4099295409045072,-448.0,-30.602473085604622,0.3227025332471519,55.10204081632652,60.416666666666664,63.73626373626373,52.348993288590606,68.02721088435374,68.79432624113475,55.42168674698795,70.04048582995951,66.09442060085837,51.00574712643679,63.07471264367817,60.9642301710731,119.0,44.0,41
2026-07-20,1200,675,516,668,790,706,69,20,50,5,21,2,2,649433355355.67,380193541596.95,27,13,56.22895622895623,66.83587140439933,63.949275362318836,135.0,99.0,19,1.7081651430158853,159.0,-17.82755491459113,0.7658156122856534,53.06122448979592,59.375,65.93406593406593,58.38926174496645,68.02721088435374,71.83098591549296,61.44578313253012,70.44534412955466,66.09442060085837,54.33526011560693,66.32947976878613,61.12852664576802,139.0,53.0,47
2026-07-21,1192,601,582,665,780,708,49,23,42,6,21,4,4,655399164524.9401,356334524195.64,21,9,56.355932203389834,66.38297872340425,64.53965360072927,139.0,98.0,17,1.839280563690492,19.0,-13.815862103801638,0.561440200312874,54.08163265306123,56.25,64.83516483516483,59.06040268456376,70.74829931972789,75.35211267605634,59.43775100401606,70.56451612903226,66.52360515021459,54.97076023391813,65.35087719298247,61.33122028526149,141.0,53.0,42
2026-07-22,1190,243,944,529,703,664,20,87,35,6,8,8,1,343109972976.25,703350521076.35,13,8,44.982993197278915,60.03415883859948,60.52871467639015,138.0,130.0,0,0.48782216362217606,-701.0,-46.316785440057615,0.5276825725299747,45.36082474226804,52.63157894736842,62.22222222222222,45.63758389261745,61.224489795918366,69.01408450704226,48.59437751004016,64.91935483870968,65.23605150214593,43.4654919236417,59.03083700440529,56.64556962025317,120.0,49.0,25
2026-07-23,1189,301,885,421,635,638,32,50,39,7,5,6,4,374184504624.08,682979391707.85,21,7,35.829787234042556,54.27350427350427,58.1056466302368,101.0,160.0,-1,0.5478708569645108,-584.0,-68.02349096535619,0.6207904472865835,36.08247422680412,47.368421052631575,61.111111111111114,33.557046979865774,57.14285714285714,66.90140845070422,40.562248995983936,60.88709677419355,62.231759656652365,34.55882352941176,52.20588235294118,54.18641390205371,99.0,42.0,22
2026-07-24,1176,597,579,431,636,643,43,24,36,4,5,3,3,459584857039.07,566937172061.02,22,7,37.123169681309214,55.017301038062286,59.04499540863177,95.0,161.0,2,0.8106451291036609,18.0,-56.14260673465968,1.2719352104682844,37.37373737373738,46.391752577319586,61.95652173913043,29.931972789115648,58.620689655172406,67.85714285714286,38.306451612903224,59.91902834008097,62.06896551724138,38.23088455772114,53.67316341829086,55.52,104.0,44.0,25
2026-07-27,1174,854,315,589,704,662,94,26,43,3,23,2,4,804653520256.56,203092079015.72,15,7,50.81967213114754,61.05810928013877,60.845588235294116,169.0,100.0,21,3.96201331020043,539.0,-19.65373768374087,0.6842761239926177,51.02040816326531,53.125,65.93406593406593,46.93877551020408,57.931034482758626,66.42857142857143,51.20967741935484,64.37246963562752,64.95726495726495,51.5015015015015,61.65413533834586,57.30337078651685,92.0,38.0,49
2026-07-28,1166,328,836,493,646,646,25,78,42,4,13,5,0,578433073335.16,600183375288.35,13,6,42.83231972198089,56.41921397379913,59.81481481481481,162.0,128.0,8,0.9637605724371484,-508.0,-40.707485956786584,0.4070974771415462,47.95918367346938,51.041666666666664,64.83516483516483,42.857142857142854,55.86206896551724,65.71428571428571,46.37096774193548,62.34817813765182,65.8119658119658,40.72948328267477,55.09893455098934,55.447154471544714,84.0,35.0,30
2026-07-29,1163,790,368,579,705,674,86,23,46,5,17,1,1,941801358782.93,265502613367.61002,4,3,50.30408340573415,61.733800350262705,62.46524559777572,205.0,127.0,16,3.547239504866678,422.0,-12.00490330045674,0.6051858431012448,56.12244897959183,58.333333333333336,67.03296703296702,50.0,60.273972602739725,68.08510638297872,53.62903225806451,69.10569105691057,70.08547008547008,48.24961948249619,59.78593272171254,57.58564437194127,75.0,30.0,49
2026-07-30,1160,330,824,512,649,653,20,56,44,4,14,4,1,560088313019.26,555582870611.91,25,13,44.56048738033072,56.92982456140351,60.687732342007436,131.0,157.0,10,1.0081093976176547,-494.0,-33.20417061279245,0.39726386624271487,58.16326530612245,56.70103092783505,68.47826086956522,47.2972972972973,57.931034482758626,66.90647482014388,45.564516129032256,63.82113821138211,67.23404255319149,41.52671755725191,54.141104294478524,55.57377049180327,79.0,36.0,35
2026-07-31,1150,731,415,569,676,665,86,25,34,7,18,1,4,888679250841.58,369400921488.64,20,11,50.04397537379067,59.9290780141844,62.441314553990615,192.0,104.0,17,2.4057310070053766,316.0,-10.663523311775513,0.7321873384860078,60.416666666666664,61.05263157894737,70.32967032967034,62.16216216216216,66.20689655172414,71.42857142857143,49.193548387096776,61.382113821138205,67.81115879828327,46.04651162790698,57.78816199376947,57.07154742096506,77.0,40.0,53
2026-08-03,1138,849,287,742,754,700,135,19,38,7,45,0,1,861174917641.35,287046432280.44,27,17,65.89698046181172,67.56272401433692,66.47673314339981,241.0,100.0,45,3.0001240942092435,562.0,20.96204774715285,0.9860219312327504,73.95833333333334,68.42105263157895,74.72527472527473,68.91891891891892,67.58620689655173,75.71428571428571,64.65863453815261,70.73170731707317,71.36752136752136,64.45497630331754,66.19047619047619,61.05442176870748,89.0,50.0,72
2026-08-04,1137,491,638,702,738,696,54,33,40,8,24,2,1,551286134469.4299,548877333939.17,24,15,62.4,66.24775583482945,66.0968660968661,275.0,77.0,22,1.0043885953769898,-147.0,12.44710076380084,0.7662298039138601,72.91666666666666,70.52631578947368,73.62637362637363,65.54054054054053,65.51724137931035,74.28571428571429,59.43775100401606,68.69918699186992,70.94017094017094,61.23417721518988,64.80891719745223,61.05442176870748,100.0,59.0,70
2026-08-05,1148,641,500,732,770,705,80,21,45,8,47,2,4,769093876146.1,432959903014.13,26,19,64.43661971830986,68.44444444444444,66.38418079096046,269.0,73.0,45,1.7763628243444982,141.0,19.504585589215864,0.7216994087190917,73.95833333333334,73.68421052631578,73.62637362637363,66.21621621621621,66.89655172413794,73.57142857142858,64.4,70.73170731707317,73.19148936170212,62.616822429906534,67.13615023474179,60.90604026845637,122.0,75.0,78
2026-08-06,1156,502,644,723,762,697,49,32,53,7,28,1,4,633734574206.35,578799310075.8099,47,26,63.25459317585301,67.31448763250883,65.07936507936508,183.0,86.0,27,1.094912456138458,-142.0,11.29121218699963,0.711931900326732,71.57894736842105,70.2127659574468,71.11111111111111,66.8918918918919,72.41379310344827,73.57142857142858,62.0,69.51219512195121,69.91525423728814,61.69230769230769,64.91499227202473,60.33057851239669,144.0,88.0,73
2026-08-07,1164,518,640,687,735,700,46,57,46,9,26,4,1,647128910361.11,436874869897.14,32,21,59.73913043478261,64.64379947229551,65.05576208178438,175.0,110.0,22,1.4812683332265673,-122.0,5.212321867169752,0.546406739308996,67.74193548387096,72.82608695652173,70.45454545454545,64.1891891891892,72.41379310344827,74.28571428571429,57.199999999999996,65.4471544715447,70.2127659574468,58.573596358118365,61.46788990825688,60.1957585644372,156.0,98.0,71
2026-08-10,1167,559,601,667,734,698,75,51,45,11,32,6,5,664417807826.3,449115583093.4,48,30,57.84908933217693,64.3859649122807,64.56984273820537,170.0,140.0,26,1.4793915705394816,-42.0,3.988809034379358,0.6287155416240316,72.3404255319149,74.19354838709677,73.03370786516854,61.224489795918366,68.75,72.66187050359713,53.2,66.26016260162602,68.77637130801688,56.797583081571,61.339421613394215,59.9025974025974,177.0,111.0,65
2026-08-11,1175,457,714,626,702,691,65,44,54,11,28,6,9,610281641325.67,530371652008.26,45,17,53.91903531438415,61.14982578397212,63.45270890725436,186.0,152.0,22,1.1506679118592211,-257.0,-7.827238482828328,0.5562473897223541,67.02127659574468,74.19354838709677,71.91011235955057,59.183673469387756,66.66666666666666,72.66187050359713,52.800000000000004,61.78861788617886,68.08510638297872,51.34328358208955,57.89473684210527,58.46645367412141,198.0,113.0,63
2026-08-12,1174,456,709,598,679,681,55,61,62,9,28,11,3,648171982351.49,555006458322.79,26,12,51.50732127476314,59.19790758500436,62.649494020239196,195.0,156.0,17,1.1678638556932164,-253.0,-17.690822917626768,0.5507143459165043,72.3404255319149,77.17391304347827,71.5909090909091,58.108108108108105,64.13793103448275,73.57142857142858,54.0,62.19512195121951,64.25531914893618,46.18834080717489,54.51807228915663,58.333333333333336,198.0,106.0,52
2026-08-13,1185,608,567,615,699,694,64,30,57,9,24,4,4,581969189646.9,443219392068.15,32,13,52.474402730375424,60.41486603284356,63.32116788321168,184.0,135.0,20,1.3130499253006864,41.0,-11.335733494791292,0.8166562329289814,68.81720430107528,79.12087912087912,73.5632183908046,60.40268456375839,65.51724137931035,71.42857142857143,52.0,62.19512195121951,65.53191489361701,48.67647058823529,56.148148148148145,59.305993690851736,183.0,93.0,49
2026-08-14,1184,442,737,581,674,691,48,39,54,12,15,6,1,487681989065.97003,480277898412.9,30,9,49.65811965811966,58.3044982698962,63.10502283105023,167.0,130.0,9,1.0154162635372919,-295.0,-22.645453370792993,0.5906234232354802,67.74193548387096,77.17391304347827,74.71264367816092,55.70469798657718,63.888888888888886,70.0,49.2,59.51417004048582,65.67796610169492,46.017699115044245,54.08618127786033,59.01898734177215,181.0,81.0,34
2026-08-17,1199,550,645,560,663,696,77,43,70,11,30,9,7,530084430178.27,411178165575.84,31,14,47.377326565143825,56.763698630136986,62.87262872628726,189.0,112.0,21,1.2891842869037224,-95.0,-22.20203659792049,0.6614362174259537,62.637362637362635,74.44444444444444,72.94117647058823,53.02013422818792,61.37931034482759,70.92198581560284,46.400000000000006,60.56910569105691,65.95744680851064,44.50867052023121,52.11062590975255,58.6687306501548,164.0,65.0,40
2026-08-18,1336,590,740,553,667,690,97,36,68,10,28,8,34,547424266542.82,449920946603.93,24,8,46.50967199327166,56.81431005110733,62.05035971223022,222.0,118.0,20,1.2167121150390074,-150.0,-24.461905074124914,0.6552883689102875,52.68817204301075,68.13186813186813,72.09302325581395,47.94520547945205,60.56338028169014,69.56521739130434,47.599999999999994,60.97560975609756,65.2542372881356,45.0,53.093525179856115,57.97546012269939,143.0,56.0,40
2026-08-19,1347,456,883,532,640,683,65,46,62,8,18,19,25,412026339847.2,584174064022.76,21,13,44.55611390284757,54.28329092451229,61.145926589077895,239.0,125.0,-1,0.7053143321870364,-427.0,-40.121783095909066,0.7321860162006211,51.08695652173913,65.55555555555556,71.76470588235294,45.89041095890411,57.74647887323944,65.94202898550725,44.0,57.08502024291497,64.9789029535865,43.626062322946176,51.142857142857146,57.3820395738204,138.0,57.0,33
2026-08-20,1358,790,555,587,682,700,107,28,81,6,25,3,21,713153322181.98,293888515297.95,27,12,48.91666666666667,57.50421585160203,62.27758007117438,269.0,110.0,22,2.4266117424118154,235.0,-20.21036988905496,0.5865888632058952,58.69565217391305,68.88888888888889,74.11764705882354,48.61111111111111,61.42857142857143,68.38235294117648,48.19277108433735,62.19512195121951,66.94915254237289,47.972027972027966,53.66197183098591,57.87106446776612,133.0,56.0,52
2026-08-21,1357,652,688,604,685,701,97,15,88,5,18,5,26,644591281175.63,369023626353.3,32,14,50.45948203842941,57.95262267343486,62.53345227475469,269.0,89.0,13,1.7467479997026096,-36.0,-16.635059747749423,0.5425364269866039,56.52173913043478,66.66666666666666,72.94117647058823,50.3448275862069,61.42857142857143,69.85294117647058,50.602409638554214,59.756097560975604,66.38297872340425,49.648382559774966,55.524079320113316,58.34586466165413,135.0,61.0,51
2026-08-24,1357,595,752,605,677,707,87,45,82,8,20,8,12,562040607530.77,425202116902.47,25,15,50.37468776019983,57.08263069139966,62.84444444444445,291.0,88.0,12,1.3218198715122746,-157.0,-19.54499427819445,0.5985864044774059,52.17391304347826,64.44444444444444,71.76470588235294,51.724137931034484,62.142857142857146,69.11764705882352,53.41365461847389,63.00813008130082,69.36170212765957,48.81118881118881,53.09859154929577,58.14648729446936,129.0,62.0,54
2026-08-25,1357,561,789,608,683,711,42,40,63,9,14,11,12,609226808997.59,365984034824.57,34,14,50.540315876974226,57.25062866722548,63.03191489361703,226.0,100.0,3,1.6646267351241575,-228.0,-25.485263330333964,0.4271387698915873,63.04347826086957,71.42857142857143,75.29411764705883,55.86206896551724,62.93706293706294,70.07299270072993,52.610441767068274,63.41463414634146,68.93617021276596,47.140864714086476,52.17391304347826,57.97317436661699,139.0,68.0,50
2026-08-26,1353,747,599,628,698,720,94,21,87,8,29,5,17,585328459479.43,477919449934.08997,27,19,52.24625623960066,58.55704697986577,63.88642413487135,223.0,106.0,24,1.2247429133929428,148.0,-11.636767053261593,1.018236929946404,57.608695652173914,67.03296703296702,76.47058823529412,54.48275862068965,61.53846153846154,69.34306569343066,54.61847389558233,63.82113821138211,70.2127659574468,50.27932960893855,55.0561797752809,58.95522388059702,145.0,74.0,59
2026-08-27,1365,484,869,581,667,702,54,50,74,9,23,10,9,494007298061.0,557705968895.95,42,14,48.09602649006622,55.86264656616415,62.289263531499564,190.0,111.0,13,0.8857844914928029,-385.0,-26.388118901098395,0.6287782532496292,58.69565217391305,68.88888888888889,74.11764705882354,48.61111111111111,58.45070422535211,70.37037037037037,51.20967741935484,64.34426229508196,68.6695278969957,45.58011049723757,50.83565459610028,56.97329376854599,160.0,76.0,44
2026-08-28,1372,704,659,599,675,703,105,20,97,9,31,10,21,628178349626.4,351150853484.95,26,12,49.50413223140496,56.438127090301,62.267493356953054,253.0,91.0,21,1.788913065117534,45.0,-17.368584136493382,0.5971700366882772,60.43956043956044,70.78651685393258,73.80952380952381,46.57534246575342,57.931034482758626,69.34306569343066,49.392712550607285,62.8099173553719,67.81115879828327,48.760330578512395,52.22222222222223,57.48148148148148,154.0,74.0,51
2026-08-31,1371,542,824,587,659,682,84,81,94,9,31,29,13,822575756426.8,900524326746.85,39,16,48.592715231788084,55.1926298157454,60.46099290780141,243.0,151.0,2,0.9134409054759912,-282.0,-25.920038992073614,0.7200980231430536,54.44444444444444,63.63636363636363,69.41176470588235,52.38095238095239,63.013698630136986,68.61313868613139,50.0,58.8477366255144,66.66666666666666,46.61134163208852,51.324965132496516,55.50595238095239,168.0,75.0,33
2026-09-01,1379,493,874,515,610,673,56,63,75,13,23,17,11,519463101766.25,608971026812.18,20,8,42.77408637873754,51.30361648444071,59.92876224398932,245.0,164.0,6,0.8530177609360449,-381.0,-38.051932698634374,0.6612678567508912,43.18181818181818,52.32558139534884,67.46987951807229,35.374149659863946,52.054794520547944,67.88321167883211,45.9349593495935,56.84647302904564,66.8103448275862,43.15352697095436,49.162011173184354,54.992548435171386,154.0,69.0,31
2026-09-02,1375,501,864,473,591,662,59,36,65,14,15,20,6,487159063002.94,594536907395.34,36,13,39.515455304928985,50.042337002540215,59.15996425379804,199.0,180.0,-5,0.8193924665453972,-363.0,-47.334442154250624,0.7076720067440171,37.5,47.05882352941176,67.85714285714286,37.67123287671233,51.03448275862069,65.44117647058823,40.89068825910931,54.54545454545454,66.95278969957081,39.66480446927375,48.66008462623414,54.054054054054056,163.0,63.0,23
2026-09-03,1359,829,523,550,622,666,109,15,70,15,31,7,10,673553033454.79,333031317771.1,27,7,46.21848739495798,53.07167235494881,60.0,224.0,114.0,24,2.0224915721521977,306.0,-21.58431552803127,0.7837293682159916,40.0,47.674418604651166,69.04761904761905,37.93103448275862,56.64335664335665,66.17647058823529,48.79032258064516,55.96707818930041,66.95278969957081,47.80763790664781,52.0,55.09893455098934,148.0,56.0,43
2026-09-04,1353,673,672,543,622,669,94,27,68,11,24,5,14,676515979604.78,407721199956.4,16,9,45.977984758679085,53.482373172828886,60.597826086956516,262.0,78.0,19,1.6592612296763665,1.0,-14.710035684973576,0.6035746977788617,41.57303370786517,51.76470588235295,70.23809523809523,36.986301369863014,53.47222222222222,62.77372262773723,48.987854251012145,58.26446280991735,68.10344827586206,47.35336194563662,52.02312138728323,56.22119815668203,138.0,53.0,41
