Date,Total_Universe,Advances,Declines,Above_20_EMA,Above_50_EMA,Above_200_EMA,Up_4_Count,Down_4_Count,Up_25_1M_Count,Down_25_1M_Count,New_52W_Highs,New_52W_Lows,IPO_New_Highs,Total_Up_Volume,Total_Down_Volume,T3_Breakouts,T3_Wins,Pct_Above_20_EMA,Pct_Above_50_EMA,Pct_Above_200_EMA,Rolling_3D_Up_4,Rolling_3D_Down_4,Net_52W_High_Low,Volume_Ratio,AD_Spread,MCO,TRIN,Large_Pct_20_EMA,Large_Pct_50_EMA,Large_Pct_200_EMA,Mid_Pct_20_EMA,Mid_Pct_50_EMA,Mid_Pct_200_EMA,Small_Pct_20_EMA,Small_Pct_50_EMA,Small_Pct_200_EMA,Micro_Pct_20_EMA,Micro_Pct_50_EMA,Micro_Pct_200_EMA,T3_Breakouts_5D,T3_Wins_5D,Composite_Score,Intraday_Volume_Points,Unchanged
2018-04-02,0,0,0,0,0,0,0,0,0,0,0,0,0,0.0,0.0,0,0,,,,,,0,,0.0,0.0,,,,,,,,,,,,,,0.0,0.0,5,,
2018-04-03,1155,854,266,0,0,0,186,9,0,0,0,0,607,192497510242.72,48952653590.46,0,0,,,,,,0,3.9323202344281976,588.0,29.4,0.8164457939312055,,,,,,,,,,,,,0.0,0.0,15,,
2018-04-04,1159,389,745,0,0,0,70,63,0,0,0,0,210,62499756099.62,207630150230.52,0,0,,,,256.0,72.0,0,0.3010148383085504,-356.0,7.190000000000001,1.7346242927449722,,,,,,,,,,,,,0.0,0.0,22,,
2018-04-05,1162,1012,133,0,0,0,183,10,0,0,0,0,256,227731628048.13,23325283187.35,0,0,,,,439.0,82.0,0,9.763295314315226,879.0,49.9145,0.7793498313253322,,,,,,,,,,,,,0.0,0.0,31,,
2018-04-06,1164,692,437,0,0,0,87,17,0,0,0,0,238,180297710664.41,59139358793.55,130,89,,,,340.0,90.0,0,3.048692348759014,255.0,54.994375000000005,0.5194108969717905,,,,,,,,,,,,,130.0,89.0,49,,
2018-04-09,1165,669,453,0,0,0,108,10,0,0,0,0,228,145281188302.22,87274239908.71,118,98,,,,378.0,37.0,0,1.6646514304127542,216.0,57.11269625000001,0.88716542398717,,,,,,,,,,,,,248.0,187.0,48,,
2018-04-10,1168,508,630,0,0,0,75,25,0,0,0,0,149,155226286054.43,84351523462.1,81,54,,,,270.0,52.0,0,1.8402309725226804,-122.0,41.738297437500016,0.4381782604407656,,,,,,,,,,,,,329.0,241.0,45,,
2018-04-11,1166,445,692,0,0,0,50,27,0,0,0,0,102,132922683818.26,114141802078.68,88,41,,,,233.0,62.0,0,1.1645399091091448,-247.0,22.13449496562501,0.5522039895626786,,,,,,,,,,,,,417.0,282.0,41,,
2018-04-12,1165,440,692,0,0,0,53,44,0,0,0,0,78,125987871938.66,113599745356.89,88,39,,,,178.0,96.0,0,1.1090506544961956,-252.0,5.012571377343761,0.5733175015147142,,,,,,,,,,,,,505.0,321.0,40,,
2018-04-13,1169,557,584,0,0,0,58,30,0,0,0,0,98,152026300135.75,88920059637.7,96,47,,,,161.0,101.0,0,1.709696335733163,-27.0,1.598263852476574,0.5578576167905692,,,,,,,,,,,,,471.0,279.0,41,,
2018-04-16,1169,567,566,0,0,0,67,31,0,0,0,0,111,135813008781.61,86919248238.2,70,37,,,,178.0,105.0,0,1.5625193675101503,1.0,0.0710395994527495,0.641122795200034,,,,,,,,,,,,,423.0,218.0,28,,
2018-04-17,1166,582,546,0,0,0,70,22,0,0,0,0,105,122026841686.33,106968150062.86,80,46,,,,195.0,83.0,0,1.1407773399336227,36.0,0.5149076651201163,0.934392741353092,,,,,,,,,,,,,422.0,210.0,26,,
2018-04-18,1164,396,736,0,0,0,57,37,0,0,0,0,70,108862179578.72,116260947942.14,81,35,,,,194.0,90.0,0,0.9363606740321594,-340.0,-17.90815967705989,0.5746113577623299,,,,,,,,,,,,,415.0,204.0,21,,
2018-04-19,1168,658,478,0,0,0,87,36,0,0,0,0,98,180097969845.84,79413102912.75,56,35,,,,214.0,95.0,0,2.267862144156626,180.0,-7.570341456238495,0.606989733129843,,,,,,,,,,,,,383.0,200.0,35,,
2018-04-20,1169,475,658,0,0,0,61,35,0,0,0,0,89,147475803953.17,134834538508.27,87,44,,,,205.0,108.0,0,1.0937539119038455,-183.0,-16.84365517015501,0.6600063237476271,,,,,,,,,,,,,374.0,197.0,29,,
2018-04-23,1167,609,514,0,0,0,89,25,0,0,0,0,101,192077567411.26,71385045751.01,84,49,,,,237.0,96.0,0,2.6907255629032414,95.0,-10.788120119702857,0.4403365839529662,,,,,,,,,,,,,388.0,209.0,39,,
2018-04-24,1163,496,634,0,0,0,56,41,0,0,0,0,72,132902623633.53,131044265729.75,90,30,,,,206.0,101.0,0,1.014181146297637,-138.0,-17.20669705096775,0.7713951178386909,,,,,,,,,,,,,398.0,193.0,23,,
2018-04-25,1165,315,826,0,0,0,39,70,0,0,0,0,45,142486932385.73,123554582128.48,84,40,,,,184.0,136.0,0,1.1532306607420106,-511.0,-41.2585468419444,0.3306848709329477,,,,,,,,,,,,,401.0,198.0,23,,
2018-04-26,1167,503,630,0,0,0,50,40,0,0,0,0,42,205369575677.44,146463419970.03,106,38,,,,145.0,151.0,0,1.4021902241492357,-127.0,-42.4165856790197,0.5694039828990586,,,,,,,,,,,,,451.0,201.0,16,,
2018-04-27,1167,624,493,0,0,0,72,30,0,0,0,0,52,189457918335.99,103922925262.97,105,43,,,,161.0,140.0,0,1.8230618302610269,131.0,-30.294625956323998,0.6942825855526119,,,,,,,,,,,,,469.0,200.0,18,,
2018-04-30,433,283,144,295,0,0,35,8,0,0,0,0,47,142180543339.07,80398892435.04,87,50,72.12713936430319,,,157.0,78.0,0,1.768439079604832,139.0,-19.37887726363755,1.111306462542623,76.53061224489795,,,72.66666666666667,,,68.94409937888199,,,,,,472.0,201.0,32,,
2018-05-02,422,96,322,230,0,0,7,46,19,5,0,0,16,91113273647.33,181552092876.75,81,35,56.234718826405874,,,114.0,84.0,0,0.501857468033618,-226.0,-28.19901774507245,0.5940663733288545,58.58585858585859,,,55.70469798657718,,,55.27950310559007,,,,,,463.0,206.0,26,,
2018-05-03,418,109,307,190,0,0,11,23,14,7,0,0,5,100147908960.65,158862262843.11,67,12,46.68304668304668,,,53.0,77.0,0,0.6304071663611803,-198.0,-34.19924276797393,0.5632056215100744,50.505050505050505,,,44.66666666666666,,,46.20253164556962,,,,,,446.0,178.0,23,,
2018-05-04,414,154,251,177,0,0,14,16,14,5,0,0,7,112366623467.43,123317534991.88,14,3,44.02985074626866,,,32.0,85.0,0,0.9111974503449888,-97.0,-34.10843894871482,0.6733401377503557,47.0,,,42.28187919463088,,,43.790849673202615,,,,,,354.0,143.0,22,,
2018-05-07,411,250,148,212,0,0,35,12,17,6,0,0,17,176977780816.63,59208085436.7,8,2,53.266331658291456,,,60.0,51.0,0,2.9890812971116736,102.0,-23.910259488504717,0.5651198549940545,55.00000000000001,,,50.33557046979866,,,55.033557046979865,,,,,,257.0,102.0,34,,
2018-05-08,404,189,210,211,0,0,14,11,15,7,0,0,20,145946846899.36002,139986686207.22,3,0,53.55329949238579,,,63.0,39.0,0,1.0425766253464797,-21.0,-21.221264752582545,0.8632459026221722,53.0,,,50.0,,,57.638888888888886,,,,,,173.0,52.0,28,,
2018-05-09,406,147,251,194,0,0,22,3,13,7,0,0,8,131869809123.51,105570529369.2,2,2,48.86649874055416,,,71.0,26.0,0,1.2491157325008428,-104.0,-22.96606792960618,0.468857572825049,53.0,,,43.333333333333336,,,51.70068027210885,,,,,,94.0,19.0,29,,
2018-05-10,404,71,331,140,0,0,3,39,12,8,0,0,5,59787040639.69,175235171040.62,9,2,35.26448362720403,,,39.0,53.0,0,0.3411817404271611,-260.0,-32.14304430631334,0.6287016131210926,41.0,,,28.000000000000004,,,38.775510204081634,,,,,,36.0,9.0,20,,
2018-05-11,402,205,188,159,0,0,15,12,13,9,0,0,9,136104277923.68,99385834152.38,12,2,40.25316455696203,,,40.0,54.0,0,1.3694534949015236,17.0,-25.978643886866426,0.7962486758218141,44.0,,,37.333333333333336,,,40.689655172413794,,,,,,34.0,8.0,26,,
2018-05-14,397,121,269,138,0,0,6,37,10,10,0,0,10,89051969216.63,135215300014.32,5,1,35.47557840616967,,,24.0,88.0,0,0.6585938810711431,-148.0,-28.828188308804968,0.6829916574118032,40.0,,,34.0,,,33.81294964028777,,,,,,31.0,7.0,15,,
2018-05-15,389,139,243,123,0,0,6,28,9,11,0,0,8,122171409469.66,148552058756.73,1,1,31.948051948051948,,,27.0,77.0,0,0.8224147850399626,-104.0,-28.9204078480184,0.6955328032892241,42.0,,,25.503355704697988,,,31.61764705882353,,,,,,29.0,8.0,12,,
2018-05-16,390,173,211,130,0,0,13,13,10,12,0,0,7,123865995567.86,120123912537.96,2,2,33.67875647668394,,,25.0,78.0,0,1.0311518577012506,-38.0,-25.554653514805786,0.7951352724107571,42.0,,,26.174496644295303,,,35.76642335766424,,,,,,29.0,8.0,15,,
2018-05-17,387,203,179,133,0,0,27,5,9,10,0,0,8,113500479919.02,131349852994.45,6,6,34.81675392670157,,,46.0,46.0,0,0.8641081610027824,24.0,-19.449160292334987,1.3124262256410413,36.0,,,29.53020134228188,,,39.849624060150376,,,,,,26.0,12.0,18,,
2018-05-18,382,69,308,86,0,0,3,57,7,14,0,0,7,73983790049.67,184252853609.85,8,4,22.81167108753316,,,43.0,75.0,0,0.401534025661977,-239.0,-27.28171778566077,0.557925255914839,19.0,,,20.13422818791946,,,28.90625,,,,,,22.0,14.0,35,,
2018-05-21,375,65,305,68,0,0,10,77,4,19,0,0,1,56861834748.33,175434848599.35,5,3,18.37837837837838,,,40.0,139.0,0,0.3241193822225618,-240.0,-33.89214585352601,0.657519314756752,22.0,,,12.0,,,23.33333333333333,,,,,,22.0,16.0,34,,
2018-05-22,374,251,117,88,0,0,33,5,7,11,0,0,3,182609889247.82,61404373950.32,4,2,23.848238482384826,,,46.0,139.0,0,2.973890579774706,134.0,-20.674601122283164,0.7213779686075966,21.21212121212121,,,20.666666666666668,,,30.0,,,,,,25.0,17.0,44,,
2018-05-23,373,131,237,87,0,0,13,19,4,14,0,0,4,115716584003.51,138439022829.32,6,4,23.705722070844686,,,56.0,101.0,0,0.8358668071947873,-106.0,-21.27022737145913,0.661280734294006,20.2020202020202,,,22.14765100671141,,,28.57142857142857,,,,,,29.0,19.0,36,,
2018-05-24,364,175,183,87,0,0,12,17,3,14,0,0,5,137933845350.37,101232725801.47,0,0,24.23398328690808,,,58.0,41.0,0,1.3625420461449933,-8.0,-16.773136677647265,0.7018382703939711,25.252525252525253,,,19.463087248322147,,,29.72972972972973,,,,,,23.0,13.0,36,,
2018-05-25,357,274,78,123,0,0,44,3,4,9,0,0,9,220210050900.99,36968585324.73,4,4,34.844192634560905,,,69.0,39.0,0,5.956680488763017,196.0,-2.644258451049879,0.5897278726712428,33.33333333333333,,,34.22818791946309,,,37.142857142857146,,,,,,19.0,13.0,52,,
2018-05-28,357,272,82,182,0,0,57,7,6,5,0,0,15,189130638682.5,57997726951.64,4,3,51.85185185185185,,,113.0,27.0,0,3.2610008809518,190.0,9.149153724946125,1.017194809761456,54.54545454545454,,,54.054054054054056,,,46.15384615384615,,,,,,18.0,13.0,63,,
2018-05-29,353,151,200,163,0,0,10,10,6,4,0,0,6,109312992296.81,145175404133.71,3,1,46.83908045977012,,,111.0,20.0,0,0.752971847738961,-49.0,7.236775366797978,1.0026935299999984,42.42424242424242,,,45.94594594594595,,,52.47524752475248,,,,,,17.0,12.0,53,,
2018-05-30,355,145,206,162,0,0,11,7,7,6,0,0,9,101822511623.05,143736906009.48,3,1,46.41833810888252,,,78.0,24.0,0,0.7083950423723077,-61.0,4.965507993747327,0.9936313116879416,47.474747474747474,,,43.24324324324324,,,50.0,,,,,,14.0,9.0,48,,
2018-05-31,357,135,220,154,0,0,9,25,6,7,0,0,11,258651228291.84,237240286905.94,3,1,43.626062322946176,,,30.0,42.0,0,1.0902500231522183,-85.0,1.798746849820283,0.5628400372440892,43.43434343434344,,,39.455782312925166,,,49.53271028037384,,,,,,17.0,10.0,39,,
2018-06-01,364,73,286,128,0,0,3,43,5,9,0,0,4,80054703451.34,150462053319.21,1,0,35.55555555555556,,,23.0,75.0,0,0.5320590918794749,-213.0,-7.317827662486444,0.4797300885191429,41.41414141414141,,,29.054054054054053,,,38.93805309734513,,,,,,14.0,6.0,15,,
2018-06-04,367,70,294,94,0,0,3,69,2,16,0,0,0,64642006539.96,151990562474.98,5,3,25.96685082872928,,,15.0,137.0,0,0.4253027654305909,-224.0,-15.625909732196256,0.5598252761281305,37.37373737373738,,,20.27027027027027,,,23.47826086956522,,,,,,15.0,6.0,10,,
2018-06-05,369,73,293,62,0,0,2,86,0,28,0,0,0,62664870520.42,158085043280.48,11,0,16.986301369863014,,,8.0,198.0,0,0.3963997429487228,-220.0,-22.45119035313718,0.6285240142333034,26.262626262626267,,,14.18918918918919,,,12.71186440677966,,,,,,23.0,5.0,8,,
2018-06-06,371,294,72,94,0,0,52,6,0,21,0,0,1,183875910173.77,38692477227.29,2,0,25.683060109289617,,,57.0,161.0,0,4.752239281388822,222.0,-6.0745493322759785,0.8592440513938087,34.34343434343434,,,21.62162162162162,,,23.52941176470588,,,,,,22.0,4.0,20,,
2018-06-07,366,314,46,150,0,0,69,2,2,12,0,0,6,199424731186.9,26614550469.24,0,0,41.43646408839779,,,123.0,94.0,0,7.493071559385791,268.0,10.257851487221732,0.9109864896420762,52.52525252525253,,,39.86486486486486,,,33.91304347826087,,,,,,19.0,3.0,28,,
2018-06-08,369,207,157,169,0,0,31,4,2,7,0,0,6,165341322439.09,74921227566.38,0,0,46.3013698630137,,,152.0,12.0,0,2.2068688382421127,50.0,13.270764930456169,0.597439827293882,60.60606060606061,,,42.567567567567565,,,38.983050847457626,,,,,,18.0,3.0,31,,
2018-06-11,367,204,152,174,0,0,16,6,3,8,0,0,9,133886900642.35,86162420955.41,1,1,47.93388429752066,,,116.0,12.0,0,1.5538897254481503,52.0,15.880452099769323,0.8637068906359003,61.61616161616161,,,45.63758389261745,,,39.130434782608695,,,,,,14.0,1.0,29,,
2018-06-12,362,237,121,198,163,0,22,2,5,6,0,0,14,176122251328.31,54613842269.28,1,0,55.00000000000001,45.53072625698324,,69.0,12.0,0,3.224864686500511,116.0,21.23233236903323,0.6073674018477621,63.63636363636363,56.56565656565656,,53.69127516778524,41.49659863945578,,49.10714285714285,41.07142857142857,,,,,4.0,1.0,24,,
2018-06-13,363,139,222,191,160,0,9,2,3,6,0,0,9,141394218413.19,97575011573.2,5,4,52.90858725761773,44.56824512534819,,47.0,10.0,0,1.449082261262323,-83.0,15.752028337408705,0.4320845978617499,61.61616161616161,50.505050505050505,,52.348993288590606,41.49659863945578,,46.017699115044245,43.36283185840708,,,,,7.0,5.0,41,,
2018-06-14,362,167,187,184,159,0,11,1,6,5,0,0,5,115554624136.71,99025803231.98,9,5,51.11111111111111,44.28969359331476,,42.0,5.0,0,1.1669142825936916,-20.0,14.137608248682692,0.7653073937507001,51.51515151515152,50.505050505050505,,50.33557046979866,39.86486486486486,,51.78571428571429,44.642857142857146,,,,,16.0,10.0,51,,
2018-06-15,365,116,245,154,144,0,11,7,4,3,0,0,12,152195849733.47,163681963288.03,11,6,42.5414364640884,39.88919667590028,,31.0,10.0,0,0.9298266386605591,-129.0,7.236591031578538,0.5092017888809334,40.0,44.0,,40.939597315436245,37.16216216216216,,46.90265486725664,39.823008849557525,,,,,27.0,16.0,44,,
2018-06-18,368,122,239,145,137,0,6,11,4,3,0,0,8,83711245439.17,106039342455.12,9,7,39.61748633879781,37.63736263736264,,28.0,19.0,0,0.7894357273537402,-117.0,1.9000383557965923,0.646614073012801,45.0,42.0,,36.66666666666666,34.45945945945946,,38.793103448275865,37.93103448275862,,,,,35.0,22.0,49,,
2018-06-19,365,67,297,105,113,0,6,24,7,1,0,0,8,48921376121.22,167860998313.67,4,0,28.92561983471074,31.215469613259668,,23.0,42.0,0,0.291439802054579,-230.0,-8.322214373775957,0.7740508468605763,32.0,35.0,,26.174496644295303,28.37837837837838,,29.82456140350877,31.57894736842105,,,,,38.0,22.0,43,,
2018-06-20,371,213,149,129,125,0,14,6,3,1,0,0,1,136164763359.07,63427416473.27,11,3,35.05434782608695,34.05994550408719,,26.0,41.0,0,2.146780854876116,64.0,-2.3206293856916105,0.6658947968980168,37.0,39.0,,32.88590604026846,29.72972972972973,,36.134453781512605,35.294117647058826,,,,,44.0,21.0,37,,
2018-06-21,368,97,269,115,110,0,3,18,3,1,0,0,2,74796431045.1,127678018939.35,5,1,31.506849315068493,30.21978021978022,,23.0,48.0,0,0.5858207361490315,-172.0,-8.97767107395103,0.6155377802251419,32.0,33.0,,28.666666666666668,27.516778523489933,,34.78260869565217,31.30434782608696,,,,,40.0,17.0,23,,
2018-06-22,365,188,171,116,114,0,11,5,2,1,0,0,4,138071292764.7,82345543603.27,3,1,31.955922865013772,31.49171270718232,,28.0,29.0,0,1.6767306003820843,17.0,-5.174553362043085,0.6556898314063295,38.0,37.0,,29.33333333333333,29.53020134228188,,30.08849557522124,29.20353982300885,,,,,32.0,12.0,29,,
2018-06-25,366,97,266,104,106,0,9,13,3,4,0,0,5,68821794154.21,130447961633.87,2,1,28.650137741046837,29.2817679558011,,23.0,36.0,0,0.5275804488794776,-169.0,-11.197014951551566,0.6911962998436338,31.0,35.0,,27.33333333333333,24.832214765100677,,28.31858407079646,30.08849557522124,,,,,25.0,6.0,19,,
2018-06-26,361,132,226,95,106,0,4,17,1,8,0,0,2,116753081381.16,97508401080.09,1,0,26.53631284916201,29.69187675070028,,24.0,35.0,0,1.1973643305386896,-94.0,-12.540234535823563,0.4877970568886128,35.0,35.0,,20.666666666666668,26.174496644295303,,26.85185185185185,29.629629629629623,,,,,22.0,6.0,22,,
2018-06-27,358,53,305,69,86,0,3,66,1,12,0,0,2,49122843968.06,180612385343.22,2,0,19.382022471910112,24.225352112676056,,16.0,96.0,0,0.2719793765788056,-252.0,-21.525986107697012,0.6389105453108829,26.0,29.0,,14.666666666666666,22.14765100671141,,19.81132075471698,22.641509433962263,,,,,13.0,3.0,12,,
2018-06-28,358,79,277,49,68,0,3,53,1,10,0,0,1,81717344563.67,217258354909.53,4,0,13.764044943820226,19.154929577464788,,10.0,136.0,0,0.3761298137312071,-198.0,-26.40117377111032,0.7582450142080192,18.0,22.0,,10.666666666666668,16.778523489932887,,14.150943396226417,19.81132075471698,,,,,12.0,2.0,11,,
2018-06-29,354,295,59,94,95,0,61,5,1,4,0,0,3,188340926614.2,45414220123.92,3,1,26.780626780626783,27.142857142857142,,67.0,124.0,0,4.147179586047752,236.0,-8.737453354473153,1.205638650619657,32.0,32.0,,25.333333333333336,26.174496644295303,,23.76237623762376,23.76237623762376,,,,,12.0,2.0,25,,
2018-07-02,358,105,249,72,87,0,7,25,1,5,0,0,1,89841965027.86,128190640055.53,3,1,20.39660056657224,24.71590909090909,,71.0,83.0,0,0.7008465281782039,-144.0,-12.591285131476,0.6016820088758857,30.0,26.0,,16.666666666666664,23.48993288590604,,16.50485436893204,25.24271844660194,,,,,13.0,2.0,17,,
2018-07-03,359,219,137,95,94,0,19,8,2,2,0,0,7,143623297917.73,61040515485.58,1,1,26.912181303116142,26.704545454545453,,87.0,38.0,0,2.352917513477734,82.0,-4.523354875156052,0.6793863944778397,35.714285714285715,32.6530612244898,,26.0,24.832214765100677,,20.0,23.809523809523807,,,,,13.0,3.0,31,,
2018-07-04,354,187,159,112,103,0,22,8,6,2,0,0,7,111865128194.38,96095346272.31,2,1,32.09169054441261,29.68299711815562,,48.0,41.0,0,1.1641055736183354,28.0,-0.3026577316267307,1.0103040957661584,39.795918367346935,33.6734693877551,,30.87248322147651,29.054054054054053,,26.47058823529412,26.73267326732673,,,,,13.0,4.0,31,,
2018-07-05,353,115,235,106,101,0,6,17,2,2,0,0,1,77821231489.8,136400747924.77,0,0,30.63583815028902,29.360465116279077,,47.0,33.0,0,0.570533759336285,-120.0,-4.092448385251025,0.857726110190123,37.755102040816325,33.6734693877551,,26.845637583892614,29.054054054054053,,29.29292929292929,25.51020408163265,,,,,9.0,4.0,26,,
2018-07-06,345,212,126,112,104,0,18,6,1,3,0,0,3,148448856540.62,75605595950.44,3,2,33.13609467455622,30.952380952380956,,46.0,31.0,0,1.963463876905742,86.0,2.987742847826468,0.856924185023066,40.81632653061224,36.734693877551024,,28.187919463087248,25.675675675675677,,32.967032967032964,33.33333333333333,,,,,9.0,5.0,40,,
2018-07-09,342,262,73,166,124,0,32,3,4,3,0,0,7,153125532503.84,41241991562.06,4,3,49.700598802395206,37.34939759036144,,56.0,26.0,0,3.712854949631136,189.0,14.17636763786859,0.966652655323089,53.608247422680414,43.29896907216495,,48.66666666666667,35.57046979865772,,47.12643678160919,33.72093023255814,,,,,10.0,7.0,59,,
2018-07-10,341,251,86,205,146,0,24,3,4,3,0,0,12,159482459628.67,61765228440.67,8,6,61.56156156156156,44.10876132930513,,74.0,12.0,0,2.5820751198526617,165.0,22.471759995165257,1.1303329747158293,62.88659793814433,45.36082474226804,,59.333333333333336,42.95302013422819,,63.95348837209303,44.70588235294118,,,,,17.0,12.0,65,,
2018-07-11,341,104,233,167,135,0,10,14,1,3,0,0,11,134171766911.31,118150673581.79,5,4,50.15015015015016,40.78549848942598,,66.0,20.0,0,1.1355988319307326,-129.0,14.751961660678084,0.3930542360382579,44.329896907216494,39.175257731958766,,53.02013422818792,41.891891891891895,,51.72413793103448,40.69767441860465,,,,,20.0,15.0,56,,
2018-07-12,338,143,190,165,141,0,9,12,1,3,0,0,10,135472664793.05,114720139917.21,5,2,50.15197568389058,43.11926605504588,,43.0,29.0,0,1.1808969627374624,-47.0,12.17777427638816,0.6373389065229511,47.42268041237113,41.23711340206185,,51.006711409395976,45.27027027027027,,51.80722891566265,41.46341463414634,,,,,25.0,17.0,55,,
2018-07-13,340,87,250,134,117,0,5,29,0,3,0,0,9,121870278481.61,125089240252.07,13,6,40.24024024024024,35.34743202416919,,24.0,55.0,0,0.9742666774218676,-163.0,4.115955191438335,0.357191730010604,41.23711340206185,37.11340206185567,,37.333333333333336,34.899328859060404,,44.18604651162791,34.11764705882353,,,,,35.0,21.0,41,,
2018-07-16,334,36,293,79,86,0,3,90,0,7,0,0,2,52762282227.15,170764856935.52,9,3,24.233128834355828,26.54320987654321,,17.0,131.0,0,0.3089762330142249,-257.0,-7.497479902150957,0.3976580755073662,29.59183673469388,27.55102040816326,,19.463087248322147,24.324324324324326,,26.58227848101265,29.48717948717949,,,,,40.0,21.0,25,,
2018-07-17,326,244,77,113,103,0,35,8,0,7,0,0,2,181804990089.67,50470296267.37,13,3,35.3125,32.38993710691824,,43.0,127.0,0,3.6022176118512377,167.0,3.810520492340945,0.8796889889177616,41.83673469387755,32.6530612244898,,30.87248322147651,31.756756756756754,,35.61643835616438,33.33333333333333,,,,,45.0,18.0,25,,
2018-07-18,321,93,227,98,95,0,8,28,1,7,0,0,2,79923749724.19,159645279768.86,4,0,31.11111111111111,30.25477707006369,,46.0,126.0,0,0.5006333406155598,-134.0,-1.590191772830181,0.818346675537442,38.775510204081634,35.714285714285715,,28.85906040268457,28.37837837837838,,25.0,26.47058823529412,,,,,44.0,14.0,14,,
2018-07-19,320,114,203,85,89,0,6,21,1,7,0,0,4,103249047505.41,123513371880.58,1,0,26.984126984126984,28.343949044585987,,49.0,57.0,0,0.8359341659398406,-89.0,-3.949849800687332,0.6717949541497957,36.734693877551024,36.734693877551024,,21.47651006711409,24.324324324324326,,25.0,25.0,,,,,40.0,12.0,14,,
2018-07-20,323,198,122,105,93,0,23,12,5,5,0,0,6,178992001180.23,68689405343.96,3,0,33.22784810126582,29.52380952380953,,37.0,61.0,0,2.6058167236116443,76.0,2.3023918344982377,0.62281848334396,42.85714285714285,38.775510204081634,,31.08108108108108,26.53061224489796,,24.285714285714285,22.857142857142858,,,,,30.0,6.0,24,,
2018-07-23,321,225,92,134,108,0,34,11,5,6,0,0,8,197126977325.57,68904412118.92,1,1,42.81150159744409,34.61538461538461,,63.0,44.0,0,2.86087597678585,133.0,10.486546473409405,0.8548613060328102,50.0,38.775510204081634,,39.59731543624161,32.432432432432435,,39.39393939393939,33.33333333333333,,,,,22.0,4.0,31,,
2018-07-24,322,251,67,194,136,0,69,3,3,3,0,0,9,209881788766.63,78756349787.11,4,3,61.39240506329114,43.17460317460318,,126.0,26.0,0,2.664950690756636,184.0,19.981565957311407,1.4057553371288731,63.26530612244898,46.93877551020408,,61.74496644295302,42.567567567567565,,57.971014492753625,39.130434782608695,,,,,13.0,4.0,36,,
2018-07-25,325,156,166,199,141,0,20,10,3,2,0,0,8,148203944496.82,119081085883.77,7,5,62.57861635220125,44.479495268138805,,123.0,24.0,0,1.2445632603776855,-10.0,18.299899786261065,0.7550914172569991,61.224489795918366,47.95918367346938,,65.77181208053692,44.29530201342282,,57.74647887323944,40.0,,,,,16.0,9.0,50,,
2018-07-26,326,172,151,191,154,0,26,7,5,3,0,0,5,193167545362.54,174489395993.73,10,8,59.3167701863354,47.97507788161994,,115.0,20.0,0,1.1070446101462874,21.0,18.320575711081712,1.0289312980184235,55.10204081632652,50.0,,64.1891891891892,50.67567567567568,,55.26315789473685,40.0,,,,,25.0,17.0,57,,
2018-07-27,331,232,94,230,180,0,29,7,8,3,0,0,5,208688514513.68,61158336712.81,17,8,70.5521472392638,55.55555555555556,,75.0,24.0,0,3.412266025049842,138.0,24.09665074824796,0.723297975088835,68.36734693877551,58.16326530612245,,75.67567567567568,58.78378378378378,,63.74999999999999,46.15384615384615,,,,,39.0,25.0,60,,
2018-07-30,337,192,139,244,201,0,30,1,6,3,0,0,9,185958637799.17,88722987068.88,16,6,73.71601208459214,61.28048780487805,,85.0,15.0,0,2.095946540379679,53.0,24.66471165128386,0.6590315818735323,76.76767676767676,64.28571428571429,,76.51006711409396,62.83783783783784,,65.06024096385542,54.87804878048781,,,,,54.0,30.0,49,,
2018-07-31,339,194,142,248,204,0,26,8,10,2,0,0,14,176667319047.21,112785176832.76,18,11,74.02985074626865,61.63141993957704,,85.0,16.0,0,1.5664054799433054,52.0,24.977080165123137,0.8721861616240258,73.73737373737373,66.3265306122449,,77.85234899328859,64.1891891891892,,67.81609195402298,51.76470588235295,,,,,68.0,38.0,48,,
2018-08-01,343,172,167,260,213,0,18,4,10,1,0,0,11,159655057005.77,112454041632.86,19,9,76.47058823529412,63.39285714285714,,74.0,13.0,0,1.4197360511684576,5.0,22.769269843630106,0.7254447887780461,78.78787878787878,69.38775510204081,,77.18120805369128,62.16216216216216,,72.82608695652173,58.88888888888889,,,,,80.0,42.0,43,,
2018-08-02,341,135,203,248,209,0,19,5,11,1,0,0,8,99317057920.98,139796476714.46,15,4,73.37278106508876,62.38805970149254,,63.0,17.0,0,0.710440350537869,-68.0,17.11774566953541,0.9360738449588156,77.77777777777779,70.40816326530613,,72.2972972972973,58.78378378378378,,70.32967032967034,59.55056179775281,,,,,85.0,38.0,24,,
2018-08-03,347,251,89,275,226,0,36,3,16,1,0,0,13,201346099133.91,53199809484.11,12,4,80.17492711370262,66.47058823529412,,73.0,12.0,0,3.784714665078812,162.0,23.700103772336767,0.7451617806549746,81.0,71.42857142857143,,81.75675675675676,65.54054054054053,,76.84210526315789,62.76595744680851,,,,,80.0,34.0,35,,
2018-08-06,349,195,150,273,237,0,23,3,21,1,0,0,14,141133290228.67,87349122023.28,11,5,79.13043478260869,69.2982456140351,,78.0,11.0,0,1.6157379371375438,45.0,23.359519431370245,0.8045859233231176,79.0,74.48979591836735,,80.53691275167785,69.79865771812081,,77.08333333333334,63.1578947368421,,,,,75.0,33.0,33,,
2018-08-07,354,133,218,262,228,0,15,22,15,1,0,0,14,110813792338.19,156055708229.0,5,2,74.85714285714286,65.70605187319885,,74.0,28.0,0,0.7100912462335508,-85.0,16.451522222687014,0.859173727820615,76.76767676767676,70.10309278350515,,75.16778523489933,65.1006711409396,,72.54901960784314,62.37623762376238,,,,,62.0,24.0,25,,
2018-08-08,352,195,155,258,231,0,15,12,13,1,0,0,12,182607145352.63,82705727349.04,12,6,74.13793103448276,66.95652173913044,,53.0,37.0,0,2.2079141458000806,40.0,16.71292699814942,0.5697977516572086,76.76767676767676,69.0721649484536,,75.16778523489933,68.45637583892618,,70.0,62.62626262626263,,,,,55.0,21.0,31,,
2018-08-09,350,199,149,243,221,0,39,8,15,0,0,0,17,195847781074.21,95144116654.31,8,5,70.23121387283237,64.43148688046647,,69.0,42.0,0,2.058432911682702,50.0,17.35286344617903,0.6488287581385745,69.6969696969697,70.10309278350515,,72.48322147651007,64.42953020134227,,67.3469387755102,58.76288659793815,,,,,48.0,22.0,32,,
2018-08-10,352,114,235,226,225,0,13,23,12,0,0,0,10,90524297490.69,182053342146.05,9,5,64.9425287356322,65.21739130434783,,67.0,43.0,0,0.4972405143656634,-121.0,9.263244792013452,0.9755970580908524,69.6969696969697,70.10309278350515,,65.1006711409396,63.08724832214765,,60.0,63.63636363636363,,,,,45.0,23.0,32,,
2018-08-13,356,94,258,188,185,0,10,21,15,0,0,0,9,88456196820.98,148680504300.96,5,3,53.561253561253565,53.16091954022989,,62.0,52.0,0,0.5949414634882219,-164.0,0.1503046187418135,0.6123982065985736,57.57575757575758,59.18367346938776,,51.67785234899329,51.35135135135135,,52.42718446601942,50.0,,,,,39.0,21.0,35,,
2018-08-14,359,227,123,205,204,0,19,10,24,0,0,0,12,194149719925.13,58713334814.99,12,2,57.74647887323944,57.95454545454546,,42.0,54.0,0,3.306739781293465,104.0,5.757989247500855,0.5581111842319372,63.63636363636363,63.26530612244898,,51.67785234899329,53.37837837837838,,60.74766355140186,59.43396226415094,,,,,46.0,21.0,34,,
2018-08-16,361,146,209,199,201,0,15,6,22,0,0,0,10,155995285880.89,120390498211.35,12,6,55.74229691876751,56.61971830985916,,44.0,37.0,0,1.2957441675092538,-63.0,2.1737696588523296,0.5391223135074976,65.65656565656566,65.65656565656566,,49.32432432432432,49.65986394557823,,55.45454545454545,57.798165137614674,,,,,46.0,21.0,28,,
2018-08-17,363,256,101,230,217,0,29,0,36,0,0,0,21,208095683497.14,40986050951.59,8,6,64.24581005586593,60.95505617977528,,63.0,16.0,0,5.077231854879817,155.0,9.99839306226358,0.4992195625083448,72.72727272727273,67.67676767676768,,62.16216216216216,57.14285714285714,,59.45945945945946,60.0,,,,,46.0,22.0,39,,
2018-08-20,366,226,137,254,235,0,23,8,45,0,0,0,13,183067931490.44,81780286767.44,10,8,69.9724517906336,65.27777777777779,,67.0,14.0,0,2.2385337436029467,89.0,13.33845410686888,0.7369265892062199,80.8080808080808,73.46938775510205,,69.79865771812081,66.21621621621621,,60.86956521739131,57.01754385964912,,,,,47.0,25.0,44,,
2018-08-21,370,205,161,261,244,0,26,3,45,0,0,0,16,166568216296.54,98988126252.03,10,5,70.92391304347827,66.84931506849315,,78.0,11.0,0,1.6827090541389464,44.0,13.877514029472067,0.7566916706925254,79.7979797979798,73.46938775510205,,70.46979865771812,67.56756756756756,,64.16666666666667,60.50420168067227,,,,,52.0,27.0,42,,
2018-08-23,374,162,211,243,237,0,26,6,40,0,0,0,25,168650293700.6,149150709431.91,9,3,65.32258064516128,64.22764227642277,,75.0,17.0,0,1.1307374557114789,-49.0,9.619022693150434,0.6790015736811743,72.72727272727273,72.44897959183673,,65.77181208053692,64.1891891891892,,58.87096774193549,57.72357723577236,,,,,49.0,28.0,45,,
2018-08-24,374,137,232,226,229,0,13,2,35,0,0,0,17,125986297010.01,133232971245.65,8,3,60.91644204851752,62.22826086956522,,65.0,11.0,0,0.94560900227708,-95.0,3.629917487129685,0.6244835232715756,66.3265306122449,69.38775510204081,,61.74496644295302,61.90476190476191,,55.64516129032258,56.91056910569105,,,,,45.0,25.0,38,,
2018-08-27,379,251,122,249,254,0,21,3,39,0,0,0,21,197681350445.41,45934239404.43,17,13,66.04774535809018,67.9144385026738,,60.0,11.0,0,4.303572955783942,129.0,9.691082948546295,0.4780625471714711,74.48979591836735,75.51020408163265,,67.11409395973155,68.02721088435374,,58.46153846153847,62.01550387596899,,,,,54.0,32.0,54,,
2018-08-28,381,163,213,245,248,0,18,13,41,0,0,0,19,136680150674.97,128066609666.62,20,10,64.64379947229551,65.95744680851064,,52.0,18.0,0,1.0672582887200073,-50.0,5.874924003314769,0.7170318788343513,71.42857142857143,75.51020408163265,,60.40268456375839,64.62585034013605,,64.39393939393939,60.30534351145038,,,,,64.0,34.0,38,,
2018-08-29,380,186,192,253,247,0,16,7,35,0,0,0,5,153892763916.86002,133759534607.8,9,6,66.93121693121694,65.69148936170212,,55.0,23.0,0,1.1505180873131264,-6.0,4.782733485125238,0.8420119689403404,73.46938775510205,75.51020408163265,,68.91891891891892,65.06849315068493,,59.84848484848485,59.09090909090909,,,,,63.0,35.0,42,,
2018-08-30,383,210,170,251,258,0,18,4,34,0,0,0,8,174973878138.67,154724552687.34,12,5,66.05263157894737,68.43501326259947,,52.0,24.0,0,1.1308733817589305,40.0,6.124996924647562,1.0923363637100691,67.3469387755102,73.46938775510205,,68.91891891891892,70.54794520547945,,61.940298507462686,62.40601503759399,,,,,66.0,37.0,42,,
2018-08-31,383,209,172,266,269,0,18,4,30,0,0,0,17,165687600965.74,183252437787.01,10,7,70.0,71.54255319148936,,52.0,15.0,0,0.9041495052759668,37.0,7.092007180815914,1.3439329137263494,71.42857142857143,71.42857142857143,,73.8255033557047,74.65753424657534,,64.66165413533834,68.18181818181817,,,,,68.0,41.0,48,,
2018-09-03,384,148,231,250,261,0,19,16,28,1,0,0,12,110647412165.66,175607295244.0,10,6,65.78947368421053,69.41489361702128,,55.0,24.0,0,0.6300843709933543,-83.0,1.8833409139357735,1.0168362685818757,62.24489795918368,70.40816326530613,,68.45637583892618,72.6027397260274,,65.41353383458647,65.15151515151516,,,,,61.0,34.0,39,,
2018-09-04,383,47,333,177,202,0,2,76,21,1,0,0,2,66534966154.68,230348718152.94,10,2,46.578947368421055,53.72340425531915,,39.0,96.0,0,0.2888445253274824,-286.0,-12.729485448816424,0.4886405272217639,41.41414141414141,52.52525252525253,,45.63758389261745,53.42465753424658,,51.51515151515152,54.96183206106871,,,,,51.0,26.0,33,,
2018-09-05,382,134,246,156,192,0,5,16,17,2,0,0,1,127608800260.85,173074095173.49,16,4,41.05263157894737,51.2,,26.0,108.0,0,0.7373073372588461,-112.0,-16.459804561725477,0.7387902162748159,35.35353535353536,52.04081632653062,,40.81632653061224,50.0,,45.11278195488722,51.51515151515152,,100.0,100.0,,58.0,24.0,25,,
2018-09-06,379,238,139,177,211,0,28,6,21,3,0,0,6,170822617655.24,115507617586.37,6,3,46.94960212201592,56.72043010752689,,35.0,98.0,0,1.4788861654731005,99.0,-9.016928380454084,1.157783645423169,36.36363636363637,56.12244897959183,,47.61904761904761,54.48275862068965,,54.19847328244275,59.68992248062015,,,,,52.0,22.0,29,,
2018-09-07,385,249,129,197,234,0,36,2,24,2,0,0,15,225165660984.1,90898393989.74,2,0,51.43603133159269,61.74142480211082,,69.0,24.0,0,2.4771137431703707,120.0,-1.558184603564774,0.7792264539572972,49.0,60.60606060606061,,46.97986577181208,60.544217687074834,,58.2089552238806,63.90977443609023,,,,,44.0,15.0,35,,
2018-09-10,381,78,302,167,202,0,7,19,20,3,0,0,8,74353050928.19,204514740032.25,3,3,44.06332453825858,53.86666666666666,,71.0,27.0,0,0.3635583964093015,-224.0,-12.373167751306593,0.7104172211294203,35.0,50.505050505050505,,43.24324324324324,54.10958904109589,,52.30769230769232,56.58914728682171,,0.0,0.0,,37.0,12.0,30,,
2018-09-11,383,64,317,115,172,0,4,41,16,6,0,0,1,33045395903.01,259097705376.86,7,3,30.26315789473684,45.74468085106383,,47.0,62.0,0,0.1275402877649772,-253.0,-23.00811250386931,1.5829723142190948,24.0,41.41414141414141,,29.72972972972973,44.52054794520548,,35.87786259541985,50.76923076923077,,0.0,0.0,,34.0,13.0,24,,
2018-09-12,382,179,199,122,173,0,11,10,17,7,0,0,3,154373675176.51,120003908728.15,14,2,32.10526315789474,45.767195767195766,,22.0,70.0,0,1.286405391396203,-20.0,-20.33594970479109,0.6992333003680234,28.000000000000004,45.45454545454545,,29.53020134228188,42.567567567567565,,37.98449612403101,49.6124031007752,,50.0,50.0,,32.0,11.0,29,,
2018-09-14,380,309,67,165,205,0,47,0,19,4,0,0,7,254671123493.21,23975981015.06,3,1,43.65079365079365,54.52127659574468,,62.0,51.0,0,10.621927141719196,242.0,-4.849570763055255,0.4341905416008157,45.0,55.55555555555556,,41.61073825503356,55.033557046979865,,44.96124031007752,53.125,,,,,29.0,9.0,32,,
2018-09-17,383,142,239,168,198,0,24,5,26,2,0,0,9,98372620228.67,137455028415.25,3,1,44.09448818897638,52.242744063324544,,82.0,15.0,0,0.7156713098300593,-97.0,-8.53446891405584,0.8301887350427793,40.0,48.48484848484848,,42.95302013422819,51.67785234899329,,48.48484848484848,55.72519083969466,,,,,30.0,10.0,33,,
2018-09-18,385,55,328,120,168,0,2,41,17,4,0,0,2,49241313483.46,208918484323.3,1,0,31.413612565445025,44.21052631578947,,73.0,46.0,0,0.2356962986925531,-273.0,-20.442384488591067,0.7114364025206742,24.0,43.43434343434344,,26.174496644295303,36.91275167785235,,42.85714285714285,53.03030303030303,,,,,28.0,7.0,27,,
2018-09-19,387,135,248,112,157,0,12,17,18,4,0,0,4,110422598416.14,151879597834.7,4,1,29.166666666666668,40.99216710182768,,38.0,63.0,0,0.7270403661215891,-113.0,-22.52144038237573,0.748727118981782,26.0,41.41414141414141,,20.13422818791946,31.543624161073826,,41.48148148148148,51.11111111111111,,,,,25.0,5.0,23,,
2018-09-21,389,81,308,83,128,0,5,130,9,6,0,0,1,135306809839.46,381637338026.19,7,2,21.502590673575128,33.246753246753244,,19.0,188.0,0,0.3545429033208865,-227.0,-29.886425969649743,0.7417635793121236,23.0,35.35353535353536,,14.76510067114094,24.832214765100677,,27.73722627737226,40.87591240875913,,,,,18.0,5.0,18,,
2018-09-24,391,52,339,45,86,0,5,134,7,14,0,0,2,48865673674.15,274923298623.87,2,1,11.568123393316196,22.22222222222222,,22.0,281.0,0,0.1777429338246245,-287.0,-39.03405651692077,0.8630010042189922,16.0,25.252525252525253,,8.0,16.778523489932887,,12.23021582733813,25.899280575539567,,,,,17.0,5.0,10,,
2018-09-25,387,195,190,52,90,0,21,31,7,20,0,0,3,209887605627.56,143296919625.3,3,1,13.506493506493506,23.49869451697128,,31.0,295.0,0,1.464704239116826,5.0,-32.06011035225289,0.7006983130550115,20.0,29.29292929292929,,8.0,17.449664429530202,,14.814814814814811,25.925925925925924,,,,,17.0,5.0,16,,
2018-09-26,391,211,177,63,105,0,31,17,7,16,0,0,1,175429177879.57,106732621319.3,1,0,16.195372750642672,27.131782945736436,,57.0,182.0,0,1.643632243929981,34.0,-24.48708582970059,0.7252780540675553,24.0,32.323232323232325,,12.0,20.80536912751678,,15.107913669064748,30.215827338129497,,,,,17.0,5.0,18,,
2018-09-27,385,85,299,46,85,0,10,84,4,30,0,0,1,106017519398.6,235606698188.88,0,0,12.010443864229766,22.30971128608924,,62.0,132.0,0,0.4499766781401452,-214.0,-30.289714433769877,0.6317681565850178,18.0,28.28282828282828,,8.666666666666668,15.436241610738255,,11.363636363636363,25.75757575757576,,0.0,0.0,,13.0,4.0,10,,
2018-09-28,381,65,313,28,56,0,7,137,2,46,0,0,1,93337354645.59,265403330449.17,1,1,7.368421052631578,14.814814814814811,,48.0,238.0,0,0.3516811732830381,-248.0,-36.79951331808026,0.5904999966041939,11.0,21.21212121212121,,6.0,10.738255033557047,,6.153846153846154,14.615384615384617,,,,,7.0,3.0,10,,
2018-10-01,382,204,176,33,56,0,46,23,3,41,0,0,2,213904025496.95,116674744724.54,2,1,8.68421052631579,14.814814814814811,,63.0,244.0,0,1.833336134584745,28.0,-28.381393797575235,0.6322304389388179,15.0,23.232323232323232,,6.04026845637584,10.81081081081081,,6.870229007633588,12.97709923664122,,,,,7.0,3.0,18,,
2018-10-03,372,173,198,35,63,0,35,24,2,44,0,0,1,120141108391.98,194630269595.23,0,0,9.45945945945946,17.119565217391305,,88.0,184.0,0,0.6172786414047304,-25.0,-23.691994638555578,1.4154667197767032,13.541666666666666,24.210526315789476,,8.275862068965518,11.11111111111111,,7.751937984496124,18.6046511627907,,,,,4.0,2.0,13,,
2018-10-04,375,67,306,16,39,0,7,67,2,58,0,0,1,107086236240.89,223179567463.85,0,0,4.289544235924933,10.512129380053908,,88.0,114.0,0,0.4798209686387869,-239.0,-30.264098384400995,0.4563248850652952,4.0,10.1010101010101,,3.355704697986577,8.783783783783784,,5.64516129032258,12.903225806451612,,,,,3.0,2.0,14,,
2018-10-05,370,47,323,13,20,0,4,100,3,88,0,0,1,47319817102.45,281343887624.29,1,0,3.532608695652174,5.46448087431694,,46.0,191.0,0,0.1681920922541649,-276.0,-37.58192659517681,0.8651467138741737,4.0,9.090909090909092,,2.013422818791946,2.702702702702702,,5.042016806722689,5.88235294117647,,,,,4.0,2.0,10,,
2018-10-08,367,106,257,9,19,0,11,67,3,73,0,0,1,142537313064.17,173242914869.98,0,0,2.4657534246575343,5.234159779614325,,22.0,234.0,0,0.8227598408347333,-151.0,-37.40076008241425,0.5013022529748785,2.0,9.090909090909092,,2.0,2.684563758389262,,3.4782608695652173,5.217391304347826,,,,,3.0,1.0,7,,
2018-10-09,365,162,201,11,18,0,25,27,4,67,0,0,1,122995397818.09,154332810817.63,0,0,3.0386740331491717,5.0,,40.0,194.0,0,0.7969491203230246,-39.0,-31.458858913590205,1.0113194540286967,3.0303030303030303,8.16326530612245,,2.0,2.684563758389262,,4.424778761061947,5.3097345132743365,,,,,1.0,0.0,7,,
2018-10-10,363,330,32,38,34,0,180,2,6,39,0,0,2,277451305622.39,34724823623.2,0,0,10.584958217270197,9.523809523809524,,216.0,96.0,0,7.989998988418823,298.0,-9.371239119677677,1.290676008213211,10.1010101010101,11.224489795918368,,9.395973154362416,6.756756756756757,,12.612612612612612,11.711711711711713,,,,,1.0,0.0,28,,
2018-10-11,363,72,289,28,27,0,23,69,4,59,0,0,0,74497531574.12,244375720875.22,1,0,7.799442896935933,7.563025210084033,,228.0,98.0,0,0.3048483347990162,-217.0,-16.18946800028408,0.8172422797098048,7.07070707070707,7.142857142857142,,6.756756756756757,4.761904761904762,,9.821428571428571,11.607142857142858,,,,,2.0,0.0,17,,
2018-10-12,363,328,32,72,46,0,107,1,5,37,0,0,0,243789969639.2,38382407942.82,1,0,20.055710306406684,12.885154061624648,,310.0,72.0,0,6.351606965419806,296.0,3.7118936467988632,1.6137648402686595,13.0,11.11111111111111,,21.08843537414966,10.273972602739724,,25.0,17.857142857142858,,,,,2.0,0.0,30,,
2018-10-15,362,244,114,110,69,0,57,3,7,25,0,0,1,135342981484.25,89309404466.37,1,0,30.726256983240223,19.382022471910112,,187.0,73.0,0,1.5154393010784686,130.0,12.408998386820784,1.412363316478458,23.0,12.12121212121212,,31.756756756756754,20.40816326530612,,36.36363636363637,24.545454545454547,,,,,3.0,0.0,29,,
2018-10-16,359,262,92,144,79,0,30,7,7,24,0,0,2,187184869805.65,65810074914.94,0,0,40.563380281690144,22.379603399433428,,194.0,11.0,0,2.844319354560647,170.0,21.782977947605424,1.0012328898266123,34.0,16.161616161616163,,41.891891891891895,25.170068027210885,,44.85981308411215,24.299065420560748,,,,,3.0,0.0,33,,
2018-10-17,358,46,309,98,56,0,2,98,2,40,0,0,0,48760154888.72,213723142142.03,0,0,27.605633802816904,15.864022662889518,,89.0,108.0,0,0.2281463504608049,-263.0,8.038815582338266,0.6525079783883403,23.0,17.17171717171717,,25.0,10.20408163265306,,35.51401869158878,22.429906542056077,,,,,3.0,0.0,15,,
2018-10-19,350,109,236,76,49,0,8,47,0,44,0,0,1,81879532326.54,215770098554.62,0,0,21.902017291066283,14.16184971098266,,40.0,152.0,0,0.3794758072366224,-127.0,3.0473626821231505,1.217111599664284,19.0,14.14141414141414,,21.08843537414966,10.20408163265306,,26.0,20.0,,,,,2.0,0.0,11,,
2018-10-22,349,95,248,63,45,0,5,44,0,40,0,0,0,86608673332.75,159121161420.2,2,0,18.26086956521739,13.08139534883721,,15.0,189.0,0,0.5442938736730164,-153.0,-2.5355663609713943,0.7037825238487943,21.0,14.14141414141414,,14.285714285714285,10.20408163265306,,21.428571428571427,16.3265306122449,,,,,3.0,0.0,10,,
2018-10-23,347,87,256,45,35,0,2,40,0,43,0,0,0,79059562364.42,185503774774.2,0,0,13.08139534883721,10.174418604651162,,15.0,131.0,0,0.4261884291069189,-169.0,-8.096292861012373,0.7974025731110184,13.0,12.0,,12.925170068027212,8.16326530612245,,13.402061855670103,11.34020618556701,,,,,2.0,0.0,10,,
2018-10-24,338,228,102,68,40,0,36,10,2,29,0,0,0,174790303051.15,100245751669.13,0,0,20.298507462686565,11.940298507462686,,43.0,94.0,0,1.7436180600257345,126.0,1.93976744575766,1.2819861005649755,22.0,11.0,,19.047619047619047,10.884353741496598,,20.454545454545457,14.772727272727272,,,,,2.0,0.0,20,,
2018-10-25,334,104,227,65,33,0,9,34,5,24,0,0,0,85150481839.3,256468965420.33,0,0,19.637462235649547,9.969788519637463,,47.0,84.0,0,0.3320108602604057,-123.0,-1.9390998291827517,1.37992407650865,18.0,10.0,,19.727891156462583,8.16326530612245,,21.428571428571427,13.095238095238097,,,,,2.0,0.0,14,,
2018-10-26,328,151,172,65,36,0,21,13,3,25,0,0,0,100275303342.39,154905222206.49,0,0,20.0,11.076923076923077,,66.0,57.0,0,0.6473332655546122,-21.0,-0.1458358501108989,1.356190116372324,17.0,9.0,,20.54794520547945,9.58904109589041,,22.78481012658228,16.455696202531644,,,,,2.0,0.0,16,,
2018-10-29,324,282,41,134,61,0,90,3,4,17,0,0,5,256592303057.28,28503271279.81,0,0,41.74454828660436,19.003115264797508,,120.0,50.0,0,9.00220541489336,241.0,14.488134031246098,0.7640404171525208,43.0,20.0,,45.89041095890411,17.80821917808219,,32.0,20.0,,,,,0.0,0.0,34,,
2018-10-30,322,190,131,146,79,0,27,8,4,9,0,0,3,139886721511.12,121769421330.8,0,0,45.625,24.6875,,138.0,24.0,0,1.1487836599888437,59.0,17.8277376096501,1.262536829087035,39.0,22.0,,49.65986394557823,25.170068027210885,,46.57534246575342,27.3972602739726,,,,,0.0,0.0,33,,
2018-10-31,325,240,79,192,107,0,44,7,12,8,0,0,4,255480859157.74,74725508257.73,0,0,59.44272445820433,33.126934984520126,,161.0,18.0,0,3.4189243420945448,161.0,25.69395998113727,0.8885761659420464,56.00000000000001,34.0,,62.58503401360544,33.33333333333333,,57.89473684210527,31.57894736842105,,,,,0.0,0.0,58,,
2018-11-01,323,224,97,205,122,0,46,5,10,7,0,0,3,210911505162.22,94043072109.95,2,2,63.862928348909655,38.006230529595015,,117.0,20.0,0,2.2427117748305143,127.0,30.591110308853118,1.0296812887112878,53.0,35.0,,69.5945945945946,39.18918918918919,,67.12328767123287,39.72602739726028,,,,,2.0,2.0,61,,
2018-11-02,321,206,113,228,137,0,41,9,9,3,0,0,1,257633009676.33,87352121495.52,1,0,71.47335423197492,42.94670846394985,,131.0,21.0,0,2.949361792999419,93.0,32.9252182875059,0.6181028227478232,66.0,39.0,,75.67567567567568,47.2972972972973,,70.4225352112676,39.436619718309856,,,,,3.0,2.0,64,,
2018-11-05,321,148,166,219,135,0,8,16,10,3,0,0,2,132093643871.49,112785386339.87,2,2,68.65203761755487,42.31974921630094,,95.0,30.0,0,1.171194674755434,-18.0,29.206254517816497,0.7612451493142381,68.0,37.0,,71.62162162162163,45.27027027027027,,63.38028169014085,43.66197183098591,,,,,5.0,4.0,68,,
2018-11-06,320,135,183,214,135,0,12,10,16,3,0,0,3,93765178683.17,134296419385.42,1,1,67.29559748427673,42.586750788643535,,61.0,35.0,0,0.6981956712790043,-48.0,24.380509222142976,1.056587642088079,68.0,36.0,,68.24324324324324,47.61904761904761,,64.28571428571429,41.42857142857143,,,,,6.0,5.0,63,,
2018-11-07,3,2,1,2,1,0,0,0,0,0,0,0,0,1543500155.6,38875579.8,0,0,66.66666666666666,33.33333333333333,,20.0,26.0,0,39.70359190887231,1.0,22.5825944482314,0.0503732761658038,66.66666666666666,33.33333333333333,,,,,,,,,,,6.0,5.0,58,,
2018-11-09,320,240,78,240,155,0,51,5,36,2,0,0,3,173772877687.81,74277541228.15001,4,2,75.70977917981072,49.050632911392405,,63.0,15.0,0,2.33950767371326,162.0,28.982464344295845,1.315201104700543,74.0,45.0,,76.35135135135135,53.74149659863946,,76.81159420289855,44.927536231884055,,,,,8.0,5.0,73,,
2018-11-12,318,85,231,212,136,0,11,20,32,1,0,0,5,76759131292.09,150359484203.42,3,0,66.8769716088328,42.90220820189275,,62.0,25.0,0,0.510504087578827,-146.0,18.90944078370947,0.7207882892975863,59.0,34.0,,68.91891891891892,47.2972972972973,,73.91304347826086,46.3768115942029,,,,,10.0,5.0,44,,
2018-11-13,316,183,128,212,138,0,17,6,13,3,0,0,2,159918330920.1,63410152612.95,2,1,67.3015873015873,43.80952380952381,,79.0,31.0,0,2.521967292780818,55.0,20.25245843548957,0.566893751593254,67.0,36.0,,68.91891891891892,45.27027027027027,,64.17910447761194,52.23880597014925,,,,,10.0,4.0,42,,
2018-11-14,316,141,170,201,135,0,16,11,17,3,0,0,2,142449780283.73,143648409992.2,4,1,63.8095238095238,42.85714285714285,,44.0,37.0,0,0.991655809427093,-29.0,17.099476235584106,0.836390768673111,56.99999999999999,39.0,,68.91891891891892,43.91891891891892,,62.68656716417911,46.26865671641791,,,,,13.0,4.0,32,,
2018-11-15,313,166,141,208,148,0,15,15,11,4,0,0,5,144022035765.9,98668725951.16,2,2,66.66666666666666,47.43589743589743,,48.0,32.0,0,1.459652330336052,25.0,17.01817907348702,0.8065653307099226,65.0,46.0,,70.27027027027027,47.97297297297297,,60.9375,48.4375,,,,,15.0,6.0,37,,
2018-11-16,315,139,174,201,153,0,10,14,9,4,0,0,1,133859582297.35,129709163102.49,2,1,64.01273885350318,48.72611464968153,,41.0,40.0,0,1.0319978873935107,-35.0,13.86357910452657,0.7740815988783456,69.0,49.0,,64.86486486486487,48.64864864864865,,54.54545454545454,48.48484848484848,,,,,13.0,5.0,31,,
2018-11-19,317,195,119,207,161,0,14,6,6,5,0,0,2,153618927670.39,61836190001.04,0,0,65.50632911392405,50.9493670886076,,39.0,35.0,0,2.484288370092115,76.0,16.647078235542754,0.6596075890030891,74.0,56.00000000000001,,65.54054054054053,50.0,,52.94117647058824,45.588235294117645,,,,,10.0,5.0,36,,
2018-11-20,312,61,248,170,137,0,4,18,11,3,0,0,0,41187467591.33,175948072586.07,2,0,54.66237942122186,44.05144694533762,,28.0,38.0,0,0.2340887682710021,-187.0,5.79373460138388,1.0507455942983543,62.0,48.0,,53.74149659863946,43.53741496598639,,45.3125,39.0625,,,,,10.0,4.0,22,,
2018-11-21,310,179,128,177,146,0,8,3,22,2,0,0,2,137690381115.56,95984181143.64,3,2,57.28155339805825,47.249190938511326,,26.0,27.0,0,1.4345111816863532,51.0,8.38515712117112,0.9748529797837152,62.0,50.0,,58.9041095890411,47.94520547945205,,46.03174603174603,41.26984126984127,,,,,9.0,5.0,41,,
2018-11-22,311,88,218,151,129,0,6,8,23,0,0,0,1,60148908255.69,133723874759.62,2,0,48.70967741935484,41.612903225806456,,18.0,29.0,0,0.4497993224008261,-130.0,1.5088975899833557,0.8974440481947263,56.00000000000001,42.0,,48.63013698630137,44.52054794520548,,37.5,34.375,,,,,9.0,3.0,25,,
2018-11-26,310,153,155,150,129,0,10,11,26,0,0,0,0,152340661137.27,87062158171.47,0,0,48.54368932038835,41.74757281553398,,24.0,22.0,0,1.7497919226540786,-2.0,2.022151202867901,0.5641223744457131,55.00000000000001,46.0,,50.0,41.0958904109589,,34.92063492063492,36.507936507936506,,,,,7.0,2.0,31,,
2018-11-27,311,169,136,159,137,0,13,4,24,0,0,0,2,132326247156.31,121289412147.16,0,0,51.62337662337663,44.48051948051948,,29.0,23.0,0,1.0909958652925045,33.0,4.200872285869847,1.1390025373655897,57.99999999999999,49.0,,53.103448275862064,46.206896551724135,,38.095238095238095,33.33333333333333,,,,,7.0,2.0,26,,
2018-11-28,309,86,215,131,128,0,11,27,27,1,0,0,1,102201915863.39,163504688184.05002,2,0,42.532467532467535,41.55844155844156,,34.0,42.0,0,0.6250702472111735,-129.0,-2.0573255495928398,0.6399280749398142,52.0,49.0,,41.49659863945578,38.775510204081634,,29.508196721311474,36.0655737704918,,,,,7.0,2.0,20,,
2018-11-29,306,184,118,151,145,0,13,9,25,2,0,0,1,235290076019.05,130502400029.55,7,6,49.50819672131148,47.540983606557376,,37.0,40.0,0,1.802955930050119,66.0,2.3522019288345284,0.8648697441289975,57.99999999999999,56.00000000000001,,50.68493150684932,45.89041095890411,,32.20338983050847,37.28813559322034,,,,,11.0,6.0,36,,
2018-11-30,306,173,126,171,156,0,22,6,18,2,0,0,1,178843065402.15,157178859919.33,2,1,56.0655737704918,51.14754098360656,,46.0,42.0,0,1.1378315474099945,47.0,5.160586913245756,1.2066952055787346,64.0,57.99999999999999,,58.21917808219178,52.05479452054794,,37.28813559322034,37.28813559322034,,,,,11.0,7.0,42,,
2018-12-03,311,165,142,182,167,0,29,7,15,3,0,0,4,169893328001.91998,109217684574.41,6,2,58.70967741935483,53.87096774193548,,64.0,22.0,0,1.5555477912203095,23.0,6.335953140351126,0.7469856198210161,65.0,61.0,,60.544217687074834,53.74149659863946,,44.44444444444444,42.85714285714285,,,,,17.0,9.0,36,,
2018-12-04,308,132,168,177,159,0,9,1,12,3,0,0,1,107424739844.58,128165333895.13,7,5,57.84313725490197,51.9607843137255,,60.0,14.0,0,0.8381731360562694,-36.0,4.359211498824462,0.9374128708194938,65.0,59.0,,57.14285714285714,48.29931972789115,,47.45762711864407,49.15254237288136,,,,,24.0,14.0,40,,
2018-12-05,306,62,243,140,136,0,3,22,8,4,0,0,1,44453607179.31,195025423091.22,12,6,46.05263157894737,44.73684210526316,,41.0,30.0,0,0.2279374989922085,-181.0,-4.602698662174959,1.1193596229224758,50.0,51.0,,43.15068493150685,39.72602739726028,,46.55172413793103,46.55172413793103,,,,,34.0,20.0,41,,
2018-12-06,302,50,249,92,101,0,1,32,4,8,0,0,1,44443701442.64,203718575028.51,10,2,30.564784053156146,33.666666666666664,,13.0,55.0,0,0.2181622438524331,-199.0,-13.142118356518589,0.9204306359593124,26.0,29.0,,31.29251700680272,32.19178082191781,,37.03703703703704,46.2962962962963,,,,,37.0,16.0,18,,
2018-12-07,301,150,144,106,117,0,8,9,5,8,0,0,1,163720111259.03,101690385993.75,5,1,35.45150501672241,39.26174496644296,,12.0,63.0,0,1.609986132505116,6.0,-10.1276116033998,0.6470035024747994,34.0,38.0,,36.054421768707485,36.98630136986301,,36.53846153846153,48.07692307692308,,,,,40.0,16.0,26,,
2018-12-10,301,28,271,65,85,0,2,51,3,7,0,0,0,24542990858.05,206716222344.21,0,0,21.59468438538206,28.33333333333333,,11.0,92.0,0,0.1187279381353179,-243.0,-19.949570271466243,0.8702335341878326,19.0,29.0,,21.08843537414966,26.02739726027397,,27.77777777777778,33.33333333333333,,,,,34.0,14.0,16,,
2018-12-11,300,238,59,115,118,0,34,1,2,10,0,0,0,216927338207.55,64590114917.600006,1,0,38.333333333333336,39.46488294314381,,44.0,61.0,0,3.358522251962119,179.0,-7.147597081305719,1.2010932197123476,36.0,37.0,,42.85714285714285,41.0958904109589,,30.18867924528302,39.62264150943396,,,,,28.0,9.0,29,,
2018-12-12,300,271,26,190,159,0,76,1,4,8,0,0,4,243677492577.22,26297856771.3,1,0,63.54515050167224,53.355704697986575,,112.0,53.0,0,9.266059006114746,245.0,7.133827981688061,1.12486623668149,57.99999999999999,50.0,,68.02721088435374,54.7945205479452,,61.53846153846154,55.76923076923077,,,,,17.0,3.0,39,,
2018-12-13,298,192,98,202,167,0,21,1,4,5,0,0,4,163365069200.47,109884581398.62,0,0,68.24324324324324,56.61016949152542,,131.0,3.0,0,1.486696924365056,94.0,11.758777270639303,1.3178097306592085,65.0,55.00000000000001,,70.06802721088435,58.21917808219178,,69.38775510204081,55.10204081632652,,,,,7.0,1.0,35,,
2018-12-14,301,156,140,210,173,0,7,4,2,4,0,0,2,158181996743.8,77859010133.71,0,0,70.0,57.859531772575245,,104.0,6.0,0,2.031646645290616,16.0,11.75431502633942,0.5484643291040022,67.0,59.0,,72.10884353741497,56.84931506849316,,69.81132075471697,58.490566037735846,,,,,2.0,0.0,34,,
2018-12-17,301,188,106,231,182,0,10,3,3,2,0,0,1,144835669652.98,59498207010.14,13,5,76.74418604651163,60.86956521739131,,38.0,8.0,0,2.434286290817072,82.0,14.991728232331322,0.7285851760127486,81.0,63.0,,76.51006711409396,61.48648648648649,,69.23076923076923,54.90196078431373,,,,,15.0,5.0,30,,
2018-12-18,299,183,113,225,189,0,15,4,3,2,0,0,1,156405923028.95,67437464607.8,10,5,75.75757575757575,64.0677966101695,,32.0,11.0,0,2.3192734771179357,70.0,17.08475788229274,0.6982656605727754,80.0,65.0,,73.15436241610739,64.86486486486487,,75.0,59.57446808510638,,,,,24.0,10.0,30,,
2018-12-19,300,204,91,245,209,0,36,1,3,2,0,0,6,228355772017.31,62922162948.96,3,2,82.49158249158249,70.84745762711864,,61.0,8.0,0,3.6291786759228746,113.0,20.93887444359829,0.6177040156856368,83.0,68.0,,83.89261744966443,75.67567567567568,,77.08333333333334,61.70212765957447,,,,,26.0,12.0,37,,
2018-12-20,300,121,175,245,208,0,9,0,2,2,0,0,2,130907769239.99,121865245706.58,6,3,82.49158249158249,70.50847457627118,,60.0,5.0,0,1.074201003583762,-54.0,15.779449731296548,0.6436677764420431,84.0,67.0,,83.89261744966443,74.32432432432432,,75.0,65.95744680851064,,,,,32.0,15.0,35,,
2018-12-21,304,51,250,194,183,0,3,22,2,2,0,0,1,42082864616.48,244460337410.44,8,3,64.45182724252491,61.0,,48.0,23.0,0,0.1721459810710496,-199.0,4.039244353622071,1.18504073537333,63.0,56.00000000000001,,65.54054054054053,65.98639455782312,,64.15094339622641,56.60377358490566,,,,,40.0,18.0,26,,
2018-12-24,300,81,212,135,152,0,2,20,2,3,0,0,1,58210636524.78,140521929075.23,26,3,45.45454545454545,51.35135135135135,,14.0,42.0,0,0.4142459252293375,-131.0,-2.618827466057718,0.9223397224404468,37.0,47.0,,52.38095238095239,55.47945205479452,,42.0,48.0,,,,,53.0,16.0,21,,
2018-12-26,300,155,138,152,163,0,6,3,1,3,0,0,1,149392317223.4,76920071601.4,11,2,51.006711409395976,54.882154882154886,,11.0,45.0,0,1.942176003131554,17.0,-0.8983847345536464,0.5783144287572695,51.0,60.0,,52.38095238095239,52.73972602739726,,47.05882352941176,50.98039215686274,,,,,54.0,13.0,20,,
2018-12-27,302,157,135,164,165,0,6,1,1,3,0,0,1,181808557287.55,114703620247.67,1,0,54.66666666666666,55.18394648829431,,14.0,24.0,0,1.5850289371424011,22.0,0.8270857245551007,0.7337171806210885,52.0,57.99999999999999,,58.50340136054422,58.21917808219178,,49.0566037735849,41.50943396226416,,,,,52.0,11.0,19,,
2018-12-28,300,219,77,195,182,0,13,0,1,1,0,0,2,179059230048.19,30649504540.8,2,1,65.87837837837837,61.694915254237294,,25.0,4.0,0,5.842157409423372,142.0,8.298227538470305,0.4868331413953746,70.0,65.0,,68.02721088435374,63.013698630136986,,51.02040816326531,51.02040816326531,,,,,48.0,9.0,26,,
2018-12-31,302,183,112,218,196,0,7,0,1,2,0,0,3,104769336422.92,71356466399.25,0,0,72.90969899665552,65.77181208053692,,26.0,1.0,0,1.4682528677460014,71.0,11.094562651675457,1.112838671949545,76.0,67.0,,74.82993197278913,69.17808219178082,,61.53846153846154,53.84615384615385,,,,,40.0,6.0,23,,
2019-01-01,299,159,129,216,199,0,6,0,3,1,0,0,1,86423374529.82,60479168310.48,2,0,72.72727272727273,67.22972972972973,,26.0,0.0,0,1.4289775627560064,30.0,11.37995636020748,0.8625454812304421,69.0,65.0,,76.87074829931973,70.54794520547945,,68.0,62.0,,,,,16.0,3.0,29,,
2019-01-02,296,55,239,174,167,0,0,7,1,1,0,0,1,48981981842.32,176695831418.33,2,0,59.38566552901023,57.1917808219178,,13.0,7.0,0,0.2772107380753903,-184.0,0.8670681992013218,0.8301464965255685,53.0,54.0,,62.16216216216216,60.544217687074834,,64.44444444444444,53.333333333333336,,,,,7.0,1.0,23,,
2019-01-03,299,72,223,133,149,0,4,7,1,1,0,0,1,41357306724.19,170356045912.9,4,1,44.78114478114478,50.33783783783784,,10.0,14.0,0,0.2427698207161679,-151.0,-6.4757865194549495,1.329942717774756,37.0,46.0,,46.62162162162162,54.421768707483,,55.10204081632652,46.93877551020408,,,,,10.0,2.0,23,,
2019-01-04,301,176,117,149,159,0,9,3,1,1,0,0,0,152097514499.61,74367174407.78,5,1,49.83277591973244,53.355704697986575,,13.0,17.0,0,2.045223792766532,59.0,-2.2215483713087867,0.735505576257112,43.0,50.0,,52.02702702702703,57.14285714285714,,56.86274509803921,49.01960784313725,,,,,13.0,2.0,29,,
2019-01-07,302,163,132,165,163,0,11,5,6,0,0,0,0,117482251600.22,83906029501.74,2,1,55.00000000000001,54.51505016722408,,24.0,15.0,0,1.4001645924359192,31.0,0.026932987212727,0.8819309469182993,47.0,51.0,,57.43243243243244,57.82312925170068,,63.46153846153846,51.92307692307693,,,,,15.0,3.0,31,,
2019-01-08,300,163,132,164,167,0,9,4,9,0,0,0,2,134086761175.95,72536183068.26,4,4,54.84949832775919,56.04026845637584,,29.0,12.0,0,1.8485499995191088,31.0,1.9492498838125587,0.668009242470977,51.0,52.0,,54.054054054054056,57.14285714285714,,64.70588235294117,60.78431372549019,,,,,17.0,7.0,36,,
2019-01-09,301,125,167,160,165,0,7,5,17,0,0,0,5,133375092915.95,100703473514.79,6,2,53.51170568561873,55.369127516778526,,27.0,14.0,0,1.3244338875397543,-42.0,-0.0669154190136493,0.5651493827316533,50.0,54.0,,51.70068027210885,54.10958904109589,,65.38461538461539,61.53846153846154,,,,,21.0,9.0,34,,
2019-01-10,303,172,122,169,174,0,10,3,13,0,0,0,4,108713242602.21,84616785947.31999,3,2,56.14617940199336,57.99999999999999,,26.0,12.0,0,1.284771589763428,50.0,2.809597824165011,1.0973437432823148,47.0,53.0,,57.04697986577181,58.108108108108105,,71.15384615384616,67.3076923076923,,,,,20.0,10.0,44,,
2019-01-11,303,114,186,155,170,0,5,2,6,1,0,0,5,74545172681.9,126572187715.77,5,2,51.32450331125828,56.47840531561462,,22.0,10.0,0,0.5889538138449367,-72.0,-0.8450313420380589,1.0406643295255416,43.0,50.0,,53.02013422818792,57.43243243243244,,62.264150943396224,66.0377358490566,,,,,20.0,11.0,42,,
2019-01-14,301,92,206,131,146,0,7,8,4,1,0,0,1,90552268485.79,113394551219.26,5,2,44.1077441077441,49.32432432432432,,22.0,13.0,0,0.7985592562617748,-114.0,-6.065514122431495,0.5592596144188613,38.0,46.0,,45.27027027027027,47.61904761904761,,53.06122448979592,61.224489795918366,,,,,23.0,12.0,37,,
2019-01-15,302,223,72,163,173,0,21,2,6,0,0,0,4,191501350514.85,34595937220.06,9,6,54.51505016722408,58.053691275167786,,33.0,12.0,0,5.535371084088177,151.0,2.751300670944275,0.5595328976453648,51.0,56.99999999999999,,53.37837837837838,55.10204081632652,,64.70588235294117,68.62745098039215,,,,,28.0,14.0,46,,
2019-01-16,301,136,160,173,176,0,11,3,6,0,0,0,3,127348303288.7,85243989177.14,6,1,58.053691275167786,59.25925925925925,,39.0,13.0,0,1.4939270735449248,-24.0,1.5259208159258373,0.5689702094915807,54.0,56.00000000000001,,56.375838926174495,58.78378378378378,,71.42857142857143,67.3469387755102,,,,,28.0,13.0,40,,
2019-01-17,304,121,177,165,174,0,5,6,4,0,0,0,0,78084945151.57,129674163966.51,6,6,54.81727574750831,57.99999999999999,,37.0,11.0,0,0.6021627035261738,-56.0,-1.1294085641945557,1.1352676198739786,54.0,55.00000000000001,,53.02013422818792,56.08108108108109,,61.53846153846154,69.23076923076923,,,,,31.0,17.0,44,,
2019-01-18,301,78,219,129,151,0,5,16,4,1,0,0,2,78632093876.31,155961756293.79,8,2,43.1438127090301,50.50167224080268,,21.0,25.0,0,0.5041754834319015,-141.0,-7.64406814137652,0.7064293986237642,45.0,53.0,,34.899328859060404,44.29530201342282,,64.0,64.0,,,,,34.0,17.0,32,,
2019-01-21,298,88,207,107,125,2,7,14,4,0,0,0,3,127356657006.44,116160841488.22,4,1,36.14864864864865,42.22972972972973,66.66666666666666,17.0,36.0,0,1.096382011138886,-119.0,-12.075881739160216,0.3877487669696972,42.0,45.0,100.0,29.53020134228188,38.92617449664429,0.0,44.680851063829785,46.80851063829788,,,,,33.0,16.0,37,,
2019-01-22,298,129,165,103,127,107,7,8,4,0,0,0,0,126066756388.08,138158383943.79,4,0,34.91525423728813,43.05084745762712,36.64383561643836,19.0,38.0,0,0.9124799580702282,-36.0,-11.65470295656948,0.8568058672451521,39.0,45.0,41.0,29.72972972972973,40.54054054054054,35.172413793103445,42.5531914893617,46.80851063829788,31.91489361702128,,,,28.0,10.0,21,,
2019-01-23,298,108,183,94,118,106,4,7,5,0,0,0,1,92203738246.83,127792203342.13,4,3,31.756756756756754,39.86486486486486,36.177474402730375,18.0,29.0,0,0.7215130175037263,-75.0,-13.18632158267155,0.8179532733422672,33.0,42.0,41.0,27.7027027027027,35.810810810810814,33.10344827586207,41.66666666666667,47.91666666666667,35.41666666666667,,,,26.0,12.0,25,,
2019-01-24,296,118,171,95,118,105,7,15,4,0,0,0,0,138591996423.11002,100915878237.99,6,3,32.31292517006803,40.13605442176871,35.83617747440273,18.0,30.0,0,1.3733418253197816,-53.0,-13.329923900075464,0.5024666596544412,33.0,42.0,41.0,31.29251700680272,36.734693877551024,30.82191780821918,34.04255319148936,46.80851063829788,40.42553191489361,,,,26.0,9.0,27,,
2019-01-25,294,56,235,72,103,98,2,29,3,4,0,0,0,85336349364.35999,207631459829.15,4,0,24.742268041237114,35.39518900343643,33.793103448275865,13.0,51.0,0,0.4109991300671834,-179.0,-19.68605426195544,0.5798014032328305,27.0,41.0,40.0,20.945945945945947,28.37837837837838,27.89115646258503,32.55813953488372,46.51162790697674,39.53488372093023,,,,22.0,7.0,17,,
2019-01-28,297,57,236,45,74,88,5,55,0,6,0,0,0,91909159243.55,207415778971.81,4,1,15.358361774744028,25.25597269624573,30.240549828178693,14.0,99.0,0,0.4431155609238458,-179.0,-25.02211545005304,0.5450619319828452,20.0,29.0,37.0,10.738255033557047,18.79194630872483,24.489795918367346,20.454545454545457,38.63636363636363,34.090909090909086,,,,22.0,7.0,13,,
2019-01-29,300,173,123,59,87,90,12,13,0,7,0,0,0,149748519452.74,122999124496.14,2,0,19.865319865319865,29.29292929292929,30.612244897959183,19.0,97.0,0,1.2174763037231169,50.0,-18.00933718862622,1.155261963406988,23.0,34.0,41.0,17.449664429530202,23.48993288590604,22.602739726027394,20.833333333333336,37.5,33.33333333333333,,,,20.0,7.0,19,,
2019-01-30,299,178,117,76,91,92,25,6,0,8,0,0,2,166740563774.6,120338307376.41,1,1,25.675675675675677,30.74324324324325,31.399317406143343,42.0,74.0,0,1.3855983801820222,61.0,-11.373365089163157,1.0979859266057048,26.0,34.0,39.0,22.0,26.0,25.170068027210885,36.95652173913043,39.130434782608695,34.78260869565217,,,,17.0,5.0,22,,
2019-01-31,298,176,121,93,101,94,17,5,0,7,0,0,3,245326718793.12,125355150447.28,0,0,31.52542372881356,34.23728813559322,32.19178082191781,54.0,24.0,0,1.9570533633262708,55.0,-5.942742118676421,0.7432323930468929,38.0,38.0,38.0,24.832214765100677,29.53020134228188,27.3972602739726,39.130434782608695,41.30434782608695,34.78260869565217,,,,11.0,2.0,29,,
2019-02-01,299,168,127,106,106,97,10,16,2,6,0,0,4,195310791065.43,131809505953.85,3,3,35.810810810810814,35.810810810810814,33.105802047781566,52.0,27.0,0,1.4817655953722602,41.0,-1.96984576831688,0.8927421785204556,40.0,34.0,38.0,31.543624161073826,32.88590604026846,27.3972602739726,40.42553191489361,48.93617021276596,40.42553191489361,,,,10.0,5.0,37,,
2019-02-04,301,78,217,94,97,99,6,30,2,8,0,0,5,85137665024.45,150296124452.61,4,4,31.543624161073826,32.5503355704698,33.559322033898304,33.0,51.0,0,0.5664661369980624,-139.0,-7.563170159917888,0.6345427928192722,32.0,34.0,38.0,26.351351351351347,25.675675675675677,26.89655172413793,46.0,50.0,44.0,,,,10.0,8.0,43,,
2019-02-05,301,114,184,84,93,95,6,26,1,12,0,0,2,117896218761.65,117881230102.0,4,3,28.187919463087248,31.20805369127517,32.20338983050847,22.0,72.0,0,1.0001271505195273,-70.0,-8.857646663937164,0.6194864493674271,32.0,32.0,38.0,25.503355704697988,26.845637583892614,27.3972602739726,28.57142857142857,42.85714285714285,34.69387755102041,,,,12.0,11.0,45,,
2019-02-06,301,196,102,106,98,95,27,7,0,13,0,0,6,195333634907.16,63519282848.93,5,2,35.69023569023569,32.996632996633,32.31292517006803,39.0,63.0,0,3.075186402398913,94.0,-1.720135841553958,0.6248624883200543,42.0,38.0,38.0,30.87248322147651,28.85906040268457,28.08219178082192,37.5,35.41666666666667,33.33333333333333,,,,16.0,12.0,52,,
2019-02-07,300,196,101,129,120,100,30,5,1,10,0,0,3,158513900606.8,81193028316.95999,8,5,43.58108108108108,40.54054054054054,34.129692832764505,63.0,38.0,0,1.952309254779808,95.0,4.441036590791455,0.9939993137126276,56.00000000000001,43.0,39.0,32.88590604026846,34.22818791946309,29.45205479452055,51.06382978723404,55.319148936170215,38.297872340425535,,,,24.0,17.0,56,,
2019-02-08,297,69,227,92,100,94,9,32,0,9,0,0,1,49707258870.53,187377923077.9,3,0,31.29251700680272,34.01360544217687,32.302405498281786,66.0,44.0,0,0.2652780970886567,-158.0,-2.963366162507178,1.1458343566437197,38.38383838383838,37.37373737373738,39.39393939393939,23.48993288590604,25.503355704697988,25.34246575342466,41.30434782608695,54.34782608695652,39.130434782608695,,,,24.0,14.0,39,,
2019-02-11,301,68,232,73,77,84,7,34,0,16,0,0,1,74355289108.02,148396874238.95,5,2,24.66216216216216,26.01351351351352,28.668941979522184,46.0,71.0,0,0.5010569763638851,-164.0,-9.579313685764973,0.5849702969967233,37.755102040816325,34.69387755102041,37.755102040816325,15.54054054054054,17.56756756756757,21.08843537414966,26.0,34.0,33.33333333333333,,,,25.0,12.0,21,,
2019-02-12,300,129,166,72,72,81,15,11,0,18,0,0,1,105190744546.8,122861363300.29,6,1,24.40677966101695,24.40677966101695,27.73972602739726,31.0,77.0,0,0.8561743230025816,-37.0,-8.838052249721564,0.907652113426668,40.81632653061224,35.714285714285715,36.734693877551024,12.837837837837837,15.54054054054054,21.08843537414966,26.53061224489796,28.57142857142857,29.78723404255319,,,,27.0,10.0,14,,
2019-02-13,297,104,188,64,67,76,8,18,0,21,0,0,2,80636759065.75,162337385603.09,3,0,21.993127147766323,23.02405498281787,26.38888888888889,30.0,63.0,0,0.4967232826017319,-84.0,-10.510083460655837,1.1136814172756342,29.59183673469388,34.69387755102041,34.69387755102041,15.54054054054054,15.54054054054054,19.17808219178082,26.666666666666668,22.22222222222222,31.818181818181817,,,,25.0,8.0,12,,
2019-02-14,294,163,129,67,72,76,22,12,0,19,0,0,1,188731393550.52,110457269407.65,1,0,23.18339100346021,24.91349480968858,26.573426573426573,45.0,41.0,0,1.7086371459536454,34.0,-5.987119728701362,0.7395168099120493,32.0,37.0,35.0,15.753424657534246,17.123287671232877,20.13888888888889,27.906976744186046,23.25581395348837,28.57142857142857,,,,18.0,3.0,20,,
2019-02-15,295,93,202,60,61,72,9,22,0,18,0,0,0,84932717623.39,212685135274.38,1,1,20.761245674740483,21.10726643598616,25.174825174825177,39.0,52.0,0,0.3993354660814463,-109.0,-9.24005013923678,1.1529054609691505,27.0,31.0,35.0,17.123287671232877,15.068493150684931,18.055555555555557,18.6046511627907,18.6046511627907,26.190476190476197,,,,16.0,4.0,14,,
2019-02-18,291,84,203,44,49,66,7,18,0,20,0,0,1,63262888098.7,158521684897.04,1,0,15.384615384615383,17.132867132867133,23.32155477031802,38.0,52.0,0,0.3990803412150792,-119.0,-12.475105389548377,1.0368666674695142,19.0,23.0,32.0,13.10344827586207,14.482758620689657,18.181818181818183,14.634146341463412,12.195121951219512,20.0,,,,12.0,2.0,9,,
2019-02-19,294,166,125,53,54,65,14,4,0,19,0,0,2,115271208503.32,105726789087.79,1,1,18.40277777777778,18.75,22.807017543859647,30.0,44.0,0,1.0902743713100451,41.0,-7.178702101617041,1.218042022215298,21.0,24.0,31.0,15.97222222222222,15.27777777777778,18.30985915492958,20.454545454545457,18.181818181818183,18.6046511627907,,,,7.0,2.0,15,,
2019-02-20,291,225,64,89,76,72,21,3,0,13,0,0,0,178202856456.21,47492196490.34,1,1,31.2280701754386,26.666666666666668,25.53191489361702,42.0,25.0,0,3.752255520387582,161.0,3.385616220072325,0.936936458857381,38.0,36.0,33.0,26.573426573426573,20.27972027972028,20.422535211267608,30.952380952380956,26.190476190476197,25.0,,,,5.0,3.0,30,,
2019-02-21,293,198,90,120,83,77,25,2,1,7,0,0,2,170618282858.99,63564392695.8,2,0,41.81184668989547,28.9198606271777,27.11267605633803,60.0,9.0,0,2.6841801773442184,108.0,9.751180304016373,0.8196171101213944,50.0,37.0,36.0,38.0281690140845,23.943661971830984,21.27659574468085,35.55555555555556,26.666666666666668,25.58139534883721,,,,6.0,3.0,32,,
2019-02-22,294,178,109,139,97,78,15,4,3,8,0,0,3,152413261390.76,171211702088.47,1,1,48.43205574912892,33.79790940766551,27.464788732394368,61.0,9.0,0,0.8902035289153524,69.0,13.194981694268453,1.834442877265948,56.00000000000001,43.0,36.0,46.206896551724135,27.58620689655172,20.833333333333336,38.095238095238095,33.33333333333333,30.0,,,,6.0,3.0,23,,
2019-02-25,289,176,106,150,108,80,10,2,6,5,0,0,6,163267575436.91998,79910342784.77,1,0,53.003533568904594,38.16254416961131,28.57142857142857,50.0,8.0,0,2.0431344647921708,70.0,16.123456974462634,0.812661813063518,59.0,48.0,37.0,50.69444444444444,31.25,22.377622377622377,46.15384615384615,38.46153846153847,29.72972972972973,,,,6.0,3.0,32,,
2019-02-26,291,108,177,142,106,84,8,6,7,2,0,0,3,137187382674.7,140814525851.81,3,1,50.0,37.32394366197183,29.8932384341637,33.0,12.0,0,0.9742416973308058,-69.0,11.596686054156352,0.6263019671577857,55.00000000000001,49.0,37.0,46.52777777777778,30.55555555555556,23.776223776223777,50.0,32.5,34.21052631578947,,,,8.0,3.0,15,,
2019-02-27,294,153,137,145,115,86,10,3,6,3,0,0,3,152631209763.17,128989875832.91,2,0,50.522648083623686,40.069686411149824,30.28169014084507,28.0,11.0,0,1.1832805387058776,16.0,11.918313487023696,0.9438068865640984,56.00000000000001,48.0,36.0,45.51724137931035,34.48275862068966,25.694444444444443,54.761904761904766,40.47619047619048,32.5,,,,9.0,2.0,23,,
2019-02-28,294,179,109,155,123,98,8,3,6,3,0,0,1,208444484481.08,149455087529.99,10,7,53.63321799307958,42.56055363321799,34.26573426573427,26.0,12.0,0,1.3946964798990404,70.0,14.833713374690156,1.177461805152947,56.00000000000001,51.0,35.0,49.30555555555556,36.80555555555556,30.76923076923077,62.22222222222222,42.22222222222222,44.18604651162791,,,,17.0,9.0,39,,
2019-03-01,296,236,56,208,160,107,49,2,11,3,0,0,5,205239749079.42,48017629567.22,5,4,71.72413793103448,55.172413793103445,37.41258741258741,67.0,8.0,0,4.274258244924489,180.0,22.75221171177153,0.985968903327264,74.0,64.0,42.0,70.62937062937063,50.349650349650354,33.80281690140845,70.2127659574468,51.06382978723404,38.63636363636363,,,,21.0,12.0,50,,
2019-03-05,304,248,55,246,212,128,87,1,18,2,0,0,11,252239956794.94,52056013179.15,9,7,83.1081081081081,71.62162162162163,43.986254295532646,144.0,6.0,0,4.845548888403342,193.0,30.05876673141725,0.93056349506293,88.0,78.0,51.0,81.11888111888112,66.43356643356644,38.732394366197184,79.24528301886792,73.58490566037736,44.89795918367347,,,,29.0,19.0,63,,
2019-03-06,309,180,125,257,228,136,33,1,23,2,0,0,8,205860698731.3,107884077020.81,10,9,85.09933774834437,75.74750830564784,45.94594594594595,169.0,4.0,0,1.9081657313672995,55.0,29.25557743955725,0.7546514311249922,86.0,78.0,52.0,86.98630136986301,73.79310344827587,41.95804195804196,78.57142857142857,76.78571428571429,45.28301886792453,,,,36.0,27.0,62,,
2019-03-07,314,117,194,255,222,131,8,15,23,1,0,0,4,124557931416.14,141937324876.32,10,9,83.06188925081433,72.54901960784314,43.52159468438538,128.0,17.0,0,0.8775558615373096,-77.0,21.82257270781917,0.6872414736637411,84.0,75.0,52.0,81.63265306122449,69.17808219178082,37.24137931034483,85.0,76.66666666666667,44.642857142857146,,,,44.0,36.0,56,,
2019-03-08,321,127,192,255,215,133,11,6,22,1,0,0,4,90042542750.91,150409660381.18,30,19,80.69620253164557,68.47133757961782,43.18181818181818,52.0,22.0,0,0.5986486673975402,-65.0,15.958240798644011,1.1049190775097537,82.0,69.0,51.0,78.37837837837837,65.06849315068493,36.55172413793103,83.82352941176471,75.0,46.03174603174603,,,,64.0,48.0,57,,
2019-03-11,326,274,47,288,252,164,58,4,25,0,0,0,10,250222793583.75,39081157159.82,24,16,89.44099378881988,79.24528301886792,52.56410256410257,77.0,25.0,0,6.402645463144277,227.0,25.46444581230603,0.910527885325014,91.0,84.0,56.00000000000001,89.26174496644296,75.86206896551724,51.388888888888886,87.67123287671232,79.45205479452055,50.0,,,,83.0,60.0,69,,
2019-03-12,334,223,107,302,277,178,34,2,31,0,0,0,12,238374407840.58,107035883298.31,9,6,91.51515151515152,84.96932515337423,55.625,103.0,12.0,0,2.227051344792739,116.0,27.91492886992553,0.9358168388913676,90.0,88.0,59.0,92.61744966442951,81.37931034482759,52.77777777777778,91.35802469135804,87.65432098765432,56.57894736842105,,,,83.0,59.0,69,,
2019-03-13,335,113,220,293,269,171,9,12,41,0,0,0,11,169122701376.99,155948664610.11,11,4,88.51963746223565,82.26299694189603,53.271028037383175,101.0,18.0,0,1.0844767526532957,-107.0,18.72051723984057,0.4736259789614613,88.0,82.0,59.0,88.0,80.82191780821918,48.27586206896552,90.12345679012346,85.18518518518519,55.26315789473685,,,,84.0,54.0,65,,
2019-03-14,337,153,179,282,266,167,13,5,43,0,0,0,5,158169379771.99,114578450558.19,25,8,84.68468468468468,80.85106382978722,51.702786377708975,56.0,19.0,0,1.3804461397534942,-26.0,14.81569270991873,0.6191828704773571,85.0,82.0,61.0,83.89261744966443,79.3103448275862,45.13888888888889,85.71428571428571,82.14285714285714,51.89873417721519,,,,99.0,53.0,53,,
2019-03-15,345,163,179,289,268,172,9,10,45,0,0,0,6,251184066962.34,147736007870.91,31,15,85.0,79.76190476190477,52.121212121212125,31.0,27.0,0,1.7002223803273586,-16.0,11.90298927328596,0.5355855420302938,86.0,80.0,63.0,85.23489932885906,79.3103448275862,47.22222222222222,83.51648351648352,80.21978021978022,47.674418604651166,,,,100.0,49.0,44,,
2019-03-18,357,178,174,293,268,176,10,6,37,0,0,0,6,186980062888.21,87488435073.67,14,8,83.23863636363636,77.01149425287356,51.461988304093566,32.0,21.0,0,2.137197479081237,4.0,10.353112888598512,0.4786588585098371,87.0,78.0,63.0,84.56375838926175,77.24137931034483,45.83333333333333,77.66990291262135,75.72815533980582,47.95918367346938,,,,90.0,41.0,40,,
2019-03-19,356,217,135,293,280,180,22,5,54,0,0,0,5,199658334486.82,73271155774.81,4,2,83.23863636363636,80.45977011494253,52.63157894736842,41.0,21.0,0,2.724924049245868,82.0,12.876203015247755,0.5898907192852817,86.0,82.0,65.0,83.89261744966443,78.62068965517241,49.30555555555556,79.6116504854369,81.55339805825243,44.89795918367347,,,,85.0,37.0,40,,
2019-03-20,357,125,230,276,268,176,5,10,56,0,0,0,2,118759854716.31,180079865136.59,12,7,77.96610169491525,76.57142857142857,51.16279069767442,37.0,21.0,0,0.6594843605987323,-105.0,5.619064058456619,0.8240957531974715,84.0,80.0,62.0,77.33333333333333,73.97260273972603,47.58620689655172,73.07692307692307,76.92307692307693,45.45454545454545,,,,86.0,40.0,33,,
2019-03-22,357,122,232,249,249,173,6,7,46,0,0,0,3,109566992011.06,187243238692.59,9,1,70.53824362606233,71.34670487106017,50.43731778425656,33.0,22.0,0,0.5851586031949789,-110.0,-0.8638850698920875,0.898665876386844,72.0,72.0,59.0,70.0,69.17808219178082,46.89655172413793,69.90291262135922,73.7864077669903,46.93877551020408,,,,70.0,33.0,36,,
2019-03-25,361,76,278,195,223,162,6,20,26,0,0,0,3,67950952814.75,174514776249.30002,14,3,54.7752808988764,63.35227272727273,46.82080924855491,17.0,37.0,0,0.3893707700583466,-202.0,-11.002487149280771,0.702110471525798,64.0,69.0,59.0,52.66666666666666,60.273972602739725,38.62068965517241,49.0566037735849,62.264150943396224,46.53465346534654,,,,53.0,21.0,18,,
2019-03-26,362,273,86,237,244,171,21,2,24,0,0,0,2,198781664338.6,62410235010.25,8,2,66.20111731843575,68.92655367231639,49.137931034482754,33.0,29.0,0,3.1850811698746675,187.0,-0.1659794914116945,0.9966523411320396,69.0,69.0,61.0,65.77181208053692,66.89655172413794,43.75,64.22018348623854,71.55963302752293,45.19230769230769,,,,47.0,15.0,34,,
2019-03-27,361,197,161,255,255,176,23,2,22,0,0,0,3,173484992155.25,140184124254.41,4,2,71.42857142857143,72.23796033994334,50.72046109510087,50.0,24.0,0,1.237550921532346,36.0,1.5500644535234267,0.9887289994960164,69.0,72.0,61.0,71.14093959731544,69.17808219178082,45.83333333333333,74.07407407407408,76.63551401869158,47.57281553398058,,,,47.0,15.0,38,,
2019-03-28,361,246,106,276,274,184,25,2,24,0,0,0,11,319496589771.69,78266541721.48,2,0,77.31092436974791,77.62039660056658,53.02593659942363,69.0,6.0,0,4.082160559855237,140.0,8.209531704175337,0.5685113760109993,76.0,76.0,61.0,79.19463087248322,75.34246575342466,48.61111111111111,75.92592592592592,82.2429906542056,51.45631067961165,,,,37.0,8.0,45,,
2019-03-29,362,233,122,288,283,192,30,4,39,0,0,0,15,253269893003.77,101811585647.35,7,7,80.44692737430168,79.94350282485875,55.172413793103445,78.0,8.0,0,2.4876333218208964,111.0,12.412328544961849,0.7677321447743793,83.0,81.0,64.0,81.20805369127517,79.45205479452055,53.47222222222222,77.06422018348624,79.62962962962963,49.03846153846153,,,,35.0,14.0,42,,
2019-04-01,371,232,136,308,304,210,22,3,43,0,0,0,8,195831404671.53,114325244020.24,11,6,84.15300546448088,83.97790055248619,58.98876404494382,77.0,9.0,0,1.7129323129794525,96.0,15.193658201109503,0.9958842740107966,83.0,83.0,69.0,86.57718120805369,82.87671232876713,56.94444444444444,82.05128205128204,86.20689655172413,52.67857142857143,,,,32.0,17.0,53,,
2019-04-02,368,152,210,306,293,203,9,4,38,0,0,0,5,171311748842.38998,126220844847.36,13,8,84.06593406593407,81.61559888579387,57.50708215297451,61.0,11.0,0,1.3572381728989282,-58.0,9.7957267661102,0.5332958785439532,84.0,80.0,67.0,85.23489932885906,80.82191780821918,54.86111111111112,82.6086956521739,84.070796460177,52.293577981651374,,,,37.0,23.0,64,,
2019-04-03,364,81,278,261,271,196,2,13,16,0,0,0,5,87067557386.55,213412811962.65,14,6,72.5,76.33802816901408,56.00000000000001,33.0,20.0,0,0.4079771808722897,-197.0,-1.818483244644753,0.7141745179273339,75.0,78.0,65.0,74.49664429530202,75.34246575342466,53.103448275862064,67.56756756756756,76.14678899082568,51.42857142857142,,,,47.0,27.0,45,,
2019-04-04,361,152,202,234,262,187,6,3,8,0,0,0,1,152012530575.49,145018093272.35,14,2,65.54621848739495,74.43181818181817,53.89048991354467,17.0,20.0,0,1.0482314802609087,-50.0,-4.389540387617014,0.71785217453826,73.0,79.0,64.0,63.08724832214765,75.34246575342466,48.96551724137931,62.03703703703704,68.86792452830188,50.98039215686274,,,,59.0,29.0,34,,
2019-04-05,359,233,124,262,271,194,17,0,5,0,0,0,4,171383887712.38,77381905578.13,7,3,73.80281690140845,77.42857142857143,56.395348837209305,25.0,16.0,0,2.2147798820919347,109.0,1.3841534570797869,0.8484058724109895,77.0,81.0,67.0,75.16778523489933,79.45205479452055,51.72413793103448,68.86792452830188,71.15384615384616,52.52525252525253,,,,59.0,25.0,32,,
2019-04-08,354,115,234,235,259,191,10,8,9,0,1,0,0,68632199970.77,187473258183.29,6,2,66.57223796033995,74.42528735632183,55.68513119533528,33.0,11.0,1,0.366090612793795,-119.0,-5.086259072989847,1.342435381509791,69.0,80.0,63.0,63.758389261744966,71.23287671232876,51.72413793103448,68.26923076923077,73.52941176470588,54.08163265306123,,,,54.0,21.0,36,,
2019-04-09,352,173,173,236,259,190,9,1,10,0,2,1,0,166833225005.24,86112307964.94,3,0,67.23646723646723,74.63976945244957,55.55555555555556,36.0,9.0,1,1.937391169136529,0.0,-4.643030490834436,0.5161580252508775,77.0,83.0,65.0,63.758389261744966,71.91780821917808,52.41379310344828,62.74509803921568,70.29702970297029,50.51546391752577,,,,44.0,13.0,44,,
2019-04-10,342,150,184,226,255,185,12,3,7,0,2,0,0,99995418726.25,186873409991.45,5,1,66.27565982404691,75.66765578635015,55.72289156626506,31.0,12.0,2,0.5350970945027711,-34.0,-5.940854900637387,1.5234943334197566,73.0,81.0,63.0,64.42953020134227,73.28767123287672,52.41379310344828,61.95652173913043,73.62637362637363,52.87356321839081,,,,35.0,8.0,34,,
2019-04-11,338,161,173,209,249,187,6,1,8,0,1,0,0,143929906254.93,94022781546.49,6,2,62.01780415430267,74.77477477477478,57.012195121951216,27.0,5.0,1,1.5307982160021842,-12.0,-5.920790496515723,0.6079415486782623,66.0,81.0,65.0,61.74496644295302,72.6027397260274,53.103448275862064,57.95454545454546,71.26436781609196,54.21686746987952,,,,27.0,8.0,40,,
2019-04-12,337,201,126,231,255,192,13,1,7,0,2,0,0,152801356104.39,88523392575.51,4,2,69.16167664670658,77.0392749244713,58.8957055214724,31.0,5.0,2,1.7261127444257318,75.0,-1.524031478509122,0.9241795475931222,74.74747474747475,84.84848484848484,70.70707070707071,67.78523489932886,74.65753424657534,52.41379310344828,65.11627906976744,72.09302325581395,56.09756097560976,,,,24.0,7.0,43,,
2019-04-15,335,211,123,252,271,195,14,0,7,0,6,0,1,174010168628.25,83746992819.14,5,3,75.90361445783132,82.37082066869301,60.18518518518518,33.0,2.0,6,2.0778079638518165,88.0,2.8928176392790697,0.8256042831270453,74.74747474747475,87.87878787878788,72.72727272727273,77.85234899328859,78.76712328767124,53.103448275862064,73.80952380952381,82.14285714285714,57.49999999999999,,,,23.0,8.0,46,,
2019-04-16,329,183,141,255,262,192,10,0,7,0,4,0,3,215509676759.92,70036772725.27,2,0,78.70370370370371,81.36645962732919,60.56782334384858,37.0,1.0,4,3.0770931951032328,42.0,4.354759546791577,0.4217851908063479,83.6734693877551,87.75510204081633,77.55102040816327,75.0,77.3972602739726,52.41379310344828,79.48717948717949,80.76923076923077,54.054054054054056,,,,22.0,8.0,47,,
2019-04-18,333,78,250,197,238,185,1,16,6,1,3,2,1,104511676095.35,197029457878.46,4,2,60.42944785276073,73.4567901234568,57.99373040752352,25.0,16.0,1,0.5304368048346318,-172.0,-5.1170539200191865,0.5881944788828684,63.91752577319587,83.50515463917526,74.22680412371135,59.06040268456376,68.70748299319727,51.36986301369864,58.75,70.0,50.0,,,,21.0,9.0,31,,
2019-04-22,334,48,285,130,198,167,0,38,3,2,0,4,0,36231202803.75,177685877825.79,9,3,39.63414634146341,60.550458715596335,52.02492211838005,11.0,54.0,-4,0.2039059223337515,-237.0,-16.439869164542294,0.8259743057188342,44.329896907216494,65.97938144329896,65.97938144329896,36.91275167785235,54.729729729729726,44.52054794520548,39.02439024390244,64.63414634146342,48.71794871794872,,,,24.0,10.0,16,,
2019-04-23,333,126,200,117,181,157,5,5,5,1,1,3,1,94622702221.8,140310982287.15,5,2,36.0,55.8641975308642,49.37106918238994,6.0,59.0,-2,0.6743784462156515,-74.0,-17.88867685278684,0.934193557838798,39.175257731958766,58.76288659793815,60.824742268041234,35.13513513513514,52.38095238095239,43.44827586206896,33.75,58.75,46.05263157894737,,,,25.0,10.0,9,,
2019-04-24,335,215,112,143,201,166,14,1,6,1,6,2,1,196436409991.31,69289680493.05,1,1,43.59756097560975,61.46788990825688,51.71339563862928,19.0,44.0,4,2.835002392759096,103.0,-10.187964041971997,0.6771221294365867,49.48453608247423,68.04123711340206,65.97938144329896,39.59731543624161,60.13513513513513,47.26027397260274,43.90243902439025,56.09756097560976,42.30769230769231,,,,21.0,8.0,33,,
2019-04-25,330,117,204,128,186,158,7,2,7,0,6,1,0,125649058280.42,260031742766.36,0,0,39.62848297213623,57.7639751552795,50.0,26.0,8.0,5,0.4832066152528016,-87.0,-13.052914768515445,1.1869237582036198,41.23711340206185,60.824742268041234,62.88659793814433,37.58389261744966,55.4054054054054,46.57534246575342,41.55844155844156,58.44155844155844,39.72602739726028,,,,19.0,8.0,30,,
2019-04-26,329,151,171,136,186,158,6,6,6,1,2,2,0,179561264961.93,85308704227.92,2,2,42.2360248447205,57.943925233644855,50.0,27.0,9.0,0,2.104841077906829,-20.0,-12.087183065867514,0.4195285548829461,49.48453608247423,68.04123711340206,64.94845360824742,36.24161073825504,54.054054054054056,47.26027397260274,44.73684210526316,52.63157894736842,35.61643835616438,,,,17.0,8.0,21,,
2019-04-30,326,110,214,117,159,157,5,41,6,3,5,9,0,128016350312.74,188069025212.41,4,2,36.677115987460816,50.0,50.15974440894568,18.0,49.0,-4,0.6806881152712683,-104.0,-15.401046544774196,0.7551456828123669,47.42268041237113,56.70103092783505,64.94845360824742,28.85906040268457,44.5945945945946,46.57534246575342,38.35616438356164,52.05479452054794,37.142857142857146,,,,12.0,7.0,29,,
2019-05-02,325,136,186,108,151,153,15,13,5,5,5,6,0,140732040344.81,141404141952.41,8,2,33.85579937304075,47.48427672955975,48.8817891373802,26.0,60.0,-1,0.9952469453983448,-50.0,-15.457394586515544,0.7346747448757764,40.20618556701031,51.546391752577314,64.94845360824742,26.845637583892614,43.24324324324324,44.52054794520548,39.72602739726028,50.68493150684932,35.714285714285715,,,,15.0,7.0,14,,
2019-05-03,325,143,177,110,147,152,6,3,5,6,3,1,0,145163961098.37,99106170292.73,3,2,34.48275862068966,46.22641509433962,48.56230031948881,26.0,57.0,2,1.4647318191147842,-34.0,-14.628285189271818,0.5515751033578535,44.329896907216494,52.57731958762887,64.94845360824742,25.333333333333336,38.92617449664429,40.81632653061224,40.27777777777778,52.77777777777778,42.028985507246375,,,,17.0,8.0,29,,
2019-05-06,320,70,247,86,135,139,7,14,2,7,1,5,0,57093131347.6,174948492314.68,5,1,27.47603833865815,43.26923076923077,45.12987012987013,28.0,30.0,-4,0.3263425171158751,-177.0,-20.996255228682067,0.8684152228193163,31.95876288659793,49.48453608247423,56.70103092783505,21.62162162162162,36.734693877551024,42.06896551724138,33.82352941176471,48.52941176470589,34.84848484848485,,,,22.0,9.0,9,,
2019-05-07,315,77,234,78,118,128,6,17,2,6,1,5,1,59155173073.55,194523050178.73,5,1,25.32467532467532,38.43648208469055,42.3841059602649,19.0,34.0,-4,0.3041036680187646,-157.0,-25.335888336234422,1.082064649873031,25.773195876288657,40.20618556701031,51.546391752577314,20.27027027027027,31.97278911564626,38.62068965517241,36.507936507936506,50.79365079365079,36.66666666666666,,,,25.0,8.0,11,,
2019-05-08,315,64,247,59,101,121,4,21,2,5,1,8,0,40997161176.37,215889734272.47,1,0,19.15584415584416,32.89902280130293,40.06622516556291,17.0,52.0,-7,0.1898986133570775,-183.0,-30.21959520151052,1.364461315226521,19.19191919191919,31.313131313131315,50.505050505050505,16.551724137931036,29.86111111111111,37.32394366197183,25.0,42.1875,29.508196721311474,,,,22.0,6.0,9,,
2019-05-09,314,136,175,57,94,113,7,8,2,6,1,6,1,116986565791.16,133375623857.8,1,0,18.688524590163937,30.92105263157895,37.79264214046823,17.0,46.0,-5,0.8771210391179621,-39.0,-27.044066595314035,0.8860155240653632,19.19191919191919,34.34343434343434,48.48484848484848,16.083916083916083,24.647887323943664,33.57142857142857,23.809523809523807,39.68253968253968,30.0,,,,15.0,4.0,9,,
2019-05-10,316,147,163,57,94,118,8,7,2,4,1,3,0,130277351935.45,139906143015.74,2,1,18.62745098039216,30.81967213114754,39.33333333333333,19.0,36.0,-2,0.9311767812853884,-16.0,-23.043769304039465,0.9684954660839514,15.151515151515152,30.303030303030305,51.51515151515152,18.75,26.573426573426573,33.57142857142857,23.809523809523807,41.26984126984127,32.78688524590164,,,,14.0,3.0,10,,
2019-05-13,313,41,269,34,71,94,2,73,2,5,0,17,0,33832309725.7,204969246521.96,1,0,11.22112211221122,23.50993377483444,31.64983164983165,17.0,88.0,-17,0.1650604190618189,-228.0,-30.10829627347951,0.9233973701486844,9.090909090909092,24.24242424242424,38.38383838383838,7.042253521126761,18.43971631205673,27.33812949640288,24.193548387096776,33.87096774193548,30.508474576271187,,,,10.0,2.0,6,,
2019-05-14,311,189,118,38,70,102,29,11,2,7,0,13,0,196807473953.15,97318581738.43,1,1,12.624584717607974,23.33333333333333,34.57627118644068,39.0,91.0,-13,2.0223010902699268,71.0,-21.047925350983355,0.7920160469480095,10.1010101010101,20.2020202020202,42.42424242424242,9.859154929577464,21.27659574468085,30.215827338129497,23.33333333333333,33.33333333333333,31.57894736842105,,,,6.0,2.0,14,,
2019-05-15,313,98,210,45,74,98,5,25,2,12,4,13,0,88818803140.86,181983523613.32,1,1,14.754098360655735,24.422442244224424,32.88590604026846,36.0,109.0,-9,0.4880595857105332,-112.0,-22.346068585494223,0.9561674031814742,12.12121212121212,24.24242424242424,38.38383838383838,11.888111888111888,19.8581560283688,28.776978417266186,25.396825396825395,34.92063492063492,33.33333333333333,,,,6.0,3.0,11,,
2019-05-16,314,173,136,56,81,105,11,9,2,13,4,14,0,188200508854.92,75926835137.31,0,0,18.30065359477124,26.644736842105267,35.11705685618729,45.0,45.0,-10,2.478708726823244,37.0,-15.894250708073542,0.5131941521663598,17.17171717171717,24.24242424242424,42.42424242424242,14.482758620689657,22.377622377622377,29.78723404255319,29.03225806451613,40.32258064516129,35.59322033898305,,,,5.0,3.0,25,,
2019-05-17,309,192,108,77,94,108,19,9,2,12,6,4,0,221163129333.92,85220119326.57,0,0,25.496688741721854,31.438127090301005,36.61016949152543,35.0,43.0,2,2.595198540926773,84.0,-7.948475169338501,0.6850257310729353,32.323232323232325,32.323232323232325,44.44444444444444,19.17808219178082,27.27272727272727,31.20567375886525,29.82456140350877,40.35087719298245,36.36363636363637,,,,3.0,2.0,34,,
2019-05-20,307,278,28,191,153,138,144,3,3,7,14,1,0,334075078559.69,41393570907.22,3,3,63.45514950166113,51.51515151515152,47.098976109215016,174.0,21.0,13,8.07069965788865,250.0,7.184905292126658,1.2301995922827849,69.0,57.57575757575758,57.57575757575758,62.06896551724138,47.183098591549296,39.285714285714285,57.14285714285714,51.78571428571429,48.14814814814815,,,,5.0,5.0,51,,
2019-05-21,304,87,217,164,141,132,10,18,2,10,4,2,0,103467085836.71,211108915120.3,3,3,54.84949832775919,47.79661016949153,45.36082474226804,173.0,30.0,2,0.4901123468790955,-130.0,1.0880210602187397,0.8180199122489713,57.99999999999999,51.51515151515152,55.55555555555556,49.6551724137931,43.66197183098591,35.97122302158273,62.96296296296296,51.85185185185185,50.943396226415096,,,,7.0,7.0,47,,
2019-05-22,304,178,122,172,146,131,13,1,3,7,2,1,1,196216578378.16,95454476529.73,7,6,57.333333333333336,49.49152542372882,45.0171821305842,167.0,22.0,1,2.0556037339647126,56.0,5.1697449366363735,0.7097751231598362,60.0,54.54545454545454,55.55555555555556,51.02040816326531,43.75,35.46099290780142,69.81132075471697,55.76923076923077,50.98039215686274,,,,13.0,12.0,63,,
2019-05-23,304,145,157,165,149,130,9,8,4,6,2,1,0,257411278277.87,173708305841.09,17,7,55.00000000000001,50.50847457627119,44.67353951890035,32.0,27.0,1,1.4818593563013174,-12.0,5.233770126290274,0.6232486740753123,60.0,55.55555555555556,58.58585858585859,49.66442953020135,45.20547945205479,33.56643356643357,60.78431372549019,56.00000000000001,48.97959183673469,,,,30.0,19.0,55,,
2019-05-24,306,258,46,215,185,152,85,1,4,3,3,0,0,303986786023.23,43423632362.5,5,3,71.19205298013244,62.08053691275168,51.877133105802045,107.0,10.0,3,7.000491886204997,212.0,16.462342812812906,0.8011859371234007,70.0,63.63636363636363,63.63636363636363,70.46979865771812,59.18367346938776,41.25874125874126,75.47169811320755,67.3076923076923,58.82352941176471,,,,35.0,22.0,78,,
2019-05-27,308,221,85,231,201,167,46,5,7,3,14,1,1,217815076941.52,102189359676.58,2,1,75.98684210526315,67.0,56.61016949152542,140.0,14.0,13,2.131484898534298,136.0,22.18046074572569,1.219806906343964,72.0,66.66666666666666,64.64646464646465,77.85234899328859,63.94557823129252,49.65034965034965,78.18181818181819,75.92592592592592,60.37735849056604,,,,34.0,20.0,74,,
2019-05-28,313,149,158,242,212,165,20,9,7,3,9,0,2,244505554056.52,195418298846.0,8,7,78.31715210355988,69.50819672131148,55.00000000000001,151.0,15.0,9,1.251190679175871,-9.0,19.70854927463749,0.7537124359851377,75.0,68.68686868686868,63.63636363636363,78.37837837837837,66.43835616438356,45.77464788732394,83.60655737704919,78.33333333333333,62.71186440677966,,,,39.0,24.0,75,,
2019-05-29,319,93,223,223,201,170,3,10,7,3,3,1,1,89488094035.32,172898173722.98,15,7,70.7936507936508,64.42307692307693,55.37459283387622,69.0,24.0,2,0.5175768610413384,-130.0,11.446522220483898,0.8057554155441389,71.0,62.62626262626263,62.62626262626263,68.45637583892618,62.58503401360544,46.478873239436616,75.75757575757575,71.21212121212122,63.63636363636363,,,,47.0,25.0,57,,
2019-05-30,319,167,148,219,203,174,11,7,10,2,2,1,0,209529795313.65,108551739622.9,23,10,69.52380952380952,65.06410256410257,56.67752442996743,34.0,26.0,1,1.9302297323059,19.0,11.775256478080152,0.5845824253418735,67.0,61.61616161616161,64.64646464646465,71.33333333333334,64.1891891891892,50.349650349650354,69.23076923076923,72.3076923076923,58.46153846153847,,,,53.0,28.0,63,,
2019-05-31,319,131,184,215,204,170,7,19,8,3,3,2,0,178007086263.65,180853282519.9,16,7,68.0379746835443,65.17571884984025,55.1948051948052,21.0,36.0,1,0.9842624020056876,-53.0,8.397447985934551,0.7233401583646151,67.0,63.63636363636363,62.62626262626263,67.33333333333333,63.51351351351351,48.95104895104895,71.21212121212122,71.21212121212122,57.57575757575758,,,,64.0,32.0,47,,
2019-06-03,323,206,110,235,215,183,12,4,8,4,8,2,1,240979862148.01,39599963580.2,8,4,73.4375,67.82334384858044,58.65384615384615,30.0,30.0,6,6.085355650895095,96.0,12.917434485220388,0.3077432742081086,76.0,71.71717171717171,67.67676767676768,70.0,62.16216216216216,49.65034965034965,77.14285714285715,74.28571428571429,64.28571428571429,,,,70.0,35.0,54,,
2019-06-04,322,128,188,224,211,181,5,12,10,4,6,3,1,106309063627.5,158401452094.55,8,3,70.21943573667711,66.77215189873418,58.01282051282052,24.0,35.0,3,0.6711369259673454,-60.0,8.917435769683676,1.0144741519749343,72.0,70.70707070707071,65.65656565656566,67.33333333333333,60.810810810810814,50.0,73.91304347826086,73.91304347826086,63.76811594202898,,,,70.0,31.0,36,,
2019-06-06,323,60,262,172,189,163,3,43,9,4,2,3,0,56527194661.37,255903835082.27,13,3,53.41614906832298,59.43396226415094,51.910828025477706,20.0,59.0,-1,0.2208923310711509,-202.0,-1.647150310948632,1.0367387245961983,52.0,61.61616161616161,58.58585858585859,46.66666666666666,53.37837837837838,43.75,69.44444444444444,69.01408450704226,59.15492957746479,,,,68.0,27.0,26,,
2019-06-07,325,148,172,161,179,164,8,8,12,2,2,3,0,114973344221.36,138179346110.25,10,3,49.53846153846154,55.7632398753894,51.73501577287066,16.0,63.0,-1,0.832058823969434,-24.0,-1.771635658334514,1.0341397645110235,51.0,55.55555555555556,57.57575757575758,45.33333333333333,52.02702702702703,45.13888888888889,56.00000000000001,63.51351351351351,56.75675675675676,,,,55.0,20.0,29,,
2019-06-10,324,159,158,160,180,167,3,13,10,2,1,2,0,120814361922.76,95959955259.88,9,3,49.38271604938272,56.07476635514018,52.6813880126183,14.0,64.0,-1,1.259008110159795,1.0,-0.61921245205777,0.7993031226751399,56.00000000000001,59.59595959595959,59.59595959595959,40.0,48.64864864864865,44.82758620689656,59.45945945945946,66.21621621621621,58.9041095890411,,,,48.0,16.0,31,,
2019-06-11,325,198,124,182,195,169,11,5,11,4,1,0,0,160810003196.36002,75831644186.59,3,1,56.00000000000001,60.55900621118012,53.14465408805032,22.0,26.0,1,2.120618706363188,74.0,4.019205451569137,0.7529756239332709,63.0,66.66666666666666,63.63636363636363,48.66666666666667,52.02702702702703,44.82758620689656,61.33333333333333,69.33333333333334,55.4054054054054,,,,43.0,13.0,43,,
2019-06-12,323,96,220,156,176,165,1,6,12,3,1,2,0,68437734860.15,146928802146.77,4,1,48.29721362229103,54.82866043613706,52.05047318611987,15.0,24.0,-1,0.4657884217403898,-124.0,-1.9350432680877037,0.9368280017205888,55.00000000000001,60.60606060606061,61.61616161616161,40.26845637583892,45.94594594594595,44.13793103448276,55.4054054054054,64.86486486486487,54.7945205479452,,,,39.0,11.0,28,,
2019-06-13,325,117,202,143,164,157,6,8,10,3,1,4,0,131423971437.05,135941232128.08,3,3,44.13580246913581,51.09034267912772,49.52681388012618,18.0,19.0,-3,0.9667704888331896,-85.0,-5.0662507070538645,0.599116261286724,55.00000000000001,59.59595959595959,59.59595959595959,34.22818791946309,42.567567567567565,43.44827586206896,49.333333333333336,56.75675675675676,47.94520547945205,,,,29.0,11.0,19,,
2019-06-14,326,86,236,118,157,151,1,12,11,2,1,5,0,46206962878.08,189951088353.19,5,1,36.30769230769231,48.90965732087228,47.63406940063091,8.0,26.0,-4,0.2432571630869732,-150.0,-10.968101813834668,1.4980310344683594,43.0,55.55555555555556,57.57575757575758,29.72972972972973,40.13605442176871,42.36111111111111,40.25974025974026,57.333333333333336,44.5945945945946,,,,24.0,9.0,20,,
2019-06-17,322,45,275,78,121,143,2,30,7,5,0,12,0,36391321996.74,207976891757.33,1,0,24.299065420560748,38.05031446540881,45.54140127388535,9.0,50.0,-12,0.1749777183861457,-230.0,-19.95934400106308,0.9351840059729568,24.0,42.42424242424242,51.51515151515152,22.972972972972972,31.97278911564626,40.97222222222222,27.3972602739726,44.44444444444444,46.478873239436616,,,,16.0,6.0,18,,
2019-06-18,318,146,166,85,125,143,5,16,5,6,2,19,0,122664072114.12,119847596402.8,1,0,26.81388012618297,39.80891719745223,45.98070739549839,8.0,58.0,-17,1.023500477238225,-20.0,-17.047059351138053,0.859323558560925,30.0,48.0,51.0,22.972972972972972,32.87671232876712,41.95804195804196,30.434782608695656,42.64705882352941,47.05882352941176,,,,14.0,5.0,11,,
2019-06-19,314,91,221,79,106,141,3,35,2,12,0,25,0,75841861290.99,203780512688.3,3,1,25.320512820512818,34.3042071197411,46.07843137254902,10.0,81.0,-25,0.372174258914525,-130.0,-19.971820678696467,1.106376102106837,31.0,38.0,51.0,22.2972972972973,30.344827586206897,41.54929577464789,23.4375,37.5,48.4375,,,,13.0,5.0,14,,
2019-06-20,315,250,64,107,132,149,37,6,1,8,3,3,0,237364085719.98,39207660365.1,0,0,34.185303514377,42.58064516129032,48.5342019543974,45.0,57.0,0,6.0540232064258905,186.0,-6.572632510365427,0.6452320823372149,43.0,48.0,56.00000000000001,30.405405405405407,38.62068965517241,42.95774647887324,29.230769230769237,43.07692307692308,49.23076923076923,,,,10.0,2.0,24,,
2019-06-21,314,150,160,111,125,141,14,8,2,8,1,3,0,117302125999.71,201204406724.13,1,1,35.57692307692308,40.45307443365696,46.07843137254902,54.0,49.0,-2,0.5829997856883032,-10.0,-4.8834634638905605,1.6080623406973735,39.0,43.0,54.0,32.432432432432435,37.24137931034483,40.845070422535215,37.5,43.75,45.3125,,,,6.0,2.0,20,,
2019-06-24,310,120,185,104,119,140,8,10,1,7,2,5,0,108114765001.04,98099171050.32,1,0,33.76623376623377,39.01639344262295,46.35761589403973,59.0,24.0,-3,1.1020966216481327,-65.0,-6.1648066118351,0.5885587850533701,39.0,43.0,54.0,27.7027027027027,33.10344827586207,40.140845070422536,40.0,46.66666666666666,48.333333333333336,,,,6.0,2.0,24,,
2019-06-25,302,197,102,120,124,139,14,8,0,10,4,3,0,176219580210.79,75446709728.1,1,0,40.0,41.61073825503356,47.11864406779661,36.0,26.0,1,2.335682773256278,95.0,0.7704690297314976,0.8268984860161454,46.0,48.0,55.00000000000001,36.91275167785235,36.734693877551024,41.66666666666667,37.25490196078432,43.13725490196079,47.05882352941176,,,,6.0,2.0,28,,
2019-06-26,300,193,103,148,139,145,22,0,0,11,7,1,1,172985289175.47,74854771950.93,0,0,49.66442953020135,46.95945945945946,49.48805460750853,44.0,18.0,6,2.310945376854105,90.0,6.446277358122277,0.8108311111696547,53.0,52.0,57.99999999999999,51.006711409395976,43.53741496598639,43.75,38.775510204081634,46.93877551020408,48.97959183673469,,,,3.0,1.0,33,,
2019-06-27,295,170,120,153,145,148,13,6,1,9,4,1,1,183110594532.67,150177242708.52,2,2,52.218430034129696,49.65753424657534,51.388888888888886,49.0,14.0,3,1.219296554059596,50.0,9.266862092105784,1.161872115483256,55.00000000000001,55.00000000000001,59.0,49.65986394557823,44.52054794520548,45.07042253521127,54.34782608695652,54.34782608695652,54.34782608695652,,,,5.0,3.0,43,,
2019-06-28,296,121,170,146,142,143,5,12,1,10,6,3,1,90531597008.82,157511700229.32,7,4,49.829351535836174,48.63013698630137,49.65277777777778,40.0,18.0,3,0.5747610931569894,-49.0,6.682127729201154,1.2383661913732609,45.0,51.0,56.99999999999999,49.65986394557823,44.52054794520548,44.36619718309859,60.86956521739131,56.52173913043478,50.0,,,,11.0,6.0,40,,
2019-07-01,290,180,107,164,143,145,12,6,1,7,8,2,1,154397012672.22,54017805678.92,8,6,57.14285714285714,50.0,51.41843971631206,30.0,24.0,6,2.8582614701150693,73.0,10.53876921027169,0.5885546190378731,56.99999999999999,48.0,56.99999999999999,54.421768707483,47.94520547945205,46.478873239436616,67.5,62.5,55.00000000000001,,,,18.0,12.0,69,,
2019-07-02,289,152,134,166,151,148,1,6,2,7,4,1,0,123479139314.59,92007236779.73,2,1,58.04195804195804,52.98245614035088,52.66903914590747,18.0,24.0,3,1.3420589905357698,18.0,11.03350383053564,0.8452149765459375,57.99999999999999,54.0,60.0,54.054054054054056,50.0,47.22222222222222,73.68421052631578,62.16216216216216,54.054054054054056,,,,19.0,13.0,63,,
2019-07-03,288,166,118,161,151,149,5,2,1,7,5,0,0,148568612010.5,74051364525.13,5,4,56.49122807017544,53.16901408450704,53.21428571428572,18.0,14.0,5,2.006291348758089,48.0,12.90133441170864,0.7011841335445909,59.0,56.00000000000001,61.0,53.02013422818792,50.33557046979866,48.27586206896552,63.888888888888886,57.14285714285714,51.42857142857142,,,,24.0,17.0,62,,
2019-07-04,290,166,119,168,160,149,5,2,1,8,5,2,0,159136536466.56,68731965687.51,8,2,58.53658536585365,55.94405594405595,52.83687943262412,11.0,10.0,3,2.31532060628201,47.0,14.383822886553013,0.602490203476973,64.0,57.99999999999999,61.0,52.702702702702695,52.702702702702695,45.83333333333333,66.66666666666666,63.1578947368421,57.89473684210527,,,,30.0,17.0,60,,
2019-07-05,291,43,246,101,123,139,1,42,1,8,0,5,0,85566043492.56,203073118772.55,5,1,35.19163763066202,43.00699300699301,49.29078014184397,11.0,46.0,-5,0.4213558348330553,-203.0,3.0794314181121827,0.414843544380335,41.41414141414141,44.44444444444444,58.58585858585859,28.57142857142857,38.095238095238095,41.95804195804196,43.90243902439025,57.49999999999999,52.5,,,,28.0,14.0,21,,
2019-07-08,293,35,258,47,82,122,1,69,1,8,0,10,0,40230922391.65,231571897163.04,5,0,16.26297577854671,28.47222222222222,43.1095406360424,7.0,113.0,-10,0.1737297266400382,-223.0,-7.601220444495283,0.7808618441549876,13.131313131313131,27.27272727272727,47.474747474747474,15.64625850340136,25.170068027210885,38.732394366197184,25.58139534883721,42.85714285714285,47.61904761904761,,,,25.0,8.0,7,,
2019-07-09,295,168,124,67,88,121,15,6,1,10,1,6,0,164998207566.71,139150908928.33,6,0,23.02405498281787,30.344827586206897,42.45614035087719,17.0,117.0,-5,1.185750124360975,44.0,-3.345171684802196,1.142600520837027,20.2020202020202,27.27272727272727,47.474747474747474,22.14765100671141,30.2013422818792,38.88888888888889,32.55813953488372,38.095238095238095,42.85714285714285,,,,29.0,7.0,13,,
2019-07-10,295,90,199,51,80,113,3,16,1,10,0,6,0,71964589618.26,177582164672.16,1,0,17.525773195876287,27.58620689655172,39.64912280701755,19.0,91.0,-6,0.4052467191799135,-109.0,-7.339524136840598,1.1160147266531657,13.131313131313131,24.24242424242424,44.44444444444444,17.56756756756757,27.027027027027028,36.36363636363637,27.27272727272727,37.2093023255814,39.53488372093023,,,,25.0,3.0,7,,
2019-07-11,293,183,107,75,94,118,16,3,1,10,0,4,0,152026947359.13,91924290589.48,0,0,25.86206896551724,32.52595155709342,41.54929577464789,34.0,25.0,-4,1.6538278009461005,76.0,-1.4679978626492236,1.034134492631809,26.262626262626267,30.303030303030305,49.494949494949495,25.170068027210885,32.6530612244898,35.91549295774648,27.27272727272727,37.2093023255814,41.86046511627907,,,,17.0,1.0,20,,
2019-07-12,289,154,125,93,88,119,9,2,1,7,1,0,0,140239409387.96,130357368447.38,1,0,32.631578947368425,30.87719298245614,42.5,28.0,21.0,1,1.0758073061636633,29.0,1.2094970910976457,1.1451864966350906,33.33333333333333,27.27272727272727,48.48484848484848,32.87671232876712,32.19178082191781,39.71631205673759,30.0,35.0,37.5,,,,13.0,0.0,28,,
2019-07-15,292,104,184,82,86,117,6,8,2,7,1,6,1,106940707507.7,121556871086.52,0,0,28.671328671328677,30.069930069930063,41.637010676156585,31.0,13.0,-5,0.8797586393251541,-80.0,-1.9572922089042704,0.6424687022544219,26.262626262626267,26.262626262626267,47.474747474747474,28.37837837837838,31.756756756756754,39.16083916083916,35.8974358974359,33.33333333333333,35.8974358974359,,,,8.0,0.0,17,,
2019-07-16,290,190,98,104,102,121,10,6,2,7,1,3,0,198175980590.45,50614041451.74,0,0,36.36363636363637,35.66433566433567,43.06049822064057,25.0,16.0,-2,3.9154348261126097,92.0,3.9448894006386137,0.4951622479511351,39.39393939393939,36.36363636363637,50.505050505050505,36.054421768707485,34.69387755102041,40.845070422535215,30.0,37.5,32.5,,,,2.0,0.0,27,,
2019-07-17,292,129,152,116,109,122,9,7,3,6,2,2,0,123539495035.46,127027480246.61,2,1,40.41811846689895,37.97909407665505,43.26241134751773,25.0,21.0,0,0.9725414909877887,-23.0,3.2215302297945847,0.8726457620479781,43.43434343434344,38.38383838383838,50.505050505050505,40.13605442176871,38.095238095238095,40.845070422535215,34.14634146341464,36.58536585365854,34.14634146341464,,,,3.0,1.0,19,,
2019-07-18,292,55,234,79,86,115,4,20,6,5,1,9,1,48944843419.97,197402520516.26,2,2,27.62237762237762,30.069930069930063,40.92526690391459,23.0,33.0,-8,0.2479443691598579,-179.0,-5.213049512426032,0.9479656095404014,25.252525252525253,27.27272727272727,46.464646464646464,29.25170068027211,31.97278911564626,39.436619718309856,27.500000000000004,30.0,32.5,,,,5.0,3.0,23,,
2019-07-19,291,44,246,47,59,102,2,34,3,7,0,25,1,48210143398.47,244547628273.77,4,0,16.49122807017544,20.701754385964914,36.42857142857142,15.0,61.0,-25,0.1971400979791918,-202.0,-13.548549944462522,0.9072826403726604,16.161616161616163,19.19191919191919,42.42424242424242,16.3265306122449,21.7687074829932,33.80281690140845,17.94871794871795,20.51282051282051,30.76923076923077,,,,8.0,3.0,10,,
2019-07-22,290,118,168,50,55,105,7,20,3,8,0,15,0,153443236642.64,124367863790.13,4,1,17.6056338028169,19.366197183098592,37.5,13.0,74.0,-15,1.233785255824403,-50.0,-13.007660064131414,0.5692894683780514,22.22222222222222,20.2020202020202,44.44444444444444,16.3265306122449,19.727891156462583,34.72222222222222,10.526315789473683,15.789473684210526,29.72972972972973,,,,12.0,4.0,14,,
2019-07-23,292,134,151,57,67,100,15,9,4,6,1,9,0,121774684268.28,148347303357.26,2,0,20.0,23.50877192982456,35.714285714285715,24.0,63.0,-8,0.8208756176377131,-17.0,-10.83016091612766,1.08106173392849,21.21212121212121,24.24242424242424,41.41414141414141,18.91891891891892,22.972972972972972,33.33333333333333,21.052631578947366,23.684210526315788,29.72972972972973,,,,14.0,4.0,11,,
2019-07-24,292,65,225,43,51,97,6,29,1,6,0,22,0,71947995723.35,219259313066.1,2,1,15.19434628975265,18.02120141342756,34.89208633093525,28.0,58.0,-22,0.3281411161844691,-160.0,-16.064248340003815,0.8803800396853833,12.12121212121212,15.151515151515152,35.35353535353536,16.3265306122449,19.047619047619047,34.72222222222222,18.91891891891892,21.62162162162162,34.285714285714285,,,,14.0,4.0,10,,
2019-07-25,289,150,135,54,63,92,11,10,1,8,1,19,0,168023720659.39,171147718627.83002,0,0,19.148936170212767,22.34042553191489,33.2129963898917,32.0,48.0,-18,0.9817467741113552,15.0,-11.7090718457179,1.1317695564794212,18.181818181818183,22.22222222222222,33.33333333333333,19.310344827586206,22.75862068965517,33.098591549295776,21.052631578947366,21.052631578947366,33.33333333333333,,,,12.0,2.0,11,,
2019-07-26,286,177,108,67,60,94,18,11,1,10,1,5,1,214647384536.48,72671818025.85,2,1,24.014336917562723,21.50537634408602,34.306569343065696,35.0,50.0,-4,2.9536537046606988,69.0,-5.22685058387486,0.554868326744877,22.22222222222222,20.2020202020202,36.36363636363637,25.0,22.22222222222222,33.33333333333333,25.0,22.22222222222222,32.35294117647059,,,,10.0,3.0,20,,
2019-07-29,282,67,211,59,57,81,4,34,1,9,0,17,1,60565233329.64,201895656477.17,1,1,21.454545454545453,20.727272727272727,30.0,33.0,55.0,-17,0.29998284453677,-144.0,-10.308417152079684,1.0585123476445173,20.2020202020202,20.2020202020202,30.303030303030305,22.22222222222222,20.833333333333336,30.49645390070922,21.875,21.875,26.666666666666668,,,,7.0,3.0,13,,
2019-07-30,282,53,227,43,47,75,5,66,1,19,0,40,0,58979791567.51,233462154731.73,4,2,15.636363636363637,17.09090909090909,27.77777777777778,27.0,111.0,-40,0.2526310597761908,-174.0,-16.101614482134416,0.9241942634381414,15.151515151515152,18.181818181818183,26.262626262626267,16.666666666666664,15.27777777777778,28.368794326241137,12.5,21.875,30.0,,,,9.0,5.0,16,,
2019-07-31,286,192,88,56,49,81,26,9,1,16,0,9,0,205147434437.26,108610859791.66,3,2,20.14388489208633,17.62589928057554,29.56204379562044,35.0,109.0,-9,1.8888298539462705,104.0,-7.074290126920545,1.1551163156701385,20.2020202020202,19.19191919191919,31.313131313131315,21.91780821917808,17.80821917808219,30.55555555555556,12.12121212121212,12.12121212121212,19.35483870967742,,,,10.0,6.0,29,,
2019-08-01,286,82,201,43,45,72,4,19,1,18,0,8,0,60728517191.1,225740075513.13,3,1,15.412186379928317,16.18705035971223,26.277372262773724,35.0,94.0,-8,0.2690196548090007,-119.0,-10.470556352578072,1.5164698627489492,15.0,17.0,26.0,18.75,18.181818181818183,29.07801418439716,2.857142857142857,5.714285714285714,15.151515151515152,,,,13.0,7.0,17,,
2019-08-02,280,126,152,51,49,68,6,14,1,21,1,9,0,154445278691.19,168695309763.56,1,0,18.68131868131868,18.014705882352946,25.37313432835821,36.0,42.0,-8,0.9155279948663508,-26.0,-8.672011193752375,0.9054309350115096,19.0,17.0,26.0,21.27659574468085,20.714285714285715,26.811594202898554,6.25,9.375,16.666666666666664,,,,12.0,6.0,17,,
2019-08-05,282,54,228,38,38,64,6,34,1,19,0,23,0,62948169204.86,215550949441.62,2,1,13.818181818181818,13.86861313868613,23.616236162361623,16.0,67.0,-23,0.2920338294399809,-174.0,-14.490895026987635,0.8110091413633088,14.000000000000002,16.0,26.0,15.862068965517242,14.583333333333334,24.647887323943664,3.333333333333333,3.333333333333333,10.344827586206897,,,,13.0,6.0,10,,
2019-08-06,282,231,49,58,49,75,32,3,1,14,1,3,1,235907738256.9,67462747545.73,1,0,21.16788321167883,17.94871794871795,27.77777777777778,44.0,51.0,-2,3.4968593310995617,182.0,-1.5935862292688512,1.3481485149713877,18.0,19.0,29.0,26.20689655172414,20.13888888888889,28.87323943661972,6.896551724137931,3.4482758620689653,17.857142857142858,,,,10.0,4.0,19,,
2019-08-07,279,106,167,63,46,77,9,20,1,13,0,14,0,91324863700.15,198640319575.7,2,2,23.24723247232472,17.037037037037038,28.83895131086142,47.0,57.0,-14,0.4597498830812488,-61.0,-2.708419276072952,1.3805996744755746,24.0,21.0,30.0,25.0,17.482517482517483,31.91489361702128,11.11111111111111,0.0,7.6923076923076925,,,,9.0,4.0,13,,
2019-08-08,279,199,76,82,60,81,19,6,1,13,3,7,0,228662159644.25,66410897692.92,1,1,30.14705882352941,22.14022140221402,30.22388059701492,60.0,29.0,-4,3.443142128594167,123.0,5.5519405652899145,0.7604742862301415,30.0,23.0,32.0,33.56643356643357,23.239436619718308,31.428571428571427,13.79310344827586,13.79310344827586,17.857142857142858,,,,7.0,4.0,35,,
2019-08-09,279,170,108,112,76,86,16,7,1,11,3,4,0,191735777102.3,103275872057.49,5,4,41.32841328413284,28.14814814814815,32.20973782771536,44.0,33.0,-1,1.8565398992280355,62.0,9.536788526828715,0.8478536199133598,39.39393939393939,29.29292929292929,32.323232323232325,45.07042253521127,29.07801418439716,33.81294964028777,30.0,20.0,24.13793103448276,,,,11.0,8.0,49,,
2019-08-13,279,40,235,66,56,76,5,52,1,16,1,15,0,102536789789.8,222892123808.79,1,1,24.264705882352946,20.66420664206642,28.46441947565543,40.0,65.0,-14,0.4600287710379667,-195.0,0.0461495913102467,0.3700046098712355,19.19191919191919,22.22222222222222,28.28282828282828,27.08333333333333,20.27972027972028,29.07801418439716,27.58620689655172,17.24137931034483,25.925925925925924,,,,10.0,8.0,34,,
2019-08-14,284,195,87,87,75,80,26,4,0,12,0,6,0,218171318946.29,77385919519.84999,3,0,31.294964028776977,27.075812274368232,29.304029304029307,47.0,63.0,-6,2.8192637665864737,108.0,7.081422553485403,0.795022919426464,29.29292929292929,28.28282828282828,31.313131313131315,33.793103448275865,27.08333333333333,28.87323943661972,26.47058823529412,23.52941176470588,25.0,,,,12.0,8.0,44,,
2019-08-16,283,148,129,102,73,84,14,8,1,15,5,4,0,156226943426.2,107075550103.5,4,2,36.69064748201439,26.353790613718413,30.656934306569344,45.0,64.0,1,1.4590347028354271,19.0,8.611173823377738,0.7863327852831993,36.36363636363637,29.29292929292929,30.303030303030305,37.67123287671233,26.20689655172414,30.76923076923077,33.33333333333333,18.181818181818183,31.25,,,,14.0,8.0,41,,
2019-08-19,282,132,143,109,82,85,7,4,1,15,1,2,1,99735667372.67,114077440997.4,1,1,39.35018050541516,29.71014492753623,31.13553113553113,47.0,16.0,-1,0.8742803704278668,-11.0,8.376055290018796,1.0558133915613084,38.38383838383838,30.303030303030305,31.313131313131315,40.97222222222222,30.069930069930063,31.91489361702128,35.294117647058826,26.47058823529412,27.27272727272727,,,,14.0,8.0,33,,
2019-08-20,283,88,192,95,75,83,7,15,1,12,0,11,0,90842108380.09,153615995368.5,1,0,34.42028985507246,27.27272727272727,30.514705882352946,28.0,27.0,-11,0.5913583944313509,-104.0,3.483148667546807,0.7750517074743918,32.6530612244898,27.55102040816326,30.612244897959183,34.48275862068966,27.08333333333333,30.28169014084507,39.39393939393939,27.27272727272727,31.25,,,,10.0,4.0,14,,
2019-08-21,284,53,231,60,63,75,1,38,1,17,0,27,0,56273395625.19,185929835402.91,3,1,21.660649819494584,22.82608695652174,27.472527472527474,15.0,57.0,-27,0.3026593096435843,-178.0,-4.41770223800448,0.7580709468590867,21.649484536082475,26.804123711340207,29.89690721649485,23.28767123287671,22.06896551724138,27.27272727272727,14.705882352941178,14.705882352941178,21.21212121212121,,,,12.0,4.0,8,,
2019-08-22,284,43,238,53,51,73,2,58,0,27,1,39,0,28439825717.73,252016186108.42,0,0,19.13357400722021,18.47826086956521,26.73992673992674,10.0,111.0,-38,0.1128492028900671,-195.0,-12.000841251060812,1.601006159375058,19.587628865979383,19.587628865979383,28.865979381443296,19.310344827586206,18.055555555555557,26.05633802816901,17.142857142857142,17.142857142857142,23.52941176470588,,,,9.0,4.0,9,,
2019-08-23,288,200,85,63,63,75,42,8,1,23,0,11,0,226439359865.89,68018571913.82,1,1,22.5,22.58064516129032,27.173913043478255,45.0,104.0,-11,3.3290813596144044,115.0,-2.92442090096867,0.7067839209382137,25.773195876288657,27.835051546391757,30.927835051546392,21.232876712328768,20.689655172413797,27.27272727272727,18.91891891891892,16.216216216216218,16.666666666666664,,,,6.0,3.0,21,,
2019-08-26,288,239,46,112,78,86,53,2,1,17,1,0,0,254941069189.6,51913171835.05,0,0,40.14336917562724,28.05755395683453,31.272727272727277,97.0,68.0,1,4.910912975991047,193.0,8.750540602864962,1.0579809089092105,48.45360824742268,32.98969072164948,34.02061855670103,39.310344827586206,27.08333333333333,30.985915492957744,21.62162162162162,18.91891891891892,25.0,,,,5.0,2.0,33,,
2019-08-27,282,200,78,140,91,89,42,3,1,7,6,0,0,296664151754.51,103870202057.58,1,0,50.90909090909091,33.21167883211679,32.84132841328413,137.0,13.0,6,2.856104502329316,122.0,15.138879985628389,0.8977621659191366,57.73195876288659,34.02061855670103,34.02061855670103,46.52777777777778,34.96503496503497,31.91489361702128,50.0,23.52941176470588,33.33333333333333,,,,5.0,2.0,42,,
2019-08-28,288,88,198,117,78,88,7,17,1,15,7,2,1,64630640489.08,189057188386.07,1,0,41.785714285714285,27.956989247311824,31.88405797101449,102.0,22.0,5,0.341857620124441,-110.0,8.925215757962974,1.300086405219402,43.87755102040816,29.59183673469388,33.6734693877551,40.27777777777778,28.671328671328677,31.20567375886525,42.10526315789473,21.052631578947366,29.72972972972973,,,,3.0,1.0,34,,
2019-08-29,285,100,180,115,77,90,3,5,2,11,4,2,0,103599750595.94,174334580539.9,2,2,41.21863799283154,27.697841726618705,32.608695652173914,52.0,25.0,2,0.5942581803053646,-80.0,5.067906764519229,0.9348723736038076,41.41414141414141,28.28282828282828,31.313131313131315,43.26241134751773,27.857142857142858,33.093525179856115,33.33333333333333,25.64102564102564,34.21052631578947,,,,5.0,3.0,39,,
2019-08-30,286,197,84,138,98,95,21,2,1,5,6,1,0,226536653253.07,64878507249.44,5,4,49.28571428571429,35.12544802867383,34.29602888086642,31.0,24.0,5,3.4917056951094594,113.0,11.394568041302232,0.6716597273713173,47.474747474747474,33.33333333333333,33.33333333333333,50.349650349650354,38.0281690140845,35.46099290780142,50.0,28.947368421052637,32.432432432432435,,,,9.0,6.0,64,,
2019-09-03,288,48,235,105,74,86,4,36,1,11,2,5,0,25213005387.65,217732535628.95,9,3,37.5,26.523297491039425,31.04693140794224,28.0,43.0,-3,0.1157980607483342,-187.0,1.7468905927451883,1.763892398792822,32.0,28.000000000000004,29.0,39.58333333333333,25.874125874125877,32.3943661971831,44.44444444444444,25.0,31.428571428571427,,,,18.0,9.0,27,,
2019-09-04,287,154,129,109,81,89,7,9,2,6,1,4,0,134926436768.81,137450488075.96,3,1,38.92857142857143,28.92857142857143,32.014388489208635,32.0,47.0,-3,0.9816366508225484,25.0,4.089391921265193,1.216130681970846,39.0,29.0,33.0,37.76223776223776,27.972027972027973,32.3943661971831,43.24324324324324,32.432432432432435,27.77777777777778,,,,20.0,10.0,30,,
2019-09-05,281,177,102,120,92,87,16,0,3,3,1,0,0,155816719990.25,92521539922.57,8,3,43.63636363636363,33.45454545454545,31.868131868131865,27.0,45.0,1,1.684112911659824,75.0,8.571783597543469,1.0303906024547913,45.0,33.0,32.0,42.25352112676056,32.3943661971831,32.62411347517731,45.45454545454545,39.39393939393939,28.125,,,,27.0,13.0,43,,
2019-09-06,275,195,77,138,98,89,14,2,4,3,3,0,0,178760712013.99,69555764902.82,2,1,51.11111111111111,36.2962962962963,33.2089552238806,37.0,11.0,3,2.5700344502536336,118.0,14.51136956277368,0.985382718203488,54.0,42.0,37.0,48.59154929577465,33.098591549295776,31.20567375886525,53.57142857142857,32.142857142857146,29.629629629629623,,,,27.0,12.0,44,,
2019-09-09,277,195,77,161,114,93,14,1,5,4,5,1,1,172418871243.12,50157265317.48,0,0,59.19117647058824,42.066420664206646,34.44444444444444,44.0,3.0,4,3.437565229120084,118.0,19.51715871523164,0.7367038481232747,66.0,45.0,38.0,56.33802816901409,40.42553191489361,31.428571428571427,50.0,40.0,36.66666666666666,,,,22.0,8.0,47,,
2019-09-11,277,186,87,193,133,106,41,6,6,1,4,0,0,214146914578.26,97031141784.21,3,3,70.95588235294117,49.25925925925926,39.55223880597015,69.0,9.0,4,2.206991597135966,99.0,22.749522647007037,0.9687082802024132,75.0,47.0,43.0,65.95744680851064,48.92086330935252,35.507246376811594,80.64516129032258,58.06451612903226,46.66666666666666,,,,16.0,8.0,61,,
2019-09-12,283,115,161,190,133,105,13,5,6,1,1,0,0,97220251710.86,170324274059.19,4,2,68.34532374100719,48.188405797101446,38.46153846153847,68.0,12.0,1,0.570795045203449,-46.0,18.149446195439964,1.25138737676169,67.0,40.0,41.0,67.13286713286713,51.06382978723404,35.714285714285715,77.14285714285715,60.0,42.42424242424242,,,,17.0,9.0,54,,
2019-09-13,283,200,78,209,150,110,11,2,6,2,0,1,0,208658007100.57,53362079839.96,2,2,75.45126353790613,54.54545454545454,40.44117647058824,65.0,13.0,-1,3.9102300308826647,122.0,22.52563359837292,0.6557421286859085,74.0,48.0,42.0,74.64788732394366,55.00000000000001,38.1294964028777,82.85714285714286,71.42857142857143,45.45454545454545,,,,11.0,8.0,72,,
2019-09-16,282,124,153,193,151,111,18,4,12,2,0,1,0,83012138893.08,162166036644.88,5,1,69.92753623188406,55.1094890510949,40.959409594095945,42.0,11.0,-1,0.5118959592930331,-29.0,18.60464565988873,1.5832465594359686,64.0,46.0,43.0,71.83098591549296,59.285714285714285,39.568345323741006,79.41176470588235,64.70588235294117,40.625,,,,14.0,8.0,53,,
2019-09-17,287,37,248,127,120,92,2,56,7,3,0,2,0,32552216585.1,231577623400.02,4,0,45.19572953736655,43.01075268817204,33.33333333333333,31.0,62.0,-2,0.1405671934410964,-211.0,6.059177744185309,1.0613681950590776,31.0,32.0,35.0,50.0,48.59154929577465,30.985915492957744,64.86486486486487,51.35135135135135,38.23529411764706,,,,18.0,8.0,27,,
2019-09-18,286,183,96,139,132,98,11,5,7,2,0,2,1,136795419371.18,101035940553.15,8,2,49.29078014184397,47.14285714285714,35.507246376811594,31.0,65.0,-2,1.3539283013772585,87.0,10.202506787537956,1.4079401383817025,34.0,36.0,35.0,54.86111111111112,51.40845070422535,34.04255319148936,68.42105263157895,60.526315789473685,42.85714285714285,,,,23.0,7.0,32,,
2019-09-19,286,44,240,107,109,90,2,25,6,4,0,6,0,38793693764.95,194754531126.65,7,6,37.80918727915194,38.92857142857143,32.608695652173914,15.0,86.0,-6,0.1991927660965291,-196.0,-0.4559594143332237,0.9203814823500652,28.000000000000004,31.0,32.0,40.27777777777778,40.42553191489361,32.142857142857146,53.84615384615385,53.84615384615385,36.11111111111111,,,,26.0,11.0,21,,
2019-09-20,286,255,31,229,190,132,165,1,10,2,14,1,1,654340057927.62,73381738243.08,4,3,81.20567375886525,68.10035842293907,48.0,178.0,31.0,13,8.91693319883064,224.0,11.433331780138586,0.922492775059886,79.7979797979798,64.64646464646465,47.474747474747474,84.82758620689656,72.53521126760563,48.93617021276596,71.05263157894737,60.526315789473685,45.71428571428572,,,,28.0,12.0,52,,
2019-09-23,296,223,73,243,216,150,100,9,32,1,25,1,4,425623144807.56,131530343575.48,3,3,83.50515463917526,75.0,53.003533568904594,267.0,35.0,24,3.2359312173719967,150.0,17.841509092511288,0.944023316734415,78.78787878787878,65.65656565656566,51.51515151515152,86.39455782312925,79.86111111111111,52.816901408450704,84.44444444444444,80.0,57.14285714285714,,,,26.0,14.0,77,,
2019-09-24,297,128,166,240,212,144,19,12,48,1,6,1,5,204025969590.21,178159868688.19,1,1,81.91126279863481,73.10344827586206,50.526315789473685,284.0,22.0,5,1.145184777539829,-38.0,13.831293149127395,0.6733274424114319,78.78787878787878,67.67676767676768,49.494949494949495,83.89261744966443,76.02739726027397,50.69444444444444,82.22222222222221,75.55555555555556,52.38095238095239,,,,23.0,15.0,81,,
2019-09-25,303,73,229,209,193,139,8,45,34,1,2,4,2,86950036514.98999,256922311272.7,62,38,69.89966555183946,65.2027027027027,47.76632302405498,127.0,66.0,-2,0.3384292943819126,-156.0,4.433402051788529,0.9419317354267908,59.59595959595959,58.58585858585859,47.474747474747474,75.83892617449665,68.4931506849315,46.85314685314685,72.54901960784314,68.62745098039215,51.02040816326531,,,,77.0,51.0,62,,
2019-09-26,310,200,107,228,207,154,32,11,31,1,8,3,2,327733254653.27,94051895031.0,58,16,74.50980392156863,68.31683168316832,51.67785234899329,59.0,68.0,5,3.484600225707812,93.0,8.826038153304856,0.5364055436588852,70.70707070707071,62.62626262626263,51.51515151515152,78.37837837837837,71.72413793103448,51.40845070422535,71.1864406779661,69.49152542372882,52.63157894736842,,,,128.0,61.0,59,,
2019-09-27,312,96,213,210,202,149,8,31,20,3,8,6,2,97579296255.18,189398295510.87,8,2,67.96116504854369,66.01307189542483,49.501661129568106,48.0,87.0,2,0.5152068343169419,-117.0,2.0376118293347885,0.8748024974273751,62.0,56.99999999999999,49.0,70.74829931972789,68.75,51.06382978723404,70.96774193548387,74.19354838709677,46.66666666666666,,,,132.0,60.0,42,,
2019-09-30,312,92,218,186,176,143,6,59,17,7,2,13,1,111886522456.34,230305739225.13,2,1,60.19417475728155,57.51633986928104,47.50830564784053,46.0,101.0,-11,0.485817343644085,-126.0,-4.226680736806292,0.8686769917646835,61.61616161616161,54.54545454545454,48.48484848484848,58.66666666666666,58.50340136054422,46.52777777777778,61.66666666666667,60.0,48.27586206896552,,,,131.0,58.0,26,,
2019-10-01,317,62,254,144,157,137,7,49,19,8,3,11,0,110370102111.61,297219948689.69,8,1,45.85987261146497,50.482315112540185,44.77124183006536,21.0,139.0,-8,0.37134150180088,-192.0,-12.861517477172889,0.6573315587005522,44.44444444444444,51.51515151515152,47.474747474747474,45.33333333333333,47.61904761904761,42.36111111111111,49.23076923076923,55.38461538461539,46.03174603174603,,,,138.0,58.0,23,,
2019-10-03,315,119,191,137,151,129,17,17,13,7,1,6,0,139071522978.95,169034773756.83,6,1,43.91025641025641,48.86731391585761,42.43421052631579,30.0,125.0,-5,0.8227391316476425,-72.0,-14.179995302800464,0.7572711996413098,42.42424242424242,48.48484848484848,48.48484848484848,44.66666666666666,49.65986394557823,38.88888888888889,44.44444444444444,47.61904761904761,40.98360655737705,,,,82.0,21.0,21,,
2019-10-04,313,80,232,114,135,118,4,15,15,8,1,5,0,54071295577.8,245880481730.6,3,0,36.65594855305466,43.83116883116883,38.81578947368421,28.0,81.0,-4,0.2199088565193371,-152.0,-19.23639386719804,1.568047743345776,34.0,44.0,42.0,36.66666666666666,42.17687074829932,36.80555555555556,40.98360655737705,47.540983606557376,38.333333333333336,,,,27.0,5.0,24,,
2019-10-07,314,98,210,110,121,116,5,28,12,9,2,10,0,96733042202.55,179828543490.33,1,0,35.36977491961415,39.285714285714285,38.15789473684211,26.0,60.0,-8,0.5379181765310337,-112.0,-21.46343267042198,0.8675421040354893,34.0,38.0,41.0,34.899328859060404,38.35616438356164,37.06293706293706,38.70967741935484,43.54838709677419,36.0655737704918,,,,20.0,3.0,23,,
2019-10-09,315,225,86,134,139,122,36,8,10,11,4,3,2,247617161056.9,71361286101.31999,0,0,42.94871794871795,44.98381877022653,40.0,45.0,51.0,1,3.469908890169508,139.0,-10.710233683826331,0.7539907105859585,43.0,48.0,46.0,42.95302013422819,44.52054794520548,37.06293706293706,42.85714285714285,41.26984126984127,37.096774193548384,,,,18.0,2.0,37,,
2019-10-10,312,89,219,119,131,119,8,19,10,11,2,7,0,90232144869.75,204359790644.35,1,1,38.51132686084142,42.671009771986974,39.27392739273928,49.0,55.0,-5,0.4415357081021,-130.0,-14.912697381867924,0.9204073115870242,44.0,47.0,46.0,36.48648648648648,41.78082191780822,36.36363636363637,34.42622950819672,37.704918032786885,35.0,,,,11.0,2.0,19,,
2019-10-11,310,169,136,131,139,121,10,10,11,15,3,9,0,186471748527.69,150082896708.96,1,1,42.671009771986974,45.57377049180328,40.33333333333333,54.0,37.0,-6,1.2424583521285246,33.0,-10.28124035678415,1.000151881706684,46.0,50.0,46.0,41.21621621621622,42.465753424657535,37.76223776223776,40.67796610169492,45.76271186440678,36.84210526315789,,,,6.0,2.0,28,,
2019-10-14,310,187,121,149,152,128,18,9,11,17,1,7,0,181950133511.19,88414373488.91,3,2,48.69281045751634,50.0,42.80936454849498,36.0,38.0,-6,2.0579248184574013,66.0,-4.619938398553597,0.7509771647600819,56.99999999999999,53.0,50.0,43.24324324324324,46.57534246575342,39.16083916083916,48.27586206896552,53.44827586206896,39.285714285714285,,,,6.0,4.0,40,,
2019-10-15,311,192,114,165,156,128,12,8,13,20,0,6,0,239123837815.64,73829743763.66,2,2,53.74592833876222,51.31578947368421,42.80936454849498,40.0,27.0,-6,3.2388550416903925,78.0,0.8435744677262917,0.5200018230629989,66.66666666666666,58.58585858585859,50.505050505050505,46.97986577181208,47.26027397260274,39.16083916083916,49.15254237288136,49.15254237288136,38.59649122807017,,,,7.0,6.0,44,,
2019-10-16,309,175,131,160,161,128,19,9,11,15,4,4,1,182680986081.6,152043093431.42,3,1,52.459016393442624,53.31125827814569,42.95302013422819,49.0,26.0,0,1.2015079538223117,44.0,3.810660096056967,1.1118343897313725,62.62626262626263,57.57575757575758,50.505050505050505,49.66442953020135,52.73972602739726,39.86013986013986,42.10526315789473,47.368421052631575,37.5,,,,10.0,7.0,51,,
2019-10-17,313,231,81,198,178,137,36,4,13,13,7,1,0,278859872136.79,57678423176.57,1,1,64.49511400651465,58.55263157894737,45.66666666666666,67.0,21.0,6,4.83473466816388,150.0,11.628465007799411,0.5898672931590099,72.72727272727273,61.61616161616161,51.51515151515152,65.1006711409396,60.273972602739725,44.05594405594406,49.15254237288136,49.15254237288136,39.6551724137931,,,,10.0,7.0,67,,
2019-10-18,305,239,63,233,205,146,55,3,21,5,7,0,1,296514013324.06,84196315356.23999,1,0,77.66666666666666,69.02356902356902,49.829351535836174,110.0,16.0,7,3.521698212914547,176.0,19.554545882300204,1.0772220003800892,82.82828282828282,70.70707070707071,53.535353535353536,77.3972602739726,69.93006993006993,48.57142857142857,69.0909090909091,63.63636363636363,46.2962962962963,,,,10.0,6.0,64,,
2019-10-22,316,163,148,245,208,151,37,14,23,4,12,1,2,203463178735.93,237350582174.42,4,3,79.28802588996764,67.97385620915033,50.16611295681063,128.0,21.0,11,0.8572263732069237,15.0,18.18357230058688,1.2847847263858023,80.8080808080808,63.63636363636363,53.535353535353536,80.27210884353741,71.52777777777779,49.645390070921984,74.60317460317461,66.66666666666666,45.90163934426229,,,,11.0,7.0,70,,
2019-10-23,315,159,151,245,211,154,17,11,26,4,9,2,3,225892570293.98,142091811947.1,3,2,79.03225806451613,68.95424836601308,51.16279069767442,109.0,28.0,7,1.589764865396175,8.0,16.570472026719056,0.6623496061399778,79.7979797979798,67.67676767676768,54.54545454545454,79.72972972972973,68.75,51.42857142857142,76.19047619047619,71.42857142857143,45.16129032258064,,,,12.0,7.0,70,,
2019-10-24,307,127,179,215,197,149,15,23,13,9,6,4,2,154626675230.53,215780006749.96,7,3,71.42857142857143,66.32996632996633,51.02739726027398,69.0,48.0,2,0.7165940791247967,-52.0,12.108418932428473,0.990096384232544,72.72727272727273,63.63636363636363,52.52525252525253,70.06802721088435,65.73426573426573,51.07913669064749,72.72727272727273,72.72727272727273,48.14814814814815,,,,16.0,9.0,54,,
2019-10-25,301,139,160,209,197,146,17,14,8,7,6,2,1,201974527180.2,155658167815.62,6,5,70.84745762711864,67.46575342465754,50.69444444444444,49.0,48.0,4,1.2975517444060023,-21.0,9.78282144214788,0.6695301391604228,69.6969696969697,67.67676767676768,53.535353535353536,69.6551724137931,66.19718309859155,50.72463768115942,76.47058823529412,70.58823529411765,45.09803921568628,,,,21.0,13.0,67,,
2019-10-27,296,227,67,220,205,147,14,1,9,6,7,1,2,43018732235.39,8836341282.39,5,3,75.86206896551724,71.18055555555556,51.9434628975265,46.0,38.0,6,4.868387363118523,160.0,16.795521480747233,0.6959305923681187,73.73737373737373,70.70707070707071,52.52525252525253,75.17241379310344,68.53146853146853,51.44927536231884,82.6086956521739,80.43478260869566,52.17391304347826,,,,25.0,16.0,78,,
2019-10-29,292,197,93,230,212,151,43,10,14,5,15,1,0,316084022652.59,84726123118.44,11,8,80.7017543859649,74.91166077738515,54.51263537906137,74.0,25.0,14,3.730656036400144,104.0,19.90740240634594,0.567803504055143,80.8080808080808,74.74747474747475,53.535353535353536,78.62068965517241,72.91666666666666,52.51798561151079,87.8048780487805,82.5,64.1025641025641,,,,32.0,21.0,81,,
2019-10-30,295,163,129,231,221,159,24,5,12,6,11,1,2,227319248293.05,156067486561.25,6,3,80.20833333333334,77.27272727272727,56.785714285714285,81.0,16.0,10,1.456544558394209,34.0,18.96852358570111,0.8675092596315123,81.81818181818183,77.77777777777779,54.54545454545454,77.93103448275862,75.0,55.39568345323741,84.0909090909091,83.72093023255815,66.66666666666666,,,,35.0,22.0,76,,
2019-10-31,296,184,111,242,237,167,25,3,14,6,12,0,1,332252602322.61,129268696363.02,2,1,83.73702422145328,82.57839721254355,59.4306049822064,92.0,18.0,12,2.5702479538399507,73.0,20.020939576121275,0.6449407556890053,85.85858585858585,83.83838383838383,57.57575757575758,82.06896551724138,80.55555555555556,57.55395683453237,84.44444444444444,86.36363636363636,69.76744186046511,,,,30.0,20.0,76,,
2019-11-01,298,170,124,250,245,168,26,3,17,3,6,0,1,223382274851.61,158259231920.07,16,10,85.91065292096219,84.48275862068965,59.15492957746479,75.0,11.0,6,1.4114960128482796,46.0,19.47065055004991,0.971287009992318,83.83838383838383,87.87878787878788,57.57575757575758,86.11111111111111,81.25,56.11510791366906,89.58333333333334,87.2340425531915,71.73913043478261,,,,40.0,25.0,74,,
2019-11-04,300,149,149,251,251,175,18,8,31,2,6,0,0,191051959012.26,159819748014.91998,13,6,85.6655290102389,85.6655290102389,61.18881118881119,69.0,14.0,6,1.1954214756640984,0.0,16.602800180008646,0.8365250418848842,83.83838383838383,84.84848484848484,61.61616161616161,84.82758620689656,83.44827586206897,56.42857142857143,91.83673469387756,93.87755102040816,74.46808510638297,,,,48.0,28.0,70,,
2019-11-05,303,83,216,225,237,166,9,16,28,2,6,1,1,156827337931.09,182226606302.02,20,4,76.01351351351352,80.06756756756756,57.43944636678201,53.0,27.0,5,0.8606171245441866,-133.0,7.417774112723315,0.4464926949516332,75.75757575757575,79.7979797979798,56.56565656565656,73.10344827586206,76.55172413793103,54.285714285714285,84.61538461538461,90.3846153846154,68.0,,,,57.0,24.0,44,,
2019-11-06,310,160,148,232,243,168,17,10,31,2,5,1,3,199994928694.97,162360109187.87,8,2,76.56765676567657,80.19801980198021,56.949152542372886,44.0,34.0,4,1.2317984367918355,12.0,6.777487954630747,0.8776444658402952,79.7979797979798,78.78787878787878,56.56565656565656,74.65753424657534,78.76712328767124,54.60992907801418,75.86206896551724,86.20689655172413,63.63636363636363,,,,59.0,23.0,47,,
2019-11-07,316,189,122,237,250,179,23,3,41,2,8,0,2,229682606076.52,129387719735.48,13,5,76.69902912621359,80.90614886731392,59.46843853820598,49.0,29.0,8,1.7751499643558342,67.0,8.946155849688443,0.8727039174017157,74.74747474747475,76.76767676767676,59.59595959595959,75.34246575342466,80.82191780821918,56.73758865248227,82.8125,87.5,65.57377049180327,,,,70.0,27.0,53,,
2019-11-08,319,102,216,206,228,171,14,18,32,4,4,1,2,180707944441.92,217155518241.64,6,2,66.02564102564102,73.07692307692307,56.25,54.0,31.0,3,0.8321591175999362,-114.0,1.705636120714332,0.5674662600395192,61.61616161616161,68.68686868686868,58.58585858585859,67.3469387755102,73.46938775510205,52.816901408450704,69.6969696969697,78.78787878787878,60.31746031746032,,,,60.0,19.0,44,,
2019-11-11,327,189,134,213,234,177,24,3,42,3,4,1,4,192624640131.93,109734371821.8,10,6,66.5625,73.125,56.730769230769226,61.0,24.0,3,1.7553719671784995,55.0,3.956463571837896,0.8035036377281993,61.61616161616161,72.72727272727273,55.55555555555556,68.70748299319727,72.78911564625851,54.929577464788736,68.91891891891892,74.32432432432432,61.97183098591549,,,,57.0,19.0,47,,
2019-11-13,331,93,238,182,211,172,13,38,39,2,7,1,3,114310839801.0,256901047162.89,12,2,56.17283950617284,65.3250773993808,54.6031746031746,51.0,59.0,6,0.4449605833195392,-145.0,-4.138861275310648,0.878181837154764,49.0,65.65656565656566,52.52525252525253,59.18367346938776,63.94557823129252,52.11267605633802,59.74025974025974,67.53246753246754,62.16216216216216,,,,49.0,17.0,39,,
2019-11-14,333,136,196,172,204,173,21,14,40,2,6,3,0,171429246858.69,164577635874.7,9,6,52.4390243902439,62.38532110091744,54.2319749216301,58.0,55.0,3,1.0416314825983186,-60.0,-6.7896697132461,0.666144949161436,47.0,58.58585858585859,52.52525252525253,53.06122448979592,61.90476190476191,48.59154929577465,58.0246913580247,67.90123456790124,66.66666666666666,,,,50.0,21.0,48,,
2019-11-15,333,155,173,182,210,173,12,12,32,1,3,0,1,214820256525.26,139166447751.37,4,3,55.319148936170215,64.02439024390245,54.0625,46.0,64.0,3,1.5436210379462334,-18.0,-6.922162579114682,0.5804233909752149,52.0,63.63636363636363,52.52525252525253,58.108108108108105,64.1891891891892,51.40845070422535,54.32098765432099,64.19753086419753,60.75949367088608,,,,41.0,19.0,45,,
2019-11-18,335,168,161,193,209,174,16,8,37,1,7,1,1,177697882856.85,124863107482.24,5,1,58.30815709969789,63.33333333333333,54.03726708074535,49.0,34.0,6,1.423141602351399,7.0,-5.750833166536744,0.733221668979017,57.99999999999999,64.64646464646465,52.52525252525253,61.74496644295302,63.758389261744966,52.77777777777778,52.4390243902439,60.97560975609756,58.22784810126582,,,,40.0,18.0,47,,
2019-11-19,333,169,159,189,219,171,17,7,28,0,7,1,1,198022855440.5,193113800619.37,5,2,57.44680851063831,66.76829268292683,53.43750000000001,45.0,27.0,6,1.025420528234571,10.0,-4.570592352949923,1.036543596012214,52.0,63.63636363636363,50.505050505050505,61.74496644295302,68.45637583892618,51.388888888888886,56.25,67.5,61.03896103896104,,,,35.0,14.0,47,,
2019-11-20,331,180,148,195,227,179,22,3,21,0,5,0,1,267224546260.02,120634807363.43,1,0,59.63302752293578,69.6319018404908,56.28930817610063,55.0,18.0,5,2.215152923939829,32.0,-2.4386334955684426,0.549043907114583,54.0,69.6969696969697,55.55555555555556,65.1006711409396,71.14093959731544,54.86111111111112,56.41025641025641,66.66666666666666,60.0,,,,24.0,12.0,54,,
2019-11-21,335,101,230,188,217,173,12,15,11,1,1,0,2,158444204686.93,188213930647.93,3,1,56.62650602409639,65.55891238670695,53.72670807453416,51.0,25.0,1,0.8418303796189944,-129.0,-8.653615505029435,0.521637666463588,53.0,66.66666666666666,51.51515151515152,58.38926174496645,66.44295302013423,52.083333333333336,57.831325301204814,62.65060240963856,59.49367088607595,,,,18.0,7.0,34,,
2019-11-22,337,138,192,181,214,175,14,10,12,1,1,1,1,145930973609.75,163956159263.63,2,1,54.19161676646706,64.26426426426426,54.01234567901234,48.0,28.0,0,0.8900609422980154,-54.0,-10.174157045593438,0.8075289745264925,50.0,63.63636363636363,52.52525252525253,54.36241610738255,63.758389261744966,52.083333333333336,58.82352941176471,65.88235294117646,59.25925925925925,,,,16.0,5.0,31,,
2019-11-25,336,255,80,214,232,188,28,5,23,1,3,0,2,281882567362.37,41163368478.81,4,2,64.45783132530121,70.09063444108762,58.38509316770186,54.0,30.0,3,6.847898453875974,175.0,0.0266507224523095,0.4654712714374211,62.0,67.67676767676768,59.59595959595959,65.54054054054053,71.62162162162163,57.04225352112676,65.47619047619048,70.23809523809523,59.25925925925925,,,,15.0,6.0,50,,
2019-11-26,337,108,225,188,221,179,7,19,21,1,3,3,1,305888294910.69,454394712068.9,2,1,56.2874251497006,66.36636636636636,55.24691358024691,49.0,34.0,0,0.6731774969782396,-117.0,-5.851791889480839,0.7130363123464835,54.0,62.62626262626263,55.55555555555556,53.74149659863946,65.98639455782312,53.90070921985816,63.2183908045977,71.26436781609196,57.14285714285714,,,,12.0,5.0,35,,
2019-11-27,350,200,144,213,235,187,19,2,18,1,5,0,1,221002105646.01,90115272912.25,1,1,61.38328530259366,67.91907514450867,55.65476190476191,54.0,26.0,5,2.452437844373078,56.0,-2.198601363236277,0.5663299039670192,63.0,65.65656565656566,56.56565656565656,60.13513513513513,66.8918918918919,54.60992907801418,61.61616161616161,71.71717171717171,56.25,,,,12.0,6.0,59,,
2019-11-28,349,211,136,237,244,197,24,1,22,1,7,0,1,304500737075.14,87244562161.57,5,3,68.29971181556196,70.52023121387283,58.63095238095239,50.0,22.0,7,3.490197320392632,75.0,1.8858695435190052,0.444522313730033,69.0,71.71717171717171,63.63636363636363,66.66666666666666,70.06802721088435,56.42857142857143,70.0,70.0,56.70103092783505,,,,14.0,8.0,64,,
2019-11-29,344,148,192,221,239,189,12,6,21,1,5,0,1,119756014565.56,265768620851.97,5,1,64.61988304093568,70.08797653958945,57.09969788519638,55.0,9.0,5,0.4506025360769083,-44.0,-0.581337178922823,1.710672425513753,60.0,68.68686868686868,59.59595959595959,63.94557823129252,70.74829931972789,55.71428571428572,70.52631578947368,70.52631578947368,56.52173913043478,,,,17.0,8.0,42,,
2019-12-02,342,108,229,173,217,188,7,19,15,1,10,0,1,166929159762.83002,185659147169.56,4,4,51.03244837758112,64.20118343195266,57.3170731707317,43.0,26.0,10,0.8991162692909274,-121.0,-6.537892240715974,0.5245325177976694,51.0,62.62626262626263,60.60606060606061,49.65986394557823,66.66666666666666,54.285714285714285,53.2608695652174,61.95652173913043,58.42696629213483,,,,17.0,10.0,52,,
2019-12-03,342,93,248,150,194,168,4,32,11,1,3,1,2,80629304170.32,223965637380.92,7,3,44.11764705882353,57.227138643067846,50.90909090909091,23.0,57.0,2,0.3600074775452538,-155.0,-13.298057357345538,1.0416450307004017,43.0,56.56565656565656,51.51515151515152,41.49659863945578,58.50340136054422,51.77304964539007,49.46236559139785,55.91397849462365,48.888888888888886,,,,22.0,12.0,40,,
2019-12-04,335,202,130,167,204,177,12,2,7,2,3,1,2,226926138463.17,108396245363.67,6,3,50.15015015015016,61.44578313253012,54.79876160990712,23.0,53.0,2,2.0934870733006625,72.0,-7.661508245277087,0.742228683263999,51.0,61.61616161616161,53.535353535353536,46.62162162162162,59.45945945945946,54.22535211267606,55.294117647058826,64.70588235294117,57.3170731707317,,,,27.0,14.0,44,,
2019-12-05,337,117,217,152,202,176,13,8,6,3,2,2,2,91860708835.63,209650977669.3,4,2,45.50898203592814,60.66066066066066,54.32098765432099,29.0,42.0,0,0.438160173908321,-100.0,-11.403951213232174,1.2305328941768596,44.44444444444444,60.204081632653065,53.06122448979592,45.94594594594595,62.83783783783784,55.633802816901415,45.97701149425287,57.47126436781609,53.57142857142857,,,,26.0,13.0,26,,
2019-12-06,337,75,261,108,172,160,5,29,3,3,0,2,1,73682110056.46,221810231289.56,3,1,32.33532934131736,51.651651651651655,49.38271604938272,30.0,39.0,-2,0.332185353345006,-186.0,-18.846720194767613,0.8650481393760718,29.29292929292929,48.97959183673469,47.95918367346938,30.405405405405407,52.02702702702703,52.11267605633802,39.08045977011494,54.02298850574713,46.42857142857143,,,,24.0,13.0,30,,
2019-12-09,333,154,176,109,168,158,10,16,5,4,2,3,1,139074498273.26,132677521634.82,3,1,33.03030303030303,51.06382978723404,49.375,28.0,53.0,-1,1.0482144718986155,-22.0,-16.916054073006578,0.8347528329914442,29.29292929292929,43.87755102040816,48.97959183673469,34.45945945945946,54.729729729729726,50.0,34.93975903614458,53.01204819277109,48.75,,,,23.0,10.0,23,,
2019-12-10,331,68,263,87,138,151,5,28,4,5,1,5,1,70579902122.79,197525230539.42,8,2,26.44376899696049,42.073170731707314,47.33542319749217,20.0,73.0,-4,0.357320945430839,-195.0,-23.83075426853586,0.7235935547189811,22.22222222222222,37.755102040816325,45.91836734693878,26.351351351351347,43.24324324324324,48.59154929577465,31.70731707317073,45.1219512195122,46.83544303797469,,,,24.0,9.0,14,,
2019-12-11,331,181,147,105,144,146,13,7,3,6,1,4,1,168724291386.22,120426701026.84,1,1,31.91489361702128,43.90243902439025,45.76802507836991,28.0,51.0,-3,1.401053835632479,34.0,-18.17366916437072,0.8788331223910172,34.34343434343434,43.87755102040816,44.89795918367347,32.432432432432435,47.2972972972973,47.88732394366197,28.04878048780488,37.80487804878049,43.03797468354431,,,,19.0,7.0,19,,
2019-12-12,325,228,97,132,168,148,20,2,4,5,4,1,1,225144213060.53,55930925477.22,3,2,40.86687306501548,52.17391304347826,47.28434504792333,38.0,37.0,3,4.025397597832143,131.0,-8.395993054487668,0.5839213162901931,43.43434343434344,52.04081632653062,45.91836734693878,43.91891891891892,54.729729729729726,50.0,31.57894736842105,47.368421052631575,43.83561643835616,,,,18.0,7.0,31,,
2019-12-13,323,245,75,172,191,158,30,1,6,2,4,1,1,279992643169.83,53736609296.52,1,1,53.75,59.87460815047022,50.967741935483865,63.0,10.0,3,5.210463533804736,170.0,1.955899984734781,0.6269435810217275,59.18367346938776,62.88659793814433,49.48453608247423,55.4054054054054,60.810810810810814,53.52112676056338,43.24324324324324,54.054054054054056,47.88732394366197,,,,16.0,7.0,41,,
2019-12-16,317,116,200,149,181,153,8,5,5,2,4,0,1,106241134062.14,151683753718.82,1,1,47.452229299363054,57.82747603833865,50.32894736842105,58.0,8.0,4,0.7004120840725095,-84.0,-1.903010966653703,0.8280839425665248,46.93877551020408,58.76288659793815,49.48453608247423,47.2972972972973,58.108108108108105,51.40845070422535,48.52941176470589,55.88235294117647,49.23076923076923,,,,14.0,7.0,40,,
2019-12-17,317,208,106,174,191,159,12,3,6,1,3,0,1,227223878541.7,82323464327.92,3,2,55.4140127388535,61.0223642172524,52.131147540983605,50.0,9.0,3,2.760135040437518,102.0,4.107135224742414,0.7109304878910386,55.10204081632652,63.91752577319587,51.546391752577314,56.75675675675676,60.810810810810814,54.54545454545454,52.94117647058824,57.35294117647059,47.69230769230769,,,,9.0,7.0,60,,
2019-12-18,317,143,173,178,198,164,7,5,5,1,2,0,1,196611610281.03,128317556711.08,8,6,56.507936507936506,63.05732484076433,53.59477124183007,27.0,13.0,2,1.5322268855517642,-30.0,2.6252745422623835,0.5394694500991363,60.204081632653065,64.94845360824742,53.608247422680414,52.702702702702695,61.48648648648649,53.52112676056338,59.42028985507246,63.76811594202898,53.73134328358209,,,,16.0,12.0,59,,
2019-12-19,315,167,143,173,197,166,6,4,6,1,3,1,1,197305002367.05,89254986302.76001,2,0,55.27156549520767,63.14102564102564,54.60526315789473,25.0,12.0,2,2.2105768040541256,24.0,4.045157286030644,0.5282929621311514,64.28571428571429,67.0103092783505,55.67010309278351,50.67567567567568,60.810810810810814,56.33802816901409,52.23880597014925,62.68656716417911,49.23076923076923,,,,15.0,10.0,64,,
2019-12-20,314,146,165,186,199,170,4,2,6,0,4,0,1,240675954228.47,130431714034.09,12,7,59.61538461538461,63.9871382636656,56.10561056105611,17.0,11.0,4,1.8452257260497724,-19.0,3.088931245522353,0.4795340062501477,68.36734693877551,71.1340206185567,57.73195876288659,55.4054054054054,63.51351351351351,57.74647887323944,56.060606060606055,54.54545454545454,50.0,,,,26.0,16.0,59,,
2019-12-23,315,135,174,181,199,166,3,3,3,2,6,1,1,129637941607.59,137683312356.81,9,8,57.82747603833865,63.78205128205128,54.60526315789473,13.0,9.0,5,0.9415661156642556,-39.0,1.2559133246601526,0.824012308915941,68.36734693877551,69.0721649484536,57.73195876288659,51.67785234899329,62.41610738255034,53.84615384615385,56.060606060606055,59.09090909090909,51.5625,,,,34.0,23.0,48,,
2019-12-24,314,118,192,174,196,166,8,1,3,1,3,0,1,109734597603.18,109330357342.4,7,5,55.76923076923077,63.022508038585215,54.78547854785478,15.0,6.0,3,1.0036974201000186,-74.0,-2.067596564300331,0.612319331529307,62.24489795918368,65.97938144329896,55.67010309278351,52.348993288590606,62.41610738255034,55.94405594405595,53.84615384615385,60.0,50.79365079365079,,,,38.0,26.0,55,,
2019-12-26,311,124,184,161,184,160,9,4,5,1,8,0,0,83023814112.65,172906136956.96,4,1,52.10355987055016,59.54692556634305,53.156146179402,20.0,8.0,8,0.4801669597957438,-60.0,-4.19885953654004,1.4034973246908404,55.10204081632652,60.204081632653065,54.63917525773196,49.333333333333336,58.66666666666666,53.47222222222222,54.09836065573771,60.65573770491803,50.0,,,,34.0,21.0,56,,
2019-12-27,305,207,97,185,196,171,9,3,3,2,5,0,0,188254455411.75,49948961134.42,5,2,61.25827814569536,64.90066225165563,57.96610169491525,26.0,8.0,5,3.768936352952959,110.0,2.499904919877705,0.5662129626796953,70.40816326530613,69.38775510204081,58.76288659793815,55.333333333333336,61.33333333333333,58.333333333333336,61.11111111111112,66.66666666666666,55.55555555555556,,,,37.0,23.0,62,,
2019-12-30,302,174,124,190,198,170,12,4,3,3,4,0,0,148712413663.57,76192241816.28,2,1,63.54515050167224,66.22073578595318,58.02047781569966,30.0,11.0,4,1.951805198515561,50.0,5.214849005515492,0.7189374265007757,74.48979591836735,72.44897959183673,58.76288659793815,53.02013422818792,59.73154362416108,56.25,73.07692307692307,73.07692307692307,61.53846153846154,,,,27.0,17.0,64,,
2019-12-31,304,122,178,196,202,167,9,2,4,3,6,1,0,72642361474.83,156564631875.08002,7,3,65.33333333333333,67.33333333333333,56.80272108843537,30.0,9.0,5,0.4639768292802552,-56.0,2.2100519537082217,1.4772144106639629,65.97938144329896,72.16494845360825,57.29166666666666,59.45945945945946,62.16216216216216,55.94405594405595,80.0,72.72727272727273,58.18181818181818,,,,25.0,12.0,35,,
2020-01-01,304,166,134,202,207,175,13,4,7,3,7,0,0,83331036836.29,94100535568.08,8,5,67.33333333333333,69.0,59.523809523809526,34.0,10.0,7,0.8855532684614906,32.0,4.029900214644465,1.398906214079571,65.97938144329896,70.10309278350515,61.458333333333336,63.94557823129252,66.66666666666666,57.74647887323944,78.57142857142857,73.21428571428571,60.71428571428571,,,,26.0,12.0,43,,
2020-01-02,309,227,80,239,244,192,47,4,12,2,11,1,0,224766826730.65,44514968168.4,7,4,78.10457516339869,80.0,64.21404682274247,69.0,10.0,10,5.049241546806407,147.0,11.31572097667173,0.5619655890288492,69.38775510204081,75.25773195876289,66.66666666666666,80.95238095238095,80.95238095238095,62.676056338028175,85.24590163934425,85.24590163934425,63.934426229508205,,,,29.0,15.0,66,,
2020-01-03,317,110,201,224,243,192,13,8,15,4,5,1,0,107614791926.46,169521308751.76,11,9,71.3375796178344,77.63578274760383,62.54071661237784,73.0,16.0,4,0.6348157215093628,-91.0,5.588519123321686,0.8620827478734208,65.3061224489796,72.16494845360825,64.58333333333334,71.14093959731544,77.85234899328859,59.02777777777778,80.59701492537313,85.07462686567165,67.16417910447761,,,,35.0,22.0,70,,
2020-01-06,325,26,298,150,192,177,3,74,12,4,3,1,0,23761761601.26,248585159775.11,13,2,46.58385093167702,59.813084112149525,56.19047619047619,63.0,86.0,2,0.095588013470944,-272.0,-8.386181056909212,0.9127537959994526,28.57142857142857,50.51546391752577,57.29166666666666,47.651006711409394,60.40268456375839,54.16666666666666,68.0,70.66666666666667,58.66666666666666,,,,46.0,23.0,46,,
2020-01-07,327,249,73,185,212,188,27,1,19,2,5,0,0,203620592378.34,82948875897.70999,30,8,57.098765432098766,65.63467492260062,59.305993690851736,43.0,83.0,5,2.454772173518525,176.0,2.107381194277913,1.3895215779721513,35.714285714285715,53.608247422680414,60.41666666666666,59.45945945945946,67.56756756756756,58.04195804195804,79.48717948717949,76.92307692307693,60.256410256410255,,,,69.0,28.0,50,,
2020-01-08,333,138,193,177,207,189,12,7,13,2,8,0,0,150385388988.09,140085736851.06,15,8,53.63636363636364,62.91793313069909,58.51393188854489,42.0,82.0,8,1.0735239173419964,-55.0,-0.4811599869284819,0.6660549384927796,35.35353535353536,50.0,58.76288659793815,54.729729729729726,64.1891891891892,57.34265734265735,73.49397590361446,75.90361445783132,60.24096385542169,,,,76.0,31.0,48,,
2020-01-09,335,284,50,250,249,210,37,3,22,2,8,0,2,270063221044.66,42043433944.62,3,3,75.30120481927712,75.22658610271903,64.81481481481481,76.0,11.0,8,6.423433951669832,234.0,11.758043103074693,0.8842622252733572,67.67676767676768,71.42857142857143,63.91752577319587,73.64864864864865,72.97297297297297,62.93706293706294,87.05882352941177,83.52941176470588,69.04761904761905,,,,72.0,30.0,58,,
2020-01-10,338,187,144,256,265,210,21,9,24,2,14,0,2,188785408069.51,125521327215.26,8,3,76.4179104477612,79.57957957957959,64.41717791411043,70.0,19.0,14,1.5040106112466187,43.0,12.613771529512036,0.863432146954562,71.0,75.51020408163265,62.88659793814433,72.97297297297297,78.37837837837837,63.63636363636363,88.50574712643679,86.20689655172413,67.44186046511628,,,,69.0,24.0,53,,
2020-01-13,343,236,105,276,272,228,17,7,33,2,9,0,1,194136206067.04,86166041280.8,12,7,81.17647058823529,80.4733727810651,68.8821752265861,75.0,19.0,9,2.253047757345428,131.0,17.682350476468404,0.9975905039257684,77.0,77.55102040816327,67.0103092783505,79.05405405405406,78.37837837837837,67.36111111111111,89.13043478260869,86.95652173913044,73.33333333333333,,,,68.0,29.0,54,,
2020-01-14,345,213,129,280,288,232,12,6,27,2,14,0,0,185646994601.29,124485700443.67,20,13,81.87134502923976,84.70588235294117,69.66966966966966,50.0,22.0,14,1.4913118048068148,84.0,19.57757372373376,1.1071881717663778,73.0,80.61224489795919,67.0103092783505,81.75675675675676,82.43243243243244,69.44444444444444,91.48936170212764,92.5531914893617,72.82608695652173,,,,58.0,34.0,72,,
2020-01-15,351,227,122,291,305,237,25,5,36,2,28,0,1,193002094452.69,119481494328.19,25,20,83.62068965517241,88.15028901734104,69.91150442477876,54.0,18.0,28,1.6153304370512367,105.0,22.150101731526963,1.1518731369301252,77.0,84.84848484848484,68.36734693877551,81.08108108108108,85.03401360544217,68.53146853146853,94.0,96.0,73.46938775510205,,,,68.0,46.0,77,,
2020-01-16,359,205,149,306,309,245,29,4,36,2,21,0,3,168561537885.58,124898715268.93,18,11,86.19718309859155,87.53541076487252,70.8092485549133,66.0,15.0,21,1.349585842597627,56.0,21.788862669532524,1.0194526963370767,80.0,81.81818181818183,68.36734693877551,84.45945945945947,86.39455782312925,70.62937062937063,94.39252336448598,94.39252336448598,73.33333333333333,,,,83.0,54.0,79,,
2020-01-17,363,183,175,307,318,257,20,7,34,2,20,0,1,184532718539.44,155438886307.05,21,13,85.51532033426183,89.07563025210085,73.42857142857143,74.0,16.0,20,1.1871721608640375,8.0,18.97105895817961,0.8808446830097523,77.0,81.81818181818183,68.36734693877551,84.45945945945947,88.43537414965986,74.12587412587412,94.5945945945946,96.3963963963964,77.06422018348624,,,,96.0,64.0,79,,
2020-01-20,368,108,257,285,295,248,9,17,26,2,16,0,1,105971629846.86,217871870039.12,27,12,78.2967032967033,81.49171270718232,69.85915492957746,58.0,28.0,16,0.486394273055224,-149.0,8.616981490181978,0.8639769962655527,61.0,69.6969696969697,65.3061224489796,79.19463087248322,80.4054054054054,69.44444444444444,92.17391304347828,93.04347826086956,74.33628318584071,,,,111.0,69.0,78,,
2020-01-21,375,151,221,266,295,242,14,8,26,3,5,2,1,166885705869.12,144418897585.52,30,12,71.69811320754717,79.94579945799458,66.85082872928176,43.0,32.0,3,1.1555669559816153,-70.0,3.671160347593089,0.5912750576807828,55.00000000000001,66.66666666666666,63.26530612244898,71.81208053691275,79.05405405405406,67.58620689655173,85.24590163934425,91.8032786885246,68.90756302521008,,,,121.0,68.0,70,,
2020-01-22,378,147,226,259,291,243,17,8,28,1,3,3,2,127513252907.64,194590191760.88,28,8,69.43699731903486,78.4366576819407,66.75824175824175,40.0,33.0,0,0.6552912649591982,-79.0,-1.0258725310583774,0.9926005620059748,49.0,67.67676767676768,64.28571428571429,72.48322147651007,77.7027027027027,66.20689655172414,82.25806451612904,87.90322580645162,69.42148760330579,,,,124.0,56.0,39,,
2020-01-23,379,268,108,274,297,255,24,7,33,1,14,0,0,324745891239.77,66789027580.92,12,7,73.06666666666666,79.62466487935657,69.67213114754098,55.0,23.0,14,4.86226410238292,160.0,6.913293720349909,0.5103551409857284,57.99999999999999,68.68686868686868,65.3061224489796,74.49664429530202,80.4054054054054,71.52777777777779,83.33333333333334,87.3015873015873,70.96774193548387,,,,118.0,52.0,61,,
2020-01-24,380,230,145,286,305,259,20,5,31,1,14,0,0,232907830737.26,87822433104.19,13,9,76.06382978723404,81.55080213903744,70.57220708446866,61.0,20.0,14,2.652031178195039,85.0,9.916714396702249,0.5981101993044025,70.0,73.73737373737373,66.3265306122449,77.85234899328859,82.43243243243244,71.52777777777779,78.74015748031496,86.61417322834646,72.8,,,,110.0,48.0,55,,
2020-01-27,383,140,241,258,289,253,18,15,32,2,16,0,1,127818849470.03,177366162460.15,10,9,68.07387862796834,76.86170212765957,68.56368563685636,62.0,27.0,16,0.7206495742881504,-101.0,3.1350555029999825,0.8060961718382457,54.0,65.65656565656566,62.24489795918368,70.66666666666667,78.37837837837837,70.34482758620689,75.96899224806202,83.72093023255815,71.42857142857143,,,,93.0,45.0,57,,
2020-01-28,390,126,261,244,289,252,14,12,25,2,11,1,4,112206840260.41,229236640813.84,19,11,63.54166666666666,75.8530183727034,67.37967914438502,52.0,32.0,10,0.4894803896185674,-135.0,-4.378938128630452,0.9862675419251212,49.0,62.62626262626263,60.204081632653065,64.66666666666666,78.37837837837837,68.96551724137932,73.13432835820896,82.83582089552239,70.99236641221374,,,,82.0,44.0,62,,
2020-01-29,390,243,141,251,288,260,24,9,26,2,14,0,4,234273769793.43,106148840899.82,26,13,65.53524804177546,75.78947368421053,69.70509383378017,56.0,36.0,14,2.2070308804834746,102.0,1.068492006968678,0.7808700234142705,54.0,65.65656565656566,64.28571428571429,67.33333333333333,80.4054054054054,73.61111111111111,72.18045112781954,78.19548872180451,69.46564885496184,,,,80.0,49.0,77,,
2020-01-30,390,86,304,197,254,237,10,35,22,2,8,2,4,99355019873.69,246694289258.26,21,10,51.43603133159269,66.84210526315789,63.53887399463807,48.0,56.0,6,0.402745520264869,-218.0,-10.27929768712891,0.7024156014350132,46.0,55.55555555555556,59.18367346938776,50.66666666666667,68.24324324324324,68.05555555555556,56.39097744360903,73.68421052631578,61.832061068702295,,,,89.0,52.0,58,,
2020-01-31,392,137,250,178,251,234,14,18,17,3,8,5,3,148072047453.21,236987693870.41,10,5,46.23376623376623,65.70680628272252,62.23404255319149,48.0,62.0,3,0.6248090144890772,-113.0,-14.680261387146704,0.877068011651711,38.0,53.535353535353536,53.06122448979592,46.66666666666666,64.86486486486487,65.97222222222221,51.85185185185185,75.55555555555556,64.92537313432835,,,,86.0,48.0,50,,
2020-02-01,391,46,343,115,180,205,8,111,12,2,0,10,1,35748592847.65,295628197660.83,15,4,29.947916666666668,47.24409448818898,54.81283422459893,32.0,164.0,-10,0.1209241646450243,-297.0,-27.569684043726184,1.1090486964759856,24.0,29.29292929292929,40.81632653061224,28.666666666666668,52.702702702702695,61.11111111111112,35.82089552238806,54.47761194029851,58.333333333333336,,,,91.0,43.0,24,,
2020-02-03,388,190,197,135,184,204,32,30,17,1,6,6,2,235768526633.8,157243046344.07,10,7,35.43307086614173,48.67724867724868,54.98652291105122,54.0,159.0,0,1.4993892074432666,-7.0,-23.95229199488301,0.6432399274906981,31.0,34.34343434343434,43.87755102040816,33.557046979865774,52.38095238095239,59.44055944055944,40.909090909090914,55.3030303030303,58.46153846153847,,,,82.0,39.0,33,,
2020-02-04,387,306,77,176,212,222,64,6,17,1,12,1,3,326311895969.2,62274037376.85,9,6,46.31578947368421,56.233421750663126,59.83827493261455,104.0,147.0,11,5.239934806130051,229.0,-8.93966033314768,0.758411339274083,45.0,49.494949494949495,51.02040816326531,44.0,59.45945945945946,63.44827586206897,50.0,57.692307692307686,62.5,,,,65.0,32.0,55,,
2020-02-05,388,267,116,216,233,242,53,8,24,1,12,2,3,320004920473.11,86656432339.17,4,1,56.54450261780105,61.47757255936676,64.87935656836461,149.0,44.0,10,3.6928005438837226,151.0,0.0408380393017679,0.6233004221534014,54.0,53.535353535353536,60.204081632653065,54.0,63.51351351351351,65.51724137931035,61.36363636363637,65.15151515151516,67.6923076923077,,,,48.0,23.0,64,,
2020-02-06,383,237,143,228,243,248,43,4,21,2,13,0,2,280299891650.46,127510195759.08,8,2,60.47745358090185,64.97326203208557,67.20867208672087,160.0,18.0,13,2.1982547354884745,94.0,4.868959957549537,0.7539356702326762,61.0,56.56565656565656,60.204081632653065,57.99999999999999,66.8918918918919,69.6551724137931,62.99212598425197,69.29133858267717,69.84126984126983,,,,46.0,20.0,57,,
2020-02-07,386,200,183,228,243,248,31,5,22,1,13,0,2,200622019459.75,134656848782.18,12,9,60.0,64.45623342175067,66.48793565683646,127.0,17.0,13,1.4898760907755595,17.0,5.122659397863629,0.7335483679682904,60.0,56.56565656565656,58.16326530612245,56.00000000000001,65.54054054054053,67.8082191780822,64.61538461538461,69.23076923076923,71.31782945736434,,,,43.0,25.0,70,,
2020-02-10,382,108,273,194,225,239,20,23,19,1,12,3,2,96981484680.64,204728860448.8,10,4,51.59574468085106,60.32171581769437,64.76964769647697,94.0,32.0,9,0.4737069530306588,-165.0,-3.786040877657139,0.8351247391945958,49.0,49.494949494949495,57.14285714285714,51.33333333333333,60.13513513513513,67.12328767123287,53.96825396825397,69.04761904761905,68.0,,,,43.0,22.0,52,,
2020-02-11,384,186,192,204,227,234,20,14,18,1,13,4,1,216811861764.57,87590536557.33,8,6,53.825857519788926,60.37234042553191,62.903225806451616,71.0,42.0,9,2.475288658868549,-6.0,-3.434049408839111,0.3913684961667518,51.0,54.54545454545454,60.204081632653065,50.0,57.43243243243244,63.6986301369863,60.46511627906976,68.21705426356588,64.0625,,,,42.0,22.0,59,,
2020-02-12,383,158,220,181,216,232,19,20,18,2,8,3,3,178182029136.16,132259996350.79,15,8,47.883597883597886,57.44680851063831,62.53369272237197,59.0,57.0,5,1.3472102982943692,-62.0,-5.915926455955502,0.533088129663995,51.0,54.54545454545454,60.204081632653065,44.29530201342282,53.37837837837838,62.06896551724138,49.6124031007752,64.34108527131784,64.84375,,,,53.0,29.0,52,,
2020-02-13,388,160,227,185,211,229,21,11,17,3,15,4,4,170126026419.32,136616948768.74,9,6,48.42931937172775,55.52631578947368,61.06666666666667,60.0,45.0,11,1.245277602468658,-67.0,-8.258351698960237,0.5660150102922241,49.0,51.51515151515152,56.12244897959183,44.29530201342282,52.02702702702703,61.37931034482759,52.63157894736842,62.40601503759399,64.39393939393939,,,,54.0,33.0,66,,
2020-02-14,382,123,257,170,204,216,14,18,12,2,10,5,3,114688429876.46,224370560175.8,6,2,45.21276595744681,54.54545454545454,58.53658536585365,54.0,49.0,5,0.5111563200920777,-134.0,-13.569833523234486,0.936306963207792,44.0,50.0,53.535353535353536,40.939597315436245,51.70068027210885,59.02777777777778,51.181102362204726,61.41732283464568,61.90476190476191,,,,48.0,26.0,46,,
2020-02-17,384,86,292,152,195,211,9,40,14,4,8,15,1,77338232728.96,211711297108.51,6,3,40.21164021164021,51.86170212765957,56.8733153638814,44.0,69.0,-7,0.3653004529527834,-206.0,-21.643301315372803,0.8062419456766277,36.0,46.0,53.535353535353536,38.51351351351352,52.05479452054794,55.55555555555556,45.38461538461539,56.15384615384615,60.9375,,,,44.0,25.0,40,,
2020-02-18,390,144,241,138,186,219,17,19,16,7,9,14,2,128666987469.94,215996176035.51,10,2,35.9375,48.69109947643979,58.09018567639257,40.0,77.0,-5,0.595691043385819,-97.0,-22.9878997710742,1.0030541504331232,34.0,45.0,55.55555555555556,32.666666666666664,47.2972972972973,57.53424657534247,41.04477611940299,52.98507462686567,60.60606060606061,,,,46.0,21.0,23,,
2020-02-19,390,306,81,184,209,224,52,2,24,4,12,3,3,284046431130.13,61879326146.09,6,3,47.91666666666667,54.71204188481676,59.41644562334217,78.0,61.0,9,4.590328447655182,225.0,-7.922591951843515,0.8229863768697273,50.0,52.0,56.56565656565656,43.62416107382551,53.74149659863946,58.620689655172406,51.11111111111111,57.77777777777777,62.40601503759399,,,,37.0,16.0,44,,
2020-02-20,391,190,193,191,208,230,30,5,21,3,9,2,4,253425743187.44,136173944777.53,5,2,49.61038961038961,54.16666666666666,60.84656084656085,99.0,26.0,7,1.861044295966211,-3.0,-6.402140806642066,0.5289804013171626,49.0,51.0,57.57575757575758,46.97986577181208,50.67567567567568,59.310344827586206,52.94117647058824,60.29411764705882,64.92537313432835,,,,33.0,12.0,47,,
2020-02-24,394,57,333,136,179,220,10,68,17,8,4,8,2,34504272148.340004,314556452944.86,3,1,34.87179487179487,46.134020618556704,57.59162303664922,92.0,75.0,-4,0.1096918274138487,-276.0,-18.720144373461626,1.5604733297529203,29.0,42.0,52.52525252525253,36.24161073825504,43.91891891891892,56.55172413793104,37.5886524822695,51.42857142857142,62.31884057971014,,,,30.0,11.0,24,,
2020-02-25,388,130,249,128,170,211,15,16,17,7,6,11,0,141581050943.81,186429284492.88,7,0,33.246753246753244,44.38642297650131,56.11702127659575,55.0,89.0,-5,0.7594356826983218,-119.0,-21.308436701225027,0.6874688210048843,26.0,38.0,49.494949494949495,34.22818791946309,43.91891891891892,55.86206896551724,37.03703703703704,49.25373134328358,61.06870229007634,100.0,100.0,100.0,31.0,8.0,21,,
2020-02-26,387,102,283,118,153,198,13,27,18,12,4,19,0,109485062306.68,248796325409.37,9,4,30.729166666666668,40.05235602094241,52.8,38.0,111.0,-15,0.4400590005762064,-181.0,-26.51488445795661,0.819035692479003,24.0,33.0,45.45454545454545,30.2013422818792,37.83783783783784,52.41379310344828,35.82089552238806,47.368421052631575,58.46153846153847,100.0,100.0,100.0,30.0,10.0,18,,
2020-02-27,388,113,272,109,152,191,14,35,13,18,2,21,0,126847614423.94,234221563590.55,2,0,28.31168831168831,39.686684073107045,50.797872340425535,42.0,78.0,-19,0.5415710341925916,-159.0,-29.733822867672345,0.7671037596941541,25.0,33.0,44.44444444444444,26.0,36.24161073825504,50.0,32.83582089552239,48.1203007518797,56.15384615384615,100.0,100.0,100.0,26.0,7.0,15,,
2020-02-28,389,24,363,47,109,168,0,194,11,32,1,48,0,14481274366.7,488486670467.95,2,0,12.176165803108807,28.385416666666668,44.56233421750663,27.0,256.0,-47,0.0296451781434026,-339.0,-41.33734609364093,2.2302346155424435,8.0,18.0,33.33333333333333,12.0,30.2013422818792,45.20547945205479,14.814814814814811,33.582089552238806,51.908396946564885,100.0,100.0,100.0,23.0,5.0,5,,
2020-03-02,386,121,263,46,99,154,13,51,9,35,0,36,0,137882396428.24,263004871882.1,1,0,12.010443864229766,25.984251968503933,41.28686327077748,27.0,280.0,-36,0.5242579555334246,-142.0,-41.201671721375874,0.8775757063319258,9.0,16.0,33.33333333333333,12.666666666666668,28.187919463087248,40.41095890410959,13.533834586466163,31.060606060606062,48.4375,,,,21.0,4.0,4,,
2020-03-03,385,302,80,69,122,176,78,7,16,19,3,5,1,357250546007.44,36259856574.4,0,0,18.06282722513089,32.10526315789474,47.31182795698925,91.0,252.0,-2,9.852508524803824,222.0,-22.67966177448237,0.3831511528760808,15.0,24.0,41.41414141414141,21.333333333333336,33.78378378378378,46.206896551724135,16.666666666666664,36.36363636363637,53.125,,,,14.0,4.0,17,,
2020-03-04,384,88,294,61,103,164,10,57,10,21,0,18,0,107468602286.75,319991429962.57,0,0,16.010498687664043,27.176781002638524,44.20485175202156,101.0,115.0,-18,0.335848376624714,-206.0,-28.129944961016008,0.8912347020977992,17.0,24.0,38.38383838383838,18.0,28.85906040268457,43.83561643835616,12.97709923664122,27.692307692307693,49.2063492063492,,,,5.0,0.0,8,,
2020-03-05,383,217,160,72,109,160,16,10,8,25,1,4,0,260091702446.9,146490817077.88,0,0,18.947368421052637,28.835978835978835,43.24324324324324,104.0,74.0,-3,1.7754812734004035,57.0,-19.49928736069719,0.7638773893697614,19.0,23.0,37.37373737373738,20.0,29.33333333333333,44.21768707482993,17.692307692307693,32.8125,46.774193548387096,,,,3.0,0.0,19,,
2020-03-06,380,62,316,55,91,146,6,106,5,46,2,36,0,30198621175.69,369002671364.04,1,0,14.588859416445624,24.266666666666666,39.67391304347826,32.0,173.0,-34,0.0818384893097359,-254.0,-27.57257867562112,2.3974358923341983,11.0,19.0,31.313131313131315,20.0,30.666666666666664,43.53741496598639,11.023622047244094,20.8,41.80327868852459,,,,2.0,0.0,5,,
2020-03-09,377,19,357,18,52,115,4,224,3,80,0,71,0,45274664853.05,433542662504.96,0,0,4.825737265415549,13.978494623655912,31.59340659340659,26.0,340.0,-71,0.1044295493123056,-338.0,-38.537379856502966,0.5096382093562739,3.0,6.0,25.252525252525253,8.053691275167784,18.79194630872483,36.3013698630137,2.419354838709677,14.634146341463412,31.09243697478992,,,,1.0,0.0,2,,
2020-03-11,377,145,228,26,49,109,26,49,4,82,1,42,1,192369128638.16,249639478782.54,1,1,6.989247311827956,13.20754716981132,30.02754820936639,36.0,379.0,-41,0.7705877675130544,-83.0,-34.96959796687442,0.8252984787614449,5.0,6.0,25.252525252525253,10.135135135135137,18.91891891891892,36.55172413793103,4.838709677419355,12.195121951219512,26.05042016806723,,,,2.0,1.0,4,,
2020-03-12,372,3,367,4,12,63,1,343,0,144,0,140,1,1947444156.55,540502838441.02,1,0,1.08991825613079,3.278688524590164,17.59776536312849,31.0,616.0,-140,0.0036030229964509,-364.0,-45.79429646140764,2.268757909409097,2.0,2.0,11.11111111111111,0.6711409395973155,4.026845637583892,24.65753424657534,0.847457627118644,3.418803418803419,14.15929203539823,,,,3.0,1.0,1,,
2020-03-13,372,258,111,11,22,77,119,36,1,124,0,23,1,515729850305.2,84476541410.3,1,0,2.989130434782609,5.994550408719346,21.448467966573816,146.0,428.0,-23,6.1050066881918825,147.0,-29.27044219192652,0.3807242879553205,2.0,1.0,17.17171717171717,4.054054054054054,9.45945945945946,27.58620689655172,2.5,5.88235294117647,17.391304347826086,,,,4.0,1.0,11,,
2020-03-16,371,24,345,3,9,49,8,269,2,172,0,6,1,28319222533.32,367561251537.8,1,0,0.8174386920980926,2.459016393442623,13.687150837988826,128.0,648.0,-6,0.0770462675672102,-321.0,-38.39619458056053,0.9029018483032952,2.0,2.0,6.0606060606060606,0.6711409395973155,4.026845637583892,19.863013698630137,0.0,0.8547008547008548,12.389380530973453,,,,4.0,1.0,1,,
2020-03-17,367,98,268,6,10,48,19,102,2,201,0,17,0,124294473276.35,277545821542.88,0,0,1.6528925619834711,2.7624309392265194,13.559322033898304,146.0,407.0,-17,0.4478340642471062,-170.0,-38.45673189993981,0.8165337811133416,2.0202020202020203,3.0303030303030303,8.16326530612245,2.666666666666667,4.666666666666667,18.367346938775512,0.0,0.0,11.926605504587156,,,,4.0,1.0,1,,
2020-03-18,366,35,328,3,3,22,14,233,2,247,0,64,1,89786932478.23999,430840998844.78,0,0,0.8287292817679558,0.8310249307479225,6.232294617563739,41.0,604.0,-64,0.2083992301544814,-293.0,-44.46620764850938,0.5120331634338146,2.0202020202020203,1.0101010101010102,2.0408163265306123,0.6666666666666667,1.3333333333333337,11.564625850340136,0.0,0.0,2.7777777777777777,,,,3.0,0.0,0,,
2020-03-19,364,57,306,3,3,17,21,203,2,252,0,94,0,120341953589.3,364521177909.16,0,0,0.8333333333333334,0.8356545961002786,4.829545454545454,54.0,538.0,-94,0.3301370698941658,-249.0,-47.18197837529382,0.5642338494845089,1.0101010101010102,1.0101010101010102,3.061224489795918,1.3333333333333337,1.3333333333333337,8.16326530612245,0.0,0.0,1.8691588785046729,,,,2.0,0.0,1,,
2020-03-20,359,277,79,9,6,32,178,28,3,225,0,12,0,424820486273.23,103751950247.17,0,0,2.528089887640449,1.6901408450704225,9.195402298850574,213.0,464.0,-12,4.094578321286232,198.0,-26.918052454818067,0.8563346061048371,1.0101010101010102,1.0101010101010102,8.16326530612245,4.697986577181208,3.355704697986577,14.383561643835616,0.9259259259259258,0.0,2.8846153846153846,,,,1.0,0.0,11,,
2020-03-23,356,2,354,4,5,10,1,344,0,306,0,155,0,4026032436.6,297290143326.07,0,0,1.13314447592068,1.4204545454545454,2.8901734104046244,200.0,575.0,-155,0.0135424349813852,-352.0,-36.95780553053717,0.417186238803444,1.0101010101010102,1.0101010101010102,1.020408163265306,2.013422818791946,2.702702702702702,5.517241379310345,0.0,0.0,0.9708737864077668,,,,0.0,0.0,1,,
2020-03-24,347,192,150,3,4,12,75,74,1,294,0,55,0,241915901278.23,127466526349.67,0,0,0.872093023255814,1.1661807580174928,3.560830860534125,254.0,446.0,-55,1.8978778837559207,42.0,-25.657005382624348,0.6744374919775482,0.0,0.0,3.061224489795918,2.013422818791946,2.702702702702702,5.517241379310345,0.0,0.0,1.0638297872340423,,,,0.0,0.0,9,,
2020-03-25,347,259,85,5,5,17,137,26,2,262,0,17,0,324546155755.2,59062433525.39,0,0,1.4534883720930232,1.4577259475218658,5.044510385756676,213.0,444.0,-17,5.494967551848042,174.0,-9.26653622924576,0.5545180739974778,2.0202020202020203,1.0101010101010102,4.081632653061225,2.013422818791946,2.684563758389262,8.21917808219178,0.0,0.0,1.0752688172043012,,,,0.0,0.0,11,,
2020-03-26,344,269,71,12,6,25,178,12,1,243,0,1,0,342787284434.0,90121528324.39,0,0,3.519061583577713,1.7647058823529411,7.48502994011976,390.0,112.0,-1,3.803611532198461,198.0,5.993647578039159,0.9960881552423774,6.0606060606060606,1.0101010101010102,6.122448979591836,4.026845637583892,2.684563758389262,11.643835616438356,0.0,1.0869565217391304,2.2222222222222223,,,,0.0,0.0,20,,
2020-03-27,338,151,184,15,5,27,61,49,0,230,0,7,1,217389490718.7,197683467222.71,0,0,4.477611940298507,1.497005988023952,8.231707317073171,376.0,87.0,-7,1.0996847322279573,-33.0,7.461136495377588,0.7462613145955069,6.0606060606060606,2.0202020202020203,5.1020408163265305,4.054054054054054,2.027027027027027,13.79310344827586,3.4090909090909087,0.0,2.3529411764705883,,,,0.0,0.0,16,,
2020-03-30,335,95,237,15,8,26,30,96,0,240,0,13,0,87547782626.09999,229186509912.36,0,0,4.518072289156627,2.416918429003021,8.0,269.0,157.0,-13,0.3819936114895153,-142.0,3.2285338372250294,1.049347082778483,5.05050505050505,4.040404040404041,5.1020408163265305,4.761904761904762,2.7210884353741496,13.194444444444445,3.488372093023256,0.0,2.409638554216868,,,,0.0,0.0,11,,
2020-03-31,331,269,59,43,12,30,144,10,0,193,0,5,2,269505669518.53,82797476756.04,0,0,13.190184049079754,3.692307692307693,9.404388714733544,235.0,155.0,-5,3.2549985830198604,210.0,17.193515895318484,1.4007139842341636,16.161616161616163,4.040404040404041,5.1020408163265305,12.244897959183673,4.761904761904762,15.384615384615383,11.25,1.2658227848101269,3.8461538461538463,,,,0.0,0.0,21,,
2020-04-01,327,105,221,28,10,27,26,67,0,184,0,10,2,46818818602.2,239624148093.82,0,0,8.695652173913043,3.115264797507788,8.544303797468354,200.0,173.0,-10,0.1953843924939861,-116.0,12.747607975511798,2.431684107964608,7.07070707070707,2.0202020202020203,5.1020408163265305,10.344827586206897,4.827586206896552,14.084507042253522,7.6923076923076925,1.2987012987012987,2.631578947368421,,,,0.0,0.0,9,,
2020-04-03,320,118,198,36,14,30,44,72,0,202,0,19,2,101041244930.76,251343705119.95,0,0,11.428571428571429,4.45859872611465,9.70873786407767,214.0,149.0,-19,0.4020042788918846,-80.0,10.68261866419951,1.4824707776801396,10.1010101010101,5.05050505050505,6.122448979591836,12.32876712328767,6.206896551724138,15.492957746478872,11.428571428571429,0.0,2.898550724637681,,,,0.0,0.0,12,,
2020-04-07,315,283,32,91,32,39,182,2,0,154,3,3,1,464947684445.39,21411291731.23,0,0,29.354838709677416,10.355987055016184,12.828947368421051,252.0,141.0,0,21.715069332656302,251.0,25.4136397097065,0.4072632633366861,30.303030303030305,13.131313131313131,9.183673469387756,32.41379310344827,11.805555555555555,18.43971631205673,21.21212121212121,3.0303030303030303,6.153846153846154,,,,0.0,0.0,27,,
2020-04-08,314,186,119,108,42,46,69,17,1,147,5,2,1,304595076722.83,216593517708.43,0,0,34.83870967741935,13.592233009708735,15.13157894736842,295.0,91.0,3,1.4062982121785583,67.0,28.681594505066453,1.1114464887661932,32.323232323232325,14.14141414141414,11.224489795918368,40.27777777777778,17.482517482517483,21.428571428571427,26.86567164179105,4.477611940298507,7.575757575757576,,,,0.0,0.0,28,,
2020-04-09,319,276,40,160,56,54,133,1,3,112,1,0,1,414579616169.18,56639927644.1,0,0,50.63291139240506,17.77777777777778,17.475728155339805,384.0,20.0,1,7.319564720742814,236.0,39.78228788257388,0.9426790066417728,54.54545454545454,19.19191919191919,17.346938775510203,53.47222222222222,19.444444444444446,21.27659574468085,39.72602739726028,12.5,10.0,,,,0.0,0.0,35,,
2020-04-13,320,127,190,158,59,58,36,53,5,92,0,1,1,199778481288.31,221723573565.28,0,0,49.8422712933754,18.670886075949365,18.70967741935484,238.0,71.0,-1,0.9010249928589172,-63.0,34.12446928092986,0.7418451851271128,52.52525252525253,20.2020202020202,19.387755102040817,52.41379310344828,20.689655172413797,23.239436619718308,41.0958904109589,12.5,8.571428571428571,,,,0.0,0.0,21,,
2020-04-15,319,184,134,174,64,59,57,18,6,82,0,0,1,290554436030.75,293726367683.69,0,0,55.06329113924051,20.253164556962027,18.971061093247588,226.0,72.0,0,0.989201066019528,50.0,34.766412030119575,1.3881245942077276,61.61616161616161,21.21212121212121,20.40816326530612,54.86111111111112,20.833333333333336,22.53521126760564,46.57534246575342,17.80821917808219,9.859154929577464,,,,0.0,0.0,27,,
2020-04-16,318,228,89,191,80,61,63,6,19,40,0,1,1,345453991057.5,111340649179.79,0,0,60.63492063492063,25.396825396825395,19.614147909967848,156.0,77.0,-1,3.1026762786309057,139.0,39.59144102052619,0.8256735549412244,61.61616161616161,25.252525252525253,20.40816326530612,62.5,27.08333333333333,23.943661971830984,55.55555555555556,22.22222222222222,9.859154929577464,,,,0.0,0.0,31,,
2020-04-17,317,233,81,230,101,72,86,2,15,37,1,0,1,404217120588.02,97021453750.61,0,0,73.01587301587301,32.1656050955414,23.225806451612904,206.0,26.0,1,4.166265346085671,152.0,44.1688836022212,0.6904368711366742,72.0,28.28282828282828,22.448979591836736,73.97260273972603,36.3013698630137,27.77777777777778,72.46376811594203,28.98550724637681,14.705882352941178,,,,0.0,0.0,59,,
2020-04-20,318,149,165,224,106,71,42,24,29,19,0,0,1,188164281175.76,228035882475.02,0,0,70.88607594936708,33.65079365079365,22.82958199356913,191.0,32.0,0,0.8251520731452091,-16.0,39.46175259155934,1.094380457154095,70.0,30.303030303030305,23.46938775510204,71.23287671232876,36.3013698630137,27.08333333333333,71.42857142857143,32.857142857142854,13.043478260869565,,,,0.0,0.0,49,,
2020-04-21,320,47,273,166,82,63,11,135,28,26,1,1,1,103818814540.82,326903993712.77,1,1,52.20125786163522,25.86750788643533,20.192307692307693,139.0,161.0,0,0.3175819706627354,-226.0,24.73984681448565,0.5420999554915013,47.0,25.252525252525253,20.40816326530612,51.36986301369864,28.08219178082192,25.0,61.11111111111112,22.22222222222222,10.0,,,,1.0,1.0,23,,
2020-04-22,318,192,119,178,87,65,49,11,51,14,2,3,1,396972760078.53,91562170693.89,2,2,56.32911392405063,27.61904761904762,20.967741935483872,102.0,170.0,-1,4.3355542695212685,73.0,26.97891814101522,0.3721428167774767,55.00000000000001,32.323232323232325,23.46938775510204,53.74149659863946,26.53061224489796,24.13793103448276,63.76811594202898,23.18840579710145,10.44776119402985,,,,3.0,3.0,44,,
2020-04-23,317,198,116,200,101,68,47,10,78,4,0,0,1,275844596888.81,167292836190.01,0,0,63.49206349206349,32.1656050955414,22.006472491909385,107.0,156.0,0,1.6488727381936883,82.0,29.208429534492925,1.0351899890066796,60.0,30.303030303030305,23.46938775510204,63.94557823129252,32.6530612244898,23.28767123287671,67.64705882352942,33.82352941176471,16.923076923076923,,,,3.0,3.0,59,,
2020-04-24,317,74,243,156,85,63,17,84,48,12,2,3,1,208672551403.95,273171775786.86,0,0,49.523809523809526,27.070063694267517,20.388349514563107,113.0,105.0,-1,0.7638876703234709,-169.0,18.418619628243896,0.3986538345909425,44.0,26.262626262626267,23.46938775510204,50.34013605442177,27.2108843537415,21.91780821917808,55.88235294117647,27.94117647058824,12.307692307692308,,,,3.0,3.0,36,,
2020-04-27,323,211,103,183,99,66,57,2,137,3,4,3,1,346018832208.46,67197301763.04,0,0,57.00934579439252,31.03448275862069,21.019108280254777,121.0,96.0,1,5.149296521289461,108.0,22.95123906025976,0.3978298163352617,56.99999999999999,29.29292929292929,23.46938775510204,56.08108108108109,34.45945945945946,23.809523809523807,58.9041095890411,26.38888888888889,11.594202898550725,,,,3.0,3.0,54,,
2020-04-28,325,175,146,196,109,72,45,9,140,2,2,2,1,278211231350.04,167296122312.97,1,1,60.6811145510836,33.95638629283489,22.78481012658228,119.0,95.0,0,1.6629867297795164,29.0,22.76187247933202,0.7207695139847683,61.0,31.313131313131315,26.53061224489796,60.13513513513513,36.48648648648648,23.809523809523807,61.33333333333333,32.432432432432435,15.492957746478872,,,,3.0,3.0,63,,
2020-04-29,326,216,105,219,125,77,49,3,130,1,1,1,0,331570127837.49,118785950503.17,1,1,67.5925925925926,38.69969040247678,24.13793103448276,151.0,14.0,0,2.7913244490024223,111.0,26.586154690242143,0.7369773362885311,73.0,37.37373737373738,26.53061224489796,66.21621621621621,40.54054054054054,27.027027027027028,63.1578947368421,36.84210526315789,15.068493150684931,,,,2.0,2.0,66,,
2020-04-30,326,212,111,248,134,79,68,6,110,1,0,0,0,465255352125.89,105994738095.46,0,0,76.78018575851394,41.61490683229814,24.842767295597483,162.0,18.0,0,4.389419328597954,101.0,29.22298520711909,0.4351167584893201,90.0,46.464646464646464,28.57142857142857,71.62162162162163,41.21621621621622,26.351351351351347,69.33333333333334,36.0,16.666666666666664,,,,2.0,2.0,62,,
2020-05-04,327,45,281,161,91,71,7,181,88,1,0,5,1,94140584537.5,347933520805.32,1,0,49.38650306748466,28.08641975308642,22.11838006230529,124.0,190.0,-5,0.2705706087749294,-236.0,14.481360373013285,0.591868974533227,54.0,30.303030303030305,25.51020408163265,46.62162162162162,28.37837837837838,24.324324324324326,48.71794871794872,24.675324675324678,13.333333333333334,,,,3.0,2.0,31,,
2020-05-05,329,90,234,137,91,65,7,24,91,2,1,8,0,118469552761.69,299869887443.64,1,0,41.76829268292683,27.91411042944785,20.18633540372671,82.0,211.0,-7,0.3950698543679419,-144.0,6.404864337987753,0.9735376677390812,44.0,28.28282828282828,20.40816326530612,39.18918918918919,27.7027027027027,22.972972972972972,43.75,27.848101265822784,14.473684210526317,,,,4.0,2.0,29,,
2020-05-06,327,178,147,149,94,69,30,14,71,2,0,8,1,314670978912.27,138683364795.92,0,0,45.70552147239264,29.01234567901235,21.49532710280374,44.0,219.0,-8,2.268988637356219,31.0,8.217435906350982,0.5336669976242786,54.0,30.303030303030305,22.448979591836736,40.26845637583892,26.174496644295303,24.16107382550336,45.45454545454545,32.89473684210527,14.864864864864863,,,,3.0,1.0,34,,
2020-05-07,328,130,193,148,100,66,24,12,75,1,2,3,1,134144653407.22,597821298248.99,0,0,45.25993883792049,30.76923076923077,20.43343653250774,61.0,50.0,-1,0.2243892176476946,-63.0,5.02609741776979,3.001815936589406,46.0,29.29292929292929,19.387755102040817,46.30872483221477,31.543624161073826,23.48993288590604,42.30769230769231,31.16883116883117,15.789473684210526,,,,2.0,0.0,29,,
2020-05-08,328,125,201,136,96,67,10,16,82,1,0,6,1,252168669609.43,184124757031.68,1,1,41.59021406727829,29.53846153846154,20.74303405572756,64.0,42.0,-6,1.3695533054582256,-76.0,1.622372522944023,0.4540827617188724,51.0,32.323232323232325,22.448979591836736,38.92617449664429,29.53020134228188,24.16107382550336,34.61538461538461,25.97402597402597,11.842105263157894,,,,3.0,1.0,36,,
2020-05-11,330,176,152,161,108,71,28,12,50,1,0,7,1,234942806643.39,191225116373.13,1,1,48.93617021276596,32.926829268292686,21.846153846153847,62.0,40.0,-7,1.2286189758930797,24.0,3.704075875253272,0.942435986714624,59.0,35.35353535353536,22.448979591836736,45.63758389261745,33.557046979865774,25.503355704697988,42.5,28.75,14.102564102564102,,,,3.0,2.0,40,,
2020-05-12,326,137,187,140,101,68,17,13,32,2,1,5,1,251498699048.13,237426646290.65,1,1,43.07692307692308,31.17283950617284,21.18380062305296,55.0,41.0,-4,1.0592690541576932,-50.0,1.7654118621014128,0.6916281732011685,57.99999999999999,35.35353535353536,20.40816326530612,37.58389261744966,31.543624161073826,26.174496644295303,34.21052631578947,25.0,12.162162162162163,,,,3.0,3.0,38,,
2020-05-13,326,262,61,199,127,73,89,1,29,1,1,1,1,451153122640.3,73144238307.86,1,1,61.23076923076923,39.19753086419753,22.74143302180685,134.0,26.0,0,6.167992627682057,201.0,12.649027071546064,0.6963500487884361,68.0,42.42424242424242,19.387755102040817,60.13513513513513,37.83783783783784,29.054054054054053,54.54545454545454,37.66233766233766,14.666666666666666,,,,4.0,4.0,52,,
2020-05-14,329,101,223,179,116,74,14,25,19,2,2,1,1,141404326692.87,300557093999.28,1,1,54.57317073170732,35.58282208588957,22.910216718266252,120.0,39.0,1,0.4704740946597279,-122.0,5.741272940263512,0.9626774424930884,60.0,39.39393939393939,20.40816326530612,53.37837837837838,34.45945945945946,29.054054054054053,50.0,32.91139240506329,14.285714285714285,,,,5.0,5.0,47,,
2020-05-15,328,150,172,173,112,71,17,13,21,2,2,1,1,187092880240.16,208620403384.79,1,1,52.90519877675841,34.46153846153846,22.049689440993788,120.0,39.0,1,0.8968100780395696,-22.0,4.806436793315612,0.9724389194668872,55.00000000000001,36.36363636363637,20.40816326530612,51.35135135135135,34.45945945945946,26.351351351351347,53.16455696202531,32.05128205128205,15.789473684210526,,,,5.0,5.0,49,,
2020-05-18,326,33,293,85,81,64,6,145,7,4,0,9,1,63395831102.05,406821608349.74,1,1,26.15384615384616,25.077399380804955,20.0,37.0,183.0,-9,0.1558320153130836,-260.0,-7.916880296291417,0.7227525494157336,27.0,28.28282828282828,19.387755102040817,24.489795918367346,25.170068027210885,23.809523809523807,28.205128205128204,20.77922077922078,13.333333333333334,,,,5.0,5.0,24,,
2020-05-19,328,181,146,105,89,68,20,10,9,15,1,7,0,280487086575.31,167048167255.89,1,1,32.11009174311927,27.384615384615387,21.11801242236025,43.0,168.0,-6,1.6790791014525197,35.0,-4.005732006423976,0.7383368814041051,34.0,28.28282828282828,18.367346938775512,31.756756756756754,29.72972972972973,25.675675675675677,30.37974683544304,21.7948717948718,15.789473684210526,,,,5.0,5.0,31,,
2020-05-20,329,255,68,137,102,73,47,2,11,10,1,2,0,361250739716.09,63104996289.15,1,1,41.76829268292683,31.28834355828221,22.60061919504644,73.0,157.0,-1,5.724598066067898,187.0,6.958328441444808,0.6550678242771013,49.0,32.323232323232325,18.367346938775512,41.21621621621622,33.78378378378378,28.37837837837838,33.75,25.31645569620253,16.883116883116884,,,,5.0,5.0,42,,
2020-05-21,323,198,125,154,113,79,37,1,14,4,1,1,0,264902441067.07,156798981582.13998,1,1,47.82608695652174,35.3125,25.0,104.0,13.0,0,1.689439806267488,73.0,10.597808482165394,0.937588894332709,55.00000000000001,38.38383838383838,22.448979591836736,44.5945945945946,35.13513513513514,29.054054054054053,44.5945945945946,31.506849315068493,20.0,,,,5.0,5.0,47,,
2020-05-22,324,121,197,149,109,79,12,22,13,3,3,7,0,156328136321.49,284751870476.9,0,0,46.13003095975232,33.95638629283489,24.9211356466877,96.0,25.0,-4,0.5489977504262674,-76.0,6.20657487457067,1.118790008688814,52.0,37.37373737373738,23.46938775510204,45.94594594594595,33.78378378378378,29.72972972972973,38.66666666666666,29.72972972972973,16.901408450704224,,,,4.0,4.0,37,,
2020-05-26,322,187,131,171,124,80,38,9,11,5,3,3,1,223369648673.83,199073245753.28,0,0,53.43750000000001,38.9937106918239,25.477707006369428,87.0,32.0,0,1.122047555052483,56.0,9.021037265704326,1.272210709432689,59.0,42.42424242424242,22.448979591836736,52.02702702702703,39.86486486486486,30.405405405405407,48.61111111111111,32.3943661971831,19.11764705882353,,,,3.0,3.0,37,,
2020-05-27,324,189,126,182,130,81,52,8,18,1,2,0,1,395175039035.19,84515121486.31,2,1,56.52173913043478,40.49844236760124,25.63291139240506,102.0,39.0,2,4.675790936408955,63.0,11.732297423795082,0.3208013404363224,68.0,47.474747474747474,23.46938775510204,51.67785234899329,39.59731543624161,29.53020134228188,50.68493150684932,32.87671232876712,20.28985507246377,,,,4.0,3.0,47,,
2020-05-28,321,234,82,213,153,84,47,1,20,1,3,0,1,418044579510.83,88022213067.65,2,2,66.98113207547169,48.26498422712934,26.923076923076923,137.0,18.0,3,4.749307759275938,152.0,18.441763371843702,0.600857784171145,75.0,56.56565656565656,26.53061224489796,61.48648648648649,45.27027027027027,30.405405405405407,67.14285714285714,42.85714285714285,19.696969696969692,,,,5.0,4.0,53,,
2020-05-29,322,228,90,249,177,99,63,6,17,1,4,0,0,489599424612.26,241166884891.06,3,3,77.8125,55.4858934169279,31.528662420382165,162.0,15.0,4,2.0301270832992766,138.0,23.38614794056606,1.2478693349660983,84.0,65.65656565656566,34.69387755102041,76.35135135135135,52.702702702702695,35.13513513513514,72.22222222222221,47.22222222222222,19.11764705882353,,,,7.0,6.0,54,,
2020-06-01,324,272,50,289,211,113,102,2,26,1,5,0,1,487682362359.4,80367110421.4,2,1,89.75155279503106,65.73208722741433,35.75949367088608,212.0,9.0,5,6.068183362600292,222.0,31.69666600712084,0.896479172585334,92.0,73.73737373737373,35.714285714285715,88.51351351351352,66.21621621621621,40.54054054054054,89.1891891891892,54.054054054054056,25.71428571428571,,,,9.0,7.0,68,,
2020-06-02,328,230,91,301,230,123,69,1,24,0,2,0,2,422941827638.24,124372994779.17,2,1,92.33128834355828,70.5521472392638,38.4375,234.0,9.0,2,3.4005921332777485,139.0,34.493675623989574,0.7432448316100637,94.0,75.0,37.755102040816325,91.2751677852349,73.8255033557047,44.966442953020135,92.2077922077922,58.44155844155844,26.02739726027397,,,,11.0,8.0,68,,
2020-06-03,329,187,139,306,249,122,50,2,42,0,2,0,2,394300267237.05,194284467130.59,4,2,93.57798165137616,76.14678899082568,38.006230529595015,221.0,5.0,2,2.029499697327927,48.0,32.16265046829239,0.6628844255451085,97.0,81.0,37.755102040816325,89.86486486486487,77.7027027027027,42.567567567567565,96.20253164556962,67.08860759493672,29.33333333333333,,,,13.0,9.0,68,,
2020-06-04,331,148,177,299,240,119,31,15,48,0,4,0,1,279642366463.18,271326669522.65,4,2,90.88145896656536,72.94832826747721,36.95652173913043,150.0,18.0,4,1.0306482844283609,-29.0,26.158810707829844,0.8112934399868164,91.0,78.0,35.714285714285715,89.26174496644296,74.49664429530202,42.28187919463088,93.75,63.74999999999999,28.000000000000004,,,,15.0,9.0,59,,
2020-06-05,335,269,65,320,277,130,85,0,67,0,2,0,1,506527450498.8,79620724920.1,3,3,96.09609609609608,83.18318318318319,39.75535168195719,166.0,17.0,2,6.361753814815226,204.0,32.54473365909521,0.6505221137013989,96.0,81.0,36.734693877551024,94.63087248322148,86.57718120805369,45.63758389261745,98.8095238095238,79.76190476190477,32.5,,,,15.0,9.0,65,,
2020-06-08,350,186,163,334,301,141,49,13,74,0,1,0,1,363048641233.68,248083191583.16,5,3,95.97701149425288,86.49425287356321,41.2280701754386,165.0,28.0,1,1.4634149089942774,23.0,28.791974114131627,0.7797544547791606,97.0,88.0,40.81632653061224,94.63087248322148,87.24832214765101,46.97986577181208,96.96969696969695,83.83838383838383,32.631578947368425,,,,18.0,11.0,62,,
2020-06-09,362,117,241,337,301,139,12,35,66,0,2,0,1,184151694207.97,380984690407.81,5,3,93.61111111111111,83.61111111111111,39.26553672316384,146.0,48.0,2,0.4833572026499335,-124.0,18.089404832617102,1.0043859401736035,97.0,87.0,37.755102040816325,89.33333333333333,82.66666666666667,45.33333333333333,96.36363636363636,81.81818181818183,32.075471698113205,,,,21.0,13.0,57,,
2020-06-10,362,201,156,340,303,143,39,14,69,0,5,0,1,307115701050.33,175828908389.52,4,0,94.44444444444444,84.16666666666667,40.3954802259887,100.0,62.0,5,1.7466735354459788,45.0,17.298261072759104,0.737665918853322,96.0,87.0,36.734693877551024,92.0,82.0,46.66666666666666,96.36363636363636,84.54545454545455,34.90566037735849,,,,21.0,11.0,53,,
2020-06-11,371,73,293,317,282,133,10,39,65,0,2,0,1,110392929937.55,401933501061.4,4,1,85.90785907859079,76.42276422764228,36.63911845730027,61.0,88.0,2,0.2746547119014251,-220.0,3.2853418527167197,0.9071271923730942,83.0,76.0,31.63265306122449,84.66666666666667,75.33333333333333,43.333333333333336,89.91596638655463,78.15126050420169,32.17391304347826,,,,21.0,10.0,36,,
2020-06-12,378,203,172,317,294,144,30,3,51,0,1,0,2,431675264531.52,139060292411.34,3,2,84.30851063829788,78.19148936170212,39.130434782608695,79.0,56.0,1,3.10423095655966,31.0,3.837869210316894,0.3802012719593379,89.0,81.0,35.714285714285715,84.66666666666667,78.66666666666666,45.33333333333333,80.15873015873017,75.39682539682539,34.166666666666664,,,,21.0,9.0,38,,
2020-06-15,381,131,240,285,270,140,37,21,58,0,5,0,2,117976685681.66,357855045015.53,1,1,75.19788918205805,71.2401055408971,37.634408602150536,77.0,63.0,5,0.3296773018151529,-109.0,-2.708909244986541,1.655659429169246,68.0,66.0,34.69387755102041,78.0,72.0,43.333333333333336,77.51937984496125,74.4186046511628,33.064516129032256,,,,17.0,7.0,38,,
2020-06-16,388,156,226,285,270,140,34,16,66,0,8,0,2,272972105686.76,257652548150.13,1,1,73.83419689119171,69.94818652849742,36.93931398416886,101.0,40.0,8,1.059458203098009,-70.0,-6.342860278046047,0.6515268697785599,74.0,69.0,33.6734693877551,73.33333333333333,70.0,43.333333333333336,74.26470588235294,70.58823529411765,32.06106870229007,,,,13.0,5.0,42,,
2020-06-17,391,212,173,285,273,147,33,10,98,0,12,0,2,283727373027.82,185379681592.38,4,1,73.26478149100257,70.17994858611826,38.48167539267016,104.0,47.0,12,1.530520338532519,39.0,-3.968174109921693,0.800664646630257,70.0,68.0,33.6734693877551,73.33333333333333,70.0,44.0,75.53956834532374,71.94244604316546,35.82089552238806,,,,13.0,6.0,50,,
2020-06-18,395,291,101,320,309,159,55,9,120,0,8,0,1,379693380712.98,89468441164.23,4,2,81.42493638676844,78.62595419847328,41.19170984455959,122.0,35.0,8,4.243880588195423,190.0,5.63202343437424,0.6789041441990751,81.0,81.0,34.69387755102041,77.33333333333333,72.66666666666667,47.333333333333336,86.01398601398601,83.21678321678321,39.130434782608695,,,,13.0,7.0,57,,
2020-06-19,403,270,130,347,333,167,65,8,128,0,7,0,1,572059028865.24,178016540529.69,1,1,86.53366583541147,83.0423940149626,42.38578680203046,153.0,27.0,7,3.2135161550891427,140.0,11.312032217575386,0.6463085843318138,87.0,81.0,34.69387755102041,81.33333333333333,81.33333333333333,50.66666666666667,91.3907284768212,86.09271523178808,39.04109589041096,,,,11.0,6.0,59,,
2020-06-22,411,299,110,373,361,181,87,7,141,0,8,0,1,495184767361.42,138000944093.73,2,1,90.97560975609755,88.04878048780488,44.91315136476427,207.0,24.0,8,3.588270867372409,189.0,18.561879566124496,0.7575185705454468,91.0,87.0,39.795918367346935,88.0,87.33333333333333,50.66666666666667,93.75,89.375,42.58064516129032,,,,12.0,6.0,56,,
2020-06-23,421,318,102,399,390,204,92,5,176,0,11,0,1,459078101711.37,130005168833.61,3,3,95.0,92.85714285714286,49.39467312348668,244.0,20.0,11,3.53122961056211,216.0,26.017689651303364,0.8828786011247948,97.0,96.0,46.93877551020408,91.33333333333331,90.66666666666666,56.00000000000001,97.05882352941175,92.94117647058825,44.84848484848485,,,,14.0,8.0,65,,
2020-06-24,425,107,315,375,382,201,20,72,152,0,3,0,1,186624999029.18,471936656803.29,5,3,88.23529411764706,89.88235294117646,48.20143884892087,199.0,84.0,3,0.3954450164844219,-208.0,11.062318825874776,0.8589880401133366,89.0,92.0,43.87755102040816,85.33333333333334,89.33333333333333,57.333333333333336,90.28571428571428,89.14285714285714,42.60355029585799,,,,15.0,10.0,61,,
2020-06-25,437,250,183,375,389,207,52,16,160,0,3,0,2,346739046154.16,280590648556.48,6,3,86.0091743119266,89.22018348623854,48.47775175644028,164.0,93.0,3,1.2357469785182986,67.0,11.970165176003963,1.1055015649055102,85.0,89.0,42.85714285714285,83.33333333333334,87.33333333333333,55.333333333333336,88.70967741935483,90.86021505376344,45.81005586592179,,,,17.0,11.0,64,,
2020-06-26,441,218,216,386,400,212,37,6,146,0,5,0,3,279933381356.48,218140642595.86,8,1,87.72727272727273,90.9090909090909,49.187935034802784,109.0,94.0,5,1.2832701784742644,2.0,9.436522979484394,0.78647449008689,89.0,93.0,43.87755102040816,84.0,89.33333333333333,59.333333333333336,90.0,91.05263157894736,43.71584699453552,,,,24.0,11.0,42,,
2020-06-29,445,110,331,335,359,204,16,58,131,0,4,0,2,141917811071.42,296066742916.0,7,4,75.45045045045045,80.85585585585585,46.89655172413793,105.0,80.0,4,0.4793439805959054,-221.0,-3.9269237134372617,0.6932939547395126,72.0,79.0,40.81632653061224,74.0,80.66666666666666,54.0,78.35051546391753,81.95876288659794,44.38502673796791,,,,29.0,14.0,38,,
2020-06-30,448,173,269,320,353,199,17,34,96,0,1,1,1,179756371653.18,260780632641.99,7,3,71.58836689038031,78.97091722595079,45.4337899543379,70.0,98.0,0,0.6893010797314718,-96.0,-9.083036017318088,0.9330069188785608,67.0,78.0,42.85714285714285,71.33333333333334,78.66666666666666,53.02013422818792,74.11167512690355,79.69543147208121,40.83769633507853,,,,33.0,14.0,22,,
2020-07-01,446,252,189,334,359,202,51,18,87,1,4,1,1,314796876184.96,132267140651.08,6,1,75.0561797752809,80.67415730337079,46.3302752293578,84.0,110.0,3,2.380008176145521,63.0,-5.496096857049604,0.5602221650736923,73.0,82.0,42.85714285714285,74.0,80.0,53.69127516778524,76.92307692307693,80.51282051282051,42.32804232804233,,,,34.0,12.0,34,,
2020-07-02,441,286,153,356,381,212,47,7,75,1,3,1,1,359309990145.28,119192045953.08,0,0,80.9090909090909,86.5909090909091,49.187935034802784,115.0,59.0,2,3.014546711336112,133.0,1.0982166092651973,0.6200869400106687,80.0,88.0,46.93877551020408,79.33333333333333,82.66666666666667,56.375838926174495,82.63157894736842,88.94736842105263,44.56521739130434,,,,28.0,9.0,39,,
2020-07-03,444,230,209,363,375,213,31,10,76,1,5,1,1,277027574440.34,156769711024.22,5,3,81.941309255079,84.65011286681715,49.07834101382488,129.0,35.0,4,1.7670988396319802,21.0,1.1308635399180282,0.6227599974706053,82.0,86.0,46.93877551020408,83.33333333333334,82.66666666666667,57.04697986577181,80.82901554404145,85.49222797927462,43.85026737967914,,,,25.0,11.0,41,,
2020-07-06,444,297,137,388,403,230,66,8,64,1,12,1,1,419887368559.84,72546469549.64,4,4,87.58465011286681,90.9706546275395,53.11778290993071,144.0,25.0,11,5.787840141173674,160.0,8.103122347926607,0.3745582391360282,87.0,93.0,50.0,88.66666666666667,88.66666666666667,61.07382550335571,87.04663212435233,91.70984455958548,48.38709677419355,,,,22.0,11.0,60,,
2020-07-07,443,217,221,378,405,240,51,14,61,1,6,1,1,408881291568.24,189658099080.51,6,5,85.52036199095022,91.6289592760181,55.55555555555556,148.0,32.0,5,2.155886268767618,-4.0,5.82388801703431,0.4554509515244407,78.0,89.0,52.04081632653062,86.66666666666667,88.66666666666667,65.1006711409396,88.54166666666666,95.3125,49.72972972972973,,,,21.0,13.0,68,,
2020-07-08,444,152,286,359,395,230,34,27,68,1,6,1,0,243627113968.25,350958441927.51,8,5,81.03837471783297,89.1647855530474,53.11778290993071,151.0,49.0,5,0.6941765316435126,-134.0,-2.6539767759637787,0.765610053411402,73.0,88.0,45.91836734693878,83.33333333333334,88.0,62.41610738255034,83.41968911917098,90.67357512953367,49.46236559139785,,,,23.0,17.0,64,,
2020-07-09,451,268,176,363,402,241,34,10,59,1,10,1,1,373730811336.7,101583596508.43,16,5,80.84632516703786,89.53229398663697,54.89749430523918,119.0,51.0,9,3.679046855814813,92.0,1.410718709902678,0.4138917856728487,77.0,86.0,46.93877551020408,78.66666666666666,88.66666666666667,63.08724832214765,84.84848484848484,91.91919191919192,52.35602094240838,0.0,100.0,100.0,39.0,22.0,78,,
2020-07-10,448,137,309,335,384,231,16,18,66,1,12,1,1,198030225458.92,299491215376.94,11,3,75.11210762331838,86.09865470852019,52.98165137614679,84.0,55.0,11,0.661222150404909,-172.0,-8.321020243231017,0.6705245665490469,70.0,82.0,44.89795918367347,72.66666666666667,84.0,61.07382550335571,79.48717948717949,89.74358974358975,50.53191489361703,100.0,100.0,100.0,45.0,22.0,58,,
2020-07-13,448,180,258,311,376,233,32,15,62,2,13,1,1,276820977219.56,197009089285.87,9,4,69.73094170403587,84.30493273542601,53.44036697247706,82.0,43.0,12,1.4051177954428231,-78.0,-11.90005194694417,0.4965237938537237,67.0,81.0,47.95918367346938,66.66666666666666,82.66666666666667,62.16216216216216,73.71134020618557,87.11340206185567,49.46808510638298,50.0,100.0,50.0,50.0,22.0,56,,
2020-07-14,451,89,360,251,346,215,14,58,50,2,7,1,1,77586296963.91,406417088274.11,6,3,55.90200445434298,77.06013363028953,48.86363636363637,62.0,91.0,6,0.1909031367096,-271.0,-24.5506237938842,1.2950139347280305,52.0,71.0,45.91836734693878,54.0,76.0,58.108108108108105,59.18367346938776,80.61224489795919,43.45549738219896,66.66666666666666,100.0,33.33333333333333,50.0,20.0,38,,
2020-07-15,459,170,288,237,339,218,22,30,47,2,6,1,1,220437925370.75,357550322354.5,4,2,51.85995623632385,74.17943107221006,48.660714285714285,68.0,103.0,5,0.6165227985788044,-118.0,-27.5941096040485,0.9574305753793272,46.0,68.0,43.87755102040816,51.33333333333333,72.0,57.43243243243244,55.392156862745104,78.43137254901961,44.72361809045226,33.33333333333333,100.0,33.33333333333333,46.0,17.0,36,,
2020-07-16,454,207,242,237,329,220,36,30,44,3,7,1,1,376034233994.14,188872347386.78,10,3,52.43362831858407,72.78761061946902,49.66139954853273,72.0,118.0,6,1.990943826329869,-35.0,-25.908319423718737,0.429631358511631,55.00000000000001,70.0,43.87755102040816,50.0,70.66666666666667,58.108108108108105,53.5,75.5,46.15384615384615,0.0,100.0,50.0,40.0,15.0,43,,
2020-07-17,453,343,107,299,365,229,67,6,44,3,5,0,0,405804044515.92,136654855060.8,5,2,66.29711751662971,80.93126385809313,51.92743764172335,125.0,66.0,5,2.969554534563525,236.0,-10.787427222418197,1.0794910278038332,71.0,81.0,47.95918367346938,62.66666666666667,78.66666666666666,56.75675675675676,66.16161616161617,82.32323232323232,50.0,100.0,100.0,66.66666666666666,34.0,14.0,55,,
2020-07-20,451,280,165,312,371,238,46,7,41,4,11,0,0,404801290493.98,114362374465.93,11,7,69.48775055679288,82.62806236080178,54.21412300683372,149.0,43.0,11,3.5396369862412698,115.0,-3.855127254194143,0.4794191335342849,71.0,81.0,50.0,68.66666666666667,81.33333333333333,62.41610738255034,68.87755102040816,84.18367346938776,49.73544973544973,100.0,100.0,66.66666666666666,36.0,17.0,64,,
2020-07-21,452,225,222,333,378,251,40,11,36,5,12,0,2,358298146052.66003,239450826673.34,7,3,74.0,84.0,57.04545454545455,153.0,24.0,12,1.4963328840014911,3.0,-3.508735145091604,0.677331577986295,80.0,85.0,52.04081632653062,68.0,81.33333333333333,64.1891891891892,75.63451776649747,85.27918781725889,53.92670157068062,66.66666666666666,100.0,66.66666666666666,37.0,17.0,62,,
2020-07-22,444,151,288,312,362,245,24,12,20,7,8,0,0,290627060621.89,307555726287.01,5,1,70.42889390519187,81.7155756207675,56.451612903225815,110.0,30.0,8,0.944957403754134,-137.0,-10.195026216083477,0.5548457035974219,72.0,82.0,53.06122448979592,70.0,80.66666666666666,63.51351351351351,69.79166666666666,82.29166666666666,52.406417112299465,100.0,100.0,100.0,38.0,16.0,47,,
2020-07-23,444,261,173,322,357,249,46,14,30,6,9,0,0,358851798937.74,125092563639.04,10,3,72.85067873303167,80.76923076923077,57.638888888888886,110.0,37.0,9,2.868690100342194,88.0,-4.61082995070111,0.5259092015729586,73.0,83.0,54.08163265306123,74.0,78.0,63.51351351351351,71.72774869109948,81.67539267015707,54.59459459459459,100.0,100.0,100.0,38.0,16.0,57,,
2020-07-24,446,122,323,276,342,242,24,17,29,5,10,0,0,257481677303.38,322663920778.47,13,5,62.30248306997742,77.20090293453724,55.8891454965358,94.0,43.0,10,0.7979871957241793,-201.0,-14.26328799404568,0.4733271164650701,62.62626262626263,76.76767676767676,52.57731958762887,62.66666666666667,76.0,61.48648648648649,61.458333333333336,78.125,52.68817204301075,100.0,100.0,100.0,46.0,19.0,47,,
2020-07-27,444,106,332,216,301,233,19,47,29,6,11,0,0,240551268140.85,270650892974.15,4,1,48.97959183673469,68.25396825396825,54.060324825986086,89.0,78.0,11,0.8887880084098787,-226.0,-23.694823181135067,0.3592275159123155,50.505050505050505,66.66666666666666,50.51546391752577,47.333333333333336,65.33333333333333,59.863945578231295,48.67724867724868,70.8994708994709,50.54347826086957,100.0,100.0,100.0,39.0,13.0,42,,
2020-07-28,441,268,168,241,318,236,45,11,36,8,7,0,0,418880358554.1,135910956306.02,14,6,55.02283105022832,72.6027397260274,55.26932084309133,88.0,75.0,7,3.08202053711505,100.0,-15.340311650190811,0.5175948946567794,57.57575757575758,76.76767676767676,53.608247422680414,55.70469798657718,68.45637583892618,61.224489795918366,52.659574468085104,73.40425531914893,50.82872928176796,100.0,100.0,100.0,46.0,16.0,50,,
2020-07-29,439,218,216,278,328,241,34,14,39,7,2,0,0,281960322760.97,276041849706.53,7,5,63.76146788990825,75.22935779816514,56.70588235294117,98.0,72.0,2,1.021440491942552,2.0,-13.020502732982523,0.9880744568289762,69.6969696969697,77.77777777777779,54.63917525773196,64.42953020134227,72.48322147651007,62.58503401360544,59.45945945945946,75.67567567567568,52.24719101123596,100.0,100.0,100.0,48.0,20.0,48,,
2020-07-30,441,143,296,226,314,239,23,28,35,6,5,0,0,286697164168.76,290307226309.47,11,6,51.598173515981735,71.68949771689498,55.97189695550351,102.0,53.0,5,0.9875646838468236,-153.0,-18.72196359510452,0.4891913572954788,51.51515151515152,71.71717171717171,50.51546391752577,55.70469798657718,70.46979865771812,62.58503401360544,48.1283422459893,72.72727272727273,52.77777777777778,66.66666666666666,66.66666666666666,100.0,49.0,23.0,47,,
2020-07-31,441,234,200,233,314,240,53,15,34,7,20,0,1,364138701421.24,192650192467.27,10,4,53.31807780320366,71.85354691075516,56.33802816901409,110.0,57.0,20,1.890154879980744,34.0,-14.153102814243308,0.6189968940597711,56.56565656565656,73.73737373737373,52.57731958762887,57.71812080536913,70.46979865771812,59.863945578231295,47.28260869565217,71.73913043478261,54.23728813559322,80.0,80.0,100.0,46.0,22.0,58,,
2020-08-03,447,230,211,238,308,256,66,14,49,8,26,0,1,216409065121.79,316292213843.0,5,2,53.72460496613996,69.52595936794582,59.122401847575055,142.0,57.0,26,0.6842061095731252,19.0,-10.925961332535753,1.5931564745088391,49.494949494949495,66.66666666666666,53.06122448979592,57.71812080536913,70.46979865771812,63.94557823129252,52.10526315789473,70.0,57.377049180327866,80.0,80.0,100.0,47.0,23.0,55,,
2020-08-04,444,294,143,274,328,257,62,9,40,7,16,0,0,395458388149.5,140031523924.91,6,4,62.27272727272727,74.54545454545455,59.62877030162414,181.0,38.0,16,2.8240668748385485,151.0,-1.5121255590131142,0.7280082756756934,58.58585858585859,67.67676767676768,55.10204081632652,66.0,76.66666666666667,63.51351351351351,60.752688172043015,76.34408602150538,57.77777777777777,80.0,80.0,100.0,39.0,21.0,72,,
2020-08-05,441,251,186,293,336,261,46,6,41,5,13,0,0,310543694212.8,239747361096.29,19,12,67.04805491990847,76.88787185354691,60.98130841121496,174.0,29.0,13,1.2952955677709252,65.0,2.244264655143808,1.0418180986395933,60.60606060606061,70.70707070707071,56.12244897959183,71.33333333333334,79.33333333333333,65.54054054054053,67.02702702702703,78.37837837837837,59.77653631284916,66.66666666666666,66.66666666666666,66.66666666666666,51.0,28.0,72,,
2020-08-06,439,270,160,302,337,270,47,8,60,5,20,0,0,385534577766.62,141886872767.32,11,4,69.42528735632185,77.47126436781609,63.38028169014085,155.0,23.0,20,2.717196948859796,110.0,7.694756964972258,0.6210444188479298,64.64646464646465,71.71717171717171,57.14285714285714,73.33333333333333,78.66666666666666,66.21621621621621,68.68131868131869,79.67032967032966,63.63636363636363,75.0,75.0,100.0,51.0,26.0,70,,
2020-08-07,441,246,178,332,359,280,53,11,56,3,16,0,0,363747660780.11,162059813639.54,12,10,75.97254004576659,82.15102974828376,65.42056074766354,146.0,25.0,16,2.2445272064126414,68.0,10.216454105050722,0.6157298819821196,65.65656565656566,73.73737373737373,58.16326530612245,84.0,84.66666666666667,69.5945945945946,74.72527472527473,84.61538461538461,64.77272727272727,83.33333333333334,83.33333333333334,100.0,53.0,32.0,84,,
2020-08-10,445,270,162,349,376,289,80,10,64,3,32,0,2,388832528843.63,168821610447.31,14,13,79.13832199546485,85.26077097505669,66.89814814814815,180.0,29.0,32,2.3032153751725195,108.0,14.321422889292556,0.7236260597391275,71.71717171717171,80.8080808080808,61.224489795918366,82.66666666666667,85.33333333333334,70.27027027027027,79.55801104972376,87.29281767955801,65.71428571428571,90.9090909090909,90.9090909090909,90.9090909090909,62.0,43.0,89,,
2020-08-11,449,206,237,357,380,287,34,22,62,4,11,0,1,325405457144.01,191833882488.54,15,8,80.2247191011236,85.39325842696628,65.82568807339449,167.0,43.0,11,1.6962877095679354,-31.0,10.80956408537286,0.5124120792325272,75.75757575757575,76.76767676767676,59.18367346938776,78.0,87.33333333333333,70.06802721088435,83.87096774193549,88.17204301075269,64.64088397790056,90.0,90.0,90.0,71.0,47.0,85,,
2020-08-12,456,214,236,364,392,302,27,16,65,3,4,0,1,248062104602.98,247464503918.86,21,11,80.53097345132744,86.72566371681415,68.17155756207674,141.0,48.0,4,1.0024148945592453,-22.0,8.202876987594655,0.9045951590889456,79.7979797979798,80.8080808080808,60.204081632653065,80.0,88.66666666666667,76.19047619047619,80.6282722513089,87.95811518324608,65.05376344086021,91.66666666666666,91.66666666666666,83.33333333333334,73.0,46.0,80,,
2020-08-13,459,245,202,378,405,312,51,10,73,3,9,0,1,301167843672.39,216388213130.5,31,15,83.07692307692308,89.01098901098901,69.95515695067265,112.0,48.0,9,1.3917941246215702,43.0,9.183145134056318,0.8714444655803483,80.8080808080808,82.82828282828282,66.3265306122449,84.0,91.33333333333331,75.67567567567568,82.9896907216495,90.20618556701032,66.66666666666666,91.66666666666666,91.66666666666666,81.81818181818183,93.0,57.0,84,,
2020-08-14,463,115,342,334,384,304,14,35,69,2,5,0,1,174816634995.99,392526680814.83,20,9,72.76688453159042,83.66013071895425,67.40576496674058,92.0,61.0,5,0.4453624264039716,-227.0,-3.5246413263892435,0.7550194852686428,64.64646464646465,73.73737373737373,61.224489795918366,74.0,88.66666666666667,72.97297297297297,74.37185929648241,83.91959798994975,65.12820512820512,100.0,100.0,90.0,101.0,56.0,65,,
2020-08-17,464,284,171,343,393,310,50,6,73,3,8,0,1,298247496376.04,157950649630.06,12,8,74.56521739130434,85.43478260869564,68.43267108167771,115.0,51.0,8,1.8882321603271184,113.0,2.627824456561749,0.8795627721765796,74.74747474747475,81.81818181818183,64.28571428571429,74.0,88.0,72.97297297297297,74.37185929648241,84.42211055276381,66.3265306122449,83.33333333333334,100.0,81.81818181818183,99.0,51.0,69,,
2020-08-18,466,334,124,391,414,324,52,4,69,1,5,0,2,404044918320.18,77383604282.31,21,11,84.63203463203463,89.6103896103896,71.20879120879121,116.0,45.0,5,5.221324621248551,210.0,12.72504357870204,0.5158745304084691,86.86868686868688,87.87878787878788,68.36734693877551,84.0,90.0,73.64864864864865,83.41708542713567,89.44723618090453,69.89795918367348,92.85714285714286,100.0,84.61538461538461,105.0,54.0,72,,
2020-08-19,464,288,167,410,427,337,50,1,78,1,11,0,2,340182565828.68,158699866549.31,9,8,88.93709327548807,92.62472885032538,74.22907488986785,152.0,11.0,11,2.143559243151481,121.0,16.844540710238476,0.8045268185208364,87.87878787878788,89.8989898989899,71.42857142857143,89.33333333333333,93.33333333333331,76.35135135135135,88.83248730964468,92.89340101522842,72.68041237113401,93.33333333333331,100.0,92.85714285714286,93.0,51.0,81,,
2020-08-20,473,224,239,400,432,348,47,3,78,0,11,0,3,239059405612.63,262016606989.77,10,6,85.28784648187633,92.3076923076923,75.48806941431671,149.0,8.0,11,0.9123826476463138,-15.0,13.482488054150938,1.0272427869399494,79.0,87.87878787878788,69.38775510204081,84.0,92.66666666666666,79.72972972972973,88.72549019607843,93.62745098039215,74.6268656716418,93.33333333333331,100.0,85.71428571428571,72.0,42.0,78,,
2020-08-21,481,290,188,415,451,360,65,8,83,0,19,0,1,299266347121.02,196984475728.59,10,9,87.0020964360587,94.74789915966386,76.7590618336887,162.0,12.0,19,1.5192382344553714,102.0,16.390520592925338,1.015346478587243,76.0,90.9090909090909,70.40816326530613,88.0,94.66666666666669,79.72972972972973,90.52132701421802,96.2085308056872,77.88461538461539,100.0,100.0,73.33333333333333,62.0,42.0,90,,
2020-08-24,490,273,207,433,463,369,63,8,99,0,24,0,2,372262604505.43,140493419910.36002,15,10,89.27835051546393,95.66115702479338,77.35849056603774,175.0,19.0,24,2.649679997418721,66.0,16.994935810612827,0.4977357948865297,83.0,92.92929292929291,72.44897959183673,88.66666666666667,96.0,78.37837837837837,91.54929577464787,96.24413145539906,78.57142857142857,100.0,100.0,80.95238095238095,65.0,44.0,93,,
2020-08-25,504,208,290,432,472,381,48,9,124,0,21,0,2,360552734645.36,203007961722.54,24,11,86.57314629258516,94.77911646586344,77.59674134419552,176.0,25.0,21,1.7760521882296587,-82.0,10.026736142682566,0.4038402610371939,77.0,90.9090909090909,72.44897959183673,86.0,95.33333333333334,81.75675675675676,90.41095890410958,96.34703196347031,76.38888888888889,93.33333333333331,93.33333333333331,82.75862068965517,68.0,44.0,91,,
2020-08-26,513,296,213,448,479,400,63,8,131,0,17,0,2,437491336535.79,152012073265.87,33,18,88.18897637795276,94.47731755424064,80.0,174.0,25.0,17,2.878003879143304,83.0,12.268791745888777,0.4828594469844882,79.0,88.88888888888889,73.46938775510205,88.66666666666667,94.66666666666669,83.78378378378379,90.9090909090909,96.36363636363636,78.80184331797236,94.73684210526316,97.36842105263158,89.1891891891892,92.0,54.0,89,,
2020-08-27,521,228,288,453,486,414,43,13,135,0,15,0,1,318522369527.84,246902182199.49,21,15,87.62088974854933,94.18604651162792,81.49606299212599,154.0,30.0,15,1.2900751491555589,-60.0,6.974405327900644,0.6136593416165452,77.0,87.87878787878788,76.53061224489795,86.66666666666667,93.33333333333331,83.1081081081081,92.0,97.33333333333334,80.45454545454545,92.85714285714286,95.23809523809524,92.85714285714286,103.0,63.0,88,,
2020-08-28,527,195,326,447,495,415,35,18,129,0,4,0,1,482269896209.2,181003640305.08,17,8,85.46845124282983,94.82758620689656,80.73929961089495,141.0,39.0,4,2.66442097737006,-131.0,-1.137167086118712,0.2244988739703109,77.0,90.9090909090909,77.55102040816327,87.33333333333333,93.33333333333331,82.43243243243244,86.46288209606988,97.37991266375546,79.91071428571429,93.18181818181816,95.45454545454544,86.36363636363636,110.0,62.0,79,,
2020-08-31,529,31,498,248,423,368,4,324,77,0,2,0,2,90448595863.16,800509507878.34,34,10,47.41873804971319,81.03448275862068,71.59533073929961,82.0,355.0,2,0.1129887839844448,-467.0,-24.866875664674662,0.5509307542641184,43.0,72.72727272727273,71.42857142857143,42.66666666666667,78.0,71.62162162162163,51.31578947368421,84.21052631578947,70.4035874439462,53.333333333333336,93.33333333333331,77.77777777777779,129.0,62.0,44,,
2020-09-01,530,278,247,267,422,365,41,24,73,0,0,0,2,377511674604.62,196412889851.63,21,3,50.85714285714285,80.53435114503816,70.73643410852713,80.0,366.0,0,1.922031058602069,31.0,-20.13144212101664,0.585581626185113,50.0,78.78787878787878,69.38775510204081,46.0,76.66666666666667,73.64864864864865,53.91304347826087,81.30434782608695,68.44444444444444,53.333333333333336,93.33333333333331,75.55555555555556,126.0,54.0,40,,
2020-09-02,531,395,130,343,457,382,78,6,76,0,7,0,1,374825181697.78,92256206771.77,25,1,65.20912547528516,87.04761904761905,73.88781431334623,123.0,354.0,7,4.062872242569536,265.0,-4.281989230583941,0.7478604684207063,69.0,80.8080808080808,73.46938775510205,61.33333333333333,86.0,76.35135135135135,64.78260869565217,88.69565217391305,70.66666666666667,71.73913043478261,95.65217391304348,82.6086956521739,118.0,37.0,53,,
2020-09-03,523,300,217,359,454,377,43,10,72,0,5,0,2,270661093657.42,186368502548.38,5,3,69.3050193050193,87.81431334622823,74.06679764243614,162.0,40.0,5,1.4522898985420467,83.0,0.190702936888937,0.951936993192993,74.0,79.7979797979798,72.44897959183673,64.66666666666666,89.33333333333333,77.02702702702703,68.12227074235808,89.08296943231441,72.32142857142857,82.05128205128204,94.87179487179486,76.92307692307693,102.0,25.0,55,,
2020-09-04,526,87,436,269,411,364,14,23,50,1,6,0,1,64487695666.04,451494679141.85,0,0,51.631477927063344,79.03846153846153,71.09375,135.0,39.0,6,0.142831573981361,-349.0,-17.5860987746062,1.3970390358486782,49.0,72.72727272727273,70.40816326530613,49.333333333333336,76.0,71.62162162162163,52.838427947598255,82.53275109170306,70.98214285714286,59.523809523809526,85.71428571428571,71.42857142857143,85.0,17.0,44,,
2020-09-07,524,179,337,229,391,357,23,14,45,1,7,0,1,243957798339.42,180073700403.77,5,2,44.1233140655106,75.4826254826255,70.0,80.0,47.0,7,1.3547663972718171,-158.0,-23.147333744061516,0.3920655775780239,45.0,69.6969696969697,69.38775510204081,42.0,72.66666666666667,72.2972972972973,44.29824561403509,78.0701754385965,68.16143497757847,48.78048780487805,85.36585365853658,73.17073170731707,56.0,9.0,45,,
2020-09-08,521,125,392,187,344,336,15,50,37,1,4,0,1,173629922770.72,278453913018.63,5,0,36.240310077519375,66.79611650485437,66.27218934911244,52.0,87.0,4,0.6235499472370614,-267.0,-33.23645297422551,0.51139055088265,32.0,65.65656565656566,63.26530612244898,38.66666666666666,62.66666666666667,69.5945945945946,38.05309734513274,67.69911504424779,65.61085972850678,27.500000000000004,80.0,65.0,40.0,6.0,34,,
2020-09-09,515,144,365,157,299,319,14,40,30,1,3,0,1,259463541548.59,252783160250.1,4,3,30.7843137254902,58.7426326129666,63.67265469061876,52.0,104.0,3,1.0264273193351985,-221.0,-39.39646765114459,0.3843628676999074,33.0,62.62626262626263,65.3061224489796,32.0,56.66666666666666,66.21621621621621,30.493273542600896,58.29596412556054,62.38532110091744,21.62162162162162,59.45945945945946,56.75675675675676,19.0,8.0,30,,
2020-09-10,509,387,118,208,334,332,56,3,35,1,8,0,1,443121018004.03,113553700645.24,6,1,41.26984126984127,66.40159045725646,67.07070707070707,85.0,93.0,8,3.90230362802892,269.0,-19.96629786165468,0.8404422950055611,41.0,63.63636363636363,65.3061224489796,43.333333333333336,65.33333333333333,70.27027027027027,42.34234234234234,67.56756756756756,66.3594470046083,25.0,71.875,62.5,20.0,6.0,40,,
2020-09-11,504,268,230,217,345,330,25,4,27,2,8,0,3,321323249693.82,156604016284.41998,3,2,43.48697394789579,69.27710843373494,67.3469387755102,95.0,47.0,8,2.051819980850564,38.0,-14.803671202332534,0.5678945532157832,47.0,69.6969696969697,66.3265306122449,46.66666666666666,68.66666666666667,70.27027027027027,42.081447963800905,69.23076923076923,66.20370370370371,25.0,71.42857142857143,64.28571428571429,23.0,8.0,40,,
2020-09-14,504,401,101,339,393,351,161,6,42,2,28,0,2,334431806939.47003,252680123422.39,0,0,67.93587174348697,78.91566265060241,71.63265306122449,242.0,13.0,28,1.3235382443613133,300.0,2.784392947399567,2.9997599590474078,56.00000000000001,65.65656565656566,67.3469387755102,72.0,80.0,73.64864864864865,69.68325791855203,82.80542986425338,71.29629629629629,75.0,89.28571428571429,78.57142857142857,18.0,6.0,57,,
2020-09-15,504,315,180,356,401,353,58,3,51,2,16,0,3,367862786875.8,110829554302.6,4,2,71.34268537074149,80.52208835341365,72.0408163265306,244.0,13.0,16,3.3191759110698698,135.0,9.558265830683515,0.527239304841762,59.0,71.71717171717171,69.38775510204081,74.49664429530202,83.22147651006712,75.51020408163265,75.44642857142857,81.25,70.31963470319634,65.38461538461539,92.3076923076923,76.92307692307693,17.0,8.0,66,,
2020-09-16,494,251,234,359,400,349,33,7,41,2,14,0,1,329324495943.89,139298787166.04,6,5,73.11608961303462,81.63265306122449,72.40663900414937,252.0,16.0,14,2.3641591046399064,17.0,9.402135816737877,0.4537129377394216,68.0,74.74747474747475,69.38775510204081,73.33333333333333,84.66666666666667,75.0,73.97260273972603,82.1917808219178,71.02803738317756,86.36363636363636,86.36363636363636,81.81818181818183,19.0,10.0,65,,
2020-09-17,489,147,338,316,377,345,18,22,34,4,13,0,0,178519444116.42,270634739340.94,28,20,65.02057613168725,77.7319587628866,72.17573221757321,109.0,32.0,13,0.6596324054744684,-191.0,-1.178366024269338,0.6593236460096621,59.0,70.70707070707071,70.40816326530613,68.66666666666667,82.0,75.67567567567568,65.13761467889908,77.52293577981652,70.09345794392523,66.66666666666666,83.33333333333334,77.77777777777779,41.0,29.0,65,,
2020-09-18,482,226,251,320,364,335,28,18,30,3,15,0,0,528727075858.31,256769933844.94,16,6,66.80584551148226,76.31027253668763,71.27659574468085,79.0,47.0,15,2.0591471436745445,-25.0,-1.9188032682091585,0.4372676373033461,57.57575757575758,69.38775510204081,67.0103092783505,72.66666666666667,79.33333333333333,75.0,67.12962962962963,76.27906976744187,70.61611374407583,64.28571428571429,92.85714285714286,71.42857142857143,54.0,33.0,68,,
2020-09-21,475,25,449,168,278,300,4,226,17,4,2,0,0,47161616129.69,519651141422.54,7,1,35.59322033898305,59.14893617021277,64.65517241379311,50.0,266.0,2,0.0907563023927659,-424.0,-22.49228309543666,0.6135032591363114,31.313131313131315,52.04081632653062,63.91752577319587,36.66666666666666,61.33333333333333,70.27027027027027,36.96682464454976,60.95238095238096,60.86956521739131,33.33333333333333,58.333333333333336,66.66666666666666,61.0,34.0,39,,
2020-09-22,468,91,377,123,237,274,5,74,15,6,1,0,0,202870781169.22,367532028431.4,8,2,26.5658747300216,51.40997830802603,60.21978021978022,37.0,318.0,1,0.5519812301394731,-286.0,-33.070146932238984,0.4372962288660368,23.46938775510204,46.39175257731959,56.25,30.0,53.333333333333336,64.1891891891892,25.853658536585368,51.9607843137255,59.20398009950249,20.0,60.0,60.0,65.0,34.0,31,,
2020-09-23,460,210,243,124,221,276,26,17,14,9,1,0,1,223765115015.06,307455886662.86,8,1,27.25274725274725,48.78587196467991,61.74496644295302,35.0,317.0,1,0.7277958390838328,-33.0,-29.298869778043787,1.1874175207597648,26.53061224489796,39.175257731958766,56.25,33.33333333333333,52.0,67.56756756756756,22.885572139303484,50.5,59.39086294416244,33.33333333333333,66.66666666666666,83.33333333333334,67.0,30.0,19,,
2020-09-24,453,60,392,71,174,245,10,123,9,12,5,1,1,70516608017.33,476184601735.2,1,0,15.848214285714285,39.01345291479821,55.68181818181818,41.0,214.0,4,0.1480867036867004,-332.0,-40.87793346231668,1.0335919476850526,10.20408163265306,29.89690721649485,50.0,17.333333333333336,40.66666666666666,58.108108108108105,16.580310880829018,41.66666666666667,56.08465608465608,42.85714285714285,57.14285714285714,71.42857142857143,40.0,10.0,18,,
2020-09-25,436,389,45,129,219,260,112,4,10,6,5,0,1,501580631622.63,19265112835.9,0,0,29.79214780600462,50.93023255813953,61.32075471698113,148.0,144.0,5,26.035696540948805,344.0,-16.773643245058416,0.3320227838286756,27.55102040816326,42.85714285714285,56.70103092783505,31.333333333333336,54.36241610738255,64.62585034013605,28.49162011173184,51.41242937853108,60.3448275862069,66.66666666666666,83.33333333333334,83.33333333333334,24.0,4.0,34,,
2020-09-28,427,375,52,219,274,274,104,1,15,5,13,0,0,415929878501.66,26935562243.16,0,0,51.65094339622641,65.08313539192399,66.02409638554217,226.0,128.0,13,15.44166313466432,323.0,2.869393106922697,0.467018247882224,45.91836734693878,57.14285714285714,59.79381443298969,54.66666666666666,66.44295302013423,68.70748299319727,51.74418604651163,67.64705882352942,66.46706586826348,75.0,100.0,100.0,17.0,3.0,46,,
2020-09-29,425,158,263,216,266,278,26,10,25,4,8,0,0,200291689690.97,267022054865.72,1,1,51.18483412322274,63.48448687350835,67.31234866828088,242.0,15.0,8,0.7500941815150537,-105.0,-1.7501577776680683,0.8009133667192799,46.93877551020408,57.14285714285714,62.88659793814433,54.0,63.08724832214765,68.70748299319727,50.29585798816568,66.46706586826348,67.6829268292683,80.0,100.0,100.0,10.0,2.0,38,,
2020-09-30,428,187,238,225,274,282,23,7,25,2,8,0,0,214823767312.0,235653133975.87,1,1,53.06603773584906,65.08313539192399,67.95180722891565,153.0,18.0,8,0.9116100587654274,-51.0,-2.9911229951048317,0.8618973410389531,46.93877551020408,59.18367346938776,65.97938144329896,56.00000000000001,63.758389261744966,68.02721088435374,52.90697674418605,68.82352941176471,68.26347305389223,100.0,100.0,100.0,3.0,2.0,41,,
2020-10-01,427,258,164,250,295,285,31,1,21,2,6,0,0,321503099045.29,97322512759.15,1,1,59.10165484633569,70.07125890736341,68.84057971014492,80.0,18.0,6,3.303481280235062,94.0,3.212807358962264,0.4762160273526287,63.26530612244898,70.40816326530613,67.0103092783505,57.333333333333336,68.0,69.17808219178082,58.04597701149425,71.51162790697676,69.41176470588235,100.0,100.0,100.0,3.0,3.0,49,,
2020-10-05,431,229,195,263,298,289,45,1,22,5,11,0,1,316607727317.71,156030564802.17,5,1,61.882352941176464,70.44917257683215,69.47115384615384,99.0,9.0,11,2.029139147955624,34.0,5.501103774894819,0.5787473843487528,66.3265306122449,66.3265306122449,67.0103092783505,61.33333333333333,68.66666666666667,69.86301369863014,59.65909090909091,74.13793103448276,70.34883720930233,100.0,100.0,100.0,8.0,4.0,50,,
2020-10-06,432,249,178,279,307,293,33,3,23,3,12,0,1,316864651876.02,120300433238.39,0,0,65.64705882352942,72.57683215130024,70.4326923076923,109.0,5.0,12,2.633944395263432,71.0,9.280091691642678,0.5310956476567815,76.28865979381443,73.19587628865979,69.79166666666666,61.33333333333333,70.0,70.54794520547945,63.06818181818182,74.13793103448276,70.34883720930233,100.0,100.0,100.0,8.0,4.0,58,,
2020-10-07,433,139,291,252,292,293,20,23,22,3,16,0,1,280771314084.17,208166596700.49,0,0,59.15492957746479,68.86792452830188,70.26378896882494,98.0,27.0,16,1.3487817860045224,-152.0,1.3147259020038824,0.3541441878864075,65.97938144329896,69.0721649484536,68.75,56.00000000000001,66.0,70.54794520547945,57.86516853932584,71.02272727272727,70.6896551724138,100.0,100.0,100.0,7.0,3.0,49,,
2020-10-08,435,189,239,240,283,287,17,11,22,2,16,1,3,373537730429.35,171940808313.24,5,4,56.47058823529412,66.903073286052,68.82494004796163,70.0,37.0,15,2.172478622694636,-50.0,-0.4022354776473058,0.3640058736682226,70.40816326530613,71.42857142857143,68.04123711340206,53.02013422818792,65.77181208053692,68.96551724137932,51.13636363636363,64.9425287356322,69.36416184971098,100.0,100.0,50.0,11.0,6.0,59,,
2020-10-09,436,175,258,227,280,286,13,9,24,1,5,0,3,271819936478.15,230601636590.22,3,0,53.286384976525824,66.0377358490566,68.42105263157895,50.0,43.0,5,1.178742443017328,-83.0,-3.518226279860837,0.575439170500319,66.3265306122449,72.44897959183673,65.97938144329896,47.651006711409394,61.07382550335571,67.58620689655173,49.71428571428572,65.89595375722543,70.34883720930233,100.0,100.0,75.0,13.0,5.0,38,,
2020-10-12,435,136,292,202,258,281,9,22,19,2,5,0,2,239328136230.51,180699840990.26,6,5,47.52941176470589,60.99290780141844,67.38609112709833,39.0,42.0,5,1.3244512829616166,-156.0,-9.8148072843541,0.3516576492085531,63.26530612244898,68.36734693877551,67.0103092783505,43.62416107382551,55.033557046979865,66.20689655172414,41.37931034482759,61.627906976744185,68.42105263157895,75.0,75.0,75.0,14.0,9.0,58,,
2020-10-13,432,173,255,192,251,278,25,10,21,4,6,0,3,201202656039.95,258879850686.52,11,10,45.82338902147971,60.19184652278178,67.63990267639902,47.0,41.0,6,0.7772047747493032,-82.0,-11.449310006774075,0.8729119977008066,51.04166666666666,66.66666666666666,66.3157894736842,46.30872483221477,55.70469798657718,66.89655172413794,42.35294117647059,60.71428571428571,68.8622754491018,50.0,50.0,75.0,25.0,19.0,52,,
2020-10-14,427,212,211,201,257,273,19,13,12,4,4,1,3,258910091582.27,212614229598.41,8,3,48.55072463768116,62.37864077669902,67.24137931034483,53.0,45.0,3,1.2177458304239774,1.0,-8.639563284409281,0.8250813194269572,59.375,67.70833333333334,67.36842105263158,43.62416107382551,59.06040268456376,65.51724137931035,46.01226993865031,61.49068322981367,68.125,66.66666666666666,83.33333333333334,83.33333333333334,33.0,22.0,54,,
2020-10-15,423,64,358,133,212,259,4,44,9,4,0,0,2,54639779975.7,443381573046.75,4,0,32.360097323600975,51.707317073170735,63.95061728395062,48.0,67.0,0,0.123234214719922,-294.0,-20.94403202036533,1.450660030795573,34.375,52.083333333333336,61.05263157894737,28.85906040268457,46.97986577181208,64.13793103448275,32.5,54.088050314465406,64.15094339622641,83.33333333333334,100.0,100.0,32.0,18.0,34,,
2020-10-16,418,293,118,181,240,262,31,8,11,5,3,0,3,331225335131.14,117780057579.81,7,4,44.69135802469136,59.55334987593052,65.82914572864321,54.0,65.0,3,2.8122361453822133,175.0,-7.909632629505936,0.8829453570372746,53.608247422680414,63.54166666666666,63.1578947368421,41.61073825503356,55.033557046979865,65.51724137931035,41.66666666666667,61.29032258064516,67.74193548387096,66.66666666666666,66.66666666666666,66.66666666666666,36.0,22.0,54,,
2020-10-19,414,239,173,203,248,267,36,5,9,4,5,0,2,311025779507.45,127733129353.22,3,1,50.62344139650873,62.15538847117794,67.76649746192894,71.0,57.0,5,2.4349656278080487,66.0,-2.175672987173616,0.5673603250888747,50.51546391752577,64.58333333333334,67.36842105263158,53.02013422818792,61.74496644295302,68.27586206896552,48.34437086092716,60.66666666666667,67.33333333333333,50.0,75.0,75.0,33.0,18.0,48,,
2020-10-20,409,198,201,208,246,271,21,6,10,3,5,0,1,268142444294.97,163689050694.9,3,2,52.26130653266332,62.27848101265823,69.48717948717949,88.0,19.0,5,1.6381208343297236,-3.0,-0.7122591280436197,0.6013443002626473,52.52525252525253,65.97938144329896,68.75,52.02702702702703,62.16216216216216,67.36111111111111,51.70068027210885,59.589041095890416,71.91780821917808,75.0,75.0,75.0,25.0,10.0,40,,
2020-10-21,402,202,194,204,244,270,23,5,13,3,4,0,2,307610833314.06,232954227097.5,3,2,52.17391304347826,62.88659793814433,70.49608355091384,80.0,16.0,4,1.320477576847375,8.0,1.0925210171527515,0.7885307040866254,52.52525252525253,64.94845360824742,66.66666666666666,56.75675675675676,61.48648648648649,69.44444444444444,46.42857142857143,62.58992805755396,74.10071942446042,75.0,75.0,75.0,20.0,9.0,41,,
2020-10-22,405,217,183,227,255,274,40,7,16,1,8,0,1,221816378453.67,276454591155.16,6,4,57.61421319796954,65.21739130434783,70.98445595854922,84.0,18.0,8,0.8023609863985788,34.0,3.93014543620988,1.4778788722632692,55.55555555555556,62.88659793814433,67.70833333333334,62.83783783783784,66.8918918918919,71.52777777777779,52.816901408450704,64.53900709219859,72.3404255319149,80.0,80.0,80.0,22.0,13.0,57,,
2020-10-23,413,249,160,254,271,285,31,7,22,1,7,0,2,295382118121.03,160678386520.84,4,3,63.5,68.26196473551637,72.70408163265306,94.0,19.0,7,1.838343815350168,89.0,9.086663587322676,0.8465500234533468,60.60606060606061,64.94845360824742,69.79166666666666,68.91891891891892,68.24324324324324,71.52777777777779,59.18367346938776,69.86301369863014,75.34246575342466,83.33333333333334,83.33333333333334,83.33333333333334,19.0,12.0,69,,
2020-10-26,414,91,321,204,242,274,11,24,29,2,2,0,4,95327306255.11,354953954967.44,8,2,50.87281795511222,60.80402010050251,69.89795918367348,82.0,38.0,2,0.2685624569639022,-230.0,-2.499946711412491,1.0555797700767713,44.44444444444444,52.57731958762887,67.70833333333334,50.0,59.45945945945946,67.36111111111111,54.966887417218544,66.66666666666666,73.15436241610739,100.0,100.0,100.0,24.0,13.0,47,,
2020-10-27,409,224,181,222,249,277,33,8,21,2,6,0,4,420299236255.63,132446026163.17,12,5,56.060606060606055,63.358778625954194,71.57622739018088,75.0,39.0,6,3.173362375839291,43.0,1.256001216726002,0.3899866810660627,55.55555555555556,58.76288659793815,71.875,56.08108108108109,63.51351351351351,68.75,56.4625850340136,65.75342465753424,73.79310344827587,50.0,100.0,100.0,33.0,16.0,51,,
2020-10-28,407,103,299,181,241,271,14,20,12,2,2,0,5,142865104460.54,370061198809.86,12,5,45.822784810126585,61.47959183673469,70.20725388601036,58.0,52.0,2,0.3860580491010761,-196.0,-7.488943310799222,0.8923052016485216,39.39393939393939,58.76288659793815,69.79166666666666,47.2972972972973,58.108108108108105,65.97222222222221,48.61111111111111,65.73426573426573,73.94366197183099,50.0,100.0,100.0,42.0,19.0,31,,
2020-10-29,406,144,255,173,219,258,19,17,9,3,6,1,3,183307983337.07,270569736877.38,7,2,44.02035623409669,56.01023017902813,67.01298701298701,66.0,45.0,5,0.677488862770132,-111.0,-10.67842616527929,0.8335279196235917,36.36363636363637,47.42268041237113,64.58333333333334,43.91891891891892,56.08108108108109,64.58333333333334,49.29577464788733,61.267605633802816,70.92198581560284,50.0,75.0,75.0,43.0,17.0,26,,
2020-10-30,399,197,196,175,225,255,27,8,12,2,8,1,6,244737629222.45,221325904141.64,14,3,45.21963824289406,58.44155844155844,67.28232189973615,60.0,45.0,7,1.1057794168812134,1.0,-7.752041875033349,0.9089534725209104,41.0,52.04081632653062,67.0103092783505,40.81632653061224,55.78231292517006,63.63636363636363,51.82481751824818,64.96350364963503,70.58823529411765,100.0,100.0,100.0,53.0,17.0,31,,
2020-11-02,395,151,240,150,202,245,22,25,12,4,4,1,3,292614704320.58,213794255972.67,3,2,39.0625,53.01837270341208,65.33333333333333,68.0,50.0,3,1.3686743031954325,-89.0,-9.7112230974979,0.4596905671405948,45.0,56.12244897959183,69.0721649484536,33.78378378378378,46.93877551020408,62.23776223776224,40.298507462686565,56.71641791044776,65.41353383458647,50.0,100.0,100.0,48.0,17.0,27,,
2020-11-03,399,246,148,180,218,254,27,9,10,2,1,1,2,342100724301.23,189806948769.76,6,2,46.63212435233161,56.91906005221932,67.37400530503979,76.0,42.0,0,1.8023614336491212,98.0,-1.9877669272176064,0.922213564455212,56.99999999999999,63.26530612244898,73.19587628865979,42.85714285714285,54.7945205479452,64.7887323943662,42.7536231884058,54.34782608695652,65.69343065693431,100.0,100.0,100.0,42.0,14.0,28,,
2020-11-04,394,208,177,190,215,251,14,9,8,4,4,0,3,403742558266.39,122568974257.02,6,4,49.86876640419948,56.87830687830689,67.47311827956989,63.0,43.0,4,3.294002913165981,31.0,1.27572693300813,0.3567517315303112,66.0,65.3061224489796,74.22680412371135,44.89795918367347,54.10958904109589,64.08450704225352,42.85714285714285,53.38345864661655,65.9090909090909,100.0,100.0,100.0,36.0,13.0,33,,
2020-11-05,392,331,58,262,262,267,53,7,10,3,6,0,2,487836218071.55,32307080686.49,4,3,69.12928759894459,69.68085106382979,72.16216216216216,94.0,25.0,6,15.09997832380908,273.0,16.1596355488361,0.3779407115257719,78.0,75.51020408163265,79.38144329896907,70.06802721088435,68.4931506849315,71.12676056338029,61.06870229007634,66.41221374045801,67.6923076923077,100.0,100.0,100.0,33.0,14.0,49,,
2020-11-06,390,234,153,278,281,273,28,3,12,2,7,0,2,421618460421.0,127994143012.07,4,2,73.74005305039788,75.1336898395722,74.18478260869566,95.0,19.0,7,3.294044950019634,81.0,19.204579237624827,0.4642959607144299,79.0,79.59183673469387,78.35051546391753,70.06802721088435,72.6027397260274,72.53521126760563,73.64341085271317,74.4186046511628,72.65625,100.0,100.0,100.0,23.0,13.0,66,,
2020-11-09,390,264,121,282,286,276,38,8,13,2,9,0,1,434040491763.28,97365387706.34,3,2,74.40633245382587,76.47058823529412,75.0,119.0,18.0,9,4.457852035390368,143.0,24.81198319535107,0.4894326156402189,80.0,84.6938775510204,80.41237113402062,73.8255033557047,75.34246575342466,74.64788732394366,70.54263565891473,71.31782945736434,71.09375,100.0,100.0,100.0,23.0,13.0,70,,
2020-11-10,389,166,221,254,270,284,41,46,16,2,8,0,1,513096737314.42,251354351946.44,12,9,67.1957671957672,72.38605898123325,77.3841961852861,107.0,57.0,8,2.041328241747545,-55.0,19.58225366323025,0.3679619996225726,70.0,79.59183673469387,86.5979381443299,65.1006711409396,69.86301369863014,76.05633802816901,67.1875,69.53125,71.65354330708661,100.0,100.0,100.0,29.0,20.0,72,,
2020-11-11,395,230,160,270,282,289,25,7,19,1,5,0,1,531647746593.69,230414068182.18,18,12,70.3125,74.40633245382587,77.4798927613941,104.0,61.0,5,2.307358013284742,70.0,21.2629236449508,0.6230069160154228,78.0,85.71428571428571,86.5979381443299,67.78523489932886,71.23287671232876,78.16901408450704,66.9172932330827,69.17293233082707,69.6969696969697,100.0,100.0,100.0,41.0,28.0,71,,
2020-11-12,397,243,150,290,299,297,33,3,21,1,9,0,2,293434712143.92,289862617522.62,21,11,74.93540051679587,78.4776902887139,79.2,99.0,56.0,9,1.0123234056596526,93.0,23.74358186109712,1.600279111342261,84.0,86.73469387755102,87.62886597938144,73.15436241610739,76.71232876712328,79.02097902097903,69.62962962962963,73.88059701492537,72.72727272727273,100.0,100.0,100.0,58.0,36.0,71,,
2020-11-13,401,241,156,302,308,305,45,3,37,2,21,0,3,379442322673.15,161959017869.81,32,17,77.23785166240408,80.0,80.26315789473685,103.0,13.0,21,2.342829239543568,85.0,25.345826726596727,0.6594043512845897,85.0,88.77551020408163,87.62886597938144,74.49664429530202,76.71232876712328,79.02097902097903,74.28571428571429,76.97841726618705,76.08695652173914,100.0,100.0,100.0,86.0,51.0,80,,
2020-11-14,404,314,82,323,325,314,18,0,35,1,8,0,3,68305597546.46,10059420768.3,19,12,82.1882951653944,83.76288659793815,81.98433420365535,96.0,6.0,8,6.79021179447128,232.0,33.939016952965915,0.5639394482217461,86.0,90.81632653061224,87.62886597938144,80.53691275167785,82.1917808219178,80.41958041958041,81.11888111888112,80.41958041958041,79.5774647887324,100.0,100.0,100.0,102.0,61.0,81,,
2020-11-17,402,239,154,318,320,317,44,6,42,1,29,0,3,410784097203.24,199265035812.25,27,21,81.32992327365729,82.90155440414507,83.2020997375328,107.0,9.0,29,2.06149611510514,85.0,33.766499511746744,0.7528260861500095,84.0,86.73469387755102,88.65979381443299,77.18120805369128,80.13698630136986,83.21678321678321,83.80281690140845,83.09859154929578,79.43262411347519,,,,117.0,73.0,69,,
2020-11-18,407,229,176,326,331,320,49,8,51,0,18,0,1,448721500087.12,185633962588.09,21,18,82.32323232323232,84.65473145780051,82.90155440414507,111.0,14.0,18,2.4172381703815944,53.0,31.85016460194561,0.5382739605799627,83.0,86.73469387755102,86.5979381443299,77.85234899328859,80.82191780821918,84.02777777777779,86.39455782312925,87.07482993197279,79.3103448275862,,,,120.0,79.0,70,,
2020-11-19,415,161,248,328,336,330,20,12,44,0,10,0,3,219087775677.19,471118356766.95,4,3,80.78817733990148,84.0,83.54430379746836,113.0,26.0,10,0.4650376546154558,-87.0,23.05244743105592,1.3960021128265865,76.0,82.6530612244898,86.5979381443299,79.19463087248322,82.1917808219178,84.72222222222221,85.35031847133759,86.53846153846155,80.51948051948052,,,,103.0,71.0,60,,
2020-11-20,421,256,161,339,352,334,38,9,42,1,13,0,2,460965694368.17,196905590711.22,34,16,82.28155339805825,86.69950738916256,83.29177057356608,107.0,29.0,13,2.341049295264644,95.0,24.515137012789957,0.6792091542102677,78.0,86.73469387755102,86.5979381443299,80.66666666666666,85.03401360544217,86.20689655172413,86.41975308641975,88.19875776397515,78.61635220125787,,,,105.0,70.0,67,,
2020-11-23,429,283,141,372,370,344,55,5,44,1,23,0,4,504295280536.38,140339929617.6,49,17,88.78281622911695,89.58837772397095,84.31372549019608,113.0,26.0,23,3.5933841630852323,142.0,27.9931609201086,0.5585520800142608,87.87878787878788,85.71428571428571,88.65979381443299,88.66666666666667,91.0958904109589,86.11111111111111,89.28571428571429,90.41916167664672,80.60606060606061,100.0,100.0,50.0,135.0,75.0,79,,
2020-11-24,433,259,169,389,380,359,33,13,55,0,21,0,3,456804923531.65,121981426847.72,28,22,91.96217494089836,91.12709832134291,87.13592233009709,126.0,27.0,21,3.744872767408429,90.0,28.2269055562655,0.4092380366126015,88.88888888888889,88.77551020408163,89.69072164948454,92.61744966442951,93.79310344827586,91.6083916083916,93.0635838150289,90.11627906976744,82.35294117647058,100.0,100.0,50.0,136.0,76.0,82,,
2020-11-25,436,99,334,346,370,364,16,30,49,0,4,0,2,148691043149.05,459654332557.89,22,13,81.0304449648712,87.88598574821853,87.5,104.0,48.0,4,0.3234844808741653,-235.0,12.035622692398327,0.9162949172329669,77.77777777777779,83.6734693877551,89.69072164948454,81.20805369127517,91.0344827586207,90.9090909090909,82.48587570621469,87.5,83.9080459770115,100.0,100.0,50.0,137.0,71.0,55,,
2020-11-26,450,300,143,375,394,379,45,3,57,0,11,0,2,445228238171.31,121059833183.38,36,14,84.84162895927602,90.36697247706422,87.93503480278422,94.0,46.0,11,3.677753607151296,157.0,17.7318977303299,0.5704303012096248,83.83838383838383,88.77551020408163,90.72164948453609,82.0,91.0958904109589,90.9722222222222,87.16577540106952,90.32258064516128,84.78260869565217,100.0,100.0,66.66666666666666,169.0,82.0,64,,
2020-11-27,454,304,139,395,405,390,87,8,81,0,26,0,3,990794692638.56,390570326541.92,28,14,88.36689038031321,91.6289592760181,89.65517241379311,148.0,41.0,26,2.536789472490092,165.0,22.91355339910975,0.8621331740096823,79.7979797979798,86.73469387755102,90.72164948453609,92.0,95.23809523809524,92.41379310344828,89.47368421052632,91.005291005291,87.02702702702703,100.0,100.0,87.5,163.0,80.0,72,,
2020-12-01,471,318,147,427,429,413,78,6,93,0,26,0,3,424800632092.95,147430008868.65,12,12,91.82795698924733,93.4640522875817,91.3716814159292,210.0,17.0,26,2.8813715426919506,171.0,27.52930122892097,0.7507762446009988,89.8989898989899,90.9090909090909,90.81632653061224,92.66666666666666,95.2054794520548,93.75,92.27053140096618,93.65853658536588,90.54726368159204,88.88888888888889,88.88888888888889,77.77777777777779,126.0,75.0,92,,
2020-12-02,472,261,205,436,433,418,42,3,110,0,31,0,1,446548982850.7,170526987634.2,17,11,93.16239316239316,93.52051835853132,91.86813186813188,207.0,17.0,31,2.618641125641642,56.0,25.588119117264966,0.48619519461467,94.94949494949496,93.93939393939394,93.87755102040816,94.0,92.51700680272108,93.05555555555556,91.42857142857144,93.75,91.17647058823528,100.0,100.0,66.66666666666666,115.0,64.0,86,,
2020-12-03,484,322,158,456,450,439,60,4,120,0,24,0,1,482993221064.63,169066905181.17,62,33,95.19832985386222,94.9367088607595,94.206008583691,180.0,13.0,24,2.8568170721943504,164.0,29.20046781621275,0.7133724813464919,96.96969696969695,95.95959595959596,94.89795918367348,93.95973154362416,94.52054794520548,95.1048951048951,95.0,94.4954128440367,93.45794392523364,100.0,100.0,90.9090909090909,155.0,84.0,84,,
2020-12-04,498,275,218,465,465,453,42,7,136,0,36,0,3,514662180106.68,147299266841.28,37,28,94.12955465587044,95.28688524590164,94.375,144.0,14.0,36,3.4939901001764397,57.0,26.79302361473205,0.3610393429118633,94.94949494949496,96.96969696969695,95.91836734693877,95.33333333333334,94.52054794520548,95.1048951048951,92.44444444444444,94.61883408071748,93.15068493150685,100.0,100.0,95.0,156.0,98.0,95,,
2020-12-07,508,358,141,483,481,471,74,4,136,0,29,0,4,460639842373.07,154291931708.32,37,27,95.64356435643565,96.39278557114228,95.9266802443992,176.0,15.0,29,2.985508297633366,217.0,32.600693704392384,0.850443823656853,94.94949494949496,97.97979797979798,96.93877551020408,93.33333333333331,95.2054794520548,97.2027972027972,96.96969696969695,96.0698689956332,95.55555555555556,100.0,100.0,88.0,165.0,111.0,95,,
2020-12-08,513,178,332,483,481,475,31,13,124,0,12,0,1,341479732739.60004,289195222631.36,40,25,94.8919449901768,95.6262425447316,95.95959595959596,147.0,24.0,12,1.180793132170401,-154.0,18.85324816253,0.4540546211746442,97.97979797979798,97.97979797979798,96.93877551020408,92.0,95.2054794520548,97.2027972027972,94.78260869565216,94.2982456140351,95.08928571428572,100.0,100.0,93.33333333333331,193.0,124.0,86,,
2020-12-09,521,279,234,489,494,487,47,7,128,0,11,0,3,380920946587.04,187650883996.98,47,24,94.58413926499033,96.67318982387476,96.62698412698413,152.0,24.0,11,2.029944855432551,45.0,16.954915983425025,0.5873596463060714,96.96969696969695,97.97979797979798,96.93877551020408,91.33333333333331,97.26027397260276,97.91666666666666,94.84978540772532,95.23809523809524,96.47577092511013,100.0,100.0,91.42857142857144,223.0,137.0,88,,
2020-12-10,525,166,356,468,492,487,16,24,117,0,9,0,1,221427385701.05,339158663083.75,58,21,89.82725527831093,95.53398058252426,95.86614173228348,94.0,44.0,9,0.6528725632061237,-190.0,3.4970673903731395,0.7142161596462183,92.92929292929291,95.95959595959596,95.91836734693877,88.66666666666667,95.8904109589041,97.2222222222222,87.98283261802575,94.37229437229438,95.15418502202644,97.43589743589745,100.0,94.87179487179486,219.0,125.0,71,,
2020-12-11,528,265,257,465,494,489,35,5,113,0,9,0,1,302140317421.35,281385514576.15,26,11,88.74045801526718,95.36679536679536,95.69471624266144,98.0,36.0,9,1.0737593151390996,8.0,1.873121506361912,0.960297517452208,85.85858585858585,94.94949494949496,95.91836734693877,88.66666666666667,97.26027397260276,96.5277777777778,88.46153846153845,93.53448275862068,94.73684210526316,97.5609756097561,100.0,97.5609756097561,208.0,108.0,66,,
2020-12-14,536,317,214,476,498,503,55,9,125,0,16,0,2,335089558288.93,160203474624.83,20,10,89.30581613508443,94.49715370018976,96.73076923076924,106.0,38.0,16,2.0916497539997447,103.0,5.225282168000504,0.7082009826847588,87.87878787878788,94.94949494949496,96.93877551020408,90.0,94.52054794520548,97.2222222222222,88.13559322033898,93.16239316239316,96.52173913043478,95.83333333333334,100.0,95.83333333333334,191.0,91.0,65,,
2020-12-15,540,233,300,482,504,505,30,8,111,0,12,0,3,308452127130.6,245362263600.04,10,7,89.92537313432835,94.91525423728814,96.5583173996176,120.0,22.0,12,1.2571294485341131,-67.0,-0.4347468771385046,0.6178096198226091,89.79591836734694,96.93877551020408,96.90721649484536,88.66666666666667,95.23809523809524,97.2222222222222,90.29535864978902,93.19148936170212,96.53679653679652,92.15686274509804,98.0392156862745,94.11764705882352,161.0,73.0,60,,
2020-12-16,550,342,195,500,518,516,39,6,117,0,25,0,3,405009264456.53,147247740827.74,14,7,91.57509157509158,95.7486136783734,96.81050656660412,124.0,23.0,25,2.7505295645271475,147.0,5.428102023653338,0.6376394482230054,92.85714285714286,97.95918367346938,96.90721649484536,89.33333333333333,95.23809523809524,98.61111111111111,91.25,94.11764705882352,96.15384615384616,96.55172413793105,100.0,94.82758620689656,128.0,56.0,66,,
2020-12-17,554,207,342,499,524,518,21,16,99,0,16,0,1,254582265734.38,273765775402.0,22,7,90.72727272727272,96.1467889908257,96.46182495344506,90.0,30.0,16,0.9299272904385116,-135.0,-3.6863026762879016,0.650871486532374,88.77551020408163,96.93877551020408,96.93877551020408,90.0,94.5578231292517,98.6013986013986,90.83333333333331,95.7983193277311,94.87179487179486,95.16129032258064,100.0,96.7741935483871,92.0,42.0,56,,
2020-12-18,556,209,340,470,523,518,18,19,84,1,10,0,1,369883795735.42,256468209759.98,15,7,85.14492753623189,95.61243144424132,96.1038961038961,78.0,41.0,10,1.4422208354071713,-131.0,-11.260687181356223,0.4262217458392188,89.79591836734694,98.9795918367347,95.91836734693877,82.66666666666667,94.5578231292517,98.6013986013986,82.57261410788381,93.72384937238492,94.468085106383,93.65079365079364,100.0,96.82539682539682,81.0,38.0,58,,
2020-12-21,557,26,531,164,396,477,3,370,43,1,0,0,2,29941298236.08,652733763654.11,25,4,29.764065335753177,72.6605504587156,88.8268156424581,42.0,405.0,0,0.045870613569097,-505.0,-36.380482497282856,1.0674419774653066,33.33333333333333,82.6530612244898,91.83673469387756,30.0,72.78911564625851,90.2097902097902,28.75,69.32773109243698,86.75213675213675,27.41935483870968,69.35483870967742,88.70967741935483,86.0,32.0,27,,
2020-12-22,556,372,176,229,412,473,68,14,46,1,4,0,1,488466004542.97,157825019123.33002,22,5,41.63636363636364,75.45787545787546,88.24626865671642,89.0,403.0,4,3.094984605458945,196.0,-22.62600507991372,0.6829230620108172,54.54545454545454,86.73469387755102,90.81632653061224,44.66666666666666,78.52348993288591,91.6083916083916,34.166666666666664,71.00840336134453,84.61538461538461,42.62295081967213,67.21311475409836,90.1639344262295,98.0,30.0,39,,
2020-12-23,556,506,47,384,475,495,148,5,57,1,16,0,2,488474382652.37,38158088727.53,19,7,69.81818181818183,86.99633699633699,92.5233644859813,219.0,389.0,16,12.801332533721723,459.0,2.3972031373364686,0.8410028736030756,73.73737373737373,89.79591836734694,92.85714285714286,70.66666666666667,87.91946308724832,95.1048951048951,66.94214876033058,84.16666666666667,90.67796610169492,72.88135593220339,91.52542372881356,93.10344827586206,103.0,30.0,54,,
2020-12-24,554,306,236,400,487,498,27,10,52,1,11,0,1,345536676177.72,153071715012.87,2,2,72.99270072992701,89.52205882352942,93.43339587242026,243.0,29.0,11,2.2573515698094053,70.0,4.330060147398697,0.5743944305498687,76.76767676767676,89.79591836734694,91.83673469387756,72.0,88.59060402684564,96.5034965034965,70.24793388429752,89.16666666666667,91.94915254237289,80.7017543859649,92.98245614035088,94.64285714285714,83.0,25.0,58,,
2020-12-28,555,418,134,447,504,504,67,3,76,1,30,0,1,368781510951.0,64120203631.54,0,0,81.56934306569343,92.64705882352942,94.3820224719101,242.0,18.0,30,5.751408917385293,284.0,16.661002590264914,0.5423719700481271,80.61224489795919,94.84536082474226,94.84536082474226,81.33333333333333,91.2751677852349,97.9020979020979,79.16666666666666,90.7563025210084,91.91489361702128,93.33333333333331,100.0,94.91525423728814,68.0,18.0,68,,
2020-12-29,558,221,328,433,504,507,30,5,67,1,15,0,2,239301420270.81,221069161102.61,10,4,78.58439201451905,92.13893967093236,94.41340782122904,124.0,18.0,15,1.0824731006227386,-107.0,7.570653365964198,0.6224454791691888,76.53061224489795,92.78350515463916,94.84536082474226,79.33333333333333,89.93288590604027,98.6013986013986,77.36625514403292,91.701244813278,91.5966386554622,85.0,98.33333333333331,94.91525423728814,53.0,18.0,56,,
2020-12-30,557,282,263,461,504,509,36,9,57,1,27,0,1,296201856940.58,168118680309.07,8,4,83.81818181818181,92.3076923076923,94.96268656716418,133.0,17.0,27,1.7618616586570952,19.0,6.060551512357264,0.6085854361714624,90.81632653061224,93.81443298969072,95.8762886597938,81.33333333333333,90.6040268456376,97.9020979020979,80.3347280334728,91.56118143459916,92.3076923076923,92.06349206349206,96.82539682539682,96.7741935483871,39.0,17.0,60,,
2020-12-31,554,257,286,457,506,509,24,4,49,1,19,0,0,260149496545.58,238203221630.24,10,7,83.3941605839416,93.01470588235294,95.14018691588784,90.0,18.0,19,1.092132569682063,-29.0,2.3391116699615537,0.8227951656665597,87.75510204081633,94.84536082474226,95.8762886597938,81.33333333333333,91.94630872483222,98.6013986013986,82.91666666666667,93.27731092436974,92.3728813559322,83.33333333333334,91.66666666666666,96.61016949152544,30.0,17.0,71,,
2021-01-01,557,407,142,500,522,519,49,3,49,0,28,0,1,294634341869.95,71697234792.15,4,1,90.74410163339384,95.42961608775136,96.28942486085344,109.0,16.0,28,4.109424062505253,265.0,13.84558504636341,0.6974693143134161,90.81632653061224,95.8762886597938,95.8762886597938,92.0,97.31543624161074,98.61111111111111,89.21161825726142,93.30543933054392,94.9367088607595,93.5483870967742,98.38709677419357,96.72131147540983,32.0,16.0,73,,
2021-01-04,559,396,156,511,525,521,67,4,48,1,55,0,3,472524826450.93,105126748201.1,9,6,92.74047186932847,95.8029197080292,96.66048237476808,140.0,11.0,55,4.494810640837321,240.0,22.36439185795519,0.5647538330977738,95.8762886597938,96.875,96.875,93.33333333333331,95.9731543624161,99.3103448275862,91.35802469135804,95.0413223140496,94.53781512605042,91.8032786885246,96.72131147540983,98.33333333333331,41.0,22.0,80,,
2021-01-05,564,296,260,511,530,526,53,7,57,1,45,0,0,406745238106.83,204025924139.91,5,1,91.74147217235188,95.66787003610108,96.69117647058825,169.0,14.0,45,1.9935958620038208,36.0,19.336149722576373,0.5710593406415069,91.75257731958764,96.875,96.875,92.0,95.9731543624161,99.30555555555556,91.3934426229508,94.65020576131688,94.56066945606696,92.42424242424242,96.96969696969695,98.46153846153848,36.0,19.0,76,,
2021-01-06,567,220,342,494,530,528,34,11,43,1,30,0,1,373951871498.94,339893032092.71,8,6,88.21428571428571,95.15260323159784,96.52650822669104,154.0,22.0,30,1.100204582590384,-122.0,8.750321948214605,0.5846865791874879,89.69072164948454,96.875,95.83333333333334,90.0,93.95973154362416,99.30555555555556,86.0082304526749,95.0413223140496,94.53781512605042,90.0,95.71428571428572,98.55072463768116,36.0,21.0,78,,
2021-01-07,565,340,220,497,531,529,64,4,57,2,37,0,3,439399034789.55,220312771717.74,22,13,89.06810035842294,95.67567567567568,97.06422018348624,151.0,22.0,37,1.994432875423576,120.0,11.755687591394228,0.7748842111952869,93.81443298969072,96.875,96.875,88.66666666666667,94.63087248322148,99.30555555555556,87.34693877551021,95.49180327868852,95.0,89.39393939393939,96.96969696969695,100.0,48.0,27.0,80,,
2021-01-08,565,335,222,509,534,529,43,9,57,0,41,0,1,515090315952.63,154968199597.19,31,17,91.21863799283156,96.21621621621622,97.06422018348624,141.0,24.0,41,3.323845261747301,113.0,13.916496778355835,0.4539949637173371,95.8762886597938,97.91666666666666,97.91666666666666,89.33333333333333,95.3020134228188,99.30555555555556,89.6694214876033,96.2655601659751,95.78059071729956,94.20289855072464,95.65217391304348,95.58823529411764,75.0,43.0,85,,
2021-01-11,576,246,326,504,544,539,33,21,62,0,49,0,2,422183311978.56,233320589167.54,26,16,88.57644991212655,96.113074204947,96.94244604316546,140.0,34.0,49,1.8094558799326697,-80.0,6.044406149316231,0.417032122950654,93.81443298969072,97.91666666666666,97.91666666666666,90.66666666666666,96.64429530201345,99.30555555555556,84.89795918367346,95.08196721311477,95.0,89.6103896103896,96.1038961038961,97.36842105263158,92.0,53.0,82,,
2021-01-12,574,300,268,502,541,543,44,11,70,1,22,0,2,517632103379.41,233612911332.72,30,14,88.38028169014085,95.92198581560284,98.014440433213,120.0,41.0,22,2.215768385516071,32.0,4.883546630740781,0.5051985543217815,90.81632653061224,97.91666666666666,98.95833333333334,90.66666666666666,94.63087248322148,99.30555555555556,87.29508196721312,95.4732510288066,96.23430962343096,84.21052631578947,97.36842105263158,100.0,117.0,66.0,78,,
2021-01-13,580,176,399,478,540,546,24,14,50,1,16,0,1,451841002308.06,332624004390.06,27,13,83.27526132404182,94.57092819614712,97.5,101.0,46.0,16,1.3584136933731252,-223.0,-8.88340599079493,0.3247190153074154,88.88888888888889,96.90721649484536,98.96907216494846,85.23489932885906,93.91891891891892,98.61111111111111,80.08130081300813,93.90243902439023,96.66666666666669,82.5,95.0,96.20253164556962,136.0,73.0,67,,
2021-01-14,579,267,300,472,541,545,25,15,46,2,15,0,1,360530496963.46,286799222439.43,23,15,82.37347294938918,94.91228070175438,97.49552772808586,93.0,40.0,15,1.2570832441486188,-33.0,-11.109733452253993,0.7079881178455829,87.87878787878788,96.90721649484536,98.96907216494846,86.57718120805369,93.91891891891892,98.61111111111111,77.04918032786885,94.26229508196722,96.63865546218489,83.9506172839506,96.29629629629628,96.25,137.0,75.0,66,,
2021-01-15,583,107,468,397,522,547,15,17,34,3,11,0,0,226432804962.2,454993138379.99,20,10,68.92361111111111,91.09947643979058,97.33096085409252,64.0,46.0,11,0.4976620213843607,-361.0,-29.357694764540216,0.4594131535223144,76.76767676767676,94.84536082474226,97.9381443298969,70.46979865771812,91.2162162162162,98.61111111111111,63.82113821138211,89.02439024390245,96.25,71.95121951219512,92.6829268292683,97.53086419753086,126.0,68.0,55,,
2021-01-18,580,74,503,275,468,534,11,75,25,2,3,0,1,161547402264.44,498356815494.86,18,4,47.74305555555556,81.53310104529616,95.01779359430606,51.0,107.0,3,0.3241601142828279,-429.0,-48.21291321272224,0.4538414497667192,55.55555555555556,87.62886597938144,96.90721649484536,48.32214765100672,81.20805369127517,97.9020979020979,43.49593495934959,78.86178861788618,92.9460580912863,50.0,82.92682926829268,93.82716049382717,118.0,56.0,29,,
2021-01-19,579,501,76,372,510,539,70,3,35,2,9,0,1,526626495516.8,42149280218.12,13,5,64.69565217391305,89.00523560209425,96.07843137254902,96.0,95.0,9,12.494317644133885,425.0,-21.39306041985426,0.5276082656865144,76.76767676767676,93.81443298969072,98.96907216494846,63.758389261744966,87.91946308724832,97.2027972027972,58.13008130081301,87.39837398373984,95.0207468879668,71.60493827160494,90.12345679012346,93.75,101.0,47.0,51,,
2021-01-20,578,313,257,395,508,539,39,8,84,2,21,0,0,469772482736.93,127435672090.67,9,7,68.81533101045297,88.81118881118881,96.25,120.0,86.0,21,3.686349944485628,56.0,-16.805120979852866,0.3303806884928727,78.78787878787878,93.81443298969072,98.96907216494846,72.48322147651007,87.24832214765101,98.6013986013986,61.943319838056674,88.25910931174089,94.21487603305783,70.88607594936708,87.34177215189874,94.87179487179486,83.0,41.0,65,,
2021-01-21,575,157,409,336,476,525,24,37,63,1,13,0,0,365865590089.3,382071841347.32,6,5,58.84413309982487,83.6555360281195,94.25493716337525,133.0,48.0,13,0.957583235653088,-252.0,-28.19840715375241,0.4008665423458415,68.68686868686868,92.78350515463916,94.84536082474226,58.38926174496645,82.5503355704698,96.5034965034965,55.32786885245902,79.50819672131148,92.88702928870292,58.22784810126582,87.34177215189874,93.5897435897436,66.0,31.0,50,,
2021-01-22,573,119,453,239,441,518,19,48,32,2,9,0,2,224046836205.35,548771326962.24,4,1,42.00351493848858,77.91519434628975,93.50180505415162,82.0,93.0,9,0.408269939039228,-334.0,-41.89867479666775,0.6434300731302467,45.0,88.65979381443299,94.84536082474226,43.62416107382551,75.16778523489933,95.1048951048951,40.32921810699588,73.25102880658436,91.5966386554622,40.25974025974026,84.4155844155844,94.73684210526316,50.0,22.0,33,,
2021-01-25,571,132,434,189,382,503,12,57,32,3,9,0,1,247436686273.6,429116909812.88,11,4,33.33333333333333,67.73049645390071,91.12318840579712,55.0,142.0,9,0.5766183541485159,-302.0,-51.80291025737703,0.5274675411380518,45.0,75.51020408163265,91.83673469387756,33.557046979865774,70.94594594594594,94.4055944055944,29.75206611570248,62.39669421487604,88.5593220338983,28.947368421052637,68.42105263157895,92.0,43.0,22.0,35,,
2021-01-27,567,184,382,165,352,488,21,41,21,3,0,0,1,130081832304.54,528387796459.24,10,6,29.307282415630556,62.85714285714285,89.05109489051095,52.0,146.0,0,0.2461862919170855,-198.0,-54.81201702499658,1.956548388292811,33.0,68.36734693877551,90.81632653061224,31.543624161073826,64.1891891891892,90.9090909090909,26.033057851239672,57.438016528925615,86.86440677966102,30.55555555555556,70.83333333333334,90.14084507042254,40.0,23.0,37,,
2021-01-28,565,249,312,171,337,481,24,20,21,2,1,0,1,243921364317.51,418575227800.07,8,2,30.48128342245989,60.39426523297491,88.09523809523809,57.0,118.0,1,0.5827419974170511,-63.0,-50.36074322618631,1.369520176363337,28.000000000000004,66.3265306122449,89.79591836734694,32.21476510067114,60.13513513513513,90.84507042253522,29.338842975206614,54.54545454545454,84.38818565400844,34.285714285714285,72.85714285714285,92.7536231884058,39.0,18.0,22,,
2021-01-29,561,210,346,155,319,473,24,32,17,2,4,0,1,210087918801.99,561503775147.2,6,1,27.87769784172662,57.68535262206148,87.43068391866913,69.0,93.0,4,0.3741522819626899,-136.0,-49.9531004120726,1.6221641439714487,16.0,51.02040816326531,88.77551020408163,29.53020134228188,58.108108108108105,88.81118881118881,28.92561983471074,56.19834710743802,83.89830508474576,38.46153846153847,72.3076923076923,95.3125,39.0,14.0,20,,
2021-02-01,555,439,114,271,389,480,150,7,26,2,10,0,1,756475300734.19,80598967909.76,0,0,49.18330308529946,71.11517367458866,89.55223880597015,198.0,59.0,10,9.38566982124576,325.0,-26.30480030394501,0.4102932732904649,55.55555555555556,77.31958762886599,91.75257731958764,45.33333333333333,68.91891891891892,91.6083916083916,47.89915966386555,68.4873949579832,86.26609442060087,53.125,76.5625,93.65079365079364,35.0,13.0,46,,
2021-02-02,555,392,159,323,414,495,87,6,30,2,34,0,1,811901749961.36,93786769879.02,1,0,58.620689655172406,75.68555758683729,92.3507462686567,261.0,45.0,34,8.656889996410692,233.0,-10.553979709976208,0.2847915135867096,65.65656565656566,87.62886597938144,92.78350515463916,56.00000000000001,72.97297297297297,94.4055944055944,55.55555555555556,71.36752136752136,89.51965065502183,64.70588235294117,79.41176470588235,97.01492537313432,25.0,9.0,53,,
2021-02-03,547,371,164,392,442,496,64,4,23,1,27,0,0,679176650904.21,156695158456.75,3,3,72.32472324723247,82.00371057513914,94.11764705882352,301.0,17.0,27,4.3343818506790175,207.0,1.665741796417004,0.5219187417917107,75.51020408163265,87.62886597938144,94.84536082474226,70.66666666666667,81.08108108108108,95.8041958041958,71.42857142857143,78.78787878787878,91.55555555555556,74.60317460317461,87.3015873015873,98.38709677419357,18.0,6.0,55,,
2021-02-04,551,383,161,426,459,507,78,5,32,1,34,0,1,619756388133.8,230465586474.51,10,9,78.1651376146789,84.68634686346863,95.48022598870055,229.0,15.0,34,2.689149376331492,222.0,12.855274975401116,0.8846224789575969,83.50515463917526,90.625,97.91666666666666,72.66666666666667,81.75675675675676,96.5034965034965,77.39130434782608,82.6086956521739,92.85714285714286,85.29411764705883,89.70588235294117,98.52941176470588,20.0,13.0,80,,
2021-02-05,552,206,344,384,441,496,31,21,38,1,27,0,2,435409429685.29,443810407367.04,19,14,70.32967032967034,81.21546961325967,93.40866290018832,173.0,30.0,27,0.9810707961275856,-138.0,4.358049468555529,0.6103914331830222,77.31958762886599,88.54166666666666,97.91666666666666,67.33333333333333,82.43243243243244,95.8041958041958,68.6695278969957,76.82403433476395,89.42731277533039,72.72727272727273,83.33333333333334,95.3846153846154,33.0,26.0,70,,
2021-02-08,548,362,175,396,439,491,84,13,37,1,45,0,3,579823910998.81,136237419796.73,12,10,73.19778188539742,81.59851301115242,93.16888045540796,193.0,39.0,45,4.25598129988019,187.0,13.32113141285977,0.4860386554399712,84.375,89.47368421052632,96.84210526315788,72.66666666666667,82.43243243243244,95.8041958041958,66.95652173913044,76.95652173913044,89.28571428571429,80.0,84.61538461538461,95.3846153846154,45.0,36.0,81,,
2021-02-09,554,204,348,379,435,494,24,22,36,1,20,0,2,357763929469.81,394845960286.38,16,10,69.28702010968921,79.96323529411765,92.6829268292683,139.0,56.0,20,0.9060848164948312,-144.0,4.367960818175599,0.6469669128983447,83.33333333333334,90.52631578947368,95.78947368421052,72.0,83.1081081081081,94.4055944055944,61.63793103448276,73.70689655172413,88.49557522123894,69.56521739130434,79.71014492753623,98.55072463768116,60.0,46.0,66,,
2021-02-10,544,257,280,361,421,479,36,8,39,1,27,0,2,400675953424.42,330125109277.21,8,3,67.22532588454376,78.83895131086143,91.58699808795411,144.0,43.0,27,1.213709415505161,-23.0,2.741160155629755,0.7562412642857509,83.33333333333334,90.52631578947368,95.78947368421052,69.33333333333334,85.13513513513513,93.006993006993,58.515283842794766,70.3056768558952,88.34080717488789,69.35483870967742,77.41935483870968,93.5483870967742,65.0,46.0,72,,
2021-02-11,539,317,211,382,429,481,57,9,42,1,31,0,4,366667322811.5,246405943274.14,18,12,71.80451127819549,81.09640831758034,92.85714285714286,117.0,39.0,31,1.4880620083240554,106.0,7.786539788374911,1.0096149621738577,83.50515463917526,92.70833333333334,95.83333333333334,76.51006711409396,85.03401360544217,94.3661971830986,62.71929824561403,74.12280701754386,90.54054054054052,75.86206896551724,79.3103448275862,93.10344827586206,73.0,49.0,73,,
2021-02-12,539,199,336,354,416,478,38,10,45,2,25,0,5,335510518581.69,332008668369.15,8,4,66.41651031894934,78.49056603773586,92.10019267822736,131.0,27.0,25,1.0105474662144855,-137.0,-0.0885933245698566,0.5860802431977985,77.31958762886599,88.54166666666666,94.79166666666666,68.45637583892618,85.03401360544217,92.95774647887325,59.388646288209614,70.74235807860262,89.68609865470853,70.6896551724138,75.86206896551724,94.82758620689656,62.0,39.0,71,,
2021-02-15,549,260,286,354,417,481,49,16,53,2,38,0,4,441402881617.56,197566628991.76,12,10,65.19337016574586,77.22222222222223,91.09848484848484,144.0,35.0,38,2.2341975660068067,-26.0,-1.2713891695147843,0.4068981736094772,73.19587628865979,87.5,94.79166666666666,67.78523489932886,82.31292517006803,93.66197183098592,58.36909871244635,69.52789699570815,86.78414096916299,71.875,78.125,95.23809523809524,62.0,39.0,77,,
2021-02-16,551,250,292,352,414,476,40,12,64,1,31,0,1,413607778344.91,296542830510.98,17,10,64.58715596330276,76.38376383763837,89.81132075471699,127.0,38.0,31,1.39476573293717,-42.0,-3.076322671095124,0.6138409937550504,75.51020408163265,87.62886597938144,94.84536082474226,65.54054054054053,80.82191780821918,92.19858156028369,57.26495726495726,68.37606837606837,85.52631578947368,72.3076923076923,78.46153846153847,92.1875,63.0,39.0,74,,
2021-02-17,555,269,279,371,414,483,56,8,90,2,32,0,4,405191213091.67,300487080548.01,15,8,67.94871794871796,76.24309392265194,90.96045197740112,145.0,36.0,32,1.3484480342805654,-10.0,-3.0041592015908387,0.7150128752329673,71.42857142857143,85.56701030927834,94.84536082474226,70.94594594594594,77.3972602739726,92.19858156028369,62.82051282051282,70.94017094017094,87.28070175438597,74.24242424242425,78.78787878787878,95.3846153846154,70.0,44.0,77,,
2021-02-18,558,308,244,392,430,494,74,11,80,1,38,0,5,452027126470.72,296009261839.31,17,10,71.40255009107467,78.75457875457876,92.50936329588016,170.0,31.0,38,1.527070888464649,64.0,0.7725613608432793,0.8266119742721001,77.55102040816327,83.6734693877551,95.91836734693877,70.94594594594594,81.37931034482759,92.85714285714286,67.79661016949152,74.57627118644068,90.43478260869566,76.11940298507463,80.59701492537313,93.93939393939394,69.0,42.0,79,,
2021-02-19,564,154,405,348,426,490,21,48,77,1,11,0,2,217172418755.7,553712993743.49,16,12,62.58992805755396,77.03435804701627,90.57301293900186,151.0,67.0,11,0.39221116572949,-251.0,-11.752205365079766,0.969495381073636,58.58585858585859,80.8080808080808,93.93939393939394,59.863945578231295,74.30555555555556,91.36690647482014,61.60337552742617,73.83966244725738,87.93103448275862,76.71232876712328,87.67123287671232,92.95774647887325,77.0,50.0,65,,
2021-02-22,566,125,439,279,375,482,24,63,71,1,17,0,1,207584555511.88,474991805284.98,16,8,50.0,67.56756756756756,88.76611418047882,119.0,122.0,17,0.4370276564820647,-314.0,-25.55211988891857,0.6515332308584991,39.39393939393939,69.6969696969697,90.9090909090909,52.38095238095239,65.27777777777779,90.64748201438849,47.67932489451477,64.13502109704642,84.84848484848484,66.66666666666666,80.0,94.5945945945946,81.0,48.0,58,,
2021-02-23,564,351,206,317,387,479,70,11,87,1,23,0,2,485619374251.21,203444270303.35,20,6,57.117117117117125,70.1086956521739,88.70370370370371,115.0,122.0,23,2.386989682860651,145.0,-14.273286207356154,0.7138210556082665,48.48484848484848,69.6969696969697,89.8989898989899,55.78231292517006,67.36111111111111,89.20863309352518,56.72268907563025,67.64705882352942,86.26609442060087,73.23943661971832,84.50704225352112,94.20289855072464,84.0,44.0,57,,
2021-02-24,568,387,173,356,416,488,63,9,107,2,19,0,2,285341859249.11,136980775924.05,6,5,63.68515205724508,74.68581687612208,89.70588235294117,157.0,83.0,19,2.08307959510552,214.0,-1.1085169785835074,1.0738880189260664,59.59595959595959,75.75757575757575,90.9090909090909,59.863945578231295,68.96551724137932,91.36690647482014,63.559322033898304,72.88135593220339,86.52173913043478,76.62337662337663,89.6103896103896,94.73684210526316,75.0,41.0,69,,
2021-02-25,567,387,171,396,434,491,91,2,126,1,44,0,4,616484190610.1799,145657529408.55,8,7,70.84078711985688,77.91741472172352,90.25735294117648,224.0,22.0,44,4.232422402833868,216.0,10.252903296910022,0.5347192882311363,64.64646464646465,75.75757575757575,91.91919191919192,65.98639455782312,73.79310344827587,90.64748201438849,71.48936170212767,77.02127659574468,87.82608695652175,85.8974358974359,91.02564102564102,94.73684210526316,66.0,38.0,85,,
2021-02-26,576,134,439,340,416,495,31,65,122,1,21,0,3,142993856070.43,912543008475.87,11,3,59.85915492957746,73.6283185840708,89.67391304347827,185.0,76.0,21,0.1566982101032787,-305.0,-6.134346884027561,1.9479429902438623,45.45454545454545,64.64646464646465,90.9090909090909,54.729729729729726,69.6551724137931,89.92805755395683,62.60504201680672,75.21008403361344,87.1244635193133,78.3132530120482,86.74698795180723,95.06172839506172,61.0,29.0,55,,
2021-03-01,577,407,162,384,433,501,89,7,144,1,39,0,2,531133367202.67,82728383061.04,4,3,67.48681898066783,76.5017667844523,90.59674502712475,211.0,74.0,39,6.420207280139642,245.0,7.385225945690943,0.3913184682968213,57.14285714285714,71.42857142857143,92.85714285714286,68.24324324324324,72.41379310344827,90.64748201438849,68.75,78.75,88.93617021276596,74.69879518072288,83.13253012048193,92.5925925925926,49.0,24.0,72,,
2021-03-02,581,405,170,433,459,511,77,8,123,1,50,0,2,583502083192.24,109957344381.68,15,8,75.5671902268761,80.66783831282952,91.74147217235188,197.0,80.0,50,5.306622185843343,235.0,18.40753458537181,0.4489396187902644,71.71717171717171,77.55102040816327,93.87755102040816,76.35135135135135,81.37931034482759,91.36690647482014,74.05857740585773,79.9163179916318,90.2127659574468,82.75862068965517,85.0574712643678,94.11764705882352,44.0,26.0,81,,
2021-03-03,587,381,201,485,490,529,83,13,132,2,51,0,2,609922042582.32,115005954161.01,8,6,83.62068965517241,85.06944444444444,93.79432624113475,249.0,28.0,51,5.303395350543505,180.0,24.989570799372096,0.3574167609181622,81.81818181818183,82.6530612244898,94.89795918367348,84.45945945945947,84.82758620689656,93.5251798561151,82.08333333333333,83.75,92.79661016949152,88.17204301075269,91.39784946236558,95.6043956043956,46.0,27.0,85,,
2021-03-04,592,317,268,488,500,536,57,8,127,2,44,0,4,370294022932.58,369556874265.25,11,8,83.56164383561644,86.20689655172413,94.3661971830986,217.0,29.0,44,1.0019946826014146,49.0,23.94226390834548,1.1804811357128178,78.78787878787878,87.75510204081633,96.93877551020408,85.8108108108108,85.51724137931035,94.24460431654676,81.17154811715481,83.68200836820083,92.34042553191487,90.81632653061224,91.83673469387756,96.875,49.0,28.0,75,,
2021-03-05,600,108,489,428,481,539,12,72,98,2,6,0,2,149498662808.12,539063319352.58,25,8,72.2972972972973,81.94207836456559,93.7391304347826,152.0,93.0,6,0.2773304312147769,-381.0,1.4271051969759905,0.7963745440343639,57.57575757575758,81.63265306122449,94.89795918367348,73.8255033557047,78.62068965517241,94.24460431654676,72.8395061728395,80.65843621399176,92.01680672268908,83.16831683168317,90.0990099009901,96.0,63.0,33.0,56,,
2021-03-08,601,325,270,434,485,537,66,10,116,2,21,0,2,311689471574.68,246659042313.35,18,9,73.3108108108108,82.48299319727892,93.3913043478261,135.0,90.0,21,1.2636450245303263,55.0,3.9695089727702,0.9525647474860264,60.204081632653065,80.41237113402062,94.84536082474226,71.81208053691275,77.3972602739726,94.28571428571428,75.10204081632654,82.85714285714286,92.05020920502092,84.0,91.0,93.93939393939394,77.0,39.0,61,,
2021-03-09,605,211,391,407,485,542,21,36,104,2,17,0,0,273473145086.72,376340129169.05,18,4,68.28859060402685,81.92567567567568,93.60967184801382,99.0,118.0,17,0.7266648541853408,-180.0,-5.626583343789604,0.7426283803680094,60.204081632653065,79.38144329896907,95.8762886597938,64.66666666666666,78.91156462585033,96.45390070921984,68.57142857142857,81.63265306122449,90.7949790794979,80.58252427184466,89.32038834951457,94.11764705882352,80.0,35.0,44,,
2021-03-10,607,354,244,439,495,542,42,6,103,2,17,0,0,369352800819.28,127289017887.94,3,2,73.41137123745818,83.33333333333334,93.28743545611016,129.0,52.0,17,2.901686311575151,110.0,0.696890642270712,0.4999919068934729,72.44897959183673,84.5360824742268,95.8762886597938,70.66666666666667,82.99319727891157,94.32624113475178,74.28571428571429,80.81632653061224,91.21338912133892,76.19047619047619,88.57142857142857,94.23076923076924,75.0,31.0,56,,
2021-03-12,602,232,366,402,483,535,33,20,95,1,20,0,1,198427937736.69,415385618631.69,9,4,67.9054054054054,82.14285714285714,93.04347826086956,96.0,62.0,20,0.4776957334014737,-134.0,-6.100023552859072,1.326952989316378,57.14285714285714,82.4742268041237,95.8762886597938,66.0,78.2312925170068,93.61702127659576,69.54732510288066,82.3045267489712,91.13924050632912,77.22772277227723,87.12871287128714,94.0,73.0,27.0,46,,
2021-03-15,597,184,412,330,447,521,32,22,71,1,18,0,2,222180032735.22,312560641565.16,3,2,56.21805792163544,76.67238421955403,91.40350877192982,107.0,48.0,18,0.7108381644683238,-228.0,-16.580885071930744,0.6282751321907593,44.89795918367347,76.28865979381443,94.84536082474226,54.66666666666666,74.14965986394559,90.0709219858156,58.36734693877551,75.91836734693878,89.9581589958159,64.8936170212766,82.97872340425532,93.5483870967742,51.0,21.0,38,,
2021-03-16,598,261,327,345,453,522,39,13,77,1,18,0,3,269608451051.83,257723203403.63,3,1,58.67346938775511,77.56849315068493,91.4185639229422,104.0,55.0,18,1.0461163274832732,-66.0,-17.35911724537737,0.762979332838528,44.89795918367347,81.44329896907216,93.81443298969072,60.0,75.51020408163265,90.84507042253522,61.63265306122449,76.73469387755102,89.91596638655463,63.1578947368421,78.94736842105263,93.61702127659576,36.0,13.0,47,,
2021-03-17,595,68,526,245,387,507,6,133,59,1,4,0,1,70841559968.7,465008498529.32,4,0,41.73764906303237,66.38078902229846,88.94736842105263,77.0,168.0,4,0.1523446564799358,-458.0,-37.537710167447344,0.8485861567251631,27.55102040816326,54.63917525773196,90.72164948453609,42.66666666666667,68.02721088435374,88.73239436619718,44.71544715447154,67.47967479674797,87.86610878661088,47.31182795698925,73.11827956989248,90.21739130434784,22.0,9.0,26,,
2021-03-18,591,112,476,164,335,484,7,94,48,1,1,0,1,188590673922.18,388387637619.68,5,2,28.08219178082192,57.75862068965517,85.3615520282187,52.0,240.0,1,0.4855733181364883,-364.0,-49.902718564979935,0.4845697011319735,17.346938775510203,44.329896907216494,89.69072164948454,28.666666666666668,59.18367346938776,87.32394366197182,30.89430894308943,60.56910569105691,82.84518828451883,31.11111111111111,62.22222222222222,84.26966292134831,24.0,9.0,21,,
2021-03-19,586,352,226,207,344,484,53,16,47,1,9,0,1,708889518254.04,158215440090.71,4,1,35.751295336787564,59.82608695652174,85.96802841918296,66.0,243.0,9,4.480533112619166,126.0,-35.7252871520454,0.3476198221830195,34.69387755102041,55.67010309278351,91.75257731958764,36.0,60.544217687074834,87.32394366197182,34.69387755102041,60.40816326530612,84.03361344537815,39.53488372093023,61.627906976744185,82.55813953488372,19.0,6.0,35,,
2021-03-22,585,344,230,238,354,483,63,8,47,4,8,0,2,298078288239.29,234645851729.36,2,2,41.31944444444444,61.88811188811189,86.25,123.0,118.0,8,1.270332656820598,114.0,-24.02495685822614,1.1773704831428782,40.20618556701031,59.79381443298969,92.78350515463916,44.66666666666666,63.6986301369863,87.32394366197182,37.80487804878049,60.16260162601627,84.03361344537815,46.98795180722892,66.26506024096386,83.13253012048193,18.0,6.0,32,,
2021-03-23,587,344,237,271,371,492,58,7,50,1,14,0,4,419015598313.15,152306107376.68,1,1,46.88581314878893,64.63414634146342,87.70053475935828,174.0,31.0,14,2.751141142862053,107.0,-14.251049672719551,0.5275908133666135,37.11340206185567,57.73195876288659,92.78350515463916,53.333333333333336,67.8082191780822,90.14084507042254,44.08163265306123,64.08163265306122,84.81012658227847,54.65116279069767,68.6046511627907,85.88235294117646,16.0,6.0,45,,
2021-03-24,592,101,489,205,324,477,7,78,46,1,6,0,2,63944479577.76,462496181579.3501,4,2,35.16295025728988,55.95854922279793,84.2756183745583,128.0,93.0,6,0.1382594756985882,-388.0,-30.57310378074783,1.4938865219656885,29.89690721649485,44.329896907216494,88.65979381443299,36.66666666666666,59.589041095890416,86.61971830985915,34.69387755102041,54.285714285714285,81.43459915611815,39.56043956043956,67.03296703296702,83.33333333333334,16.0,8.0,35,,
2021-03-25,586,78,505,125,266,455,4,93,33,2,0,0,2,88411376931.42,533611638710.95,3,1,21.70138888888889,46.50349650349651,81.3953488372093,69.0,178.0,0,0.1656848736376816,-427.0,-46.325594524208256,0.9322241804783964,13.402061855670103,30.927835051546392,84.5360824742268,24.832214765100677,48.27586206896552,82.97872340425532,20.40816326530612,47.755102040816325,81.43459915611815,29.411764705882355,57.647058823529406,75.0,14.0,7.0,25,,
2021-03-26,590,437,141,188,301,458,69,11,29,2,3,0,5,461280881025.46,65283811590.95,7,3,32.52595155709342,52.4390243902439,81.63992869875223,80.0,182.0,3,7.065777407662964,296.0,-23.41234613724588,0.4386340810539272,26.31578947368421,41.05263157894737,85.26315789473684,34.22818791946309,58.620689655172406,84.39716312056737,32.6530612244898,51.83673469387755,81.0126582278481,35.95505617977528,56.17977528089888,75.0,17.0,9.0,40,,
2021-03-30,594,393,194,265,344,475,65,19,26,3,10,0,2,524722300486.72,96567210066.18,1,0,45.53264604810997,59.61871750433275,84.21985815602837,138.0,123.0,10,5.433752307093829,199.0,-8.554457035706818,0.3728129442395851,43.15789473684211,54.25531914893617,86.17021276595744,50.0,61.80555555555556,88.57142857142857,43.67346938775511,58.36734693877551,83.12236286919831,45.74468085106383,64.8936170212766,78.49462365591397,16.0,7.0,38,,
2021-03-31,594,318,269,274,348,471,33,13,24,2,11,0,3,285614562807.58,228128230876.3,0,0,47.32297063903281,60.62717770034843,83.9572192513369,167.0,43.0,11,1.2519913108099776,49.0,-3.308189568712393,0.944220717525746,42.5531914893617,54.83870967741935,84.94623655913979,50.0,61.11111111111112,89.28571428571429,46.72131147540984,61.47540983606557,82.62711864406779,49.46236559139785,63.44086021505376,78.26086956521739,15.0,6.0,37,,
2021-04-01,585,471,109,362,396,485,142,3,25,1,18,0,5,463227438951.96,84473330773.95,1,1,63.620386643233736,70.2127659574468,88.02177858439202,240.0,35.0,18,5.483712252232047,362.0,16.843910063411407,0.7879882675595106,57.29166666666666,65.26315789473685,90.52631578947368,69.17808219178082,73.94366197183099,92.02898550724638,63.6734693877551,69.79591836734694,87.34177215189874,60.97560975609756,70.73170731707317,80.24691358024691,12.0,5.0,50,,
2021-04-05,584,127,456,261,326,466,37,87,20,2,18,0,6,243823667851.13,366936585489.31,8,4,45.86994727592268,57.80141843971632,84.57350272232304,212.0,103.0,18,0.6644844844947557,-329.0,-0.5602643014398012,0.4191351016142839,40.625,44.21052631578947,87.36842105263159,47.26027397260274,60.56338028169014,88.40579710144928,46.34146341463415,61.382113821138205,84.03361344537815,48.14814814814815,58.0246913580247,76.25,17.0,8.0,38,,
2021-04-06,573,325,242,289,330,462,51,8,20,1,25,0,4,419694148324.3,183114344327.29,8,3,51.699463327370296,59.56678700361011,85.55555555555556,230.0,98.0,25,2.291978544150306,83.0,5.161967938119613,0.5859458021713048,43.29896907216495,47.91666666666667,87.36842105263159,55.172413793103445,63.82978723404256,89.85507246376811,50.20576131687243,61.72839506172839,83.33333333333334,60.810810810810814,59.45945945945946,82.1917808219178,18.0,8.0,45,,
2021-04-07,561,417,134,335,363,462,63,7,25,1,25,0,3,484881544276.17,173085318982.83002,5,5,61.13138686131386,66.97416974169742,87.5,151.0,102.0,25,2.8014019162669133,283.0,20.02866666325232,1.110851063689699,54.08163265306123,59.79381443298969,90.625,63.6986301369863,71.63120567375887,92.7536231884058,60.41666666666666,65.41666666666667,83.98268398268398,68.75,73.4375,84.12698412698413,22.0,13.0,61,,
2021-04-08,552,341,207,357,381,460,61,5,28,1,32,0,1,479087676450.85,178150989118.61,11,9,66.23376623376623,71.48217636022514,88.6319845857418,175.0,20.0,32,2.689222657820223,134.0,25.18955073992452,0.6125721834072129,55.10204081632652,61.855670103092784,90.625,71.91780821917808,76.59574468085107,91.30434782608695,65.12605042016807,70.16806722689076,86.8995633187773,75.43859649122807,80.7017543859649,85.71428571428571,33.0,22.0,75,,
2021-04-09,555,281,264,366,395,466,40,7,26,2,21,0,2,364180250730.79,282437341119.29,12,11,67.52767527675276,73.69402985074626,89.272030651341,164.0,19.0,21,1.2894196259161608,17.0,23.626158871779623,0.8254829676860738,56.12244897959183,59.79381443298969,90.625,69.86301369863014,80.98591549295774,92.80575539568343,69.0376569037657,73.52941176470588,86.8995633187773,74.57627118644068,79.66101694915254,87.93103448275862,44.0,32.0,70,,
2021-04-12,562,21,541,171,247,424,6,391,16,5,2,0,1,76772643379.95,700100446103.99,17,6,31.03448275862069,45.3211009174312,79.84934086629002,107.0,403.0,2,0.1096594693049895,-520.0,-4.678671969843158,0.3539776892164871,28.57142857142857,40.20618556701031,81.25,32.19178082191781,48.59154929577465,80.43478260869566,28.870292887029287,42.01680672268908,77.39130434782608,39.70588235294117,57.35294117647059,85.07462686567165,53.0,34.0,41,,
2021-04-13,562,452,106,215,289,446,98,14,16,5,5,0,2,483990680736.37,202113152019.15,14,5,39.01996370235935,53.02752293577981,83.9924670433145,144.0,412.0,5,2.3946520842469097,346.0,14.444091020418576,1.7806974848027883,32.6530612244898,45.36082474226804,87.5,39.72602739726028,54.86111111111112,85.71428571428571,37.65690376569037,50.0,81.57894736842105,51.47058823529412,70.58823529411765,83.5820895522388,59.0,36.0,50,,
2021-04-15,559,218,336,219,290,436,32,21,18,7,9,0,2,403550377372.66,256668263805.09,26,8,40.036563071297984,53.50553505535055,82.57575757575758,136.0,426.0,9,1.57226441395618,-118.0,7.521832921990268,0.4126592944865866,33.6734693877551,50.51546391752577,84.375,41.78082191780822,57.93103448275863,84.28571428571429,38.13559322033898,48.927038626609445,81.33333333333333,52.23880597014925,64.17910447761194,80.59701492537313,80.0,39.0,33,,
2021-04-16,555,360,187,261,307,443,43,3,21,3,11,0,1,428525368243.85,187350917890.51,4,2,48.06629834254144,57.06319702602231,84.54198473282443,173.0,38.0,11,2.287287263221657,173.0,16.115693083224116,0.8416667730348878,42.85714285714285,52.04081632653062,85.56701030927834,51.36986301369864,59.02777777777778,86.42857142857143,45.1063829787234,55.603448275862064,83.40807174887892,59.375,65.625,82.8125,73.0,32.0,38,,
2021-04-19,550,95,455,184,250,408,19,121,19,9,6,1,2,161381794665.03,467142907352.52,4,4,34.137291280148425,46.728971962616825,78.61271676300578,94.0,145.0,5,0.3454655783594001,-360.0,-3.267134944337066,0.604376302214387,28.57142857142857,44.89795918367347,78.35051546391753,35.61643835616438,47.22222222222222,80.0,33.047210300429185,45.02164502164502,77.37556561085974,43.54838709677419,54.83870967741935,80.32786885245902,65.0,25.0,19,,
2021-04-20,545,310,224,198,253,410,38,7,27,2,7,0,3,351461711309.94,284233898016.02,4,0,37.21804511278196,47.82608695652174,80.078125,100.0,131.0,7,1.236522855870382,86.0,2.476882766819804,1.1192098592099466,29.89690721649485,41.23711340206185,78.125,38.35616438356164,47.22222222222222,82.14285714285714,37.76824034334764,48.706896551724135,80.54298642533936,44.642857142857146,57.14285714285714,76.36363636363637,52.0,19.0,26,,
2021-04-22,541,302,230,220,267,417,50,8,41,0,11,0,2,437493925828.44,209546461235.83,6,4,41.50943396226416,50.85714285714285,82.08661417322834,107.0,136.0,11,2.0878134770124843,72.0,6.675633496024832,0.6289084215222824,30.612244897959183,39.795918367346935,81.44329896907216,40.41095890410959,51.74825174825175,81.29496402877699,42.73504273504273,51.293103448275865,83.2579185520362,59.61538461538461,67.3076923076923,80.3921568627451,44.0,18.0,32,,
2021-04-23,535,261,264,230,274,416,32,8,40,1,9,0,2,257665798798.37,345236267416.82,7,5,44.06130268199234,52.8957528957529,83.2,120.0,23.0,9,0.7463462652006891,-3.0,6.482187202015008,1.3246349713701908,31.63265306122449,36.734693877551024,83.50515463917526,43.15068493150685,54.54545454545454,81.29496402877699,44.93392070484582,55.309734513274336,83.64485981308411,66.66666666666666,68.62745098039215,86.0,25.0,15.0,51,,
2021-04-26,540,326,204,264,291,428,49,3,43,0,16,0,3,402592964803.13,179358077863.05,9,4,50.09487666034156,55.64053537284895,84.75247524752476,131.0,19.0,16,2.244632467072559,122.0,12.534379684626533,0.7119380295565408,36.734693877551024,43.87755102040816,83.50515463917526,49.31506849315068,53.84615384615385,82.01438848920863,50.0,58.590308370044056,86.04651162790698,76.36363636363637,69.0909090909091,88.88888888888889,30.0,17.0,58,,
2021-04-27,546,395,143,329,332,438,60,7,42,2,28,0,3,486779482944.38,122687706651.28,7,5,61.61048689138576,62.75992438563327,85.71428571428571,141.0,18.0,28,3.967630467883568,252.0,24.146332358836258,0.6961933034331214,53.06122448979592,53.06122448979592,85.56701030927834,60.544217687074834,60.83916083916085,83.45323741007195,61.30434782608696,64.62882096069869,86.23853211009175,79.66101694915254,76.27118644067797,89.47368421052632,33.0,18.0,68,,
2021-04-28,553,357,192,381,373,451,52,8,55,1,15,0,5,507733827973.8,179394005443.32,4,2,70.29520295202953,69.71962616822431,87.2340425531915,161.0,18.0,15,2.8302719855052225,165.0,29.60382023349139,0.6569598291339088,68.36734693877551,63.26530612244898,86.5979381443299,66.44295302013423,69.93006993006993,87.05035971223022,69.6969696969697,69.1304347826087,86.69724770642202,84.375,81.25,90.47619047619048,33.0,20.0,76,,
2021-04-29,569,238,325,366,383,460,38,10,81,1,23,0,5,446869951525.83,261579837592.82,3,1,65.35714285714286,69.50998185117967,86.30393996247655,150.0,25.0,23,1.70835013752641,-87.0,21.521953265154067,0.4286637008546917,62.24489795918368,64.28571428571429,85.56701030927834,55.333333333333336,65.03496503496503,84.17266187050359,67.52136752136752,70.25862068965517,87.27272727272727,82.05128205128204,82.05128205128204,88.31168831168831,30.0,17.0,70,,
2021-04-30,574,229,336,354,365,463,32,11,83,1,24,0,4,289532966956.92,440585527525.44,9,4,62.43386243386243,65.52962298025135,85.89981447124305,122.0,29.0,24,0.657154965082692,-107.0,13.50434724089989,1.0371185721192224,61.61616161616161,57.14285714285714,86.5979381443299,50.66666666666667,60.13986013986013,83.45323741007195,62.97872340425532,66.95278969957081,86.87782805429865,83.13253012048193,80.72289156626506,86.58536585365853,32.0,16.0,55,,
2021-05-03,573,363,203,373,378,461,87,9,102,2,47,0,5,413522705567.02,232726253197.52,9,5,65.66901408450704,67.62075134168157,85.37037037037038,157.0,30.0,47,1.7768631595510371,160.0,19.931772353958063,1.0063675023535854,60.0,59.59595959595959,84.6938775510204,57.71812080536913,64.53900709219859,82.48175182481752,67.08860759493672,67.51054852320675,87.1111111111111,82.92682926829268,82.92682926829268,86.25,32.0,17.0,69,,
2021-05-04,574,198,371,368,375,458,26,44,91,1,12,0,4,303085087485.8,405267453637.91,12,5,64.67486818980667,66.96428571428571,84.65804066543437,145.0,64.0,12,0.7478643665192868,-173.0,8.677561963853018,0.7136223441904076,60.0,56.56565656565656,85.71428571428571,56.375838926174495,60.28368794326241,78.83211678832117,66.24472573839662,70.042194092827,87.16814159292035,80.72289156626506,81.92771084337349,86.25,37.0,17.0,41,,
2021-05-05,577,385,180,389,390,470,64,10,84,2,19,0,3,514159066117.6,120349945195.28,7,5,68.00699300699301,69.27175843694494,86.39705882352942,177.0,63.0,19,4.272200251386278,205.0,17.911824270493934,0.5006527697747419,62.0,60.0,85.85858585858585,61.07382550335571,64.28571428571429,84.55882352941177,71.1864406779661,71.1864406779661,87.1111111111111,78.16091954022988,82.75862068965517,88.09523809523809,40.0,20.0,64,,
2021-05-06,575,320,245,412,403,477,65,5,91,0,26,0,5,493747471066.27,179352238474.81,9,4,72.40773286467487,71.96428571428571,88.17005545286506,155.0,59.0,26,2.7529484731556155,75.0,19.21755942131945,0.4744449312131243,65.0,63.0,86.86868686868688,65.77181208053692,65.71428571428571,86.76470588235294,76.72413793103449,77.15517241379311,89.14027149321268,80.68181818181817,78.4090909090909,89.41176470588236,46.0,23.0,64,,
2021-05-07,574,304,265,417,403,482,56,16,87,0,33,0,8,500850504662.59,195704506974.24,8,4,73.41549295774648,72.09302325581395,89.09426987060998,185.0,31.0,33,2.5592180395135995,39.0,18.437875178168667,0.4482501270344217,70.0,63.0,86.86868686868688,66.44295302013423,67.85714285714286,88.14814814814815,74.67811158798283,73.8197424892704,90.13452914798206,86.04651162790698,84.88372093023256,90.47619047619048,45.0,23.0,70,,
2021-05-10,581,378,198,439,426,496,104,8,85,0,44,0,9,570995910869.35,148087045475.89,10,8,76.61431064572426,75.53191489361703,90.84249084249085,225.0,29.0,44,3.855812701471673,180.0,24.72905577438391,0.4951202397259219,75.0,70.0,88.88888888888889,71.81208053691275,72.85714285714285,93.33333333333331,77.4468085106383,77.4468085106383,90.66666666666666,84.26966292134831,80.89887640449437,89.65517241379311,46.0,26.0,81,,
2021-05-11,587,337,246,456,449,506,78,10,87,0,39,0,3,445686787988.32,304910143374.88,13,11,78.75647668393782,78.7719298245614,91.500904159132,238.0,34.0,39,1.4616987911758592,91.0,25.53436990527602,0.9372099829712282,73.0,71.0,88.88888888888889,72.97297297297297,74.82014388489209,93.28358208955224,81.77966101694916,81.77966101694916,91.5929203539823,86.31578947368422,85.26315789473684,91.48936170212764,47.0,32.0,85,,
2021-05-12,592,213,377,445,452,516,36,44,77,0,17,0,3,341141284891.71,436117933410.57,14,12,76.1986301369863,78.6086956521739,92.3076923076923,218.0,62.0,17,0.7822225566921434,-164.0,13.345241637662395,0.7222838724949866,67.0,66.0,89.8989898989899,68.24324324324324,74.82014388489209,93.23308270676692,82.70042194092827,83.54430379746836,93.0131004366812,81.81818181818183,84.84848484848484,91.83673469387756,54.0,39.0,75,,
2021-05-14,596,175,420,404,436,513,19,72,109,0,13,0,1,248637550865.09,537391726561.42,23,11,68.82453151618398,75.4325259515571,91.28113879003558,133.0,126.0,13,0.4626746906879902,-245.0,-1.1931892393355632,0.9005607504639809,56.00000000000001,65.0,86.86868686868688,64.86486486486487,67.85714285714286,89.55223880597015,72.91666666666666,80.3347280334728,93.07359307359307,77.77777777777779,84.84848484848484,93.87755102040816,68.0,46.0,67,,
2021-05-17,601,427,162,443,463,526,91,14,112,0,27,0,3,585931266443.34,118680526036.78,31,9,74.83108108108108,79.28082191780823,92.7689594356261,146.0,130.0,27,4.9370464221042925,265.0,11.882418307027857,0.5338824559831378,72.0,71.0,90.9090909090909,68.91891891891892,75.88652482269504,93.28358208955224,77.08333333333334,81.58995815899581,93.53448275862068,80.76923076923077,86.53846153846155,92.15686274509804,91.0,51.0,74,,
2021-05-18,610,389,210,490,503,538,79,9,119,0,21,0,4,594510661983.62,141643273006.02,19,15,81.53078202995009,84.82293423271501,93.4027777777778,189.0,95.0,21,4.197238946591926,179.0,18.70265066763344,0.4413332135605595,82.0,79.0,91.91919191919192,76.35135135135135,81.69014084507043,95.55555555555556,83.05785123966942,86.66666666666667,93.5897435897436,84.68468468468468,90.09009009009009,91.66666666666666,100.0,58.0,80,,
2021-05-19,624,338,279,516,521,553,59,10,122,0,28,0,4,353638808771.54,329076153712.14,15,9,83.76623376623377,85.83196046128501,93.72881355932203,229.0,33.0,28,1.0746412487879209,59.0,18.440436082613047,1.1273246168584967,84.0,76.0,90.9090909090909,78.52348993288591,83.80281690140845,94.81481481481482,86.41975308641975,90.45643153526972,94.468085106383,84.67741935483872,87.09677419354838,93.38842975206612,102.0,56.0,76,,
2021-05-20,632,259,365,505,524,560,45,17,147,0,18,0,3,280289768935.37,383482335916.89,15,9,80.92948717948718,85.20325203252033,93.64548494983278,183.0,36.0,18,0.7309065964282527,-106.0,9.874040432007549,0.9708340909268904,77.0,78.0,90.9090909090909,73.8255033557047,80.28169014084507,93.33333333333331,84.42622950819673,89.25619834710744,93.61702127659576,85.49618320610686,88.54961832061069,96.12403100775194,103.0,53.0,64,,
2021-05-21,636,386,247,529,545,569,51,12,145,0,21,0,3,574941993706.99,119803932958.74,24,13,83.96825396825398,87.76167471819646,94.20529801324504,155.0,39.0,21,4.799024368465414,139.0,14.75040194857981,0.3256397376737991,85.0,85.0,91.91919191919192,77.33333333333333,81.11888111888112,94.85294117647058,86.41975308641975,90.45643153526972,94.44444444444444,86.13138686131386,91.97080291970804,94.81481481481482,104.0,55.0,75,,
2021-05-24,649,376,270,546,565,581,68,10,140,1,34,0,5,473274537226.39,243319984924.41,18,13,84.9144634525661,88.9763779527559,94.31818181818184,164.0,39.0,34,1.9450705513294269,106.0,17.195939035506196,0.7159599386463263,86.0,84.0,91.91919191919192,77.85234899328859,83.21678321678321,94.02985074626866,85.94377510040161,91.49797570850204,94.6058091286307,89.65517241379311,93.79310344827586,95.77464788732394,91.0,59.0,87,,
2021-05-25,656,313,339,547,571,583,53,21,146,1,26,0,4,398746835156.25,268586907901.27,15,6,84.15384615384616,88.94080996884736,93.57945425361156,172.0,43.0,26,1.4846100961213848,-26.0,12.600893549650728,0.6219167155204153,82.0,86.0,91.91919191919192,75.16778523489933,79.72027972027972,92.5925925925926,86.34538152610442,91.90283400809716,93.3609958506224,90.78947368421052,94.73684210526316,95.94594594594594,87.0,50.0,80,,
2021-05-26,663,367,291,556,581,597,64,12,149,2,33,0,2,408216438852.42,220487669431.61,21,12,84.49848024316108,89.38461538461539,94.61172741679871,185.0,43.0,33,1.851425251601378,76.0,13.709125191496046,0.6811878490848527,81.0,86.0,93.93939393939394,77.18120805369128,81.81818181818183,93.38235294117648,86.34538152610442,92.71255060728744,94.14225941422592,90.625,93.125,96.81528662420382,93.0,53.0,82,,
2021-05-27,667,338,323,560,589,599,47,18,131,3,26,0,1,755839188331.18,339651567051.58,37,17,84.59214501510573,90.06116207951071,94.33070866141732,164.0,51.0,26,2.22533696780029,15.0,11.538117619316314,0.4702387295158095,81.0,86.0,93.93939393939394,79.19463087248322,82.51748251748252,92.64705882352942,84.33734939759037,92.71255060728744,93.75,92.07317073170732,95.1219512195122,96.875,115.0,61.0,73,,
2021-05-28,678,253,420,552,595,609,36,41,118,2,12,0,2,416445534283.22,264096684976.24,19,13,82.02080237741455,89.47368421052632,94.27244582043345,147.0,71.0,12,1.5768677078271027,-167.0,0.5242155570060625,0.3820110903349167,84.0,89.0,95.95959595959596,78.52348993288591,84.61538461538461,91.91176470588236,80.72289156626506,89.47368421052632,93.75,85.71428571428571,93.71428571428572,95.906432748538,110.0,61.0,68,,
2021-05-31,683,362,313,553,607,619,60,26,119,2,22,0,3,488435863423.19,170274748202.22,21,4,81.56342182890856,90.59701492537312,95.08448540706604,143.0,85.0,22,2.8685161398278427,49.0,1.9047082159457676,0.4031873848324189,83.0,91.0,96.96969696969695,83.22147651006712,87.41258741258741,93.38235294117648,79.11646586345381,91.09311740890688,95.41666666666669,82.77777777777777,92.22222222222224,94.88636363636364,113.0,52.0,58,,
2021-06-01,693,210,479,509,597,623,36,38,104,2,14,0,1,276042738379.57,309689289816.23,28,10,73.98255813953489,87.79411764705883,94.25113464447806,132.0,105.0,14,0.8913538422441865,-269.0,-12.824494101740518,0.4918510925642018,80.0,91.0,95.95959595959596,73.8255033557047,85.3146853146853,93.38235294117648,71.2,85.88709677419355,94.1908713692946,74.60317460317461,90.47619047619048,94.05405405405406,126.0,56.0,43,,
2021-06-02,698,518,176,579,619,633,101,6,110,0,30,0,2,523964523708.43,171503187392.05,12,6,83.54978354978356,90.36496350364963,95.18796992481204,197.0,70.0,30,3.0551299464228983,342.0,5.1961603871464135,0.9633573267899276,92.0,90.0,96.96969696969695,80.53691275167785,86.7132867132867,92.64705882352942,80.80000000000001,90.32258064516128,95.83333333333334,85.05154639175258,93.29896907216497,95.26315789473684,117.0,50.0,62,,
2021-06-03,700,475,219,616,643,643,79,6,131,0,43,0,5,534101730399.18,155186825600.95,16,10,88.50574712643679,93.59534206695778,96.40179910044976,216.0,50.0,43,3.441669280436073,256.0,16.27783917320901,0.6302028448865613,94.0,92.0,97.97979797979798,87.24832214765101,90.2097902097902,95.58823529411764,84.39999999999999,93.5483870967742,96.6804979253112,91.87817258883248,96.93877551020408,95.81151832460732,96.0,43.0,68,,
2021-06-04,709,357,344,629,651,651,76,6,140,0,45,0,3,453235192897.17,237404389500.08,10,9,89.21985815602837,93.26647564469914,96.44444444444444,256.0,18.0,45,1.9091272653028064,13.0,13.521285339426475,0.5435942990997067,92.0,91.0,96.96969696969695,86.57718120805369,89.72602739726028,95.62043795620438,85.2,93.1174089068826,96.65271966527196,94.66019417475728,97.07317073170732,96.5,87.0,39.0,68,,
2021-06-07,714,472,233,637,664,665,112,12,152,0,58,0,5,529549463591.57,193865904933.29,18,12,89.59212376933895,94.45234708392604,97.79411764705884,267.0,24.0,58,2.731524471896128,239.0,22.39682538484528,0.7416192290436148,94.0,96.0,98.989898989899,89.33333333333333,92.46575342465754,97.08029197080292,85.6,92.71255060728744,97.5,92.4170616113744,97.14285714285714,98.0392156862745,84.0,47.0,87,,
2021-06-08,720,367,347,654,671,668,60,10,148,0,47,0,2,436501373677.75,271956415748.52,30,18,91.21338912133892,94.64033850493652,97.51824817518248,248.0,28.0,47,1.605041647855022,20.0,18.923427996754132,0.6589466940135137,95.0,99.0,98.989898989899,92.66666666666666,93.83561643835615,96.35036496350364,87.95180722891565,91.869918699187,97.05882352941175,92.20183486238533,96.31336405529954,98.1042654028436,86.0,55.0,92,,
2021-06-09,739,176,558,616,671,679,27,52,106,0,18,0,1,305565358020.28,499981034586.49,34,13,83.69565217391305,92.04389574759944,96.58605974395448,199.0,74.0,18,0.611153897613333,-382.0,-4.240943910047562,0.5160928983872477,85.0,95.0,96.96969696969695,83.33333333333334,93.15068493150685,96.32352941176472,80.4,88.70967741935483,95.83333333333334,86.86440677966102,93.61702127659576,97.36842105263158,108.0,62.0,70,,
2021-06-10,748,620,124,665,692,696,96,0,128,0,32,0,3,561519468448.68,75271266311.56,38,20,89.14209115281501,93.38731443994602,97.75280898876404,183.0,62.0,32,7.459944490962325,496.0,19.874722829187213,0.6702462740919142,90.0,96.0,97.97979797979798,88.66666666666667,94.5578231292517,97.05882352941175,87.6,90.76305220883532,98.33333333333331,90.65040650406505,94.28571428571428,97.46835443037976,130.0,72.0,82,,
2021-06-11,758,346,404,686,712,708,66,7,135,0,40,0,2,407932940860.02,237021781558.5,27,16,90.74074074074076,94.6808510638298,97.9253112033195,189.0,59.0,40,1.7210778611894662,-58.0,12.694244277087009,0.49761586205778,97.0,99.0,98.989898989899,90.66666666666666,95.23809523809524,97.05882352941175,87.2,92.0,97.9253112033195,91.796875,95.2941176470588,97.97570850202428,147.0,79.0,78,,
2021-06-14,761,269,484,648,707,709,41,30,145,0,33,0,0,347231488646.96,387219751191.15,15,9,85.37549407114624,93.51851851851852,97.65840220385677,203.0,37.0,33,0.8967297963980926,-215.0,-1.35853610634409,0.6197910744121274,85.0,98.0,97.97979797979798,88.66666666666667,93.91891891891892,97.08029197080292,81.2,91.2,97.91666666666666,87.64478764478764,93.7984496124031,97.6,144.0,76.0,71,,
2021-06-15,761,423,326,659,704,711,61,15,127,0,37,0,0,383761505409.98,225166789769.68,15,6,86.8247694334651,93.12169312169311,97.93388429752066,168.0,52.0,37,1.7043432817180737,97.0,2.2331293463540405,0.7613172922311399,87.0,97.0,98.989898989899,90.66666666666666,93.24324324324324,97.08029197080292,82.0,90.8,98.33333333333331,89.1891891891892,93.7984496124031,97.6,129.0,64.0,68,,
2021-06-16,768,211,552,624,700,713,40,25,121,0,31,0,1,191823371606.13,420436440055.74,22,10,81.67539267015707,91.98423127463865,97.5376196990424,142.0,70.0,31,0.4562482062227972,-341.0,-16.60716233832083,0.837803571823653,71.0,93.0,94.94949494949496,84.66666666666667,93.24324324324324,97.79411764705884,78.4,89.2,97.93388429752066,87.12121212121212,93.5361216730038,98.03149606299212,117.0,61.0,62,,
2021-06-17,776,219,549,562,686,712,33,30,111,0,29,0,3,198449710960.38,459703435004.67,17,4,72.7979274611399,89.20676202860858,96.34641407307171,134.0,70.0,29,0.43169072895521,-330.0,-32.08257591702624,0.9240576113148936,52.0,85.0,93.93939393939394,74.0,87.16216216216216,94.85294117647058,72.0,88.0,96.69421487603306,80.51470588235294,92.98892988929887,97.70992366412212,96.0,45.0,51,,
2021-06-18,777,175,598,469,655,708,28,38,96,0,13,0,1,334119539408.6,578429765568.3,23,10,60.59431524547804,84.95460440985732,95.54655870445345,101.0,93.0,13,0.5776319949239329,-423.0,-49.80364164723423,0.5066238418922152,43.0,75.0,93.93939393939394,66.0,82.43243243243244,94.11764705882352,59.6,85.6,95.45454545454544,64.96350364963503,89.37728937728939,96.96969696969695,92.0,39.0,39,,
2021-06-21,780,488,285,526,666,715,89,9,105,0,30,0,1,432835050360.07,135090567255.12,10,5,67.6962676962677,86.04651162790698,96.10215053763442,150.0,77.0,30,3.20403607116888,203.0,-33.4061346383259,0.5344136781611577,56.00000000000001,82.0,94.94949494949496,67.33333333333333,83.1081081081081,95.58823529411764,68.8,87.2,95.86776859504133,71.11913357400722,88.04347826086956,97.00374531835206,87.0,35.0,55,,
2021-06-22,776,456,314,565,682,715,80,6,103,0,27,0,1,356849440847.99,236655829749.04,8,5,73.09184993531694,88.57142857142857,96.62162162162164,197.0,53.0,27,1.5078835844712064,142.0,-22.269235472517646,0.9630911260781008,57.99999999999999,83.0,95.95959595959596,74.0,86.48648648648648,95.58823529411764,73.6,89.2,95.86776859504133,77.65567765567766,91.17647058823528,98.09885931558937,80.0,34.0,56,,
2021-06-23,777,256,516,516,674,712,39,20,95,0,25,0,2,234824110938.29,357304725125.08,6,4,66.66666666666666,87.4189364461738,96.08636977058028,208.0,35.0,25,0.657209643270422,-260.0,-32.735840508389,0.7548946307892379,49.0,81.0,94.94949494949496,66.66666666666666,84.45945945945947,94.85294117647058,66.8,88.0,96.2809917355372,72.99270072992701,90.84249084249085,96.96969696969695,64.0,28.0,50,,
2021-06-24,772,286,478,482,647,703,34,25,80,2,25,0,1,270061696473.39,296967561467.47,9,4,62.67880364109233,84.46475195822454,95.38670284938942,153.0,51.0,25,0.9093979663599476,-192.0,-38.12110861151706,0.6579367691216202,45.0,75.0,94.94949494949496,64.0,80.4054054054054,92.64705882352942,62.24899598393574,85.94377510040161,95.850622406639,68.88888888888889,88.84758364312268,96.55172413793105,56.0,28.0,52,,
2021-06-25,775,442,325,525,666,705,57,14,77,1,28,0,2,438831712708.19,153919399787.03,3,1,68.2704811443433,86.94516971279373,95.65807327001356,130.0,59.0,28,2.851048752239015,117.0,-27.08490729663397,0.4770174480292387,63.26530612244898,83.6734693877551,94.84536082474226,67.33333333333333,83.89261744966443,92.7536231884058,66.26506024096386,86.69354838709677,95.81589958158996,72.42647058823529,90.03690036900369,97.33840304182507,36.0,19.0,64,,
2021-06-28,770,425,338,541,665,705,74,21,88,1,33,0,3,311913825809.26,193687144849.89,11,5,70.81151832460732,87.3850197109067,96.31147540983606,165.0,60.0,33,1.6104002464954357,87.0,-19.01353063592576,0.7807974771740736,69.38775510204081,86.73469387755102,96.90721649484536,72.0,85.23489932885906,94.92753623188406,69.07630522088354,87.90322580645162,95.81589958158996,72.28464419475655,88.34586466165413,97.28682170542636,37.0,19.0,64,,
2021-06-29,776,296,474,505,657,703,64,15,93,1,28,0,3,245232322025.13,325174497658.94,9,3,65.75520833333334,85.88235294117646,95.5163043478261,195.0,50.0,28,0.7541560724800211,-178.0,-25.2674359378406,0.8280415641103331,61.458333333333336,81.25,93.6842105263158,70.0,84.56375838926175,94.9640287769784,62.4,86.34538152610442,95.39748953974896,68.01470588235294,87.82287822878229,96.57794676806084,38.0,17.0,51,,
2021-06-30,770,356,404,508,651,694,61,22,99,3,31,0,3,250684716764.39,261608465661.48,11,7,66.66666666666666,85.65789473684211,95.06849315068492,199.0,58.0,31,0.9582439013604962,-48.0,-23.988187791288595,0.919586461819154,53.125,80.20833333333334,93.6842105263158,68.0,84.56375838926175,94.24460431654676,66.0,85.2,94.9579831932773,71.42857142857143,88.67924528301887,96.12403100775194,43.0,20.0,49,,
2021-07-01,773,389,375,506,654,697,60,22,90,3,41,0,1,273344487273.4,217572357131.83,11,6,66.1437908496732,85.71428571428571,95.0886766712142,185.0,59.0,41,1.25633830913445,14.0,-19.674489687030192,0.8256799349277192,51.04166666666666,80.20833333333334,93.6842105263158,66.0,82.5503355704698,93.5251798561151,68.0,85.94377510040161,95.7983193277311,69.88847583643123,89.21933085501858,95.78544061302682,45.0,22.0,56,,
2021-07-02,762,452,292,537,655,692,76,8,91,2,45,0,3,384039054149.98,163346450167.88,12,9,71.12582781456953,86.98539176626826,95.58011049723756,197.0,52.0,45,2.3510707074153263,160.0,-8.587905359454101,0.6584001070649217,52.083333333333336,79.16666666666666,92.63157894736842,68.66666666666667,83.22147651006712,95.68345323741008,76.30522088353415,89.11290322580645,96.62447257383964,74.61538461538461,90.0,95.65217391304348,54.0,30.0,71,,
2021-07-05,762,506,246,591,671,695,112,11,99,2,48,0,6,399125984200.6,120773604470.53,11,6,78.27814569536424,89.11022576361222,95.99447513812154,248.0,41.0,48,3.304745154790763,260.0,5.934063767420728,0.6224112519308385,67.70833333333334,79.16666666666666,93.6842105263158,76.66666666666667,85.90604026845638,94.9640287769784,77.91164658634538,90.7258064516129,97.46835443037976,83.46153846153847,93.07692307692308,96.04743083003952,54.0,31.0,78,,
2021-07-06,764,267,489,552,660,693,45,41,74,3,25,0,3,275461452278.18,335257571664.24,16,11,73.11258278145696,87.64940239043824,95.71823204419888,233.0,60.0,25,0.8216412560371769,-222.0,-5.779322947938397,0.6645385269139221,55.78947368421052,75.78947368421053,93.61702127659576,72.0,85.23489932885906,94.28571428571428,72.69076305220884,90.7258064516129,96.59574468085106,80.45977011494253,90.42145593869732,96.47058823529412,61.0,39.0,69,,
2021-07-07,765,425,331,567,664,693,60,22,70,3,22,0,6,394262956706.78,130400461366.2,21,13,75.19893899204244,88.29787234042553,95.850622406639,217.0,74.0,22,3.023478234479419,94.0,0.0346280251692414,0.4246724520009424,63.1578947368421,76.84210526315789,95.74468085106383,73.33333333333333,85.23489932885906,94.28571428571428,72.06477732793523,89.43089430894308,96.5665236051502,83.58778625954199,93.12977099236642,96.09375,71.0,45.0,75,,
2021-07-08,760,270,478,525,636,687,42,19,82,3,15,0,4,167939844889.79,335389011595.82,25,8,70.09345794392523,85.14056224899599,95.68245125348189,147.0,82.0,15,0.5007315060523678,-208.0,-10.094617032949571,1.1280567522872862,47.368421052631575,67.36842105263158,94.6808510638298,68.0,81.87919463087249,95.0354609929078,72.76422764227642,87.34693877551021,96.1206896551724,77.13178294573643,91.47286821705426,96.01593625498008,85.0,47.0,52,,
2021-07-09,759,416,335,533,632,690,56,4,81,4,29,0,10,306245932344.98,159735268323.05,20,12,71.2566844919786,84.71849865951742,96.23430962343096,158.0,45.0,29,1.9172092397630407,81.0,-4.254648472476413,0.6477076257621206,49.47368421052632,71.57894736842105,93.61702127659576,71.33333333333334,81.87919463087249,95.0354609929078,71.13821138211382,85.71428571428571,96.98275862068964,79.37743190661479,90.27237354085604,97.2,93.0,50.0,61,,
2021-07-12,762,424,329,550,643,693,77,9,81,4,48,0,9,310648820521.97,174656565705.81,14,8,73.23568575233023,85.84779706275033,96.25,175.0,32.0,48,1.7786266394658423,95.0,1.459797889090524,0.7245780372316565,51.578947368421055,69.47368421052632,95.78947368421052,74.0,83.89261744966443,95.0,73.17073170731707,87.34693877551021,96.5665236051502,80.76923076923077,91.53846153846152,96.82539682539682,96.0,52.0,67,,
2021-07-13,757,406,344,571,650,689,60,11,89,3,47,0,3,343757894977.39,150252861471.12,15,9,76.33689839572193,87.1313672922252,96.09483960948396,193.0,24.0,47,2.28786255124641,62.0,4.6883505387848015,0.5158668983399171,61.05263157894737,73.68421052631578,94.73684210526316,72.0,86.57718120805369,94.28571428571428,76.82926829268293,88.16326530612245,96.5665236051502,84.04669260700389,91.43968871595332,97.18875502008032,95.0,50.0,68,,
2021-07-14,764,348,409,593,659,693,46,18,77,3,37,0,7,284778984999.83,205424110785.99,17,14,78.54304635761589,87.51660026560425,95.850622406639,183.0,38.0,37,1.38629776178762,-61.0,1.2753213015794844,0.6137611768370019,62.10526315789474,72.63157894736842,95.78947368421052,79.33333333333333,87.91946308724832,92.85714285714286,76.01626016260163,88.16326530612245,95.70815450643777,86.36363636363636,92.04545454545456,97.6470588235294,91.0,51.0,68,,
2021-07-15,769,336,429,574,654,701,63,23,88,2,43,0,7,386996234841.45,172889314211.85,32,18,75.6258234519104,86.2796833773087,96.42365887207704,169.0,52.0,43,2.238404592011072,-93.0,-3.2491953027389613,0.3498995606121011,58.76288659793815,70.10309278350515,93.81443298969072,75.67567567567568,85.71428571428571,94.92753623188406,75.80645161290323,87.09677419354838,96.59574468085106,81.57894736842105,91.72932330827066,98.0544747081712,98.0,61.0,82,,
2021-07-16,771,382,382,576,665,704,56,11,107,1,52,0,5,400535668222.68,176775920357.4,35,19,75.68988173455979,87.5,96.57064471879286,165.0,52.0,52,2.2657818294080414,0.0,-2.4514110229175365,0.4413487596293682,61.855670103092784,75.25773195876289,94.84536082474226,78.37837837837837,88.43537414965986,96.37681159420288,72.98387096774194,87.5,95.31914893617022,81.71641791044776,91.4179104477612,98.45559845559846,113.0,68.0,83,,
2021-07-19,773,304,464,527,639,703,58,14,116,1,50,0,4,223461414176.32,340528547702.66,17,10,69.0694626474443,83.74836173001312,96.16963064295486,177.0,48.0,50,0.656219326349814,-160.0,-9.757048408555631,0.9984046301066232,45.36082474226804,59.79381443298969,92.78350515463916,70.94594594594594,82.43243243243244,94.92753623188406,65.86345381526104,84.73895582329317,95.33898305084746,79.5539033457249,92.19330855018588,98.84615384615384,116.0,70.0,77,,
2021-07-20,780,133,645,416,591,697,27,96,81,2,22,0,4,184472882970.15,405230606623.03,38,17,54.16666666666666,76.953125,94.70108695652172,141.0,121.0,22,0.4552293927337966,-512.0,-33.554583131233414,0.4529618554489448,34.73684210526316,56.84210526315789,92.63157894736842,53.37837837837838,75.67567567567568,92.7007299270073,51.00401606425703,73.89558232931726,92.43697478991596,64.13043478260869,87.31884057971014,98.49624060150376,139.0,78.0,50,,
2021-07-22,775,574,197,492,615,696,126,15,92,3,45,0,4,501345379810.63,104904957605.47,29,13,64.48230668414155,80.60288335517694,95.21203830369356,211.0,125.0,45,4.779043729240196,377.0,-9.283702403466762,0.6096838089028295,50.526315789473685,65.26315789473685,92.63157894736842,64.1891891891892,79.72972972972973,93.43065693430655,59.83935742971887,77.10843373493977,92.85714285714286,73.80073800738008,89.66789667896678,99.2337164750958,151.0,77.0,61,,
2021-07-23,781,320,455,491,610,701,49,32,93,3,42,0,3,308830219263.88,235898127146.03,20,12,63.60103626943005,79.22077922077922,94.98644986449864,202.0,143.0,42,1.309167745417081,-135.0,-14.08568086920894,0.5372090060717496,50.51546391752577,62.10526315789474,93.6842105263158,65.54054054054053,77.02702702702703,92.7007299270073,58.23293172690763,77.51004016064257,93.72384937238492,71.94244604316546,87.76978417266187,97.75280898876404,139.0,71.0,54,,
2021-07-26,780,380,396,493,607,698,76,27,108,2,48,0,4,340098070691.43,232249225863.08,15,12,64.02597402597404,79.03645833333334,94.70827679782904,251.0,74.0,48,1.4643668646367465,-16.0,-12.17094405307246,0.6552975096401125,48.95833333333333,58.51063829787234,93.61702127659576,60.810810810810814,76.35135135135135,92.7536231884058,63.70967741935484,77.41935483870968,93.69747899159664,71.22302158273382,88.84892086330936,97.00374531835206,119.0,64.0,67,,
2021-07-27,781,303,475,469,592,693,63,27,103,1,39,1,2,286954250884.53,351494381296.2,16,6,60.67270375161707,76.98309492847855,93.90243902439023,188.0,86.0,38,0.8163836071186503,-172.0,-18.27298935501041,0.7813664204913364,43.29896907216495,56.38297872340425,90.42553191489364,55.70469798657718,72.2972972972973,92.80575539568343,59.67741935483871,74.59677419354838,91.9831223628692,70.25089605734766,88.5304659498208,97.38805970149254,118.0,60.0,51,,
2021-07-28,786,267,515,439,570,695,48,34,98,1,27,1,3,285080785622.66,334518804557.13,21,13,56.4993564993565,73.73868046571799,93.66576819407008,187.0,88.0,26,0.8522115400958666,-248.0,-27.198873141392305,0.6083543551679981,39.175257731958766,54.736842105263165,90.52631578947368,56.375838926174495,66.66666666666666,92.02898550724638,52.82258064516129,71.37096774193549,91.13924050632912,65.7243816254417,85.86572438162544,97.79411764705884,101.0,56.0,53,,
2021-07-29,790,473,311,490,596,697,98,25,105,1,48,1,2,472328497485.48,192395894755.53,25,8,62.82051282051282,76.80412371134021,93.55704697986576,209.0,86.0,47,2.4549822026382087,162.0,-14.194509413041857,0.6195158237436492,49.48453608247423,55.78947368421052,87.36842105263159,56.375838926174495,73.46938775510205,92.02898550724638,61.29032258064516,73.79032258064517,92.01680672268908,72.02797202797203,88.11188811188812,97.8102189781022,97.0,51.0,64,,
2021-07-30,788,405,372,492,604,697,64,22,95,2,36,0,5,411994596656.59,292375291573.11,18,8,63.32046332046332,78.13712807244502,93.80888290713324,210.0,81.0,36,1.409129322932436,33.0,-9.454805878237018,0.7726116117956588,51.04166666666666,57.44680851063831,88.29787234042553,58.38926174496645,76.19047619047619,93.47826086956522,61.29032258064516,75.80645161290323,92.01680672268908,71.83098591549296,88.02816901408451,97.43589743589745,95.0,47.0,54,,
2021-08-02,791,507,273,545,616,703,105,8,111,1,54,0,4,456781804366.98,145561109253.54,14,8,69.87179487179486,79.38144329896907,93.98395721925134,267.0,55.0,54,3.1380758686810517,234.0,4.694914673412303,0.5918094191659629,61.458333333333336,63.82978723404256,91.48936170212764,67.11409395973155,76.87074829931973,94.24460431654676,64.91935483870968,76.20967741935483,90.7949790794979,78.397212543554,88.50174216027874,97.46376811594205,94.0,43.0,60,,
2021-08-03,793,400,381,553,617,709,60,23,111,3,52,1,7,454127245482.37,172251013696.0,20,9,70.62579821200511,79.30591259640103,94.53333333333332,229.0,53.0,51,2.636427128863484,19.0,6.019451171705413,0.3982164934165196,68.75,67.02127659574468,91.48936170212764,70.0,77.55102040816327,94.24460431654676,65.46184738955823,76.30522088353415,91.66666666666666,76.04166666666666,86.80555555555556,98.19494584837544,98.0,46.0,60,,
2021-08-04,796,188,605,480,600,702,21,86,85,8,19,1,1,292318233470.31,393774697399.54,24,15,60.913705583756354,76.62835249042146,92.98013245033113,186.0,117.0,18,0.7423489508106,-417.0,-14.678167378112512,0.4185953267847677,68.75,71.27659574468085,90.42553191489364,62.66666666666667,76.87074829931973,93.5251798561151,53.01204819277109,68.27309236947792,89.16666666666667,64.16382252559727,85.32423208191126,96.80851063829788,101.0,48.0,36,,
2021-08-05,793,268,524,429,568,693,32,46,74,7,9,1,1,373601014513.76,253808518193.08,25,8,54.64968152866242,72.82051282051282,92.03187250996017,113.0,155.0,8,1.4719798105024595,-256.0,-24.251240401316267,0.3474574705646308,63.54166666666666,70.52631578947368,90.52631578947368,57.99999999999999,72.6027397260274,93.47826086956522,46.98795180722892,64.2570281124498,88.75,56.55172413793104,81.03448275862068,94.64285714285714,101.0,48.0,34,,
2021-08-06,790,409,369,433,571,693,47,10,68,3,11,0,0,305150006839.78,261565398274.5,26,11,55.370843989769824,73.4877734877735,92.4,100.0,142.0,11,1.1666298709722305,40.0,-17.514961634148897,0.9500880369942316,58.333333333333336,70.52631578947368,90.52631578947368,57.99999999999999,73.97260273972603,94.20289855072464,46.0,65.2,89.62655601659752,61.18881118881119,81.46853146853147,94.56521739130434,109.0,51.0,33,,
2021-08-09,789,227,553,372,519,684,26,73,61,8,15,1,1,211492357572.92,291400731021.81,15,2,47.753530166880616,67.05426356589147,91.56626506024097,105.0,129.0,14,0.7257784043001965,-326.0,-29.967868480050058,0.5655834391036768,56.84210526315789,65.95744680851064,91.48936170212764,44.66666666666666,63.013698630136986,90.57971014492752,42.971887550200805,61.04417670682732,88.75,50.526315789473685,74.73684210526315,94.54545454545456,110.0,45.0,25,,
2021-08-10,787,102,684,237,412,653,10,266,34,14,5,1,2,216189614463.9,351725118211.3,6,4,30.541237113402065,53.43709468223087,87.76881720430107,83.0,349.0,4,0.614655033917775,-582.0,-53.265264490895305,0.2426121951154355,47.87234042553192,56.98924731182796,88.17204301075269,29.33333333333333,51.36986301369864,87.68115942028986,27.710843373493976,52.20883534136546,85.0,27.915194346289752,54.416961130742045,90.10989010989012,96.0,40.0,16,,
2021-08-11,783,276,500,224,393,642,46,47,33,16,8,2,1,300304328971.18,290483114593.22,6,3,29.015544041450774,51.23859191655802,86.75675675675676,82.0,386.0,6,1.0338099320909349,-224.0,-55.0182117577135,0.533947278764822,52.12765957446809,64.51612903225806,88.17204301075269,27.33333333333333,45.89041095890411,85.5072463768116,26.506024096385545,48.99598393574297,85.83333333333333,24.372759856630825,51.61290322580645,87.73234200743495,78.0,28.0,19,,
2021-08-12,780,642,134,338,479,658,203,3,48,8,22,0,5,399061153830.54,118692796636.81,9,6,43.953185955786736,62.69633507853403,89.15989159891599,259.0,316.0,22,3.3621345619788,508.0,-19.641890612054496,1.425000899815149,63.82978723404256,66.66666666666666,89.24731182795699,40.0,56.16438356164384,85.5072463768116,40.8,57.99999999999999,88.79668049792531,42.18181818181818,69.0909090909091,91.35338345864662,62.0,26.0,33,,
2021-08-13,770,320,441,325,462,648,48,27,43,6,19,1,2,345823324176.55,215295737762.93,8,5,42.81949934123847,61.273209549071616,89.1334250343879,297.0,77.0,18,1.6062711123308382,-121.0,-20.74692657945577,0.4517441527747438,56.38297872340425,66.66666666666666,89.24731182795699,35.333333333333336,55.47945205479452,86.95652173913044,41.6,58.4,89.25619834710744,43.39622641509434,65.28301886792453,90.15748031496062,44.0,20.0,39,,
2021-08-16,766,218,544,294,422,624,28,56,37,9,16,2,2,264752746010.16,204584344905.71,4,4,38.94039735099338,56.266666666666666,86.1878453038674,279.0,86.0,14,1.2941007100625457,-326.0,-31.837997698686596,0.3096631436808956,57.44680851063831,64.51612903225806,86.02150537634408,36.66666666666666,54.7945205479452,84.78260869565217,38.0,53.2,84.71074380165288,34.48275862068966,57.08812260536399,88.44621513944223,33.0,22.0,58,,
2021-08-17,771,284,486,277,394,615,37,44,33,13,23,3,2,321097727352.71,276648919053.26,7,2,36.54353562005277,52.46338215712384,84.82758620689656,113.0,127.0,20,1.1606686498236156,-202.0,-34.96167351713551,0.5034702539837703,47.31182795698925,60.0,85.55555555555556,40.26845637583892,55.172413793103445,86.13138686131386,36.8,48.8,81.89300411522635,30.451127819548876,51.8796992481203,86.66666666666667,34.0,20.0,45,,
2021-08-18,765,260,495,260,381,607,26,32,30,15,18,3,1,254068111972.88,282740328149.95,8,3,34.57446808510639,51.14093959731544,84.42280945757997,91.0,132.0,15,0.8985916994413905,-235.0,-39.107607974323656,0.5845285746341174,45.74468085106383,58.24175824175825,87.91208791208791,42.28187919463088,55.86206896551724,86.13138686131386,31.72690763052209,48.19277108433735,82.23140495867769,28.846153846153843,48.84615384615385,84.33734939759037,36.0,20.0,35,,
2021-08-20,762,99,660,187,303,571,18,170,31,19,8,5,2,141547432681.52,463993815596.26,6,1,25.0334672021419,40.94594594594594,79.97198879551821,81.0,246.0,3,0.3050631881798317,-561.0,-58.75684389534791,0.4917014107633874,36.17021276595745,46.15384615384615,81.31868131868131,29.53020134228188,42.75862068965517,78.83211678832117,22.48995983935743,40.16064257028113,77.59336099585063,20.7843137254902,38.82352941176471,82.44897959183673,33.0,15.0,17,,
2021-08-23,759,137,619,133,236,531,22,219,21,34,8,6,2,251774116179.27,315119284272.24,11,5,17.876344086021508,32.065217391304344,74.78873239436619,66.0,421.0,2,0.7989803504432803,-482.0,-71.3131563883469,0.2770089616886729,32.97872340425532,45.05494505494506,79.12087912087912,22.14765100671141,36.11111111111111,70.58823529411765,13.654618473895583,30.120481927710845,73.02904564315352,13.88888888888889,26.984126984126984,77.27272727272727,36.0,15.0,11,,
2021-08-24,753,612,137,211,297,560,178,8,25,16,8,0,2,425472848118.48,119842357383.5,5,1,28.62957937584803,40.74074074074074,79.54545454545455,218.0,397.0,8,3.5502710177583627,475.0,-33.8422377879193,1.2582569787847038,41.935483870967744,52.22222222222223,82.22222222222221,36.91275167785235,47.22222222222222,79.41176470588235,23.694779116465863,36.14457831325301,76.76348547717843,23.577235772357724,37.39837398373984,81.43459915611815,37.0,12.0,24,,
2021-08-25,748,437,299,227,326,568,71,7,19,16,7,0,2,272584330816.23,221592553069.85,8,6,31.053351573187417,45.15235457063712,81.49210903873745,271.0,234.0,7,1.2301150333797837,138.0,-18.485391195614117,1.188131533945109,42.391304347826086,57.30337078651685,84.26966292134831,37.16216216216216,49.65034965034965,81.48148148148148,29.71887550200803,42.16867469879519,80.08298755186722,24.3801652892562,41.078838174273855,81.89655172413794,38.0,16.0,22,,
2021-08-26,739,338,396,236,325,564,49,10,21,13,12,2,1,270006213932.49,227825686140.87,4,4,32.6417704011065,45.51820728291317,81.8577648766328,298.0,25.0,10,1.185143863741241,-58.0,-15.062860403215096,0.7201955641409882,42.391304347826086,56.17977528089888,82.02247191011236,37.16216216216216,53.14685314685315,81.48148148148148,29.31726907630522,42.570281124498,82.15767634854771,29.48717948717949,39.91416309012876,81.69642857142857,34.0,17.0,38,,
2021-08-27,729,478,242,278,344,563,58,5,25,10,11,0,3,404118859080.55,85701987066.05,5,3,38.93557422969188,48.86363636363637,82.79411764705881,178.0,22.0,11,4.71539660765506,236.0,2.638717726302147,0.4188845129938088,50.0,58.24175824175825,84.61538461538461,43.91891891891892,56.33802816901409,80.0,36.17886178861789,44.3089430894309,85.71428571428571,34.070796460176986,45.33333333333333,80.55555555555556,33.0,19.0,54,,
2021-08-30,720,570,147,377,399,573,95,3,30,8,26,0,5,494406059366.05,71385649766.75,7,5,53.47517730496454,57.41007194244604,85.39493293591654,202.0,18.0,26,6.925846594959963,423.0,27.11037343840787,0.5598667205868972,64.21052631578948,65.21739130434783,85.86956521739131,64.62585034013605,65.95744680851064,85.82089552238806,49.797570850202426,55.465587044534416,85.77405857740585,45.37037037037037,50.697674418604656,84.46601941747572,29.0,19.0,70,,
2021-08-31,707,384,317,384,414,563,50,9,25,10,34,0,5,614075309075.6,155043597116.71,9,8,55.41125541125541,60.526315789473685,85.3030303030303,203.0,17.0,34,3.9606621653221263,67.0,30.09808720506621,0.3058469559668819,65.26315789473685,69.56521739130434,84.78260869565217,69.86301369863014,73.04964539007092,85.82089552238806,50.81300813008131,58.13008130081301,86.1344537815126,46.11650485436893,50.73170731707317,84.18367346938776,33.0,26.0,70,,
2021-09-01,696,325,360,394,408,560,51,5,23,12,26,0,5,365655478905.53,232063415185.69,13,8,57.77126099706745,60.62407132243685,86.28659476117103,196.0,17.0,26,1.5756705063266598,-35.0,27.402092039533777,0.5729483252703713,69.47368421052632,66.30434782608695,90.10989010989012,68.4931506849315,73.04964539007092,85.18518518518519,53.87755102040816,58.77551020408164,86.97478991596638,48.97959183673469,51.28205128205128,84.32432432432432,38.0,28.0,65,,
2021-09-02,687,460,220,445,430,556,65,2,23,7,40,0,3,463162164232.74,106081306493.9,20,15,66.12184249628528,64.7590361445783,86.875,166.0,16.0,40,4.366105391616507,240.0,38.71000571280587,0.4788956984235674,75.78947368421053,72.82608695652173,87.91208791208791,76.87074829931973,76.76056338028168,86.76470588235294,62.55144032921811,62.13991769547325,88.98305084745762,57.44680851063831,55.080213903743314,83.61581920903954,54.0,39.0,72,,
2021-09-03,676,347,320,461,435,550,44,10,23,5,26,0,2,418829855124.16,166430632188.6,23,14,69.95447647951441,66.92307692307692,87.8594249201278,160.0,17.0,26,2.5165430763342886,27.0,37.534721874889485,0.4308986443337779,80.0,71.73913043478261,89.01098901098901,78.91156462585033,80.98591549295774,88.23529411764706,64.58333333333334,62.083333333333336,89.27038626609442,64.40677966101694,59.65909090909091,84.93975903614458,72.0,50.0,68,,
2021-09-06,674,325,337,470,447,551,48,7,31,5,23,0,0,338662356841.18,174251928948.5,17,13,71.32018209408194,68.66359447004609,88.01916932907349,157.0,19.0,23,1.9435214226022792,-12.0,34.39218058409652,0.4962084184816372,83.15789473684211,72.04301075268818,87.91208791208791,79.72972972972973,79.72027972027972,88.97058823529412,65.41666666666667,64.58333333333334,90.12875536480686,65.9090909090909,63.42857142857142,84.33734939759037,82.0,58.0,68,,
2021-09-07,669,215,451,425,434,544,36,16,30,5,19,0,1,273150833394.41,255185168703.1,21,12,64.8854961832061,67.18266253869969,87.60064412238326,128.0,33.0,19,1.070402464150307,-236.0,20.33334687754806,0.4453637015177224,77.89473684210526,73.11827956989248,87.91208791208791,75.83892617449665,81.11888111888112,88.23529411764706,55.41666666666667,59.583333333333336,89.22413793103449,61.40350877192983,62.94117647058823,84.5679012345679,94.0,62.0,60,,
2021-09-08,664,351,299,439,441,541,54,3,32,3,19,0,0,319104976320.02,224067864010.03,21,11,67.53846153846153,68.69158878504673,87.68233387358185,138.0,26.0,19,1.424144322211845,52.0,22.611377324061376,0.8242935952270983,78.94736842105263,74.19354838709677,86.81318681318682,76.51006711409396,80.55555555555556,88.97058823529412,59.75103734439834,63.48547717842323,88.8412017167382,64.24242424242425,62.80487804878049,85.35031847133759,102.0,65.0,63,,
2021-09-09,660,346,303,454,451,538,48,2,48,0,30,0,1,267180120852.25,184878880989.81,13,6,70.17001545595053,70.5790297339593,87.62214983713355,138.0,21.0,30,1.4451630138705578,43.0,23.99603646920996,0.7901628954374986,79.16666666666666,75.53191489361703,86.95652173913044,79.72972972972973,81.25,88.97058823529412,65.41666666666667,66.94560669456067,89.17748917748918,63.19018404907976,63.580246913580254,84.51612903225806,95.0,56.0,70,,
2021-09-13,659,374,281,470,463,546,60,8,55,0,32,1,3,328216160075.63,145392858462.0,18,8,72.75541795665634,72.5705329153605,88.92508143322475,162.0,13.0,31,2.2574434779505546,93.0,27.55993985596595,0.589587676100247,76.28865979381443,73.68421052631578,87.09677419354838,81.63265306122449,82.51748251748252,90.37037037037037,70.0,71.1297071129707,91.8103448275862,66.66666666666666,65.21739130434783,84.4155844155844,90.0,50.0,65,,
2021-09-14,653,387,257,508,494,550,59,4,43,1,30,1,3,433320207279.41,170212070361.57,15,8,79.375,78.16455696202532,90.1639344262295,167.0,14.0,29,2.5457666213620285,130.0,32.31927755236249,0.5915061354170156,79.38144329896907,80.0,91.39784946236558,84.35374149659864,88.81118881118881,91.91176470588236,81.40495867768594,76.34854771784232,91.84549356223177,71.42857142857143,69.93464052287581,85.13513513513513,88.0,45.0,65,,
2021-09-15,653,416,231,547,523,552,59,3,46,0,36,0,7,474552059473.76,202903114367.89,12,6,85.202492211838,83.01587301587303,90.93904448105437,178.0,15.0,36,2.338811116587076,185.0,38.976914895019725,0.769991979298322,89.69072164948454,84.04255319148936,92.3913043478261,89.79591836734694,91.54929577464787,92.5925925925926,84.8360655737705,80.91286307053942,92.274678111588,78.57142857142857,77.77777777777779,86.39455782312925,79.0,39.0,65,,
2021-09-16,657,292,358,531,510,557,46,12,55,0,21,0,3,455676793661.13,242026531673.16,24,14,82.19814241486068,80.31496062992126,91.1620294599018,164.0,19.0,21,1.882755541349036,-66.0,31.92431024851656,0.4332173987474405,86.5979381443299,84.04255319148936,94.56521739130434,87.75510204081633,89.43661971830986,92.5925925925926,79.91803278688525,78.92561983471074,92.3076923076923,77.84810126582279,71.97452229299363,86.0,82.0,42.0,62,,
2021-09-17,667,197,464,469,475,556,23,34,47,0,15,0,2,391123123299.21,583395899617.89,24,8,71.6030534351145,73.87247278382581,89.96763754045307,128.0,49.0,15,0.6704248753811709,-267.0,15.684711724513765,0.6332834313104092,75.51020408163265,81.05263157894737,90.32258064516128,69.17808219178082,82.26950354609929,91.04477611940298,71.54471544715447,70.66115702479338,91.06382978723404,71.51515151515152,67.27272727272727,87.17948717948718,93.0,44.0,43,,
2021-09-20,668,100,564,334,400,535,15,110,45,0,9,0,1,124866191411.06,442120663106.14,32,6,50.83713850837138,62.11180124223602,86.56957928802589,84.0,156.0,9,0.2824255951617519,-464.0,-8.128568572131194,0.6277935412952225,55.10204081632652,65.26315789473685,86.02150537634408,46.25850340136054,70.92198581560284,86.56716417910447,50.80645161290322,59.01639344262295,87.34177215189874,52.4390243902439,57.3170731707317,85.71428571428571,107.0,42.0,30,,
2021-09-21,674,357,311,357,409,544,46,9,59,0,13,0,1,452027989289.0,186058747332.53,39,7,53.765060240963855,62.92307692307693,87.17948717948718,84.0,153.0,13,2.4294906623289334,46.0,-2.94828038290197,0.4724899690477763,60.204081632653065,69.47368421052632,86.02150537634408,51.35135135135135,73.04964539007092,88.05970149253731,51.61290322580645,59.42622950819673,88.60759493670885,55.294117647058826,55.88235294117647,85.0,131.0,41.0,39,,
2021-09-22,670,478,184,410,458,550,80,3,95,0,33,0,2,489886929916.16,132929023210.85,21,8,61.933534743202415,70.89783281733746,88.70967741935483,141.0,122.0,33,3.685327087216377,294.0,13.895607420803518,0.7049105887962653,67.3469387755102,76.84210526315789,86.95652173913044,62.0,80.85106382978722,91.11111111111111,59.67741935483871,65.57377049180327,89.45147679324894,62.048192771084345,66.86746987951807,86.53846153846155,140.0,43.0,52,,
2021-09-23,673,444,226,463,494,560,57,5,76,0,35,0,3,542476434691.31,134584646695.55,5,3,69.62406015037594,76.11710323574731,89.74358974358975,183.0,17.0,35,4.030745319103675,218.0,24.4276534558677,0.4874040938781954,73.46938775510205,78.94736842105263,90.21739130434784,70.0,85.1063829787234,91.85185185185183,68.67469879518072,73.06122448979592,89.9581589958159,68.45238095238095,71.42857142857143,87.34177215189874,121.0,32.0,58,,
2021-09-24,675,206,464,424,459,558,33,11,75,0,22,0,2,380187430328.58,338594846985.23,9,5,63.56821589205397,70.50691244239631,89.28,170.0,19.0,22,1.122838796023273,-258.0,9.51041454856823,0.395395598026858,67.3469387755102,75.0,89.24731182795699,62.66666666666667,78.01418439716312,90.37037037037037,62.8,67.3469387755102,90.7949790794979,63.31360946745562,66.27218934911244,86.07594936708861,106.0,29.0,46,,
2021-09-27,675,286,380,407,465,563,56,7,74,0,20,0,3,388412332716.02,236533868908.17,21,11,61.11111111111112,71.53846153846153,90.22435897435898,146.0,23.0,20,1.6421002814899803,-94.0,4.908623210084343,0.4583347237870629,67.0103092783505,76.84210526315789,91.39784946236558,59.333333333333336,79.43262411347519,92.5925925925926,60.0,68.57142857142857,90.33613445378153,60.946745562130175,66.27218934911244,87.34177215189874,95.0,34.0,45,,
2021-09-28,675,238,426,374,448,558,39,16,69,0,22,0,3,282943893761.34,365042542658.14,27,9,56.15615615615616,68.92307692307692,89.42307692307693,128.0,34.0,22,0.7750984082595412,-188.0,-3.750451500369806,0.7207929213322731,59.79381443298969,77.08333333333334,91.48936170212764,57.333333333333336,75.71428571428571,90.29850746268656,54.8,64.48979591836735,89.91596638655463,55.02958579881657,65.08875739644971,86.70886075949366,83.0,36.0,37,,
2021-09-29,675,380,291,410,461,562,59,7,66,0,26,0,1,459786219693.12,312854893300.68,23,9,61.56156156156156,70.92307692307692,90.06410256410257,154.0,30.0,26,1.4696468859485812,89.0,2.714791879693749,0.8885412794623601,63.91752577319587,76.04166666666666,92.5531914893617,54.0,73.57142857142858,88.80597014925374,64.0,67.47967479674797,91.5966386554622,63.31360946745562,70.83333333333334,87.34177215189874,85.0,37.0,46,,
2021-09-30,673,343,322,416,461,563,53,1,65,0,23,0,1,345555320520.23,324601694047.13,21,9,62.65060240963856,70.92307692307692,90.5144694533762,151.0,24.0,23,1.0645518087470538,21.0,4.829001010249623,1.0006252232646875,59.79381443298969,75.0,93.61702127659576,54.66666666666666,70.92198581560284,89.62962962962962,67.06827309236948,69.91869918699187,91.10169491525424,64.88095238095238,70.05988023952095,88.53503184713377,101.0,43.0,44,,
2021-10-01,672,327,335,434,471,563,49,9,71,0,26,0,3,319811451083.96,259015745509.34,15,10,65.26315789473685,72.35023041474655,90.36918138041734,161.0,17.0,26,1.234718184622594,-8.0,5.162504811823645,0.7905604818507124,60.824742268041234,75.0,93.61702127659576,58.66666666666666,75.88652482269504,91.11111111111111,68.4,70.32520325203252,91.10169491525424,69.04761904761905,70.83333333333334,86.70886075949366,107.0,48.0,48,,
2021-10-04,673,506,159,509,513,572,101,0,77,0,50,0,5,525116692552.66,93287352905.99,20,15,76.54135338345864,78.80184331797236,91.81380417335474,203.0,10.0,50,5.629023401294755,347.0,23.17183803811032,0.5653538296491935,75.25773195876289,87.5,94.6808510638298,72.48322147651007,80.71428571428572,91.04477611940298,79.2,75.60975609756098,91.94915254237289,76.92307692307693,76.92307692307693,90.56603773584906,106.0,52.0,70,,
2021-10-05,674,388,278,532,527,575,71,3,77,0,45,0,6,449908145695.55,187367631160.6,20,13,79.87987987987988,80.70444104134764,92.0,221.0,12.0,45,2.4012052824103667,110.0,26.60395875639487,0.5812428714284693,77.55102040816327,82.6530612244898,94.73684210526316,75.67567567567568,82.14285714285714,91.7910447761194,80.80000000000001,78.77551020408163,91.94915254237289,83.52941176470588,81.17647058823529,90.625,99.0,56.0,79,,
2021-10-06,678,171,504,458,492,575,31,51,67,0,18,0,5,264532252321.68,423259991911.36,17,9,68.35820895522387,74.88584474885845,91.56050955414013,203.0,54.0,18,0.6249876137054761,-333.0,7.255402176746188,0.5428679014518868,61.224489795918366,75.51020408163265,94.73684210526316,62.83783783783784,77.85714285714286,89.55223880597015,71.6,73.46938775510205,91.52542372881356,72.41379310344827,74.13793103448276,91.41104294478528,93.0,56.0,66,,
2021-10-07,687,493,187,530,536,590,88,6,82,0,33,0,7,547443658018.61,127079590979.79,26,10,78.0559646539028,80.48048048048048,92.62166405023548,190.0,60.0,33,4.307880233149886,306.0,22.626109290262832,0.6119862887729237,70.40816326530613,82.6530612244898,93.6842105263158,78.52348993288591,84.39716312056737,92.64705882352942,78.3132530120482,77.45901639344262,92.3076923076923,81.4207650273224,80.32786885245902,92.44186046511628,98.0,57.0,79,,
2021-10-08,686,346,330,527,536,590,54,10,77,0,29,0,6,497772799367.69,177941432070.02,24,10,77.72861356932154,80.6015037593985,92.76729559748428,173.0,67.0,29,2.797396837695542,16.0,21.154933325868253,0.3748073331449736,72.44897959183673,82.6530612244898,93.6842105263158,75.83892617449665,80.85106382978722,92.64705882352942,77.91164658634538,79.91803278688525,92.7038626609442,81.86813186813187,80.21978021978022,92.44186046511628,107.0,57.0,66,,
2021-10-11,691,382,303,545,547,597,59,14,80,0,37,0,4,471397565214.43,252458395669.48,19,12,79.91202346041055,81.64179104477613,93.28125,201.0,30.0,37,1.8672287129305316,79.0,22.941303209681543,0.6751856716195243,79.7979797979798,84.84848484848484,95.83333333333334,77.02702702702703,80.1418439716312,92.64705882352942,80.32128514056225,82.78688524590164,93.10344827586206,81.72043010752688,79.56989247311827,92.61363636363636,106.0,54.0,67,,
2021-10-12,691,340,346,543,547,599,51,14,85,0,32,0,1,492456663074.05,207371612482.59,32,26,79.50219619326501,81.64179104477613,93.59375,164.0,38.0,32,2.374754467009772,-6.0,20.1039429442935,0.4137939198299142,81.81818181818183,84.6938775510204,95.78947368421052,73.8255033557047,80.1418439716312,94.81481481481482,79.83870967741935,82.37704918032787,93.16239316239316,82.35294117647058,80.21390374331551,92.04545454545456,118.0,67.0,74,,
2021-10-13,689,366,313,545,565,597,60,14,80,0,35,0,2,708799525448.64,156172238170.25,26,18,80.02936857562408,84.58083832335329,93.42723004694837,170.0,42.0,35,4.538575701757873,53.0,20.527480202665256,0.2576422980076163,87.87878787878788,87.75510204081633,96.84210526315788,72.48322147651007,80.28169014084507,92.64705882352942,79.83870967741935,86.0082304526749,93.13304721030042,82.16216216216216,84.32432432432432,92.57142857142856,127.0,76.0,82,,
2021-10-14,693,333,355,549,578,606,57,12,74,1,41,0,1,600734530230.73,281870825802.79,29,16,79.91266375545851,85.7566765578635,93.80804953560371,168.0,40.0,41,2.131240537291476,-22.0,17.036967157559786,0.4401324733651107,87.87878787878788,90.81632653061224,96.84210526315788,71.81208053691275,82.51748251748252,93.43065693430655,79.03225806451613,84.71074380165288,93.93939393939394,83.24607329842932,86.91099476439791,92.34972677595628,130.0,82.0,80,,
2021-10-18,698,385,308,546,581,608,78,16,84,0,54,0,1,706896658063.58,251134860646.12,30,21,78.90173410404624,85.56701030927834,93.25153374233128,195.0,42.0,54,2.814808968555284,77.0,18.91739366820681,0.4440798697048238,85.85858585858585,91.83673469387756,95.78947368421052,71.81208053691275,81.81818181818183,94.16058394160584,78.62903225806451,84.71074380165288,93.07359307359307,81.12244897959184,86.22448979591837,91.53439153439152,136.0,93.0,86,,
2021-10-19,700,114,580,435,518,595,18,157,65,0,21,1,3,318288675108.86,633304788768.07,36,6,62.861271676300575,76.28865979381443,91.11791730474732,153.0,185.0,20,0.5025837175935587,-466.0,-6.719428633531029,0.3910825545225544,79.0,86.86868686868688,95.83333333333334,55.78231292517006,74.46808510638297,91.11111111111111,59.83935742971887,73.77049180327869,89.69957081545064,63.775510204081634,75.38461538461539,90.47619047619048,153.0,87.0,53,,
2021-10-20,700,118,581,323,461,585,16,112,67,0,3,1,2,282780286254.3,589546843315.37,28,6,46.67630057803468,67.79411764705883,89.58652373660031,112.0,285.0,2,0.47965702719068,-463.0,-28.45531455834921,0.4234236031151194,67.0,80.8080808080808,95.83333333333334,38.095238095238095,65.95744680851064,88.14814814814815,41.365461847389554,64.48979591836735,90.12875536480686,49.48979591836735,66.66666666666666,86.77248677248677,149.0,67.0,28,,
2021-10-21,704,313,388,317,437,576,48,58,62,0,12,0,4,337636007887.96,448354472995.35,44,9,45.67723342939482,63.98243045387994,87.93893129770993,82.0,327.0,12,0.7530559595676471,-75.0,-27.497220451277016,1.0712365006592437,59.0,72.72727272727273,94.79166666666666,36.054421768707485,60.28368794326241,86.66666666666667,44.97991967871486,63.26530612244898,88.8412017167382,46.96969696969697,63.13131313131313,84.29319371727748,167.0,58.0,22,,
2021-10-22,701,214,480,259,394,562,28,68,44,0,10,1,5,303738344417.36,409248147177.25,22,3,37.48191027496382,57.94117647058824,86.1963190184049,92.0,238.0,9,0.7421862420449945,-266.0,-36.09056388747392,0.6007027725344241,49.0,69.6969696969697,92.70833333333334,27.2108843537415,50.35460992907801,85.18518518518519,36.94779116465863,59.7560975609756,85.8974358974359,40.0,55.154639175257735,83.9572192513369,160.0,45.0,20,,
2021-10-25,704,160,542,193,343,548,29,128,32,1,6,3,3,269892102564.77,478929822840.71,2,1,27.769784172661872,50.219619326500734,83.53658536585365,105.0,254.0,3,0.5635316275857286,-382.0,-49.05741970598488,0.5238445148042943,36.0,64.64646464646465,88.65979381443299,18.91891891891892,41.13475177304964,82.83582089552239,27.309236947791167,50.40650406504065,85.1063829787234,30.80808080808081,49.23857868020304,79.47368421052632,132.0,25.0,16,,
2021-10-26,701,558,140,284,396,556,137,10,44,1,8,0,3,550205500854.16,133947308022.85,10,6,40.98124098124098,58.14977973568281,85.01529051987767,194.0,206.0,8,4.107626416503277,418.0,-19.898794332281845,0.9703205407631076,47.0,69.6969696969697,89.69072164948454,31.756756756756754,50.35460992907801,84.32835820895522,41.12903225806452,60.40816326530612,86.38297872340426,44.67005076142132,55.10204081632652,81.38297872340425,106.0,25.0,30,,
2021-10-27,696,342,347,304,397,549,57,18,52,0,11,0,2,313742674052.51,334953547614.39,10,5,44.18604651162791,58.72781065088757,84.72222222222221,223.0,156.0,11,0.9366751786540304,-5.0,-16.018675666104336,1.0522225853302127,49.0,66.66666666666666,90.625,35.810810810810814,54.60992907801418,82.22222222222221,44.57831325301205,58.53658536585365,86.38297872340426,47.64397905759162,57.89473684210527,81.31868131868131,88.0,24.0,23,,
2021-10-28,701,103,598,211,337,537,20,98,38,0,5,1,3,196339532293.35,512332482829.42,7,1,30.535455861070908,49.41348973607038,82.48847926267281,214.0,126.0,4,0.3832267889965525,-495.0,-37.121080828192056,0.4494487536390227,30.0,54.54545454545454,89.58333333333334,23.64864864864865,43.75,80.2919708029197,35.7429718875502,53.06122448979592,85.40772532188842,29.381443298969074,46.39175257731959,76.75675675675676,51.0,16.0,20,,
2021-10-29,696,293,398,210,325,528,39,24,31,0,6,1,4,314428826330.81,412473482897.08,8,3,30.612244897959183,48.005908419497786,81.60741885625966,116.0,140.0,5,0.7623007038473452,-105.0,-35.478031837636095,0.9657355697129688,27.0,51.0,88.65979381443299,27.7027027027027,41.66666666666667,78.83211678832117,34.0080971659919,54.132231404958674,84.34782608695653,30.36649214659686,43.45549738219896,76.50273224043715,37.0,16.0,18,,
2021-11-01,697,501,192,294,374,536,99,14,33,2,14,1,3,495028381318.57,85988862167.49,4,2,42.670537010159656,54.91923641703378,82.71604938271605,158.0,136.0,13,5.756889541744936,309.0,-13.195834791522556,0.4532612587194244,48.0,68.0,90.72164948453609,40.26845637583892,51.388888888888886,79.56204379562044,45.564516129032256,57.55102040816327,85.28138528138528,38.02083333333333,47.39583333333333,77.59562841530054,39.0,17.0,32,,
2021-11-02,700,432,256,318,391,543,86,18,38,1,22,1,7,385653903677.08,184658656623.59,4,3,46.08695652173913,57.24743777452416,83.66718027734977,224.0,56.0,21,2.088469128545653,176.0,-0.7285771431378691,0.8080081131843803,46.0,65.0,90.72164948453609,42.28187919463088,55.55555555555556,81.02189781021897,53.01204819277109,62.34817813765182,85.77586206896551,40.10416666666667,47.91666666666667,79.23497267759562,33.0,14.0,37,,
2021-11-03,698,275,414,311,387,538,34,25,34,1,19,3,3,294828792339.81,280067473469.34,8,6,45.20348837209303,56.74486803519062,83.28173374613003,219.0,57.0,16,1.052706294978185,-139.0,-5.8154289680532685,0.6309938592541938,48.0,69.0,91.75257731958764,44.29530201342282,51.388888888888886,80.2919708029197,46.58634538152611,59.2741935483871,84.97854077253218,42.63157894736842,51.05263157894737,78.77094972067039,31.0,15.0,39,,
2021-11-04,695,613,77,368,424,544,44,3,41,2,18,0,6,94807438265.12,9801374095.45,7,6,53.80116959064327,62.35294117647059,84.73520249221184,164.0,46.0,18,9.6728721240353,536.0,23.614389866484327,0.8230274171884533,55.00000000000001,70.0,93.81443298969072,53.02013422818792,59.310344827586206,81.02189781021897,55.82329317269076,64.65863453815261,85.83690987124464,51.075268817204304,57.52688172043011,81.14285714285714,31.0,20.0,64,,
2021-11-08,687,398,284,418,444,548,74,13,48,4,43,0,6,454986071511.03,194189187222.72,9,6,61.834319526627226,66.07142857142857,86.2992125984252,152.0,41.0,43,2.343004149809825,114.0,27.558813020681548,0.5981246131458937,66.0,77.0,92.85714285714286,59.06040268456376,62.06896551724138,85.29411764705883,63.05220883534136,68.27309236947792,87.1244635193133,60.1123595505618,60.1123595505618,82.14285714285714,32.0,23.0,68,,
2021-11-09,684,409,263,444,459,551,54,9,46,3,27,0,6,455886511379.15,169184411629.06,6,4,65.97325408618127,68.60986547085201,87.18354430379746,172.0,25.0,27,2.6946129787576987,146.0,32.39350075241676,0.5771266939287415,70.0,79.0,91.83673469387756,65.77181208053692,62.06896551724138,86.02941176470588,65.06024096385542,69.87951807228916,87.98283261802575,65.14285714285715,66.28571428571428,84.24242424242424,34.0,25.0,69,,
2021-11-10,686,264,417,422,440,555,42,20,40,4,15,1,6,255943969454.81,306070073639.84,1,0,62.33382570162481,65.47619047619048,87.4015748031496,170.0,42.0,14,0.8362267059012943,-153.0,21.41519125928829,0.7570836003108761,62.0,75.0,93.87755102040816,62.66666666666667,61.37931034482759,86.66666666666667,61.04417670682732,65.86345381526104,88.03418803418803,64.04494382022472,62.92134831460674,83.33333333333334,31.0,22.0,56,,
2021-11-11,684,207,471,365,419,544,28,24,36,5,8,3,4,226601534274.47,302009686465.6,14,2,54.23476968796434,62.72455089820359,86.07594936708861,124.0,53.0,5,0.7503121404030886,-264.0,6.371660686367006,0.5857434822043078,54.54545454545454,68.68686868686868,93.81443298969072,50.0,57.24137931034483,83.7037037037037,54.03225806451613,64.11290322580645,86.38297872340426,57.95454545454546,61.93181818181818,83.03030303030303,37.0,18.0,31,,
2021-11-12,683,350,326,375,424,540,44,25,32,6,13,0,7,425217867675.44,143337109231.66998,13,2,55.72065378900446,63.47305389221557,85.57844690966719,114.0,69.0,13,2.966558136652369,24.0,7.877583743087472,0.3619074976610346,65.65656565656566,76.76767676767676,92.78350515463916,53.333333333333336,60.689655172413794,83.7037037037037,57.66129032258065,64.11290322580645,87.2340425531915,49.43181818181818,57.38636363636363,80.48780487804879,43.0,14.0,33,,
2021-11-15,681,237,440,327,398,532,49,52,27,6,25,4,6,302106783045.87,227962755511.41,8,4,48.87892376681614,59.93975903614458,84.84848484848484,121.0,101.0,21,1.3252462331757917,-203.0,-2.224239962131968,0.4064424785012119,64.28571428571429,77.55102040816327,92.78350515463916,50.66666666666667,61.37931034482759,83.5820895522388,45.564516129032256,57.66129032258065,87.65957446808511,43.35260115606936,52.02312138728323,77.01863354037268,42.0,12.0,27,,
2021-11-16,676,296,368,329,395,525,61,12,30,5,15,1,7,324364934978.6,280258210593.1,9,4,49.62292609351433,60.03039513677811,84.54106280193237,154.0,89.0,14,1.1573788838948147,-72.0,-4.300178030283927,0.694973648888567,61.458333333333336,71.875,91.57894736842104,47.651006711409394,58.333333333333336,83.5820895522388,47.17741935483871,57.66129032258065,87.2340425531915,48.23529411764706,58.235294117647065,77.07006369426752,45.0,12.0,28,,
2021-11-17,672,249,415,303,369,516,37,17,33,7,21,5,6,301722140844.59,275719422209.68,12,10,46.048632218844986,56.50842266462482,83.63047001620745,147.0,81.0,16,1.094308621520088,-166.0,-10.753604188402434,0.548291394402567,53.125,69.79166666666666,90.52631578947368,45.33333333333333,51.03448275862069,82.08955223880598,46.774193548387096,57.25806451612904,86.01694915254238,41.46341463414634,52.4390243902439,76.97368421052632,56.0,22.0,28,,
2021-11-18,665,100,563,207,319,491,18,65,29,5,8,8,3,141379290257.75,466968844390.89,18,8,31.74846625766871,49.30448222565688,80.36006546644845,116.0,94.0,0,0.3027595779803337,-463.0,-31.067515532651758,0.5866697747861227,34.69387755102041,64.28571428571429,85.56701030927834,31.756756756756754,41.95804195804196,78.78787878787878,31.85483870967742,49.596774193548384,83.47457627118644,29.746835443037973,46.20253164556962,73.28767123287672,60.0,28.0,21,,
2021-11-22,662,76,586,129,219,449,13,232,30,4,7,11,2,105200634610.72,582926896462.59,13,2,19.938176197836167,34.11214953271028,74.0924092409241,68.0,314.0,-4,0.1804696871067629,-510.0,-50.63057215432167,0.718640536500631,17.708333333333336,40.625,83.15789473684211,16.89189189189189,28.47222222222222,71.42857142857143,20.56451612903226,35.22267206477733,75.31914893617021,23.225806451612904,33.5483870967742,68.53146853146853,60.0,28.0,17,,
2021-11-23,664,547,113,187,271,477,122,2,37,4,12,0,2,565014510463.97,118971749509.53,16,3,28.8135593220339,42.08074534161491,78.32512315270937,153.0,299.0,12,4.749148539828025,434.0,-19.903832705077832,1.0192791242484618,31.25,50.0,85.26315789473684,27.7027027027027,36.80555555555556,73.88059701492537,28.225806451612907,42.10526315789473,80.85106382978722,29.29936305732484,42.038216560509554,73.79310344827587,68.0,27.0,28,,
2021-11-24,663,330,325,181,277,475,47,5,44,3,12,1,4,314502986381.92,263784331312.65,4,3,28.06201550387597,43.28125,78.51239669421489,182.0,239.0,11,1.1922731908179784,5.0,-14.98295131244896,0.8516375468343745,22.105263157894736,50.526315789473685,87.2340425531915,22.2972972972973,37.5,68.88888888888889,29.959514170040485,42.68292682926829,83.2618025751073,34.193548387096776,45.16129032258064,74.12587412587412,63.0,26.0,23,,
2021-11-25,661,396,259,232,297,479,81,5,60,1,15,2,5,412429749439.73,169962251275.23,0,0,36.08087091757387,46.55172413793103,79.17355371900825,250.0,12.0,13,2.4265961785353025,137.0,-4.10068296518903,0.6300832179997952,31.57894736842105,52.63157894736842,89.36170212765957,31.08108108108108,37.5,72.5925925925926,38.21138211382114,48.57142857142857,82.75862068965517,40.25974025974026,48.05194805194805,72.91666666666666,51.0,16.0,38,,
2021-11-26,661,84,576,156,206,442,19,235,36,3,9,4,4,160554310690.85,569325476046.09,6,4,24.299065420560748,32.237871674491394,73.30016583747927,147.0,245.0,5,0.2820079505415497,-492.0,-26.225840113455845,0.5171249003912283,15.789473684210526,25.26315789473684,78.72340425531915,23.64864864864865,26.02739726027397,67.64705882352942,24.489795918367346,35.24590163934426,75.32467532467533,29.87012987012987,37.66233766233766,71.83098591549296,39.0,12.0,16,,
2021-11-29,659,133,525,119,166,408,18,172,29,9,3,7,0,264162114781.33,378773912757.16,3,2,18.59375,26.0596546310832,67.77408637873754,118.0,412.0,-4,0.6974136968896534,-392.0,-40.01172027465671,0.3632468568701145,14.893617021276595,23.404255319148938,73.11827956989248,18.91891891891892,22.602739726027394,66.17647058823529,16.872427983539097,26.859504132231404,66.66666666666666,23.225806451612904,29.677419354838708,67.58620689655173,29.0,12.0,12,,
2021-11-30,662,401,256,156,200,426,75,18,34,7,1,3,0,470562278372.56,552525711690.9,5,1,24.261275272161743,31.25,70.41322314049587,112.0,425.0,-2,0.8516567978936103,145.0,-24.74858921111016,1.839245872133198,13.829787234042554,25.53191489361702,69.89247311827957,26.351351351351347,27.3972602739726,69.11764705882352,25.311203319502077,32.083333333333336,71.49122807017544,26.875,36.875,70.27027027027027,18.0,10.0,28,,
2021-12-01,661,376,281,163,209,440,49,12,37,0,7,2,1,394154273406.01,147328675254.1,5,1,25.38940809968847,32.70735524256651,72.84768211920529,142.0,202.0,5,2.675339832698598,95.0,-14.074869205722308,0.5001526443334997,17.20430107526882,29.03225806451613,78.26086956521739,29.054054054054053,32.19178082191781,71.53284671532847,27.160493827160494,33.057851239669425,73.7991266375546,24.050632911392405,34.810126582278485,69.17808219178082,19.0,8.0,25,,
2021-12-02,659,492,161,211,242,452,68,6,36,1,12,0,0,439053003318.11,78592490971.9,4,2,32.96875,38.05031446540881,75.08305647840533,192.0,36.0,12,5.586449772600912,331.0,6.921535744912923,0.5470201551092191,29.03225806451613,37.634408602150536,79.34782608695652,33.108108108108105,34.69387755102041,71.01449275362319,34.15637860082305,39.004149377593365,78.50877192982456,33.33333333333333,40.0,70.83333333333334,23.0,10.0,37,,
2021-12-03,653,312,333,224,248,451,45,13,34,0,12,0,1,248756661638.21,311964802530.95,1,1,35.33123028391167,39.36507936507937,75.67114093959731,162.0,31.0,12,0.7973869475660827,-21.0,7.238854298981479,1.1750091217279288,23.655913978494624,33.33333333333333,80.43478260869566,35.13513513513514,38.775510204081634,68.84057971014492,36.62551440329218,39.83402489626556,79.3859649122807,40.66666666666666,42.95302013422819,73.18840579710145,18.0,7.0,26,,
2021-12-06,654,116,533,172,213,424,24,48,36,0,8,2,1,93651888083.92,368913755666.22,2,1,27.086614173228345,33.75594294770206,71.14093959731544,137.0,67.0,6,0.253858487642442,-417.0,-12.326032608784814,0.8573123732644709,12.903225806451612,23.655913978494624,76.92307692307693,24.832214765100677,29.054054054054053,63.57142857142857,29.629629629629623,36.92946058091287,75.87719298245614,34.0,39.59731543624161,67.15328467153284,17.0,6.0,20,,
2021-12-07,661,512,144,241,249,448,60,9,36,1,6,1,0,431258759993.41,62038955415.39,5,1,37.4805598755832,38.96713615023474,74.17218543046357,129.0,70.0,5,6.951418783663589,368.0,10.25761924811892,0.5114863118175826,28.723404255319156,30.851063829787236,80.43478260869566,31.756756756756754,34.01360544217687,66.90647482014388,37.86008230452675,40.24896265560166,77.19298245614034,47.46835443037975,46.496815286624205,72.41379310344827,17.0,6.0,31,,
2021-12-08,654,512,139,328,306,460,64,5,37,0,13,1,3,487528371932.86,58890535452.91,3,3,51.57232704402516,48.34123222748815,77.05192629815745,148.0,62.0,12,8.278552201697961,373.0,29.765353489531037,0.4449393019052996,54.25531914893617,55.319148936170215,84.78260869565217,49.32432432432432,43.53741496598639,71.94244604316546,49.58677685950413,46.47302904564315,80.53097345132744,55.26315789473685,51.65562913907284,71.42857142857143,15.0,8.0,49,,
2021-12-09,644,381,260,372,334,471,50,9,36,0,11,0,2,357266861694.45,161189784346.41,0,0,59.33014354066985,53.52564102564102,79.9660441426146,174.0,23.0,11,2.2164361292689265,121.0,33.695639498490735,0.6611445265819414,60.0,59.57446808510638,86.95652173913044,54.729729729729726,46.25850340136054,74.10071942446042,58.50622406639005,53.333333333333336,83.11111111111111,65.03496503496503,57.34265734265735,75.93984962406014,11.0,6.0,51,,
2021-12-10,646,381,258,400,359,475,57,5,40,0,16,1,0,328735011500.11,155880620241.25,2,1,63.69426751592356,57.440000000000005,80.50847457627118,171.0,19.0,15,2.1088895527317018,123.0,36.98755583865883,0.7002472861291597,65.26315789473685,64.8936170212766,86.95652173913044,58.78378378378378,51.02040816326531,74.10071942446042,63.74999999999999,56.06694560669456,83.92857142857143,67.58620689655173,61.37931034482759,77.03703703703704,12.0,6.0,50,,
2021-12-13,646,254,389,384,349,470,40,14,40,0,13,0,1,230716698457.69,304192434551.37,3,2,61.04928457869634,55.84,79.3918918918919,147.0,28.0,13,0.7584563988185844,-135.0,26.717206530309248,0.860901561668669,60.63829787234043,58.06451612903226,84.61538461538461,54.36241610738255,49.65986394557823,74.10071942446042,61.72839506172839,56.61157024793389,83.25991189427313,67.13286713286713,59.44055944055944,74.81481481481481,13.0,7.0,44,,
2021-12-14,653,291,356,378,348,468,46,19,41,2,18,1,1,270530997970.19,252318885435.8,5,1,59.34065934065934,55.23809523809524,78.52348993288591,143.0,38.0,17,1.0721789512621476,-65.0,21.30247183901881,0.762387406854829,55.319148936170215,56.52173913043478,82.22222222222221,57.71812080536913,52.38095238095239,74.82014388489209,57.72357723577236,53.086419753086425,81.57894736842105,66.21621621621621,60.810810810810814,74.82014388489209,13.0,7.0,48,,
2021-12-15,646,207,435,343,336,460,30,13,42,1,17,0,1,152129672320.59,324428939998.73,9,2,54.44444444444444,53.84615384615385,78.09847198641766,116.0,46.0,17,0.4689152340145288,-228.0,8.4163613187704,1.014814692394432,41.935483870967744,51.64835164835166,82.02247191011236,46.97986577181208,43.91891891891892,75.0,55.465587044534416,54.50819672131148,81.14035087719299,68.79432624113475,64.53900709219859,73.48484848484848,19.0,6.0,30,,
2021-12-16,648,192,448,297,299,450,16,36,38,1,10,1,3,194469417370.65,265257968641.4,9,2,47.06814580031696,47.84,76.27118644067797,92.0,68.0,9,0.7331331773619648,-256.0,-4.043344982635851,0.5845751383310169,44.08602150537634,47.25274725274725,79.7752808988764,42.28187919463088,42.567567567567565,73.04964539007092,42.74193548387097,46.53061224489796,78.50877192982456,61.70212765957447,56.02836879432624,73.48484848484848,28.0,8.0,25,,
2021-12-17,651,90,559,194,233,415,8,138,33,3,7,6,2,145897511563.44,508941232698.86,8,1,30.50314465408805,37.101910828025474,69.86531986531986,54.0,187.0,1,0.2866686803695613,-469.0,-25.326177145425014,0.5616302021595414,24.46808510638298,31.868131868131865,73.03370786516854,24.666666666666668,32.432432432432435,60.99290780141844,27.82258064516129,33.87755102040816,73.24561403508771,45.13888888888889,50.69444444444444,71.32352941176471,34.0,8.0,17,,
2021-12-20,647,43,604,95,152,356,5,273,23,8,1,14,1,28498457993.05,534706193937.7,6,0,15.031645569620252,24.35897435897436,60.23688663282572,29.0,447.0,-13,0.0532974151340585,-561.0,-47.99636775888263,1.335750576290871,7.446808510638298,13.186813186813188,64.04494382022472,11.409395973154362,19.047619047619047,51.42857142857142,12.145748987854253,22.131147540983605,61.23348017621145,28.87323943661972,40.845070422535215,65.18518518518519,37.0,6.0,10,,
2021-12-21,646,486,153,143,195,372,86,11,35,4,5,2,2,380789057480.55,78702824633.81,2,0,22.626582278481013,31.30016051364366,63.05084745762712,99.0,422.0,3,4.83831500651079,333.0,-22.43939889459448,0.6565241378374089,20.212765957446805,25.555555555555557,65.9090909090909,18.12080536912752,26.53061224489796,55.00000000000001,18.548387096774192,29.795918367346943,66.8122270742358,36.17021276595745,42.5531914893617,63.1578947368421,34.0,5.0,24,,
2021-12-22,647,522,123,211,236,397,86,2,38,3,8,0,4,381217263241.92,45430073171.98,4,2,33.43898573692552,38.00322061191627,67.51700680272108,177.0,286.0,8,8.391297583844619,399.0,2.824006478844872,0.5057504392640039,31.18279569892473,37.07865168539326,70.11494252873564,33.557046979865774,36.054421768707485,59.285714285714285,28.455284552845526,34.15637860082305,72.36842105263158,43.35664335664335,47.183098591549296,66.16541353383458,29.0,5.0,30,,
2021-12-23,637,413,221,256,250,402,52,5,37,4,8,0,4,263334844499.73,125352141417.89,1,1,41.09149277688604,40.71661237785016,69.3103448275862,224.0,18.0,8,2.100760637361935,192.0,14.060098040741288,0.8895722088975048,31.91489361702128,38.88888888888889,71.5909090909091,44.21768707482993,40.41095890410959,64.02877697841727,36.17886178861789,37.03703703703704,71.61572052401746,52.94117647058824,48.888888888888886,69.35483870967742,21.0,4.0,36,,
2021-12-24,636,148,479,210,227,378,17,14,23,6,8,0,4,133835431407.74,231641653746.02,2,2,33.762057877813504,37.091503267973856,65.28497409326425,155.0,21.0,8,0.5777692795894207,-331.0,-2.553344164040979,0.5347758117395464,30.107526881720432,34.831460674157306,67.81609195402298,31.756756756756754,32.19178082191781,60.0,28.04878048780488,34.15637860082305,67.98245614035088,48.888888888888886,49.25373134328358,64.51612903225806,15.0,5.0,23,,
2021-12-27,641,349,288,235,247,389,51,16,41,5,19,1,2,231620991247.61,134148799480.42,1,1,37.6,40.16260162601626,66.7238421955403,120.0,35.0,18,1.7265975703451355,61.0,2.85492947169039,0.701845975210844,29.347826086956523,39.77272727272727,70.93023255813954,37.16216216216216,39.04109589041096,60.99290780141844,33.603238866396765,34.42622950819672,70.17543859649122,50.72463768115942,51.82481751824818,64.0625,10.0,6.0,50,,
2021-12-28,637,512,119,330,289,409,70,1,53,2,14,0,4,323938347624.39,59277628721.01,3,2,53.14009661835749,47.377049180327866,70.76124567474048,138.0,31.0,14,5.464765622609584,393.0,24.06472878288225,0.7873203181125237,45.74468085106383,42.69662921348314,72.41379310344827,52.38095238095239,47.58620689655172,66.42857142857143,50.0,43.62139917695473,74.00881057268722,64.92537313432835,57.14285714285714,68.54838709677419,11.0,8.0,72,,
2021-12-29,636,319,309,333,311,413,50,11,52,2,9,0,5,212933005383.85,175095287492.18,5,5,53.70967741935484,51.06732348111659,71.45328719723183,171.0,28.0,9,1.2160978655314176,10.0,22.928783550036883,0.8489139639232882,37.634408602150536,45.45454545454545,70.93023255813954,53.74149659863946,49.6551724137931,66.42857142857143,54.47154471544715,50.20576131687243,76.75438596491229,63.43283582089553,57.89473684210527,67.74193548387096,12.0,11.0,62,,
2021-12-30,632,260,368,343,310,415,34,12,48,2,11,0,5,224473497745.21,248732409579.11,7,3,55.68181818181818,51.2396694214876,72.17391304347827,154.0,24.0,11,0.9024698394754852,-108.0,15.94290645820391,0.782875735261208,36.17021276595745,37.07865168539326,70.11494252873564,50.68493150684932,50.0,66.90647482014388,59.01639344262295,51.45228215767634,77.87610619469027,68.93939393939394,61.832061068702295,69.10569105691057,18.0,13.0,58,,
2021-12-31,640,476,159,414,359,433,44,5,44,2,15,1,4,308465741936.28,65641342197.12,9,4,66.45264847512038,58.66013071895425,74.27101200686106,128.0,28.0,14,4.699260124967613,317.0,31.140267012395697,0.6370600077910205,51.06382978723404,50.56179775280899,75.86206896551724,69.17808219178082,58.333333333333336,69.06474820143885,65.4320987654321,58.333333333333336,80.0,75.71428571428571,64.74820143884892,68.93939393939394,25.0,15.0,64,,
2022-01-03,641,471,165,495,401,450,76,7,47,2,25,0,7,362137105024.95,55545809401.02,13,8,79.45425361155698,65.52287581699346,77.18696397941682,154.0,24.0,25,6.519611631013518,306.0,43.4283089511677,0.4378398002983033,76.59574468085107,60.67415730337079,85.0574712643678,78.62068965517241,60.83916083916085,72.46376811594203,78.099173553719,67.36401673640168,81.16591928251121,84.50704225352112,70.2127659574468,70.37037037037037,37.0,22.0,77,,
2022-01-04,646,323,316,507,416,456,62,13,57,2,24,0,5,336598404706.98,156372717495.09,9,4,80.73248407643312,67.42301458670988,77.55102040816327,182.0,25.0,24,2.1525392031224944,7.0,38.76744326406192,0.4748586679636002,76.84210526315789,67.77777777777779,85.22727272727273,81.25,61.97183098591549,70.07299270072993,80.24691358024691,68.33333333333333,82.58928571428571,83.56164383561644,71.03448275862068,71.94244604316546,43.0,24.0,73,,
2022-01-05,653,320,328,511,434,467,45,14,47,2,15,0,3,356640409853.75,182444309439.79,17,10,80.47244094488188,69.55128205128204,78.61952861952862,183.0,34.0,15,1.9547905382680515,-8.0,33.83856588526618,0.4990865962354991,75.78947368421053,68.88888888888889,86.36363636363636,83.33333333333334,69.71830985915493,74.45255474452554,77.68595041322314,67.78242677824268,82.95964125560538,85.06493506493507,72.54901960784314,71.23287671232876,55.0,29.0,65,,
2022-01-06,666,285,368,500,444,478,46,8,48,4,18,0,3,250940161585.57,264535567442.2,19,9,77.04160246533128,69.59247648902821,78.61842105263158,153.0,35.0,18,0.9486065106931206,-83.0,25.70518289696949,0.8164149339152822,72.63157894736842,73.33333333333333,82.95454545454545,80.55555555555556,64.7887323943662,74.45255474452554,72.95081967213115,68.87966804979253,82.66666666666667,82.53012048192771,72.72727272727273,74.0506329113924,67.0,35.0,51,,
2022-01-07,671,344,321,492,451,481,61,10,49,4,27,0,7,341957848050.79,193804282335.0,29,10,75.22935779816514,70.13996889580093,78.59477124183006,152.0,32.0,27,1.7644493915758757,23.0,23.92261452749097,0.6073572273929373,71.57894736842105,74.44444444444444,84.0909090909091,78.62068965517241,67.6056338028169,74.45255474452554,70.32520325203252,67.07818930041152,81.93832599118943,81.54761904761905,74.40476190476191,74.375,87.0,41.0,52,,
2022-01-10,673,465,203,534,489,487,96,6,59,4,24,0,9,418856347641.79,112424039693.21,23,12,81.27853881278538,75.81395348837209,79.1869918699187,203.0,24.0,24,3.725683126000384,262.0,34.22890549894937,0.6148242662138932,77.89473684210526,78.02197802197803,85.39325842696628,84.24657534246576,78.01418439716312,74.45255474452554,78.714859437751,72.35772357723577,83.11688311688312,84.4311377245509,77.84431137724552,74.0506329113924,97.0,45.0,58,,
2022-01-11,675,276,392,518,478,498,55,30,55,3,27,0,4,321906930208.15,263238319166.88,10,8,78.36611195158851,73.76543209876543,80.58252427184466,212.0,46.0,27,1.2228726092270672,-116.0,23.969639752051567,0.5757604081900938,74.73684210526315,72.52747252747253,83.14606741573034,78.91156462585033,75.177304964539,77.37226277372264,77.32793522267207,71.31147540983606,84.27947598253274,81.3953488372093,76.74418604651163,76.68711656441718,98.0,49.0,64,,
2022-01-12,684,400,277,542,511,504,52,25,57,1,22,0,3,416651847844.88,160911965849.59,21,14,80.8955223880597,77.77777777777779,80.5111821086262,203.0,61.0,22,2.589315503325209,123.0,27.02811933969368,0.5576930734957533,76.84210526315789,78.02197802197803,84.26966292134831,84.35374149659864,79.43262411347519,76.64233576642336,79.43548387096774,77.9591836734694,84.84848484848484,82.22222222222221,76.11111111111111,75.7396449704142,102.0,53.0,69,,
2022-01-13,687,376,301,558,523,517,54,17,59,1,15,0,4,412349704151.8,194429115804.79,28,16,83.03571428571429,79.36267071320182,82.06349206349206,161.0,72.0,15,2.1208228121852173,75.0,27.10797879042922,0.5890022627250264,82.10526315789474,81.31868131868131,87.64044943820225,83.6734693877551,79.43262411347519,78.1021897810219,81.78137651821862,79.50819672131148,86.58008658008657,84.69945355191257,78.14207650273224,76.30057803468208,111.0,60.0,67,,
2022-01-14,694,404,286,566,535,523,71,6,63,0,26,1,4,361718860297.24,199596063600.34,29,15,83.23529411764706,80.33033033033034,81.97492163009404,177.0,48.0,25,1.812254479234248,118.0,29.19071872685597,0.7794641584686764,76.84210526315789,79.12087912087912,86.51685393258427,81.08108108108108,76.59574468085107,77.37226277372264,83.80566801619433,81.9672131147541,87.1244635193133,87.36842105263159,81.57894736842105,76.53631284916202,111.0,65.0,78,,
2022-01-17,700,408,284,579,551,535,85,14,90,0,33,1,6,373188717359.05,193527953294.72,35,22,84.27947598253274,81.99404761904762,82.94573643410853,210.0,37.0,32,1.9283452907225656,124.0,31.12550777886656,0.7450012843765894,77.89473684210526,76.92307692307693,85.39325842696628,81.87919463087249,79.43262411347519,78.1021897810219,85.88709677419355,84.89795918367346,88.46153846153845,87.17948717948718,82.56410256410255,78.37837837837837,123.0,75.0,88,,
2022-01-18,707,101,604,470,495,522,20,113,116,1,7,3,5,118024574188.06,456625974846.64,32,7,67.62589928057554,72.90132547864506,80.18433179723502,176.0,133.0,4,0.2584710040371643,-503.0,1.2741248794412705,0.6469528126346971,58.333333333333336,64.83516483516483,83.14606741573034,61.74496644295302,65.24822695035462,70.8029197080292,68.54838709677419,77.55102040816327,85.47008547008546,75.24752475247524,76.23762376237624,79.05759162303664,145.0,74.0,51,,
2022-01-19,716,349,363,467,491,529,53,32,113,0,13,2,4,276502277170.32,340844303339.04,35,7,66.24113475177305,71.36627906976744,80.15151515151516,158.0,159.0,11,0.8112275149139913,-14.0,0.1948218760354452,1.1851576644179609,54.16666666666666,63.73626373626373,84.26966292134831,58.66666666666666,63.82978723404256,70.07299270072993,68.0161943319838,74.59016393442623,85.83690987124464,75.0,75.94339622641509,78.60696517412936,159.0,67.0,42,,
2022-01-20,718,315,390,443,465,526,57,26,105,1,15,2,3,239130962095.38,329024979864.03,45,15,62.57062146892656,67.29377713458756,79.45619335347432,130.0,171.0,13,0.7267866476101639,-75.0,-3.778956301256712,1.1113196841854205,52.04081632653062,56.38297872340425,82.41758241758241,55.033557046979865,61.87050359712231,68.88888888888889,66.80161943319838,70.08196721311475,86.26609442060087,67.7570093457944,72.42990654205607,77.33990147783251,176.0,66.0,42,,
2022-01-21,719,104,614,333,408,504,12,106,90,2,4,6,2,149134981955.12,465054816262.32,8,2,46.83544303797469,58.87445887445888,75.90361445783132,122.0,164.0,-2,0.3206825878156233,-510.0,-28.90764186133522,0.5281892872501156,31.63265306122449,43.61702127659575,78.02197802197803,38.66666666666666,50.35971223021583,65.92592592592592,50.20242914979757,65.71428571428571,82.47863247863248,55.55555555555556,63.25581395348837,74.01960784313727,155.0,53.0,34,,
2022-01-24,729,24,705,127,248,446,5,441,57,3,1,14,1,30499988787.410004,645419526319.74,14,5,17.590027700831026,35.22727272727273,66.17210682492582,74.0,573.0,-13,0.0472560676329776,-681.0,-58.79812980589567,0.7203848076375444,14.285714285714285,22.34042553191489,65.93406593406593,12.666666666666668,31.654676258992804,59.25925925925925,18.47389558232932,37.24696356275304,76.17021276595744,21.333333333333336,40.625,59.624413145539904,134.0,36.0,17,,
2022-01-25,735,508,224,191,305,470,101,31,70,3,2,2,1,462492730770.79,224690693528.71,12,4,26.200274348422496,42.776998597475455,69.11764705882352,118.0,578.0,0,2.05835285613062,284.0,-35.81050634946538,1.101782493755885,23.232323232323232,36.17021276595745,70.32967032967034,19.33333333333333,34.04255319148936,61.02941176470589,26.0,43.54838709677419,75.74468085106383,32.17391304347826,50.0,66.5137614678899,114.0,33.0,27,,
2022-01-27,738,293,438,216,299,460,59,61,57,9,8,4,1,269195582750.84,468977413650.56,8,4,29.508196721311474,41.75977653631285,67.34992679355784,165.0,533.0,4,0.5740054316377387,-145.0,-37.42703576247016,1.1654066927221685,24.24242424242424,32.97872340425532,68.13186813186813,20.666666666666668,31.20567375886525,55.88235294117647,29.71887550200803,44.534412955465584,76.17021276595744,37.17948717948718,48.71794871794872,64.70588235294117,87.0,30.0,21,,
2022-01-28,731,446,271,251,318,461,60,29,55,8,3,2,1,399867323075.25,239069799911.52,3,1,34.57300275482093,44.7887323943662,68.09453471196456,220.0,121.0,1,1.6725965522338722,175.0,-22.622033231776896,0.9839530371903196,27.27272727272727,34.73684210526316,67.3913043478261,23.33333333333333,34.285714285714285,56.2962962962963,36.54618473895582,48.98785425101215,76.17021276595744,42.98245614035088,50.877192982456144,66.97674418604652,45.0,16.0,31,,
2022-01-31,731,452,276,304,358,476,65,28,53,7,3,0,1,454370191675.59,94431432994.56,6,2,41.81568088033013,50.35161744022504,70.41420118343196,184.0,118.0,3,4.811641391715038,176.0,-9.800645901875267,0.3403581077842051,30.0,39.175257731958766,70.96774193548387,35.333333333333336,43.884892086330936,59.70149253731343,45.78313253012048,54.83870967741935,79.14893617021276,46.92982456140351,54.18502202643172,67.28971962616822,43.0,16.0,36,,
2022-02-01,735,452,277,348,385,500,76,22,53,9,10,1,1,472712486727.05,176311486071.38998,5,4,47.60601915184679,53.84615384615385,73.6377025036819,201.0,79.0,9,2.6811213339535054,175.0,1.1606434947000004,0.6086143631039749,47.0,47.42268041237113,76.34408602150538,45.33333333333333,51.798561151079134,68.65671641791045,48.99598393574297,56.451612903225815,80.0,47.8448275862069,54.97835497835498,68.66359447004609,34.0,15.0,40,,
2022-02-02,735,565,162,444,430,522,115,15,54,7,16,0,3,434956684096.45,98469787175.65,3,3,60.73871409028728,60.05586592178771,76.8777614138439,256.0,65.0,16,4.41715877094947,403.0,21.92674271129836,0.7895696083928587,61.0,55.67010309278351,83.87096774193549,62.66666666666667,58.15602836879432,72.5925925925926,61.84738955823293,63.56275303643725,81.19658119658119,58.189655172413794,59.307359307359306,71.88940092165899,25.0,14.0,66,,
2022-02-03,734,265,464,408,402,495,39,16,44,8,9,0,1,192561292818.66,305535606501.44,4,4,55.96707818930041,56.30252100840336,73.00884955752213,230.0,53.0,9,0.630241741784529,-199.0,9.47212382793346,0.9061930554425744,48.0,49.48453608247423,80.64516129032258,53.333333333333336,56.73758865248227,66.66666666666666,63.05220883534136,62.75303643724697,80.85106382978722,53.47826086956522,51.96506550218341,65.11627906976744,21.0,14.0,60,,
2022-02-04,736,250,479,367,387,491,42,22,44,9,14,1,0,203371032429.47,293166384395.51,5,3,50.20519835841313,53.97489539748954,72.09985315712188,196.0,53.0,13,0.6937051560287439,-229.0,-2.723935936483196,0.7523667130374179,47.0,48.45360824742268,78.49462365591397,46.0,47.88732394366197,66.42335766423358,54.61847389558233,58.53658536585365,79.05982905982906,49.56896551724138,55.172413793103445,65.43778801843318,23.0,16.0,58,,
2022-02-07,735,206,528,300,349,475,34,59,42,9,11,5,0,200164356416.95,327657847247.99,7,2,41.0958904109589,48.67503486750349,69.95581737849778,115.0,97.0,6,0.6108944378965363,-322.0,-17.787947355377018,0.6386561915588972,35.0,42.85714285714285,75.53191489361703,33.33333333333333,43.97163120567376,62.5,46.98795180722892,53.036437246963565,76.49572649572649,42.42424242424242,49.35064935064935,65.11627906976744,24.0,16.0,49,,
2022-02-08,737,164,568,247,317,459,12,74,29,10,5,5,0,251857611676.34,283548754836.04,6,1,33.7431693989071,44.08901251738526,67.40088105726872,88.0,155.0,0,0.8882338835237519,-404.0,-34.67873738175436,0.3250634767734306,30.0,40.81632653061224,70.2127659574468,23.33333333333333,39.71631205673759,63.23529411764706,38.95582329317269,47.77327935222672,74.78632478632478,36.48068669527897,44.20600858369099,60.82949308755761,25.0,13.0,28,,
2022-02-09,730,440,284,283,343,460,39,29,25,11,7,3,2,376889953773.32,94308936818.72,6,2,39.08839779005525,48.174157303370784,68.04733727810651,85.0,162.0,4,3.9963333962482825,156.0,-20.946969167398212,0.3876793102653423,40.4040404040404,48.45360824742268,72.04301075268818,38.0,47.183098591549296,64.23357664233576,39.75903614457831,50.20242914979757,74.2489270386266,38.49557522123894,46.46017699115044,61.97183098591549,28.0,12.0,28,,
2022-02-10,729,387,334,299,340,476,48,29,28,11,6,4,1,373172066907.42,151696332131.98,1,1,41.29834254143646,47.81997187060478,70.62314540059347,99.0,132.0,2,2.459994000268576,53.0,-14.25157249828672,0.471010349864283,49.494949494949495,50.51546391752577,78.49462365591397,40.0,45.45454545454545,68.11594202898551,40.16064257028113,49.1869918699187,75.86206896551724,39.823008849557525,46.66666666666666,63.03317535545023,25.0,9.0,28,,
2022-02-11,720,103,614,206,276,437,14,80,20,15,6,8,0,85721361599.44,452631708294.63,4,1,28.81118881118881,39.31623931623932,65.51724137931035,101.0,138.0,-2,0.1893843494138101,-511.0,-36.65575048370495,0.8857777504634178,32.323232323232325,39.175257731958766,73.11827956989248,25.333333333333336,35.66433566433567,61.59420289855072,29.31726907630522,42.68292682926829,70.6896551724138,29.03225806451613,37.96296296296296,58.82352941176471,24.0,7.0,16,,
2022-02-14,715,29,685,76,150,373,5,400,11,32,2,25,0,37306205482.57,521948723697.5,4,0,10.704225352112676,21.52080344332855,56.34441087613293,67.0,509.0,-23,0.0714748476024459,-656.0,-62.87804390881904,0.5923169876322879,17.17171717171717,25.773195876288657,58.51063829787234,6.666666666666667,12.587412587412588,54.01459854014598,9.63855421686747,23.07692307692308,60.94420600858369,11.79245283018868,23.809523809523807,51.51515151515152,21.0,5.0,9,,
2022-02-15,709,584,122,148,218,400,136,17,11,28,1,5,0,496967960151.52,59570189458.67,4,1,20.99290780141844,31.502890173410403,60.882800608828006,155.0,497.0,-4,8.342561349352735,462.0,-29.08371456774747,0.5737908353857097,37.37373737373738,40.20618556701031,73.40425531914893,17.333333333333336,23.61111111111111,57.2463768115942,16.46586345381526,32.52032520325203,65.51724137931035,21.256038647342997,31.70731707317073,51.813471502590666,19.0,5.0,22,,
2022-02-16,701,395,300,172,241,408,63,11,10,27,2,2,0,221347750847.45,253076707362.41,3,0,24.71264367816092,35.28550512445095,62.865947611710325,204.0,428.0,0,0.8746271166333629,95.0,-18.39414440829254,1.505403436077781,34.34343434343434,44.329896907216494,72.3404255319149,19.33333333333333,27.58620689655172,58.992805755395686,22.58064516129032,36.0655737704918,67.82608695652173,26.633165829145728,35.53299492385787,54.83870967741935,16.0,3.0,13,,
2022-02-17,695,214,477,156,222,389,23,26,11,22,2,4,1,171802317900.66998,248165550468.52,1,1,22.707423580786028,32.93768545994065,60.59190031152648,222.0,54.0,-2,0.6922891496274107,-263.0,-27.062591199917115,0.6480490367403576,34.69387755102041,42.70833333333333,69.89247311827957,16.666666666666664,24.13793103448276,56.11510791366906,23.07692307692308,34.15637860082305,66.37554585152839,20.833333333333336,33.1578947368421,51.93370165745856,16.0,3.0,21,,
2022-02-18,689,159,523,131,198,379,14,21,10,25,0,7,1,102127582081.15,249984317977.31,0,0,19.23641703377386,29.64071856287425,59.59119496855346,100.0,58.0,-7,0.4085359550050642,-364.0,-39.38880025075655,0.7441579930543549,26.53061224489796,38.54166666666667,68.81720430107528,11.333333333333332,18.620689655172416,54.67625899280576,21.86234817813765,32.510288065843625,65.06550218340611,18.27956989247312,29.89130434782609,51.42857142857142,12.0,2.0,15,,
2022-02-21,686,94,591,77,137,350,10,154,6,43,1,26,1,110895291085.6,323151574968.02,1,0,11.35693215339233,20.57057057057057,55.29225908372828,47.0,201.0,-25,0.3431680352991456,-497.0,-56.38076498797048,0.4634827172351536,15.306122448979592,31.25,64.51612903225806,7.333333333333333,13.79310344827586,52.51798561151079,12.550607287449392,21.311475409836063,59.388646288209614,10.92896174863388,19.33701657458564,47.093023255813954,9.0,2.0,10,,
2022-02-22,681,114,561,62,103,321,9,109,9,42,1,36,1,161045448786.5,347295588035.62,1,1,9.212481426448738,15.55891238670695,51.11464968152867,33.0,284.0,-35,0.4637129129609978,-447.0,-68.12699101334852,0.4382206112229275,12.244897959183673,22.916666666666664,61.29032258064516,7.333333333333333,11.03448275862069,45.32374100719424,9.274193548387096,15.853658536585366,56.086956521739125,9.03954802259887,14.857142857142858,43.373493975903614,6.0,2.0,9,,
2022-02-23,675,469,201,93,131,331,80,5,15,14,1,6,1,260751041935.57,145042444018.39,0,0,13.963963963963964,19.96951219512195,53.21543408360129,99.0,268.0,-5,1.7977568131884845,268.0,-42.07937930998001,1.2979137757764665,17.346938775510203,22.916666666666664,60.215053763440864,12.666666666666668,15.172413793103448,48.57142857142857,13.709677419354838,21.45748987854251,60.0,13.529411764705882,20.23809523809524,43.39622641509434,3.0,2.0,21,,
2022-02-24,669,7,662,15,46,230,2,531,7,46,0,72,1,2061075237.75,760661893949.66,1,0,2.272727272727273,7.076923076923077,37.27714748784441,91.0,645.0,-72,0.002709581292482,-655.0,-65.74827440705005,3.902454654608995,0.0,4.166666666666666,33.33333333333333,1.3333333333333337,4.827586206896552,32.142857142857146,2.419354838709677,7.6923076923076925,43.66812227074236,4.2682926829268295,9.876543209876544,34.83870967741935,3.0,1.0,2,,
2022-02-25,671,634,37,86,99,296,341,7,9,20,2,1,0,557184187805.01,20306224300.06,0,0,12.990936555891238,15.184049079754605,47.81906300484653,423.0,543.0,1,27.439083680532555,597.0,-23.056438343009678,0.6244791311049556,16.3265306122449,16.49484536082474,52.12765957446809,11.333333333333332,15.172413793103448,42.85714285714285,11.38211382113821,13.934426229508196,53.53982300884957,14.88095238095238,16.265060240963855,41.50943396226416,3.0,1.0,18,,
2022-02-28,673,447,223,120,134,298,76,14,13,19,4,4,0,449510323003.5,187156198670.67,0,0,18.099547511312217,20.489296636085623,48.1421647819063,419.0,552.0,0,2.401792332801556,224.0,-5.089636316540108,0.8345785260271094,19.387755102040817,23.711340206185564,56.38297872340425,18.666666666666668,19.863013698630137,42.5531914893617,16.599190283400812,18.367346938775512,53.98230088495575,19.047619047619047,22.289156626506024,39.87341772151899,2.0,1.0,16,,
2022-03-02,667,292,369,126,132,294,52,22,11,19,4,3,0,330063451475.14,333675035696.21,0,0,19.17808219178082,20.33898305084746,47.96084828711256,469.0,43.0,1,0.9891763427445674,-77.0,-4.752572402325939,0.7999866950755367,19.387755102040817,19.587628865979383,55.319148936170215,20.666666666666668,17.687074829931973,43.66197183098591,19.10569105691057,21.311475409836063,54.01785714285714,17.791411042944784,21.73913043478261,38.56209150326798,1.0,0.0,18,,
2022-03-03,661,337,315,158,140,298,48,28,14,23,8,7,0,280162089873.08,311498313083.24,0,0,24.233128834355828,21.705426356589147,49.01315789473684,176.0,64.0,1,0.8994016278932908,22.0,0.5093801063388241,1.1895033727559594,27.55102040816326,21.649484536082475,52.12765957446809,24.666666666666668,19.594594594594597,44.36619718309859,23.577235772357724,21.721311475409838,53.125,22.78481012658228,23.717948717948715,45.27027027027027,1.0,0.0,14,,
2022-03-04,654,108,541,119,116,273,10,72,12,40,0,19,0,109762229199.63,518898774403.22,3,1,18.421052631578945,18.09672386895476,45.27363184079602,110.0,122.0,-19,0.2115291741166018,-433.0,-17.744197399284502,0.9437483745048768,22.448979591836736,19.387755102040817,46.31578947368421,17.333333333333336,15.64625850340136,41.13475177304964,15.57377049180328,16.872427983539097,48.21428571428572,21.428571428571427,21.568627450980397,44.05594405594406,3.0,1.0,9,,
2022-03-07,651,107,543,88,89,236,17,167,11,70,3,37,0,170509825182.55,477231151420.09,9,4,13.685847589424572,13.928012519561817,39.26788685524127,75.0,267.0,-34,0.3572898053179603,-436.0,-33.412285179596026,0.5515226129186532,23.46938775510204,15.306122448979592,42.10526315789473,10.0,10.81081081081081,35.2112676056338,10.612244897959185,11.475409836065571,42.410714285714285,16.0,20.13422818791946,36.42857142857142,12.0,5.0,5,,
2022-03-08,648,490,154,132,113,254,77,10,10,51,2,4,0,474607697319.39,175057672341.04,3,1,20.625,17.739403453689167,42.40400667779633,104.0,249.0,-2,2.711150508129568,336.0,-8.041438805864402,1.1736044060546569,28.57142857142857,23.46938775510204,45.26315789473684,18.0,15.54054054054054,40.140845070422536,16.39344262295082,15.163934426229508,44.843049327354265,25.0,20.40816326530612,38.84892086330935,15.0,6.0,15,,
2022-03-09,636,539,94,205,152,277,135,5,8,27,3,0,0,542859005032.22,89408244608.40001,0,0,32.53968253968254,24.24242424242424,47.02886247877759,229.0,182.0,3,6.071688437793329,445.0,19.14084203770545,0.9443901168412798,38.38383838383838,26.53061224489796,49.47368421052632,31.333333333333336,20.945945945945947,42.95774647887324,27.755102040816325,23.26530612244898,51.33928571428571,38.23529411764706,27.94117647058824,42.1875,15.0,6.0,24,,
2022-03-10,635,452,178,269,182,291,70,13,11,13,3,0,0,551605471358.97,125240645564.48,3,0,42.76629570747218,29.02711323763955,49.48979591836735,282.0,28.0,3,4.404364644343649,274.0,33.735987948769164,0.5765475948858559,46.464646464646464,34.69387755102041,53.68421052631579,43.333333333333336,26.845637583892614,42.25352112676056,39.02439024390244,25.60975609756097,55.11111111111112,46.26865671641791,33.582089552238806,44.44444444444444,18.0,6.0,32,,
2022-03-11,637,384,245,316,205,293,65,1,11,13,15,0,0,359535464971.7,175474684026.94,2,2,50.07923930269413,32.591414944356124,49.66101694915254,270.0,19.0,15,2.0489306874403708,139.0,39.296157762984784,0.7649584968311057,50.505050505050505,33.6734693877551,54.736842105263165,52.66666666666666,32.21476510067114,45.77464788732394,47.5609756097561,30.89430894308943,54.46428571428571,51.47058823529412,35.294117647058826,41.86046511627907,17.0,7.0,35,,
2022-03-14,636,294,340,306,209,297,46,8,12,15,12,1,0,368794122950.09,193448316669.67,1,1,48.57142857142857,33.28025477707006,50.42444821731748,181.0,22.0,11,1.9064219802948108,-46.0,34.60362216532422,0.4535752793928773,55.55555555555556,40.81632653061224,54.736842105263165,46.0,27.516778523489933,44.36619718309859,45.74898785425101,32.79352226720648,56.44444444444444,51.49253731343284,35.07462686567165,43.30708661417323,9.0,4.0,40,,
2022-03-15,628,171,451,252,196,287,26,47,14,10,5,2,0,233708939493.49,381052367393.01,1,1,40.51446945337621,31.561996779388085,49.31271477663231,137.0,56.0,3,0.6133249901907764,-280.0,18.71848611849781,0.6181998679362108,42.42424242424242,32.6530612244898,56.84210526315789,38.66666666666666,27.33333333333333,45.07042253521127,41.1522633744856,32.510288065843625,53.84615384615385,40.0,33.84615384615385,40.32258064516129,7.0,4.0,28,,
2022-03-16,635,502,129,344,246,313,66,3,24,4,7,1,0,454407608578.34,46612433616.49,5,3,54.6031746031746,39.10969793322735,52.96108291032149,138.0,58.0,6,9.748635145657468,373.0,37.69310236786875,0.399181301800028,66.66666666666666,48.97959183673469,62.10526315789474,56.00000000000001,37.333333333333336,47.183098591549296,49.38775510204081,36.734693877551024,55.55555555555556,53.67647058823529,38.23529411764706,48.06201550387597,12.0,7.0,54,,
2022-03-17,629,429,194,408,276,329,74,9,22,2,11,0,0,605602783656.65,181001829378.35,4,2,65.07177033492823,44.16,55.95238095238096,166.0,59.0,11,3.3458379163160403,235.0,46.82793374924156,0.6609226930575226,81.0,55.10204081632652,69.47368421052632,69.33333333333334,41.333333333333336,50.349650349650354,59.42622950819673,41.80327868852459,59.64125560538116,58.64661654135338,43.609022556390975,45.66929133858268,13.0,9.0,80,,
2022-03-21,630,254,367,379,272,325,42,13,22,3,14,1,0,211706718017.87,314736167413.14,3,1,60.35031847133758,43.45047923322684,55.178268251273344,182.0,25.0,13,0.6726482048692297,-113.0,37.00407491156911,1.0289153938611988,62.0,44.44444444444444,61.458333333333336,59.333333333333336,40.26845637583892,50.349650349650354,60.16260162601627,43.90243902439025,58.92857142857143,60.60606060606061,45.45454545454545,49.2063492063492,14.0,8.0,66,,
2022-03-22,636,308,320,399,290,333,33,2,27,3,11,1,0,405268302492.41,149603213336.16,5,2,62.93375394321766,45.88607594936709,55.96638655462185,149.0,24.0,10,2.708954530152824,-12.0,33.46965523080131,0.3553031212914826,75.0,53.535353535353536,64.58333333333334,60.0,41.61073825503356,50.349650349650354,60.0,45.30612244897959,58.744394618834086,62.58992805755396,46.043165467625904,51.127819548872175,18.0,9.0,64,,
2022-03-23,644,273,362,395,302,337,23,15,31,3,6,0,0,317667632094.92,239504568556.65,20,10,61.62246489859594,47.26134585289515,56.16666666666666,98.0,30.0,6,1.3263531214010311,-89.0,26.430378127590835,0.5685843643299421,69.0,55.55555555555556,64.58333333333334,59.333333333333336,42.95302013422819,49.65034965034965,59.7560975609756,44.71544715447154,59.64125560538116,62.06896551724138,50.3448275862069,51.44927536231884,37.0,18.0,62,,
2022-03-24,645,280,360,395,309,333,30,5,38,3,6,1,0,304820374289.8,228944638736.53,9,4,61.52647975077882,48.28125,55.3156146179402,86.0,22.0,5,1.331415210122426,-80.0,20.72964431370792,0.58417372121373,72.0,57.57575757575758,62.5,60.0,44.29530201342282,49.65034965034965,60.0,45.71428571428572,57.399103139013455,58.50340136054422,50.34013605442177,52.85714285714286,41.0,19.0,60,,
2022-03-25,642,196,442,364,295,330,17,13,47,3,7,2,0,239938281777.36,267180946547.34,7,5,56.96400625978091,46.31083202511774,55.00000000000001,70.0,33.0,5,0.8980366484885065,-246.0,7.451868681269499,0.4937871018666168,68.0,58.58585858585859,63.54166666666666,52.0,39.59731543624161,51.048951048951054,55.28455284552846,44.3089430894309,56.00000000000001,57.34265734265735,48.25174825174825,51.47058823529412,44.0,22.0,60,,
2022-03-28,652,220,430,327,283,324,31,38,43,3,14,12,1,332592944810.37,187900396935.89,10,5,50.38520801232666,43.7403400309119,53.37726523887974,78.0,56.0,2,1.7700491868777042,-210.0,-2.1378888278717056,0.2890472822844179,63.0,56.56565656565656,63.54166666666666,44.0,36.24161073825504,44.75524475524475,50.403225806451616,43.14516129032258,58.14977973568281,48.34437086092716,43.70860927152318,47.5177304964539,51.0,26.0,49,,
2022-03-29,650,353,291,351,301,338,64,13,99,2,14,12,1,378919703365.06,184423249351.11,5,0,54.25038639876353,46.66666666666666,55.867768595041326,112.0,64.0,2,2.054620036781059,62.0,3.273557945951921,0.590405231881446,67.67676767676768,59.18367346938776,66.3157894736842,52.0,38.92617449664429,51.388888888888886,53.62903225806451,46.37096774193548,57.52212389380531,48.66666666666667,46.66666666666666,50.71428571428571,51.0,24.0,50,,
2022-03-30,654,429,222,410,337,349,70,16,71,2,7,4,0,460173914868.93,218080791458.92,6,4,63.07692307692307,52.00617283950617,57.401315789473685,165.0,67.0,3,2.110107505527892,207.0,15.133977147841364,0.9157980943482736,77.77777777777779,61.224489795918366,70.52631578947368,66.0,50.33557046979866,52.77777777777778,61.29032258064516,50.80645161290322,57.9646017699115,53.59477124183007,49.673202614379086,52.44755244755245,37.0,18.0,55,,
2022-03-31,654,300,349,397,338,353,43,11,68,1,7,3,1,324041045747.3,289657068554.77,11,6,61.07692307692307,52.160493827160494,57.96387520525451,177.0,40.0,4,1.1187058108544947,-49.0,12.398965679717628,0.7683868676892026,73.73737373737373,60.204081632653065,67.36842105263158,68.0,52.348993288590606,56.55172413793104,57.0281124497992,50.60240963855421,58.590308370044056,52.63157894736842,49.34210526315789,52.11267605633802,39.0,20.0,58,,
2022-04-01,661,529,131,540,401,375,143,5,64,1,14,0,1,474479225828.08,91707457088.12,15,8,82.1917808219178,61.221374045801525,60.97560975609756,256.0,32.0,14,5.17383472286405,398.0,32.34853604607325,0.7804980551632141,87.87878787878788,70.40816326530613,72.63157894736842,88.0,63.758389261744966,57.93103448275863,80.64516129032258,59.67741935483871,59.471365638766514,75.625,55.625,58.78378378378378,47.0,23.0,69,,
2022-04-04,668,523,142,612,473,396,91,4,68,0,18,0,2,607108269428.71,61734919138.34,11,6,92.1686746987952,71.45015105740181,63.76811594202898,277.0,20.0,18,9.834114596769108,381.0,48.39367602907694,0.3745226431222734,91.91919191919192,79.59183673469387,74.73684210526315,96.0,74.49664429530202,60.689655172413794,88.35341365461848,67.8714859437751,62.28070175438597,94.57831325301204,69.27710843373494,62.091503267973856,48.0,24.0,76,,
2022-04-05,678,452,221,639,534,423,86,5,91,0,22,0,4,413329120221.1,275917348825.13,15,5,94.9479940564636,79.58271236959762,67.14285714285714,320.0,14.0,22,1.498017873762111,231.0,54.37030233439971,1.3653033816224485,94.94949494949496,84.6938775510204,76.84210526315789,96.66666666666669,79.19463087248322,63.44827586206897,92.3694779116466,77.91164658634538,65.78947368421053,97.14285714285714,79.42857142857143,66.66666666666666,58.0,29.0,74,,
2022-04-06,689,388,295,630,545,434,67,13,152,0,26,0,1,423379824551.76,264637984980.41,16,15,92.10526315789474,79.91202346041055,67.8125,244.0,22.0,26,1.5998452549549944,93.0,52.30846631377868,0.8221134095404341,89.8989898989899,80.61224489795919,76.84210526315789,95.33333333333334,77.85234899328859,65.97222222222221,88.75502008032129,78.714859437751,66.37554585152839,95.16129032258064,82.79569892473118,66.27906976744185,68.0,40.0,87,,
2022-04-07,699,238,456,610,537,439,41,38,110,0,8,0,0,267223458839.77,439623365172.23,32,17,87.89625360230548,77.60115606936417,67.53846153846153,194.0,56.0,8,0.6078463521498241,-218.0,34.73405418457882,0.8586542021934458,82.82828282828282,75.51020408163265,75.78947368421053,92.0,75.16778523489933,66.66666666666666,85.6,76.8,63.47826086956522,90.25641025641026,81.53846153846153,69.06077348066299,89.0,51.0,72,,
2022-04-08,705,500,198,641,567,449,51,6,93,0,12,0,4,500912481988.9,142536178474.32,43,29,91.96556671449068,81.58273381294964,68.75957120980092,159.0,57.0,12,3.514283091847778,302.0,45.53426154319003,0.7185683279501454,84.84848484848484,77.55102040816327,74.73684210526315,96.0,82.5503355704698,69.44444444444444,89.2,78.8,65.21739130434783,95.95959595959596,86.36363636363636,69.56521739130434,117.0,72.0,86,,
2022-04-11,710,382,316,639,565,447,64,8,98,0,25,0,4,322665817914.1,246831824610.54,30,13,91.15549215406564,80.82975679542204,68.0365296803653,156.0,52.0,25,1.3072293997065147,66.0,42.74076752708665,0.9247502846593502,84.84848484848484,79.59183673469387,75.0,94.0,79.86577181208054,67.36111111111111,89.1566265060241,79.11646586345381,65.06550218340611,94.58128078817734,84.23645320197043,68.61702127659575,136.0,79.0,82,,
2022-04-12,721,131,587,560,512,447,21,39,73,0,10,0,3,181714457644.0,448337677522.47,24,5,78.76230661040788,72.21438645980254,67.01649175412294,136.0,53.0,10,0.4053071306613368,-456.0,14.038626305682843,0.5506161557276877,67.67676767676768,67.3469387755102,75.0,78.66666666666666,71.81208053691275,65.27777777777779,77.10843373493977,70.28112449799197,64.78260869565217,85.91549295774648,76.99530516431925,67.00507614213198,145.0,79.0,64,,
2022-04-13,729,386,334,553,519,453,53,9,75,0,14,0,4,269712983106.27,239177505919.28,24,8,77.23463687150837,72.68907563025209,67.2106824925816,138.0,56.0,14,1.1276686830127554,52.0,14.828102429854171,1.0248476703874363,62.62626262626263,66.3265306122449,71.875,80.66666666666666,73.15436241610739,65.51724137931035,76.20967741935483,72.17741935483872,65.21739130434783,82.64840182648402,75.79908675799086,68.4729064039409,153.0,72.0,58,,
2022-04-18,733,277,455,478,478,438,69,53,99,0,31,0,6,275119402937.41,368925218259.83,23,8,66.48122392211405,66.66666666666666,64.88888888888889,143.0,101.0,31,0.745732168256512,-178.0,3.928964003871391,0.8163671016291747,52.52525252525253,60.204081632653065,66.66666666666666,65.1006711409396,66.21621621621621,60.41666666666666,66.53225806451613,65.7258064516129,64.19213973799127,73.54260089686099,70.85201793721974,67.96116504854369,144.0,63.0,50,,
2022-04-19,740,173,558,401,428,429,25,84,67,0,9,0,5,208913969339.93,464818830250.71,12,5,55.23415977961432,59.11602209944752,62.811127379209374,147.0,146.0,9,0.4494524656568834,-385.0,-15.759444170363246,0.6898078573020696,39.39393939393939,51.02040816326531,60.41666666666666,49.66442953020135,56.75675675675676,57.638888888888886,57.0281124497992,59.43775100401606,62.77056277056276,63.75545851528385,63.75545851528385,67.45283018867924,113.0,39.0,41,,
2022-04-20,739,415,317,429,441,432,54,15,65,0,10,1,3,368346872931.79,200724048861.96,8,4,59.17241379310345,60.99585062240664,63.25036603221084,148.0,152.0,9,1.8350908873161775,98.0,-8.364235938482045,0.7133969625334786,47.474747474747474,55.10204081632652,62.5,57.71812080536913,61.48648648648649,59.02777777777778,59.67741935483871,60.88709677419355,63.04347826086957,64.62882096069869,63.31877729257642,66.66666666666666,91.0,30.0,48,,
2022-04-21,740,556,173,504,499,453,80,9,76,0,12,0,2,491921310974.96,82288441666.97,12,4,69.32599724896836,68.92265193370166,66.22807017543859,159.0,108.0,12,5.978012233672104,383.0,12.250488279468794,0.5376156332145479,56.56565656565656,65.3061224489796,69.79166666666666,70.66666666666667,73.15436241610739,64.82758620689654,70.44534412955466,67.61133603238866,65.06550218340611,72.72727272727273,69.1304347826087,66.82242990654206,79.0,29.0,56,,
2022-04-22,740,237,489,452,467,439,40,21,73,0,10,0,3,232606675769.22,346543924950.4,6,4,62.17331499312242,64.59197786998617,64.27525622254758,174.0,45.0,10,0.6712184488662222,-252.0,-1.9351749555805853,0.7220638489686577,44.0,54.54545454545454,65.97938144329896,61.74496644295302,67.56756756756756,63.19444444444444,65.18218623481782,65.85365853658537,63.59649122807017,67.09956709956711,65.65217391304347,64.95327102803739,61.0,25.0,47,,
2022-04-25,743,104,636,324,389,417,20,138,61,1,5,0,4,150153351487.44,388148157296.49,8,5,44.38356164383562,53.507565337001374,60.610465116279066,140.0,168.0,5,0.3868454575007661,-532.0,-28.054241146769897,0.4227063014648233,23.0,42.0,61.855670103092784,44.966442953020135,51.35135135135135,59.72222222222222,48.58299595141701,56.91056910569105,61.23348017621145,48.71794871794872,56.22317596566524,60.0,46.0,22.0,42,,
2022-04-26,741,476,259,375,422,431,76,14,62,2,10,1,4,422131224760.84,110056758387.33,12,2,51.51098901098901,58.20689655172414,62.82798833819242,136.0,173.0,9,3.835577486983632,217.0,-12.795771534502911,0.4791554450600206,42.0,54.0,63.91752577319587,57.04697986577181,60.810810810810814,63.19444444444444,52.22672064777328,60.97560975609756,63.87665198237885,51.293103448275865,55.41125541125541,61.00917431192661,46.0,19.0,47,,
2022-04-27,734,195,535,314,383,416,33,39,63,1,6,2,3,246929659441.79,356635080942.18,12,7,43.49030470914128,53.34261838440112,61.26656848306333,129.0,191.0,4,0.6923874644901348,-340.0,-27.53580115834213,0.5264190933566568,31.0,47.0,63.91752577319587,45.33333333333333,56.08108108108109,61.11111111111112,48.58299595141701,57.3170731707317,65.19823788546255,42.22222222222222,50.0,55.92417061611374,50.0,22.0,35,,
2022-04-28,730,402,319,352,391,417,39,25,72,0,4,0,2,403082017150.54,207818193450.56,3,2,48.95688456189152,54.68531468531469,61.595273264401776,148.0,78.0,4,1.9395896502508727,83.0,-18.85084748093295,0.6497189174067296,49.0,55.00000000000001,64.94845360824742,51.33333333333333,54.36241610738255,61.37931034482759,54.47154471544715,60.40816326530612,65.04424778761062,41.25560538116592,48.41628959276018,56.45933014354066,41.0,20.0,53,,
2022-04-29,726,204,512,291,351,401,27,52,52,0,7,0,4,188335244625.92,430926107911.76,11,2,40.7563025210084,49.436619718309856,59.67261904761904,99.0,116.0,7,0.4370476542685714,-308.0,-30.88095784934343,0.9116568779365992,38.0,45.0,62.88659793814433,44.0,50.33557046979866,60.689655172413794,44.534412955465584,52.4390243902439,61.8421052631579,35.483870967741936,47.44186046511628,54.95049504950495,46.0,18.0,36,,
2022-05-02,726,229,487,246,335,390,31,47,48,2,8,4,3,208837972567.42,269634499761.81,10,3,34.45378151260504,47.183098591549296,57.94947994056464,97.0,124.0,4,0.7745224470603855,-258.0,-38.51229742508768,0.6071171655187384,36.0,44.0,57.73195876288659,34.0,45.63758389261745,57.93103448275863,38.55421686746988,53.2258064516129,60.43478260869565,29.30232558139535,42.72300469483568,55.223880597014926,48.0,16.0,27,,
2022-05-04,724,79,640,153,255,360,9,168,40,1,2,8,1,66843970677.23,488614139774.68,9,3,21.48876404494382,35.966149506346966,53.57142857142857,67.0,267.0,-6,0.1368031852456306,-561.0,-59.99453127522358,0.9022998973186735,22.0,34.0,51.546391752577314,20.666666666666668,31.543624161073826,50.0,24.291497975708506,40.08097165991903,57.64192139737992,18.6046511627907,35.2112676056338,52.5,45.0,17.0,18,,
2022-05-05,723,314,401,148,256,347,37,32,26,5,0,9,4,246611360796.86,233496328504.03,4,0,20.84507042253521,36.20933521923621,51.71385991058122,77.0,247.0,-9,1.056168045026043,-87.0,-54.36186856071366,0.7413994370523249,20.0,35.0,47.95918367346938,19.33333333333333,34.899328859060404,46.57534246575342,22.672064777327936,38.46153846153847,55.89519650655021,20.187793427230048,35.07109004739337,52.52525252525253,37.0,10.0,20,,
2022-05-06,716,106,606,91,184,311,12,131,20,11,0,12,2,106165786890.53,443839140507.26,4,0,12.94452347083926,26.285714285714285,46.766917293233085,58.0,331.0,-12,0.2391987934394294,-500.0,-69.92413259700409,0.7312641056171045,17.0,26.0,44.89795918367347,10.666666666666668,22.818791946308725,43.15068493150685,14.634146341463412,27.64227642276423,49.56140350877193,10.628019323671497,27.31707317073171,47.15025906735752,38.0,8.0,7,,
2022-05-09,709,133,569,70,137,273,18,115,14,13,1,16,1,139558529301.26,344978724822.81,2,1,10.057471264367816,19.76911976911977,41.42640364188164,67.0,278.0,-15,0.4045424232260725,-436.0,-79.68024768504739,0.5777970271357916,13.0,16.0,41.83673469387755,8.0,18.79194630872483,37.67123287671233,9.75609756097561,21.544715447154477,43.85964912280701,10.5,20.2020202020202,41.17647058823529,29.0,7.0,6,,
2022-05-10,699,111,587,45,101,257,8,158,9,35,0,24,1,122391006741.08,356540479182.1,2,2,6.540697674418605,14.744525547445257,39.47772657450077,38.0,404.0,-24,0.3432738044831365,-476.0,-89.62332484689918,0.5508637753555056,9.090909090909092,17.17171717171717,38.144329896907216,6.666666666666667,13.422818791946307,37.67123287671233,6.0728744939271255,15.384615384615383,41.73913043478261,5.729166666666666,13.684210526315791,38.764044943820224,21.0,6.0,3,,
2022-05-11,691,154,536,30,75,219,15,173,4,52,0,49,0,213612174306.49,339496405611.93,1,0,4.411764705882353,11.078286558345644,33.95348837209302,41.0,446.0,-49,0.6292030512707838,-382.0,-92.97653919604798,0.4566307049140051,7.142857142857142,16.3265306122449,37.5,6.0,10.738255033557047,34.01360544217687,3.629032258064517,11.29032258064516,32.900432900432904,2.717391304347826,8.241758241758241,33.33333333333333,13.0,3.0,2,,
2022-05-12,689,122,565,19,52,188,11,143,4,88,0,41,0,59966007173.01,454795268229.61,3,0,2.798232695139912,7.703703703703704,29.28348909657321,34.0,474.0,-41,0.1318527508134392,-443.0,-98.42865476858992,1.6376541422737936,2.0408163265306123,9.183673469387756,28.125,4.0,9.395973154362416,29.25170068027211,2.409638554216868,7.630522088353414,29.87012987012987,2.7472527472527477,5.58659217877095,29.166666666666668,12.0,3.0,2,,
2022-05-13,683,452,226,44,68,215,106,25,3,76,0,20,1,321586692505.56,247273242431.55,1,0,6.518518518518518,10.134128166915051,33.64632237871675,132.0,341.0,-20,1.300531708741521,226.0,-69.1480703092704,1.5378325546059393,7.142857142857142,12.244897959183673,34.375,10.666666666666668,11.409395973154362,33.33333333333333,3.614457831325301,10.843373493975903,34.1991341991342,6.741573033707865,6.857142857142858,32.72727272727273,9.0,3.0,9,,
2022-05-16,678,464,210,89,110,230,106,24,5,40,0,10,1,346682410549.39,91780385418.61,1,0,13.263785394932937,16.516516516516518,36.10675039246468,223.0,192.0,-10,3.7773039301172338,254.0,-42.36743024500582,0.5849473196760299,16.3265306122449,19.387755102040817,37.11340206185567,17.333333333333336,20.80536912751678,38.095238095238095,9.2,14.056224899598394,35.65217391304348,13.872832369942197,14.705882352941178,34.355828220858896,8.0,2.0,17,,
2022-05-17,671,600,69,164,165,269,204,5,10,30,1,2,1,456691771226.21,24593959210.6,1,0,24.69879518072289,25.03793626707132,42.76629570747218,416.0,54.0,-1,18.56926602648734,531.0,-5.408145838834599,0.4682819537137062,30.612244897959183,27.55102040816326,42.2680412371134,27.33333333333333,26.174496644295303,42.17687074829932,22.0,23.694779116465863,40.69264069264069,22.89156626506024,24.539877300613497,46.75324675324675,7.0,0.0,27,,
2022-05-18,652,316,329,186,172,255,64,19,9,26,3,5,0,287459806662.31,256381312524.98,0,0,28.88198757763975,26.875,41.80327868852459,374.0,48.0,-2,1.121219810567519,-13.0,-0.9809169423640044,0.8566440881046224,28.865979381443296,27.835051546391757,46.875,30.0,28.85906040268457,41.78082191780822,26.8,24.89959839357429,40.51724137931034,31.29251700680272,27.58620689655172,40.44117647058824,6.0,0.0,23,,
2022-05-19,642,81,558,122,132,227,9,156,9,29,2,20,0,70448514454.98,424615355204.6,1,0,19.24290220820189,20.952380952380956,37.833333333333336,277.0,180.0,-18,0.1659113679980662,-477.0,-20.390731651169844,0.8749327552062168,14.432989690721648,19.587628865979383,36.45833333333333,18.0,21.47651006711409,39.04109589041096,19.6,20.48192771084337,37.93103448275862,23.35766423357664,22.22222222222222,37.3015873015873,4.0,0.0,12,,
2022-05-20,632,552,77,213,187,258,130,4,10,20,6,2,0,444708123260.63,39678619537.44,1,0,34.08,30.112721417069245,43.43434343434344,203.0,179.0,4,11.207751893712226,475.0,10.715830431057029,0.6396315011981151,28.865979381443296,31.95876288659793,48.95833333333333,32.666666666666664,30.87248322147651,43.15068493150685,36.54618473895582,28.62903225806452,42.85714285714285,34.88372093023256,30.70866141732284,40.49586776859504,4.0,0.0,28,,
2022-05-23,630,230,395,205,175,247,26,56,6,35,5,7,0,226865007379.13,274408214741.46,4,2,32.958199356913184,28.317152103559877,41.79357021996616,165.0,216.0,-2,0.8267427693186084,-165.0,5.258361859205706,0.7043042922438442,32.29166666666667,32.29166666666667,48.42105263157895,30.0,27.516778523489933,41.78082191780822,31.85483870967742,25.910931174089068,39.56521739130434,39.0625,30.952380952380956,40.833333333333336,7.0,2.0,12,,
2022-05-24,628,162,462,167,142,222,13,73,2,44,2,16,0,156979246349.54,301042385246.15,3,1,26.978998384491117,23.089430894308943,37.81942078364565,169.0,133.0,-14,0.5214523071931698,-300.0,-6.184065579023198,0.6724475964768415,27.55102040816326,30.612244897959183,44.329896907216494,23.64864864864865,19.727891156462583,37.5,25.0,20.647773279352226,36.08695652173913,34.4,26.01626016260163,36.206896551724135,9.0,3.0,11,,
2022-05-25,624,79,544,99,109,193,8,176,2,55,0,41,0,96819517854.29,354237551614.72,1,0,16.176470588235293,17.927631578947366,33.27586206896552,47.0,305.0,-41,0.2733180528517033,-465.0,-24.18642071081381,0.5313245382810033,20.61855670103093,21.649484536082475,42.70833333333333,14.965986394557824,17.80821917808219,31.46853146853147,13.008130081300814,15.918367346938776,31.57894736842105,20.49180327868853,19.166666666666668,30.973451327433622,10.0,3.0,6,,
2022-05-26,623,415,206,138,127,206,59,23,2,52,0,14,0,401843031659.6,153141452617.13,4,2,22.62295081967213,20.95709570957096,35.57858376511226,80.0,272.0,-14,2.62399908576191,209.0,-5.75750224494071,0.7677453539246047,28.865979381443296,27.835051546391757,44.79166666666667,25.0,23.809523809523807,36.11111111111111,17.959183673469386,16.39344262295082,33.18777292576419,24.166666666666668,21.1864406779661,31.818181818181817,13.0,5.0,15,,
2022-05-27,620,445,172,173,142,210,59,11,1,37,0,3,1,332570457879.12,97422335696.3,2,1,28.500823723229,23.50993377483444,36.332179930795846,126.0,210.0,-3,3.4136982602825308,273.0,13.22801055460549,0.7578904475615411,36.08247422680412,29.89690721649485,45.83333333333333,30.405405405405407,26.53061224489796,37.5,24.796747967479675,19.59183673469388,32.751091703056765,27.58620689655172,22.608695652173918,33.94495412844037,14.0,6.0,20,,
2022-05-30,623,510,112,292,189,242,117,13,1,23,3,0,0,400954098936.69,60316034171.18,1,0,47.94745484400657,31.18811881188119,41.796200345423145,235.0,47.0,3,6.647554078220091,398.0,35.64448394544447,0.684999531405191,61.458333333333336,40.625,48.42105263157895,50.67567567567568,31.29251700680272,43.05555555555556,42.44897959183673,28.27868852459016,38.15789473684211,45.0,29.411764705882355,41.96428571428572,11.0,4.0,34,,
2022-05-31,618,338,278,298,210,243,68,25,1,22,4,2,0,553750935704.56,488378048440.53,1,0,49.4195688225539,35.0,42.40837696335078,244.0,49.0,2,1.1338571368487511,60.0,37.73234627488458,1.0722932357321129,61.05263157894737,44.21052631578947,48.93617021276596,54.36241610738255,37.16216216216216,42.75862068965517,43.98340248962656,32.916666666666664,41.333333333333336,44.91525423728814,29.059829059829063,38.53211009174312,9.0,3.0,30,,
2022-06-01,613,321,287,320,220,250,59,12,4,19,7,1,0,230697348254.36,224564706987.82,1,1,53.333333333333336,36.85092127303183,43.85964912280701,244.0,50.0,6,1.027309016402442,34.0,38.02880683518145,1.0887346271635867,56.25,41.66666666666667,49.47368421052632,52.702702702702695,36.054421768707485,40.97222222222222,52.91666666666666,36.40167364016737,44.39461883408072,52.58620689655172,34.78260869565217,41.66666666666667,9.0,4.0,37,,
2022-06-02,614,359,248,353,245,265,49,7,6,14,7,0,1,301230731459.59,157302720229.63,4,4,58.833333333333336,41.03852596314909,46.49122807017544,176.0,44.0,7,1.9149747125787424,111.0,41.94213658005937,0.7559267679372904,60.41666666666666,40.625,52.63157894736842,60.544217687074834,40.41095890410959,43.35664335664335,57.74058577405857,42.436974789915965,45.73991031390135,57.6271186440678,39.31623931623932,46.78899082568808,9.0,6.0,69,,
2022-06-03,612,145,466,304,220,254,13,37,8,17,0,7,0,145084117624.55,323592062494.58,15,3,50.836120401337794,36.97478991596639,44.71830985915493,121.0,56.0,-7,0.4483549951939259,-321.0,23.47832282902969,0.6940009626717263,47.42268041237113,31.95876288659793,48.95833333333333,47.94520547945205,33.10344827586207,42.25352112676056,51.26050420168067,40.08438818565401,43.69369369369369,56.41025641025641,39.6551724137931,46.2962962962963,22.0,8.0,19,,
2022-06-06,614,240,371,287,217,250,23,23,8,12,2,8,1,183819138834.73,206501500646.76,8,2,47.833333333333336,36.40939597315436,43.93673110720562,85.0,67.0,-6,0.8901588524006405,-131.0,17.07437045775417,0.7267245254003536,43.29896907216495,33.33333333333333,47.368421052631575,41.0958904109589,30.344827586206897,39.436619718309856,50.63829787234042,38.46153846153847,42.922374429223744,54.09836065573771,42.14876033057851,48.67256637168141,29.0,10.0,23,,
2022-06-07,611,181,426,229,204,237,12,15,12,7,3,11,0,154213089151.8,237331734324.17,3,0,38.29431438127091,34.40134907251265,41.7989417989418,48.0,75.0,-8,0.6497786298614463,-245.0,5.813619328024828,0.6538882776101453,34.02061855670103,31.25,45.26315789473684,30.612244897959183,24.82758620689655,35.2112676056338,40.0,35.8974358974359,41.6289592760181,47.89915966386555,45.76271186440678,47.70642201834863,31.0,10.0,21,,
2022-06-08,607,248,354,239,194,231,18,18,22,7,2,5,0,187513645973.67,212588977150.22,2,0,40.23569023569024,32.93718166383701,41.03019538188277,53.0,56.0,-3,0.8820478299830606,-106.0,3.106609015466113,0.7942482798975499,34.02061855670103,29.166666666666668,43.15789473684211,31.756756756756754,26.02739726027397,34.96503496503497,41.70212765957447,33.76068376068376,40.090090090090094,53.50877192982456,43.36283185840708,49.51456310679612,32.0,9.0,22,,
2022-06-09,605,330,269,254,200,240,28,7,32,6,3,3,1,261170787113.1,110700008745.57,1,0,42.83305227655986,33.95585738539898,42.5531914893617,58.0,40.0,0,2.359266183197583,61.0,9.126582153151084,0.5199776981475798,46.39175257731959,33.33333333333333,45.26315789473684,38.51351351351352,27.2108843537415,40.27777777777778,38.559322033898304,32.76595744680851,40.625,54.46428571428571,45.94594594594595,47.52475247524752,29.0,5.0,31,,
2022-06-10,598,148,447,203,181,223,11,11,38,6,1,6,1,98605546941.95,264998169349.47,0,0,34.641638225255974,31.09965635738832,39.96415770609319,57.0,36.0,-5,0.3720989740571097,-299.0,-3.771973724894025,0.8898067985997521,30.927835051546392,28.125,42.10526315789473,26.845637583892614,27.027027027027028,39.310344827586206,32.9059829059829,28.75536480686695,37.38738738738739,52.83018867924528,44.761904761904766,44.79166666666667,14.0,2.0,22,,
2022-06-13,593,24,567,85,112,188,2,219,18,7,0,32,0,16197019101.54,378994634489.88,3,1,14.629948364888124,19.410745233968804,33.935018050541515,41.0,237.0,-32,0.0427368031828231,-543.0,-26.98137913199811,0.9904353900072452,12.371134020618555,20.833333333333336,33.68421052631579,13.422818791946307,17.56756756756757,33.10344827586207,14.163090128755366,15.948275862068966,32.432432432432435,19.607843137254903,28.71287128712871,39.130434782608695,9.0,1.0,9,,
2022-06-14,590,256,326,88,110,177,17,23,13,9,0,17,0,186698427765.12,216893291972.16,3,0,15.198618307426598,19.16376306620209,31.949458483754512,30.0,253.0,-17,0.8607847023184296,-70.0,-23.04051385941213,0.9122793092216632,12.12121212121212,21.649484536082475,34.375,12.837837837837837,14.285714285714285,27.77777777777778,12.5,16.450216450216452,29.86425339366516,28.000000000000004,30.303030303030305,40.86021505376344,9.0,1.0,9,,
2022-06-15,592,357,226,104,118,191,29,7,13,12,2,12,1,184124456827.58,143858292477.19,0,0,17.900172117039588,20.48611111111111,34.41441441441441,48.0,249.0,-10,1.279901586881233,131.0,-9.505871482054047,1.2341933425899383,14.14141414141414,20.61855670103093,35.41666666666667,12.162162162162163,16.3265306122449,30.55555555555556,19.313304721030043,18.96551724137931,32.88288288288289,26.73267326732673,30.0,43.01075268817204,7.0,1.0,15,,
2022-06-16,587,51,535,53,66,151,2,176,7,22,1,50,0,22806191225.4,405129490884.21,0,0,9.217391304347826,11.578947368421051,27.55474452554745,48.0,206.0,-49,0.0562935844922685,-484.0,-28.636222892002607,1.693391949784807,6.0606060606060606,9.278350515463918,29.166666666666668,6.081081081081082,8.843537414965986,23.61111111111111,10.775862068965516,11.688311688311687,27.149321266968325,13.541666666666666,17.894736842105264,33.33333333333333,6.0,1.0,7,,
2022-06-17,589,175,409,52,63,141,19,52,9,19,0,52,0,210916790190.74,351781977736.55,0,0,8.996539792387544,11.013986013986017,25.636363636363637,50.0,235.0,-52,0.5995667872124361,-234.0,-32.34949223304862,0.71363669529629,4.040404040404041,8.24742268041237,26.041666666666668,6.756756756756757,8.843537414965986,21.52777777777778,9.956709956709958,10.91703056768559,26.02739726027397,15.0,17.17171717171717,30.76923076923077,6.0,1.0,7,,
2022-06-20,581,115,465,31,41,114,7,187,4,53,1,73,0,123831212820.93,280318205843.95,0,0,5.42907180385289,7.243816254416961,20.91743119266055,28.0,415.0,-72,0.4417523023455188,-350.0,-41.1625900584777,0.5598427594918408,2.0202020202020203,5.154639175257731,20.833333333333336,4.72972972972973,4.761904761904762,17.36111111111111,5.194805194805195,6.956521739130435,20.454545454545457,10.75268817204301,14.130434782608695,28.235294117647054,3.0,0.0,3,,
2022-06-21,573,513,59,82,77,137,192,5,5,15,0,0,0,384220071095.25,17131555357.3,0,0,14.513274336283184,13.799283154121865,25.512104283054004,218.0,244.0,0,22.42762335829177,454.0,-8.2919757489272,0.3876877685759187,14.000000000000002,15.306122448979592,25.773195876288657,13.513513513513514,9.58904109589041,21.67832167832168,11.20689655172414,11.688311688311687,24.774774774774773,25.882352941176475,25.301204819277107,34.66666666666667,0.0,0.0,20,,
2022-06-22,571,134,437,59,69,128,12,50,3,18,0,11,0,74361125265.64,279569908317.47,1,1,10.479573712255773,12.387791741472173,23.83612662942272,211.0,242.0,-11,0.2659840099142503,-303.0,-17.99614063551688,1.1528368028787244,6.0,12.244897959183673,19.587628865979383,7.432432432432432,8.21917808219178,22.377622377622377,11.440677966101696,11.914893617021278,23.555555555555557,18.9873417721519,21.7948717948718,33.33333333333333,1.0,1.0,10,,
2022-06-23,566,414,146,109,91,135,47,4,9,8,1,3,0,315579902296.0,77676947924.28,0,0,19.499105545617173,16.425992779783392,25.233644859813083,251.0,59.0,-2,4.062722734724714,268.0,2.3467790896265086,0.6979596254796607,20.0,16.3265306122449,21.649484536082475,16.216216216216218,12.32876712328767,23.07692307692308,19.742489270386265,15.948275862068966,26.45739910313901,24.35897435897436,25.64102564102564,30.55555555555556,1.0,1.0,28,,
2022-06-24,560,446,110,178,121,161,75,3,13,7,2,0,2,311817165088.64,57514843236.28,0,0,32.12996389891697,22.08029197080292,30.377358490566035,134.0,57.0,2,5.421507693373103,336.0,23.128241559175983,0.7478630823491159,32.0,26.53061224489796,30.927835051546392,31.543624161073826,16.43835616438356,27.27272727272727,32.608695652173914,21.397379912663755,30.909090909090907,32.0,29.33333333333333,34.285714285714285,1.0,1.0,32,,
2022-06-27,554,430,118,250,147,172,48,6,10,5,3,1,0,293936009359.04,74065525344.14,1,1,45.53734061930784,27.121771217712176,32.761904761904766,170.0,13.0,2,3.968594133279795,312.0,39.580750762844914,0.918226372924302,45.0,26.53061224489796,35.051546391752574,44.29530201342282,21.91780821917808,27.972027972027973,46.3519313304721,28.57142857142857,32.88288288288289,46.26865671641791,34.32835820895522,39.68253968253968,2.0,2.0,40,,
2022-06-28,552,290,252,264,160,176,32,9,9,5,4,2,1,230984320757.49,138431320238.62,5,5,48.263254113345525,29.629629629629623,33.587786259541986,155.0,18.0,2,1.6685842507268762,38.0,39.749742378167625,0.6896826757727916,49.0,25.51020408163265,34.02061855670103,44.966442953020135,23.972602739726025,26.573426573426573,50.0,32.608695652173914,36.03603603603604,48.48484848484848,37.87878787878788,40.32258064516129,7.0,7.0,50,,
2022-06-29,543,188,350,243,167,176,15,17,7,6,2,5,1,190950257490.99,241937612919.69,3,2,45.0834879406308,31.390977443609025,34.1747572815534,95.0,32.0,-3,0.7892541188061363,-162.0,29.695481497377703,0.6805702299727815,44.0,27.55102040816326,36.08247422680412,42.28187919463088,28.767123287671232,29.37062937062937,47.80701754385965,32.743362831858406,36.57407407407408,43.54838709677419,38.70967741935484,33.89830508474576,9.0,8.0,42,,
2022-06-30,537,167,364,204,160,167,12,18,6,12,1,2,1,148757544371.78,285244173397.63,3,1,38.27392120075047,30.418250950570343,32.80943025540275,59.0,44.0,-1,0.5215094934276262,-197.0,19.200611036815424,0.8797370221887987,31.0,25.51020408163265,31.95876288659793,29.53020134228188,25.34246575342466,25.874125874125877,45.57522123893805,33.482142857142854,36.44859813084112,44.82758620689656,39.6551724137931,38.18181818181819,12.0,9.0,41,,
2022-07-01,533,313,210,232,151,169,18,14,5,13,2,2,0,230276015483.33,199491395853.43,3,2,43.77358490566038,28.816793893129773,33.33333333333333,45.0,49.0,0,1.154315525730834,103.0,25.131493737850608,1.2912207773801905,39.0,21.428571428571427,29.89690721649485,44.966442953020135,28.08219178082192,29.37062937062937,41.96428571428572,31.390134529147986,36.15023474178404,56.14035087719298,33.33333333333333,38.88888888888889,15.0,11.0,47,,
2022-07-04,524,329,188,272,172,173,36,4,5,6,8,1,1,252133540129.69,105646660353.39,2,1,52.30769230769232,33.398058252427184,34.66933867735471,66.0,36.0,7,2.3865736908890325,141.0,31.976740978546427,0.7332687889256418,41.0,25.252525252525253,34.69387755102041,56.375838926174495,32.41379310344827,29.577464788732392,52.702702702702695,35.13513513513514,36.32075471698113,61.224489795918366,44.89795918367347,42.5531914893617,16.0,11.0,59,,
2022-07-05,525,240,278,279,182,176,16,10,4,7,2,1,0,181967967829.4,184127573108.23,4,1,53.55086372360845,35.27131782945737,35.27054108216433,70.0,28.0,1,0.988271146779518,-38.0,28.719543664448626,0.8735551526838098,40.0,24.24242424242424,36.734693877551024,59.06040268456376,35.172413793103445,30.28169014084507,53.09734513274337,37.16814159292036,35.648148148148145,67.3913043478261,50.0,46.51162790697674,15.0,7.0,30,,
2022-07-06,525,356,163,318,215,194,44,7,6,9,6,1,1,319668950225.34,101173356356.84,8,5,61.03646833013436,41.66666666666667,38.8,96.0,21.0,5,3.159615947679572,193.0,37.34104224257276,0.6912387821559677,54.0,32.323232323232325,38.775510204081634,68.45637583892618,44.82758620689656,36.17021276595745,58.48214285714286,41.96428571428572,40.0,64.58333333333334,50.0,41.30434782608695,20.0,10.0,61,,
2022-07-07,520,397,115,378,252,201,61,2,7,6,6,0,1,325674297815.72,94089173072.53,10,8,73.25581395348837,49.31506849315068,40.524193548387096,121.0,19.0,6,3.461336593580956,282.0,48.97571831565604,0.9973528490252958,68.0,39.39393939393939,40.81632653061224,79.86577181208054,48.63013698630137,38.732394366197184,73.66071428571429,52.46636771300448,42.32558139534884,60.46511627906976,58.13953488372093,36.58536585365854,27.0,17.0,82,,
2022-07-08,523,270,244,380,258,208,27,4,10,8,5,0,0,258357074456.14,123829491534.34,7,6,73.21772639691714,50.19455252918288,41.68336673346693,132.0,13.0,5,2.086393727818008,26.0,45.87848776656396,0.5303684353990272,66.0,43.43434343434344,43.87755102040816,78.52348993288591,50.68493150684932,37.32394366197183,73.77777777777777,53.57142857142857,43.25581395348837,68.88888888888889,46.66666666666666,43.18181818181818,31.0,21.0,87,,
2022-07-11,524,364,154,417,281,228,53,6,12,4,10,1,0,289501025724.35,126221617665.8,23,14,80.34682080924856,54.6692607003891,45.6,141.0,12.0,9,2.293593055437372,210.0,52.200963208257406,1.0305386816693316,69.0,46.464646464646464,44.89795918367347,82.5503355704698,56.84931506849316,45.77464788732394,85.26785714285714,58.29596412556054,46.26168224299065,73.91304347826086,47.82608695652174,43.47826086956522,52.0,34.0,90,,
2022-07-12,528,167,355,389,272,219,17,6,23,2,4,1,1,125561206575.36,236607130153.31,20,8,74.37858508604207,52.5096525096525,43.538767395626245,97.0,16.0,3,0.5306738072263604,-188.0,37.44567489486403,0.8864626985642944,62.0,41.41414141414141,42.85714285714285,75.83892617449665,52.73972602739726,39.436619718309856,79.20353982300885,57.333333333333336,46.75925925925926,72.91666666666666,52.083333333333336,42.5531914893617,68.0,41.0,78,,
2022-07-13,530,243,280,386,285,223,18,13,16,2,2,2,0,187054809017.83,191341038874.0,8,3,73.38403041825094,54.70249520153551,44.07114624505929,88.0,25.0,0,0.9775990039492128,-37.0,32.19267501243836,0.8877434810707201,61.0,43.43434343434344,44.89795918367347,76.66666666666667,56.4625850340136,41.25874125874126,78.26086956521739,58.515283842794766,45.0,65.21739130434783,54.34782608695652,46.66666666666666,68.0,39.0,67,,
2022-07-14,528,200,326,357,266,219,10,15,12,2,1,6,0,163032503795.83002,212080101853.03,28,9,68.12977099236642,51.252408477842,43.45238095238096,45.0,34.0,-5,0.7687307879020653,-126.0,23.09039673790222,0.7980647349764995,60.0,43.43434343434344,43.87755102040816,68.0,48.97959183673469,41.25874125874126,73.47826086956522,55.021834061135365,44.54545454545455,59.09090909090909,56.81818181818182,44.18604651162791,86.0,40.0,48,,
2022-07-15,530,318,205,368,294,232,29,4,25,2,3,4,1,224424166259.74,150044196012.47,12,9,69.96197718631178,56.4299424184261,45.8498023715415,57.0,32.0,-1,1.495720409212552,113.0,27.142496829484315,1.0371052655568085,59.0,46.464646464646464,45.91836734693878,72.0,54.729729729729726,45.83333333333333,74.02597402597402,60.69868995633188,46.36363636363636,66.66666666666666,62.22222222222222,43.18181818181818,91.0,43.0,57,,
2022-07-18,528,420,105,425,334,247,61,2,38,1,11,0,2,338170994417.05,62445849578.78,12,8,80.95238095238095,64.10748560460652,48.91089108910891,100.0,21.0,11,5.415427873880114,315.0,40.57132992363958,0.7386304634012288,76.0,57.57575757575758,50.0,84.0,64.1891891891892,48.61111111111111,81.38528138528139,66.08695652173913,48.63636363636364,79.54545454545455,68.18181818181817,48.837209302325576,80.0,37.0,58,,
2022-07-19,537,348,186,452,356,264,42,0,79,0,11,0,4,304268324384.57,97726965061.81,8,3,84.6441947565543,67.16981132075472,51.36186770428015,132.0,6.0,11,3.1134531210718297,162.0,44.20012556952413,0.600930114949471,79.0,61.61616161616161,50.0,87.33333333333333,67.56756756756756,50.0,84.54935622317596,67.67241379310344,51.80180180180181,88.23529411764706,74.50980392156863,56.00000000000001,68.0,32.0,67,,
2022-07-20,539,287,247,474,382,269,31,10,45,0,4,0,1,322346039969.28,133436157485.02,13,8,88.43283582089553,71.80451127819549,52.13178294573644,134.0,12.0,4,2.415732332561118,40.0,40.98174521890781,0.4809900932220352,87.0,64.64646464646465,52.04081632653062,87.33333333333333,71.62162162162163,50.69444444444444,90.43478260869566,73.36244541484717,52.96803652968036,85.71428571428571,78.57142857142857,52.72727272727272,73.0,37.0,69,,
2022-07-21,544,377,160,483,401,280,36,6,62,0,17,1,1,365736739158.72,90559271746.79,22,12,89.27911275415896,74.67411545623837,53.74280230326296,109.0,16.0,16,4.038644879801433,217.0,46.87512129303632,0.5834258941122472,88.0,69.6969696969697,52.04081632653062,91.33333333333331,77.02702702702703,53.47222222222222,90.04329004329004,74.34782608695653,55.90909090909091,83.33333333333334,78.33333333333333,49.15254237288136,67.0,40.0,87,,
2022-07-22,554,256,291,487,407,291,24,9,57,0,11,0,0,264005368073.23,160362795386.74,26,13,88.54545454545455,74.54212454212454,54.90566037735849,91.0,25.0,11,1.6463006112891692,-35.0,39.079582229951015,0.5343647933300385,88.0,67.67676767676768,55.10204081632652,90.0,74.14965986394559,55.24475524475524,88.8412017167382,77.6824034334764,55.60538116591929,85.07462686567165,74.6268656716418,51.51515151515152,81.0,44.0,74,,
2022-07-25,554,212,340,447,384,287,15,10,42,1,6,0,0,196172527229.28,224906477233.71,28,20,81.27272727272728,70.32967032967034,54.15094339622642,75.0,25.0,6,0.8722404514185187,-128.0,27.568998419863316,0.7148595444646763,85.0,68.68686868686868,53.06122448979592,80.0,70.06802721088435,54.54545454545454,81.62393162393163,70.94017094017094,56.25,77.27272727272727,71.21212121212122,47.69230769230769,97.0,56.0,69,,
2022-07-26,557,134,419,374,345,273,10,45,30,2,2,2,0,138540492320.59,285150818527.95,41,10,67.63110307414105,62.727272727272734,51.21951219512195,49.0,64.0,0,0.4858498847584773,-285.0,9.739604270139017,0.6582466709267452,70.0,62.0,52.04081632653062,70.66666666666667,65.3061224489796,49.65034965034965,66.23931623931624,61.53846153846154,52.67857142857143,62.31884057971014,62.31884057971014,48.52941176470589,130.0,63.0,42,,
2022-07-27,560,335,219,403,367,282,23,11,31,3,7,3,0,302612482312.53,101712253653.44,35,16,72.48201438848922,66.48550724637681,52.71028037383177,48.0,66.0,4,2.9751821579296545,116.0,14.496774250774047,0.5141467930693915,75.0,65.0,54.08163265306123,78.66666666666666,72.10884353741497,54.54545454545454,70.042194092827,64.83050847457628,53.09734513274337,63.76811594202898,62.31884057971014,45.588235294117645,152.0,71.0,55,,
2022-07-28,563,348,212,427,403,299,33,13,36,2,7,2,3,424644331534.66,110568875371.67,18,7,76.66068222621185,73.0072463768116,55.99250936329588,66.0,69.0,5,3.8405412925404736,136.0,19.49167071296313,0.4274161658281311,86.0,75.0,58.16326530612245,76.66666666666667,74.82993197278913,56.64335664335665,72.5,70.58823529411765,54.82456140350877,77.61194029850746,74.6268656716418,55.38461538461539,148.0,66.0,55,,
2022-07-29,563,405,149,465,423,321,60,10,45,1,16,1,3,472503590521.2,90830544314.34,12,10,83.33333333333334,76.49186256781194,60.0,116.0,34.0,15,5.202034118456812,256.0,29.66484883456998,0.5225111453470168,88.0,79.0,62.24489795918368,86.66666666666667,78.2312925170068,60.83916083916085,80.41666666666667,74.78991596638656,60.526315789473685,79.41176470588235,75.0,53.03030303030303,134.0,63.0,67,,
2022-08-01,575,425,148,497,462,340,85,8,61,1,23,0,7,457301786641.98,77169449124.76,14,12,87.34622144112478,81.91489361702128,62.38532110091744,178.0,31.0,23,5.925943385997991,277.0,39.26459188437099,0.4845847208744486,93.0,85.0,65.3061224489796,87.33333333333333,85.8108108108108,63.888888888888886,84.29752066115702,79.9163179916318,61.135371179039296,89.6103896103896,76.62337662337663,59.45945945945946,120.0,55.0,69,,
2022-08-02,585,314,265,500,482,351,43,12,64,0,17,0,5,366399689314.11,199041017236.07,28,25,86.35578583765113,83.82608695652173,63.24324324324324,188.0,30.0,17,1.8408250440136489,49.0,35.876049232529,0.64368184485031,92.0,83.0,64.28571428571429,83.33333333333334,85.23489932885906,63.19444444444444,84.8360655737705,83.47107438016529,62.5,89.41176470588236,83.33333333333334,64.19753086419753,107.0,70.0,89,,
2022-08-03,589,189,393,471,457,346,18,19,55,0,10,1,1,227485682129.85,289660384888.77,48,25,80.78902229845626,78.92918825561313,61.78571428571429,146.0,39.0,9,0.7853531031425123,-204.0,20.149465019041443,0.6123564401923333,92.0,84.0,65.3061224489796,76.66666666666667,77.85234899328859,57.638888888888886,78.45528455284553,78.27868852459017,64.1025641025641,81.60919540229885,76.74418604651163,58.333333333333336,120.0,79.0,78,,
2022-08-04,592,271,317,456,457,345,34,11,51,0,10,0,0,332436272571.75,226672871184.95,59,26,77.81569965870307,78.52233676975945,61.278863232682056,95.0,42.0,10,1.4665904694898582,-46.0,14.50248819141438,0.5829095495232076,89.0,85.0,66.3265306122449,76.0,76.35135135135135,56.64335664335665,73.68421052631578,78.45528455284553,63.983050847457626,79.7752808988764,75.0,55.81395348837209,161.0,98.0,82,,
2022-08-05,596,300,287,449,451,350,29,20,38,1,11,0,2,293244416024.39,235383720457.18,57,16,75.97292724196278,76.70068027210884,61.61971830985915,81.0,50.0,11,1.2458143471214942,13.0,12.551810562836168,0.8390464997152963,87.0,84.0,69.38775510204081,76.66666666666667,77.18120805369128,58.04195804195804,71.54471544715447,75.51020408163265,63.82978723404256,74.73684210526315,71.27659574468085,53.2608695652174,206.0,104.0,64,,
2022-08-08,606,324,276,462,451,356,39,14,50,2,14,2,3,288055202830.72003,143615110953.99,23,11,77.0,75.4180602006689,61.5916955017301,102.0,45.0,12,2.005744388019199,48.0,12.571222137587618,0.5852754969627886,88.0,82.0,67.3469387755102,77.33333333333333,75.83892617449665,58.74125874125874,73.79032258064517,73.68421052631578,64.13502109704642,73.52941176470588,72.54901960784314,54.0,215.0,103.0,63,,
2022-08-10,610,253,350,429,445,349,31,35,38,3,18,1,2,286432532295.03,220235763992.94,31,15,71.02649006622516,73.9202657807309,60.06884681583477,99.0,69.0,17,1.3005722917201226,-97.0,5.274962923312167,0.5557992796395039,88.0,82.0,68.36734693877551,72.66666666666667,74.66666666666667,56.25,65.18218623481782,70.61224489795919,62.97872340425532,66.35514018691589,72.89719626168224,50.96153846153846,218.0,93.0,54,,
2022-08-11,615,350,260,441,458,363,37,12,47,2,14,0,5,342589675220.97003,132757030493.85,28,16,72.41379310344827,75.32894736842105,62.05128205128205,107.0,61.0,14,2.580576515959662,90.0,8.3602864804901,0.5216484912687195,89.0,85.0,70.40816326530613,74.66666666666667,78.0,61.80555555555556,65.46184738955823,72.17741935483872,63.29113924050633,70.0,70.0,51.886792452830186,198.0,84.0,58,,
2022-08-12,625,331,287,453,467,373,30,13,51,2,11,0,4,333541025033.75,173648409136.52,18,10,73.30097087378641,75.68881685575364,63.00675675675676,98.0,60.0,11,1.92078364951518,44.0,8.65643668947478,0.6004372771606634,90.0,88.0,71.42857142857143,76.0,78.0,62.5,64.65863453815261,70.96774193548387,62.71186440677966,73.94957983193278,72.26890756302521,57.01754385964912,157.0,68.0,56,,
2022-08-16,629,433,190,482,493,387,63,15,71,2,30,0,3,438021779705.19,96197780008.53,24,12,77.491961414791,79.2604501607717,65.04201680672269,130.0,40.0,30,4.55334603008874,243.0,18.816362934709304,0.5004994905640059,94.0,93.0,71.1340206185567,80.0,80.0,66.20689655172414,68.67469879518072,74.69879518072288,65.53191489361701,78.86178861788618,76.42276422764228,57.6271186440678,124.0,64.0,75,,
2022-08-17,638,380,254,516,522,417,41,6,71,3,17,1,2,416832863082.15,133080116114.74,22,17,81.64556962025317,82.59493670886076,69.03973509933775,134.0,34.0,16,3.132194915751065,126.0,21.55901805971128,0.4776404509829955,96.0,97.0,76.28865979381443,84.66666666666667,83.33333333333334,70.13888888888889,72.98387096774194,78.2258064516129,68.08510638297872,83.5820895522388,79.1044776119403,64.0625,123.0,70.0,82,,
2022-08-18,643,341,298,523,524,417,36,6,67,1,12,0,1,311897470974.8,226638054476.57,27,14,82.10361067503925,82.26059654631082,68.58552631578947,140.0,27.0,12,1.3761919713577675,43.0,19.646193101289413,0.8314939527546054,95.0,93.0,75.25773195876289,82.66666666666667,82.66666666666667,71.52777777777779,74.59677419354838,77.82258064516128,66.66666666666666,85.61151079136691,82.01438848920863,63.90977443609023,119.0,69.0,81,,
2022-08-19,646,171,472,477,509,402,18,20,52,2,9,1,2,203974318683.37,406369598319.31,50,17,74.53125,79.53125,65.79378068739771,95.0,32.0,8,0.5019428607036066,-301.0,0.7124967963322639,0.7217716675666569,85.0,90.0,73.19587628865979,76.0,78.0,64.33566433566433,67.46987951807229,74.29718875502009,66.66666666666666,78.01418439716312,82.97872340425532,60.44776119402984,141.0,70.0,57,,
2022-08-22,650,145,502,362,465,382,29,41,55,4,8,3,2,109571771921.31,389546981946.22,33,4,56.12403100775194,72.09302325581395,62.11382113821138,83.0,67.0,5,0.2812799918866711,-357.0,-18.279376028387755,1.0268935930228589,62.0,83.0,67.3469387755102,50.66666666666667,69.33333333333334,60.13986013986013,54.47154471544715,68.69918699186992,63.94849785407726,60.40268456375839,73.15436241610739,57.44680851063831,156.0,64.0,43,,
2022-08-23,651,449,194,406,479,393,49,6,58,4,12,1,2,353866642983.1,163297632626.26,34,11,62.848297213622295,74.14860681114551,63.798701298701296,96.0,67.0,11,2.1670041218110985,255.0,-3.826030413381435,1.0680334967505314,72.0,84.0,67.3469387755102,58.66666666666666,72.66666666666667,60.83916083916085,59.7560975609756,72.35772357723577,64.37768240343348,66.0,72.0,63.38028169014085,166.0,63.0,53,,
2022-08-24,656,430,217,448,511,406,53,2,60,4,22,1,0,296608671394.67,172298726376.19998,24,10,68.81720430107528,78.49462365591397,65.37842190016103,131.0,49.0,21,1.7214791869502828,213.0,6.450710239515882,1.151083809376155,75.0,84.0,68.36734693877551,66.66666666666666,76.0,63.63636363636363,64.37246963562752,75.30364372469636,65.8119658119658,74.02597402597402,82.46753246753246,64.38356164383562,168.0,56.0,58,,
2022-08-25,662,313,347,474,523,422,36,7,60,2,16,0,0,248056809514.83,246259469568.03,9,3,72.2560975609756,79.72560975609755,67.41214057507987,138.0,15.0,16,1.0072985617566412,-34.0,2.855069946545502,0.895481563572614,70.0,84.0,70.40816326530613,64.66666666666666,75.33333333333333,66.90140845070422,70.16129032258065,77.41935483870968,67.23404255319149,84.17721518987342,84.81012658227847,66.22516556291392,150.0,45.0,58,,
2022-08-26,671,381,281,506,540,438,45,9,70,2,16,0,4,319475305479.64,150430084124.49,13,7,75.86206896551724,80.95952023988005,68.97637795275591,134.0,18.0,16,2.123746106631536,100.0,6.466522146323104,0.6384340773537844,74.0,85.0,73.46938775510205,70.66666666666667,76.0,66.90140845070422,72.98387096774194,78.2258064516129,68.51063829787233,85.79881656804734,86.98224852071006,68.75,113.0,35.0,62,,
2022-08-29,677,204,471,443,516,419,34,18,70,2,16,2,4,169325763650.28,316731869361.57,20,9,65.92261904761905,76.78571428571429,65.46875,115.0,34.0,14,0.5346028613779424,-267.0,-8.828018833598666,0.8101734023493775,63.63636363636363,78.78787878787878,70.10309278350515,52.66666666666666,73.33333333333333,63.38028169014085,64.51612903225806,72.98387096774194,66.80851063829788,80.57142857142857,84.0,62.65060240963856,100.0,40.0,51,,
2022-08-30,678,551,121,533,547,444,67,5,73,1,23,0,1,551074561192.89,51193310860.96,25,15,79.08011869436203,81.15727002967358,68.94409937888199,146.0,32.0,23,10.764581386220504,430.0,12.989288722736212,0.4230279696796733,83.83838383838383,84.84848484848484,73.19587628865979,77.33333333333333,78.66666666666666,68.53146853146853,73.49397590361446,77.10843373493977,68.64406779661016,85.79545454545455,86.93181818181817,67.26190476190477,91.0,44.0,72,,
2022-09-01,690,338,342,530,559,457,53,10,78,1,24,0,2,286240112900.96,300492122856.06,23,17,77.25947521865889,81.4868804664723,69.8776758409786,154.0,33.0,24,0.9525711029638974,-4.0,9.878140239788864,1.0375121505283669,76.76767676767676,79.7979797979798,71.1340206185567,72.0,79.33333333333333,69.93006993006993,74.69879518072288,79.11646586345381,70.76271186440678,85.1063829787234,87.2340425531915,67.97752808988764,90.0,51.0,75,,
2022-09-02,690,262,424,509,554,452,43,15,65,1,24,3,0,258312219432.69,260830541638.77,19,13,74.19825072886297,80.75801749271136,69.1131498470948,163.0,30.0,21,0.9903449872462878,-162.0,-0.7312824143300638,0.6239487615523376,66.66666666666666,78.78787878787878,71.1340206185567,64.66666666666666,76.0,67.13286713286713,73.79032258064517,78.2258064516129,71.48936170212767,86.24338624338624,88.88888888888889,66.4804469273743,100.0,61.0,80,,
2022-09-05,694,433,258,526,562,467,58,7,69,1,30,3,2,341979167664.24,128935087186.86,27,19,76.23188405797102,81.44927536231884,70.75757575757575,154.0,32.0,27,2.652335955445739,175.0,7.051317628469896,0.6327609329419828,71.71717171717171,79.7979797979798,72.16494845360825,66.66666666666666,76.0,68.05555555555556,76.0,80.0,72.15189873417721,86.38743455497382,88.48167539267016,70.32967032967034,114.0,73.0,88,,
2022-09-06,698,307,386,537,569,471,39,16,67,2,17,2,1,283151165763.19,215737654614.6,31,12,77.37752161383285,81.98847262247838,70.93373493975903,140.0,38.0,15,1.312479113898867,-79.0,0.9701840769215196,0.6059805288650495,76.76767676767676,80.8080808080808,71.1340206185567,71.33333333333334,78.66666666666666,70.13888888888889,75.2,79.60000000000001,71.72995780590718,85.12820512820512,88.2051282051282,70.43010752688173,125.0,76.0,83,,
2022-09-07,702,437,253,554,588,487,64,8,85,2,21,3,2,317206821757.23,274027013072.35,24,15,79.36962750716332,84.2406876790831,72.90419161676647,161.0,31.0,18,1.157575007663494,184.0,8.915963969963045,1.4921475635165438,73.46938775510205,78.57142857142857,71.875,77.33333333333333,85.33333333333334,72.22222222222221,77.2,82.0,72.9957805907173,86.5,89.0,73.82198952879581,124.0,76.0,87,,
2022-09-08,705,415,279,572,603,499,43,10,84,1,24,1,3,356550864409.4,183028554872.7,33,24,81.71428571428572,86.14285714285714,74.36661698956782,146.0,34.0,23,1.9480614085457224,136.0,13.265025958663742,0.7635566264017517,73.46938775510205,81.63265306122449,70.10309278350515,78.0,84.0,73.61111111111111,83.53413654618474,87.95180722891565,75.63025210084034,86.20689655172413,87.68472906403942,75.52083333333334,134.0,83.0,88,,
2022-09-09,710,285,418,564,603,501,30,19,73,2,14,1,4,307986522119.21,211244409956.97,31,14,80.2275960170697,85.77524893314367,74.33234421364985,137.0,37.0,13,1.4579629453008776,-133.0,3.46714882920951,0.4676512417655964,82.6530612244898,86.73469387755102,73.19587628865979,75.33333333333333,83.33333333333334,71.52777777777779,78.714859437751,85.14056224899599,75.21008403361344,84.46601941747572,87.86407766990291,75.8974358974359,146.0,84.0,79,,
2022-09-12,717,471,240,592,619,517,58,7,78,1,21,0,5,377991028990.25,112035467478.47,39,25,83.26300984528832,87.0604781997187,75.69546120058565,131.0,36.0,21,3.373851490938698,231.0,13.272628139380087,0.5816794263976268,88.77551020408163,87.75510204081633,74.22680412371135,80.66666666666666,86.0,72.22222222222221,80.4,87.2,78.24267782426779,85.91549295774648,87.32394366197182,75.86206896551724,158.0,90.0,83,,
2022-09-13,721,345,368,612,622,525,41,11,73,1,25,2,4,393637274841.79,160025537379.31,33,19,85.5944055944056,87.11484593837535,76.53061224489795,129.0,37.0,23,2.4598403560348494,-23.0,8.889949808879045,0.3811222942578303,90.81632653061224,88.77551020408163,76.28865979381443,86.0,87.33333333333333,72.91666666666666,82.8,84.8,78.66108786610879,86.17511520737328,88.88888888888889,76.69902912621359,160.0,97.0,88,,
2022-09-14,725,273,448,558,607,527,49,9,74,1,27,2,5,380966289080.56,285049163519.17,30,21,77.60778859527122,84.54038997214485,76.37681159420289,148.0,27.0,25,1.3364932714666236,-175.0,-2.501689912743742,0.4559506680727932,79.59183673469387,83.6734693877551,78.35051546391753,74.66666666666667,83.33333333333334,70.83333333333334,74.4,83.2,76.98744769874477,82.35294117647058,87.27272727272727,78.57142857142857,166.0,103.0,86,,
2022-09-15,730,307,418,542,598,522,42,16,75,0,30,2,3,322918982128.51,287209000489.71,48,21,74.86187845303867,82.71092669432917,75.0,132.0,36.0,28,1.1243344796921828,-111.0,-9.029033425167508,0.6532306658127445,70.40816326530613,79.59183673469387,76.28865979381443,71.33333333333334,79.33333333333333,72.91666666666666,73.89558232931726,81.92771084337349,75.73221757322176,80.1762114537445,87.16814159292035,75.0,181.0,100.0,76,,
2022-09-16,744,88,654,393,533,489,15,176,57,0,6,4,2,96678642971.77,770609342751.42,37,8,53.32428765264586,72.41847826086956,69.0677966101695,106.0,201.0,2,0.1254573979424957,-566.0,-37.314766961164,1.0725280225022866,51.02040816326531,71.42857142857143,65.97938144329896,50.33557046979866,66.44295302013423,67.13286713286713,52.8,71.6,74.27385892116183,56.66666666666666,77.40585774058577,66.07929515418502,187.0,94.0,45,,
2022-09-19,742,330,405,368,499,484,55,30,53,0,12,5,5,355523954411.89,186100792757.6,40,18,50.06802721088436,67.98365122615803,68.45827439886845,112.0,222.0,7,1.9103838793151573,-75.0,-36.76249529963518,0.4265188916412512,55.10204081632652,67.3469387755102,69.0721649484536,42.28187919463088,62.41610738255034,65.73426573426573,48.0,66.8,71.07438016528926,55.04201680672269,72.9957805907173,67.11111111111111,188.0,87.0,46,,
2022-09-20,751,529,218,441,556,505,76,7,65,0,17,1,2,439221266769.27,92183842549.82,37,13,59.2741935483871,74.83176312247645,70.53072625698324,146.0,213.0,16,4.764623112037194,311.0,-16.806490552529855,0.5092964223039291,67.3469387755102,76.53061224489795,71.1340206185567,52.66666666666666,68.66666666666667,66.66666666666666,58.63453815261044,75.1004016064257,75.51867219917013,60.72874493927125,77.64227642276423,67.52136752136752,192.0,81.0,52,,
2022-09-21,753,201,550,389,529,494,26,34,65,1,11,3,1,168107026766.49,358809182253.45,10,3,52.14477211796247,71.00671140939598,68.80222841225627,157.0,71.0,8,0.4685137256263001,-349.0,-32.66007404099216,0.7800295390834343,58.16326530612245,72.44897959183673,71.1340206185567,46.66666666666666,66.0,64.82758620689654,52.41935483870967,70.56451612903226,72.80334728033473,52.8,73.89558232931726,66.24472573839662,172.0,63.0,44,,
2022-09-22,757,413,336,413,542,506,41,10,56,1,13,4,2,303756099687.83,229366001471.45,9,1,54.99334221038615,72.26666666666667,70.08310249307479,143.0,51.0,9,1.3243292281294778,77.0,-24.751587553422464,0.9281428217081475,58.16326530612245,70.40816326530613,72.16494845360825,53.333333333333336,67.33333333333333,65.51724137931035,54.03225806451613,72.17741935483872,74.89539748953975,55.68627450980392,75.98425196850394,67.21991701244814,133.0,43.0,49,,
2022-09-23,758,76,677,276,462,471,8,76,37,1,4,7,1,71016115448.51,446523538036.88,16,2,36.70212765957447,61.51797603195739,65.14522821576763,75.0,120.0,-3,0.1590422663063386,-601.0,-51.766073668783264,0.7058499169124854,31.63265306122449,62.24489795918368,67.0103092783505,30.666666666666664,52.66666666666666,58.9041095890411,38.30645161290322,63.30645161290322,69.32773109243698,40.625,64.70588235294117,64.0495867768595,112.0,37.0,23,,
2022-09-26,752,57,695,130,297,400,5,325,20,3,1,21,1,63854957749.8,520486278789.57,14,1,17.426273458445042,39.91935483870967,55.78800557880056,54.0,411.0,-20,0.122683268228126,-638.0,-76.45462892907285,0.6685050836492653,13.131313131313131,41.83673469387755,59.79381443298969,19.33333333333333,34.66666666666667,50.0,17.338709677419356,41.12903225806452,58.9958158995816,18.072289156626507,41.12903225806452,54.46808510638298,86.0,20.0,16,,
2022-09-27,751,431,312,163,323,403,49,24,20,5,1,7,1,259993170565.82,248624193997.25,12,1,21.90860215053764,43.53099730458221,56.36363636363636,62.0,425.0,-6,1.04572755525432,119.0,-59.33107053197506,1.3210039741893371,16.161616161616163,38.775510204081634,57.73195876288659,22.818791946308725,37.58389261744966,52.41379310344828,23.790322580645164,46.774193548387096,60.66945606694561,21.774193548387096,45.74898785425101,53.84615384615385,61.0,8.0,21,,
2022-09-28,746,263,479,157,310,390,19,25,16,6,2,7,1,168957418525.34,287203393602.5,2,0,21.24492557510149,42.06241519674355,55.00705218617772,73.0,374.0,-5,0.5882848959618605,-216.0,-61.14377274979657,0.9333242219312246,13.131313131313131,34.69387755102041,55.67010309278351,23.48993288590604,39.59731543624161,50.69444444444444,20.967741935483872,43.14516129032258,58.333333333333336,23.456790123456788,45.45454545454545,53.94736842105263,53.0,5.0,16,,
2022-09-29,736,438,289,192,334,394,38,14,14,4,5,6,1,306690810364.41,285165628059.91003,2,1,26.337448559670783,45.94222833562586,56.285714285714285,106.0,63.0,-1,1.0754830883754958,149.0,-44.13791428228498,1.409200154458316,17.17171717171717,40.81632653061224,56.70103092783505,27.516778523489933,42.28187919463088,52.083333333333336,26.506024096385545,46.98795180722892,59.25925925925925,29.310344827586203,49.35064935064935,55.55555555555556,46.0,5.0,26,,
2022-09-30,725,563,160,268,385,410,66,4,13,4,8,0,1,446884347661.03,96453687774.05,1,0,37.32590529247911,53.7709497206704,59.33429811866859,123.0,43.0,8,4.6331494209727895,403.0,-16.67721572115115,0.7594725920281657,33.33333333333333,54.08163265306123,63.91752577319587,34.22818791946309,46.97986577181208,54.16666666666666,38.152610441767074,53.81526104417671,61.72839506172839,40.27149321266968,58.18181818181818,57.971014492753625,31.0,3.0,40,,
2022-10-03,721,214,504,217,340,397,23,47,13,3,11,1,1,119786391846.97,356253382380.38,3,1,30.392156862745097,47.752808988764045,57.78748180494906,127.0,65.0,10,0.3362393110392178,-290.0,-27.76493237277598,1.2628005133928266,19.19191919191919,37.755102040816325,59.79381443298969,24.832214765100677,40.939597315436245,53.47222222222222,34.53815261044177,51.00401606425703,59.25925925925925,34.56221198156682,53.24074074074075,58.12807881773399,20.0,3.0,29,,
2022-10-04,716,609,105,333,411,420,86,1,12,5,14,0,2,423155087217.91,28335957510.21,4,3,46.901408450704224,58.13295615275813,61.58357771260997,175.0,52.0,14,14.933502319991796,504.0,2.59389455194868,0.3883884621114912,47.474747474747474,62.24489795918368,64.94845360824742,45.33333333333333,55.70469798657718,57.638888888888886,46.98795180722892,57.0281124497992,62.55144032921811,47.64150943396226,59.24170616113744,61.61616161616161,12.0,5.0,48,,
2022-10-06,713,517,190,412,443,431,80,2,25,2,15,0,3,390289194006.75,119988881409.82,2,1,58.19209039548022,62.83687943262412,63.382352941176464,189.0,50.0,15,3.2527113297583283,327.0,19.68772209982852,0.8365490680604348,60.60606060606061,65.3061224489796,68.04123711340206,54.0,58.38926174496645,56.94444444444444,57.42971887550201,61.04417670682732,65.02057613168725,60.95238095238096,66.98564593301435,63.775510204081634,12.0,6.0,58,,
2022-10-07,711,352,352,417,440,433,35,4,19,1,15,1,0,242699741671.88,199929413322.94,9,4,58.98161244695898,62.5,63.67647058823529,201.0,7.0,14,1.2139271437757604,0.0,17.85450604276664,0.8237726663641706,58.58585858585859,65.3061224489796,67.0103092783505,54.0,58.38926174496645,56.94444444444444,58.23293172690763,60.6425702811245,65.4320987654321,63.63636363636363,66.34615384615384,64.79591836734694,19.0,9.0,52,,
2022-10-10,704,205,493,358,407,411,24,19,20,2,7,1,0,166735560615.14,239630375500.5,5,3,51.21602288984263,58.561151079136685,61.16071428571429,139.0,25.0,6,0.6958031103815222,-288.0,1.797833783764899,0.5976137427528829,54.54545454545454,64.28571428571429,67.0103092783505,50.0,53.69127516778524,56.55172413793104,49.2,56.00000000000001,62.55144032921811,53.0,62.62626262626263,59.89304812834224,23.0,12.0,47,,
2022-10-11,699,94,603,262,358,384,10,65,17,2,1,5,0,62517654989.94,394445502081.8,10,2,37.752161383285305,51.8840579710145,57.48502994011976,69.0,88.0,-4,0.1584950383766199,-509.0,-22.98961016660042,0.9835464384927496,30.303030303030305,48.97959183673469,61.855670103092784,38.0,47.651006711409394,52.41379310344828,36.14457831325301,51.80722891566265,59.25925925925925,43.36734693877551,56.70103092783505,56.830601092896174,30.0,13.0,22,,
2022-10-12,688,368,313,267,359,386,23,11,14,2,4,2,0,291924179158.87,115131557841.58,5,0,39.0922401171303,52.8718703976436,58.48484848484848,57.0,95.0,2,2.5355704780834727,55.0,-15.867926693329764,0.4636900689618891,37.37373737373738,58.16326530612245,65.97938144329896,44.0,48.32214765100672,53.79310344827586,34.67741935483871,51.20967741935484,59.25925925925925,41.935483870967744,55.97826086956522,57.14285714285714,31.0,10.0,34,,
2022-10-13,674,202,469,225,320,363,12,10,15,2,7,5,1,133354145022.59,241557908960.57,6,0,33.6322869955157,48.048048048048045,56.10510046367851,45.0,86.0,2,0.552058699284227,-267.0,-25.799547690216706,0.7801772262476893,28.28282828282828,46.464646464646464,64.28571428571429,32.666666666666664,45.27027027027027,52.77777777777778,31.17408906882591,45.74898785425101,57.02479338842975,41.04046242774567,54.65116279069767,52.760736196319016,35.0,9.0,25,,
2022-10-14,666,289,367,234,321,366,13,7,14,2,5,4,0,211864945600.86,174934918168.85,3,1,35.34743202416919,48.78419452887538,57.09828393135725,48.0,28.0,1,1.2111072381579333,-78.0,-24.71208590410395,0.6502033141608614,32.323232323232325,44.44444444444444,64.28571428571429,36.0,45.27027027027027,52.77777777777778,30.20408163265306,46.53061224489796,57.438016528925615,44.04761904761904,57.831325301204814,56.05095541401274,29.0,6.0,32,,
2022-10-17,657,324,321,257,328,366,27,16,10,4,6,6,2,276944987518.75,123496672891.77,1,0,39.356814701378255,50.46153846153846,57.72870662460568,52.0,33.0,0,2.2425299486526167,3.0,-19.608745647457035,0.4500924480402013,41.41414141414141,53.535353535353536,64.28571428571429,43.333333333333336,46.62162162162162,56.25,31.83673469387755,48.57142857142857,56.19834710743802,45.911949685534594,55.06329113924051,57.333333333333336,25.0,3.0,30,,
2022-10-18,644,450,188,315,365,375,42,7,13,1,8,4,3,348023384050.86,102961846341.47,3,2,49.29577464788733,57.38993710691824,60.28938906752411,82.0,30.0,4,3.3801198834046784,262.0,-2.1973459997866343,0.7081455995180822,52.04081632653062,59.18367346938776,68.04123711340206,53.333333333333336,56.75675675675676,57.638888888888886,45.26748971193416,56.37860082304527,61.25000000000001,50.0,58.50340136054422,56.02836879432624,18.0,3.0,41,,
2022-10-19,635,279,352,315,367,369,22,16,12,1,8,4,3,220505301923.59,207860852652.08,3,2,50.0,58.53269537480064,60.1957585644372,91.0,39.0,4,1.0608313162877017,-73.0,-4.049612571029513,0.7471627432128676,54.08163265306123,60.204081632653065,68.04123711340206,50.0,55.4054054054054,56.94444444444444,44.03292181069959,57.20164609053497,60.83333333333333,57.55395683453237,63.04347826086957,56.81818181818182,16.0,5.0,37,,
2022-10-20,637,323,311,323,362,371,22,17,10,1,5,4,1,264988922974.72,172573598148.88,3,2,51.26984126984127,57.73524720893142,60.423452768729646,86.0,40.0,1,1.5355125338819955,12.0,-1.3630524265870214,0.6763769009280071,63.26530612244898,65.3061224489796,69.0721649484536,53.69127516778524,58.50340136054422,57.34265734265735,44.8559670781893,52.674897119341566,60.25104602510461,51.42857142857142,60.431654676258994,57.77777777777777,13.0,7.0,49,,
2022-10-21,633,174,455,257,334,359,15,38,9,2,4,6,2,213891733322.25,280412473055.76,7,2,41.120000000000005,53.69774919614147,58.852459016393446,59.0,71.0,-2,0.7627753893804775,-281.0,-13.709228240955753,0.5013501847879231,52.57731958762887,58.76288659793815,64.58333333333334,43.62416107382551,53.74149659863946,58.04195804195804,34.29752066115703,47.93388429752066,57.56302521008403,42.33576642335766,60.29411764705882,57.89473684210527,17.0,8.0,28,,
2022-10-24,622,501,114,312,359,373,23,6,11,3,9,0,3,75873175813.19,14213259623.23,9,2,50.73170731707317,58.66013071895425,62.16666666666667,60.0,61.0,9,5.338196713805445,387.0,9.203337578963756,0.8232624381824968,57.73195876288659,64.94845360824742,68.75,49.66442953020135,56.4625850340136,58.74125874125874,46.69421487603306,52.47933884297521,60.92436974789916,54.330708661417326,68.25396825396825,63.41463414634146,25.0,10.0,42,,
2022-10-25,613,262,349,297,347,363,31,13,19,1,12,2,4,239157798614.14,210991590534.64,10,4,48.92915980230643,57.54560530679934,61.42131979695431,69.0,57.0,10,1.1334944582773585,-87.0,5.047564667100119,0.6623026049188927,55.55555555555556,63.26530612244898,67.0103092783505,49.66442953020135,55.10204081632652,59.44055944055944,44.81327800829876,52.69709543568465,60.337552742616026,50.84745762711864,65.8119658119658,61.40350877192983,32.0,12.0,43,,
2022-10-27,604,356,241,329,353,362,30,15,33,1,18,5,3,363984626217.24,144223025608.32,13,12,55.01672240802675,59.42760942760943,62.19931271477663,84.0,34.0,13,2.523762240335653,115.0,11.56914100412121,0.5853080768179074,71.71717171717171,69.38775510204081,71.1340206185567,58.108108108108105,56.84931506849316,59.15492957746479,46.69421487603306,54.54545454545454,61.76470588235294,54.12844036697248,64.81481481481481,59.04761904761905,42.0,22.0,62,,
2022-10-28,608,206,391,309,351,366,16,22,32,2,12,9,1,206209484677.44,216586808686.19,1,0,51.5,58.89261744966443,62.56410256410256,77.0,50.0,3,0.9520869988726526,-185.0,2.087243067253638,0.5533677285507382,65.65656565656566,69.38775510204081,71.1340206185567,52.702702702702695,57.53424657534247,62.676056338028175,42.97520661157025,51.65289256198346,59.66386554621849,55.85585585585585,67.27272727272727,61.11111111111112,40.0,20.0,47,,
2022-10-31,611,393,211,347,363,381,33,24,40,2,19,2,1,365322493936.2,95641706938.15,25,15,57.54560530679934,60.5,64.68590831918506,79.0,61.0,17,3.8196985983578102,182.0,12.319784115895594,0.4876194269639297,75.75757575757575,75.51020408163265,78.35051546391753,59.45945945945946,60.273972602739725,64.08450704225352,47.5206611570248,50.82644628099173,60.50420168067227,60.526315789473685,68.42105263157895,62.5,58.0,33.0,70,,
2022-11-01,615,362,245,374,392,393,38,17,33,1,12,2,1,371535441762.02,161063514144.44,30,18,61.61449752883031,65.00829187396351,66.49746192893402,87.0,63.0,10,2.3067635381954417,117.0,17.75700779190499,0.6405299008514921,80.8080808080808,84.6938775510204,79.38144329896907,63.51351351351351,64.38356164383562,66.19718309859155,52.2633744855967,56.79012345679012,62.34309623430963,62.39316239316239,66.37931034482759,64.60176991150442,79.0,49.0,72,,
2022-11-02,615,286,322,371,393,394,36,6,26,1,15,0,1,222572976071.2,240800595739.78,21,14,61.12026359143328,65.17412935323384,66.77966101694915,107.0,47.0,15,0.924304092302672,-36.0,14.667048995933497,0.960937818149491,75.51020408163265,83.50515463917526,78.125,62.0,61.48648648648649,67.13286713286713,54.54545454545454,58.67768595041323,64.01673640167364,61.53846153846154,68.10344827586206,62.5,90.0,59.0,70,,
2022-11-03,617,278,331,367,380,395,39,11,30,1,15,2,1,281314856277.54,158691183660.96,32,19,60.26272577996716,62.8099173553719,66.72297297297297,113.0,34.0,13,1.7727188731452317,-53.0,11.101798980398204,0.4737802292296924,79.59183673469387,77.31958762886599,78.125,62.66666666666667,62.16216216216216,66.43356643356644,51.85185185185185,56.37860082304527,63.74999999999999,58.47457627118644,64.95726495726495,63.71681415929204,109.0,66.0,76,,
2022-11-04,619,344,270,380,395,401,41,13,32,1,10,3,3,338148439159.37,158876222531.14,26,9,62.091503267973856,64.86042692939245,67.39495798319328,116.0,30.0,7,2.128376630386541,74.0,14.348001222213536,0.5986130724629719,79.59183673469387,81.44329896907216,79.16666666666666,60.0,64.42953020134227,65.97222222222221,57.78688524590165,58.43621399176955,65.83333333333333,59.16666666666666,65.0,62.60869565217392,134.0,75.0,69,,
2022-11-07,621,353,261,394,401,402,46,9,31,2,30,3,4,399502294374.91,156694051097.79,17,7,64.27406199021208,65.73770491803279,67.4496644295302,126.0,33.0,27,2.549568994968339,92.0,17.951764132854578,0.5304780628118417,79.59183673469387,81.44329896907216,83.33333333333334,63.33333333333333,62.41610738255034,64.82758620689654,58.77551020408164,63.114754098360656,64.16666666666667,64.16666666666667,62.5,64.34782608695652,126.0,67.0,70,,
2022-11-09,627,246,377,364,387,398,39,42,32,3,24,1,4,290573842521.82,283259649631.25,22,14,58.995137763371154,63.02931596091205,66.33333333333333,126.0,64.0,23,1.0258215135833562,-131.0,9.793222600788395,0.6360949592681572,74.48979591836735,77.55102040816327,80.41237113402062,56.00000000000001,61.48648648648649,65.27777777777779,52.86885245901639,57.61316872427984,61.08786610878661,62.4,64.0,66.66666666666666,118.0,63.0,63,,
2022-11-10,636,165,469,327,361,387,16,56,29,1,4,7,2,146245356663.0,333401822537.0,33,18,52.23642172523961,57.9454253611557,63.651315789473685,101.0,107.0,-3,0.4386459424551289,-304.0,-5.8812965221321285,0.8020417669171267,61.224489795918366,72.44897959183673,76.28865979381443,52.66666666666666,51.35135135135135,62.23776223776224,46.72131147540984,53.278688524590166,61.25000000000001,55.223880597014926,63.1578947368421,60.15625,130.0,67.0,42,,
2022-11-11,646,348,290,347,378,402,47,20,35,1,4,3,2,442359212870.4,197648939809.03,42,13,54.55974842767296,59.71563981042654,65.0485436893204,102.0,118.0,1,2.238105670072458,58.0,-1.1536038896185197,0.5361677136366624,65.3061224489796,78.57142857142857,83.50515463917526,56.00000000000001,54.729729729729726,63.63636363636363,49.795918367346935,55.91836734693878,61.82572614107884,53.84615384615385,58.45070422535211,59.12408759124088,140.0,61.0,42,,
2022-11-14,652,302,345,346,377,416,48,27,38,1,12,4,3,292046599652.58,234821931682.78,33,9,53.97815912636506,59.09090909090909,66.77367576243981,111.0,103.0,8,1.2436938814007568,-43.0,-2.155658669371292,0.7038406571998812,61.855670103092784,77.31958762886599,81.25,56.66666666666666,57.71812080536913,66.66666666666666,50.61224489795918,52.459016393442624,62.91666666666666,51.67785234899329,59.45945945945946,63.63636363636363,147.0,61.0,43,,
2022-11-15,657,331,322,361,387,420,35,20,37,2,13,3,3,283200001654.46,161449530623.2,12,4,55.88235294117647,60.186625194401245,66.98564593301435,130.0,67.0,10,1.7541085474903493,9.0,-0.4016372127130587,0.5860243438353474,63.26530612244898,76.53061224489795,84.5360824742268,59.06040268456376,58.78378378378378,66.43356643356644,49.795918367346935,53.278688524590166,62.083333333333336,57.7922077922078,62.091503267973856,63.94557823129252,142.0,58.0,48,,
2022-11-16,661,237,421,339,376,409,34,22,39,1,10,2,2,214853941735.97,289615999648.01,17,11,52.15384615384615,58.204334365325074,65.02384737678855,117.0,69.0,8,0.7418579843554797,-184.0,-8.5499406812067,0.7588317171784622,57.73195876288659,73.19587628865979,82.29166666666666,51.33333333333333,55.4054054054054,62.5,45.90163934426229,51.028806584362144,60.08403361344538,59.11949685534591,62.65822784810127,64.23841059602648,137.0,55.0,41,,
2022-11-17,663,230,429,311,364,402,18,17,38,1,13,3,2,195763793576.8,255145180422.54,26,6,47.84615384615385,56.25965996908809,63.70839936608558,87.0,59.0,10,0.7672643208568554,-199.0,-16.223990443362737,0.698755984810819,51.578947368421055,67.36842105263158,79.7872340425532,44.0,56.08108108108109,61.80555555555556,46.31147540983606,51.85185185185185,60.92436974789916,51.5527950310559,56.52173913043478,60.0,130.0,43.0,40,,
2022-11-18,656,220,430,285,333,389,31,14,34,2,8,9,2,184220054374.35,266561229694.86,15,5,44.18604651162791,51.86915887850467,62.24,83.0,53.0,-1,0.6910984563855433,-210.0,-23.254183037789325,0.7403111702094761,47.91666666666667,56.84210526315789,76.59574468085107,38.66666666666666,50.67567567567568,60.0,43.80165289256198,51.65289256198346,60.42553191489362,47.77070063694268,50.318471337579616,58.27814569536424,103.0,35.0,32,,
2022-11-21,660,276,378,276,327,388,32,22,31,4,12,7,2,184813342330.12,222154632369.59,17,8,42.5925925925926,50.77639751552795,61.78343949044586,81.0,53.0,5,0.8319130704537966,-102.0,-23.748726790835114,0.8776863305686964,37.5,52.63157894736842,72.3404255319149,42.0,45.27027027027027,61.37931034482759,43.80165289256198,50.20746887966805,58.97435897435898,44.375,55.625,60.0,87.0,34.0,35,,
2022-11-22,660,327,325,280,325,385,20,20,37,4,17,4,2,297210350481.13,132158408946.03,13,3,43.41085271317829,50.78125,61.79775280898876,83.0,56.0,13,2.248894738150963,2.0,-18.85281806573509,0.4473992619952964,50.0,58.06451612903226,73.91304347826086,46.0,45.94594594594595,62.75862068965517,39.18367346938776,47.950819672131146,58.22784810126582,43.58974358974359,55.483870967741936,59.06040268456376,88.0,33.0,46,,
2022-11-23,662,360,295,302,339,386,48,7,39,2,15,6,2,270637036778.75,180139602763.84,8,3,46.821705426356594,52.96875,62.05787781350482,100.0,49.0,9,1.502373895725476,65.0,-11.422552015445888,0.8122738198014033,51.06382978723404,60.215053763440864,72.82608695652173,45.63758389261745,51.02040816326531,63.888888888888886,44.71544715447154,48.16326530612245,57.98319327731093,48.71794871794872,58.06451612903226,60.13513513513513,79.0,25.0,40,,
2022-11-24,672,403,263,342,381,400,45,7,41,2,14,3,5,359704501250.23,106852702794.81,14,4,52.37366003062787,58.79629629629629,63.49206349206349,113.0,34.0,11,3.366358471446184,140.0,-1.2625617823713997,0.4551860429102485,61.29032258064516,68.47826086956522,76.92307692307693,53.69127516778524,60.544217687074834,65.27777777777779,45.1219512195122,53.46938775510204,58.40336134453782,56.96969696969697,59.7560975609756,61.78343949044586,67.0,23.0,52,,
2022-11-25,682,417,255,381,406,428,46,4,41,2,17,1,4,344988639859.93,138492980744.77,10,6,57.37951807228916,61.60849772382397,66.77067082683308,139.0,18.0,16,2.491018952763482,162.0,8.530542675819149,0.6564759837868352,70.65217391304348,70.65217391304348,79.12087912087912,60.40268456375839,63.6986301369863,70.62937062937063,48.3739837398374,55.91836734693878,60.50420168067227,60.451977401129945,63.06818181818182,65.68047337278107,62.0,24.0,56,,
2022-11-28,682,416,255,405,419,436,51,10,45,2,22,0,6,350622863229.63,161213617210.98,9,6,61.085972850678736,63.67781155015197,68.125,142.0,21.0,22,2.1748960745094528,161.0,16.81099427419297,0.750092185157658,69.89247311827957,73.11827956989248,79.34782608695652,65.54054054054053,64.82758620689654,72.53521126760563,55.87044534412956,59.7560975609756,62.76150627615063,60.0,63.2183908045977,65.86826347305389,54.0,22.0,57,,
2022-11-29,691,253,425,408,414,437,31,14,49,1,12,2,5,243681746762.77,219067903721.21,18,14,60.895522388059696,62.16216216216216,67.64705882352942,128.0,28.0,10,1.1123571396058276,-172.0,7.156725419431627,0.5351645586218883,72.04301075268818,72.04301075268818,80.43478260869566,61.48648648648649,64.13793103448275,73.23943661971832,56.91056910569105,57.55102040816327,63.4453781512605,60.10928961748634,61.74863387978142,62.06896551724138,59.0,33.0,67,,
2022-11-30,690,461,221,461,448,453,45,11,51,0,17,1,2,710403485235.92,173233145867.36,29,19,68.90881913303438,67.36842105263158,70.12383900928792,127.0,35.0,16,4.10085195693356,240.0,19.46654192151352,0.5086681676357158,80.20833333333334,79.16666666666666,83.15789473684211,71.72413793103448,69.71830985915493,76.2589928057554,63.1578947368421,63.41463414634146,66.10878661087865,68.50828729281768,64.64088397790056,63.58381502890174,80.0,49.0,84,,
2022-12-01,696,384,299,476,470,461,40,6,53,0,11,0,3,383812435376.09,172878054481.35,35,14,70.51851851851852,70.04470938897168,70.59724349157733,116.0,31.0,11,2.220133935030461,85.0,22.144102321185965,0.5784700266009981,81.25,77.08333333333334,84.21052631578947,73.79310344827587,75.35211267605634,76.2589928057554,66.93548387096774,64.77732793522267,65.41666666666667,67.20430107526882,69.35483870967742,65.92178770949721,101.0,59.0,76,,
2022-12-02,698,408,281,498,478,473,49,3,54,0,21,0,3,323080883716.22,210466394825.67,18,8,73.55982274741507,70.91988130563797,71.88449848024317,134.0,20.0,21,1.5350711166209166,127.0,26.422695951299985,0.9458566965742892,73.95833333333334,73.95833333333334,85.26315789473684,76.55172413793103,74.64788732394366,76.2589928057554,70.8502024291498,68.0161943319838,67.5,74.60317460317461,70.37037037037037,67.3913043478261,109.0,61.0,76,,
2022-12-05,701,362,333,501,486,486,44,16,62,1,20,0,3,288561529383.46,230456725421.23,24,12,73.46041055718476,71.5758468335788,73.30316742081448,133.0,25.0,20,1.2521289142507157,29.0,25.048780025290966,0.8681910262711319,76.04166666666666,73.95833333333334,86.31578947368422,71.72413793103448,74.82517482517483,75.71428571428571,72.35772357723577,68.57142857142857,68.90756302521008,74.87179487179488,71.7948717948718,70.52631578947368,124.0,67.0,72,,
2022-12-06,701,243,455,462,476,480,21,10,49,0,16,0,2,216103195280.47,243834406307.9,32,11,67.64275256222547,70.0,72.28915662650603,114.0,29.0,16,0.886270311695009,-212.0,11.6988380084268,0.6025993729210253,67.70833333333334,72.91666666666666,85.26315789473684,71.03448275862068,74.12587412587412,74.82014388489209,65.7258064516129,66.39676113360325,68.87966804979253,67.5257731958763,70.10309278350515,68.25396825396825,138.0,64.0,51,,
2022-12-07,701,250,443,438,461,474,26,9,36,0,17,0,2,185025656073.86,256320069199.23,34,15,64.12884333821376,67.79411764705883,71.3855421686747,91.0,35.0,17,0.7218539564689529,-193.0,1.1761433939658057,0.7817842940687036,59.375,70.83333333333334,80.0,67.12328767123287,71.52777777777779,77.14285714285715,61.29032258064516,64.37246963562752,66.39004149377593,67.87564766839378,67.87564766839378,69.14893617021278,143.0,60.0,45,,
2022-12-08,696,372,318,444,464,482,45,12,37,0,33,0,0,303579425265.0,166542099136.57,35,7,65.48672566371681,68.63905325443787,73.03030303030303,92.0,31.0,33,1.82283895086524,54.0,4.523358781631826,0.641752427003739,61.458333333333336,65.625,81.05263157894737,69.17808219178082,75.0,77.85714285714286,60.72874493927125,64.77732793522267,68.87966804979253,70.8994708994709,70.37037037037037,70.65217391304348,143.0,53.0,53,,
2022-12-09,704,167,534,380,432,465,11,46,38,1,5,1,0,201234394927.12,350289748639.12,15,5,55.47445255474452,63.43612334801762,70.13574660633483,82.0,67.0,4,0.5744798290812623,-367.0,-13.687388855821888,0.5443778294133393,50.526315789473685,63.1578947368421,77.6595744680851,59.863945578231295,70.83333333333334,75.0,51.61290322580645,57.89473684210527,65.14522821576763,59.48717948717949,65.12820512820512,69.14893617021278,140.0,50.0,36,,
2022-12-12,704,405,294,399,441,465,58,6,48,1,16,1,1,296610378494.86,150672175046.75,18,10,58.24817518248175,64.75770925110133,70.13574660633483,114.0,64.0,15,1.9685809832029624,111.0,-5.289141141565704,0.6997685297999937,54.736842105263165,63.1578947368421,74.46808510638297,64.1891891891892,71.03448275862068,75.88652482269504,51.821862348178136,58.13008130081301,65.83333333333333,63.589743589743584,69.23076923076923,69.14893617021278,134.0,48.0,50,,
2022-12-13,709,371,332,406,443,480,52,8,47,1,22,1,3,384257009371.7,125050377916.64,23,13,58.84057971014492,64.67153284671532,72.07207207207207,121.0,60.0,21,3.0728176577591,39.0,-1.6821936401688369,0.363662932193967,55.78947368421052,65.26315789473685,78.72340425531915,62.83783783783784,72.22222222222221,76.42857142857142,52.82258064516129,56.68016194331984,67.21991701244814,64.82412060301507,68.84422110552764,71.72774869109948,125.0,50.0,54,,
2022-12-14,706,429,273,455,471,486,37,7,50,1,21,0,3,358859827968.21,173906308305.24,11,4,66.0377358490566,69.06158357771261,73.30316742081448,147.0,21.0,21,2.063523925413562,156.0,7.260157441726328,0.7615267029742011,63.63636363636363,73.19587628865979,83.33333333333334,71.23287671232876,73.94366197183099,76.81159420289855,60.483870967741936,63.56275303643725,68.46473029045643,70.40816326530613,70.40816326530613,71.80851063829788,102.0,39.0,58,,
2022-12-15,703,196,502,394,440,467,18,20,45,1,13,2,0,178540137646.98,314931591854.6,20,10,57.43440233236152,64.80117820324006,70.75757575757575,107.0,35.0,11,0.5669172044493072,-306.0,-8.230433170461936,0.6887041775195668,48.48484848484848,60.824742268041234,78.125,58.9041095890411,69.01408450704226,75.36231884057972,54.43548387096774,58.2995951417004,64.31535269709543,64.76683937823834,72.02072538860104,71.89189189189189,87.0,42.0,48,,
2022-12-16,693,157,531,312,394,446,20,40,42,2,7,4,0,151276005840.09,449330341023.28,23,7,46.017699115044245,58.71833084947839,68.19571865443424,75.0,67.0,3,0.3366699108179127,-374.0,-24.83373597803059,0.8782149530011009,38.38383838383838,52.57731958762887,68.75,46.57534246575342,63.38028169014085,72.46376811594203,43.7246963562753,51.6260162601626,64.31535269709543,52.68817204301075,67.74193548387096,69.83240223463687,95.0,44.0,36,,
2022-12-19,688,401,282,345,403,447,43,15,44,2,10,4,1,306621943656.48,118513693289.78,30,10,51.03550295857988,60.41979010494752,68.87519260400616,81.0,75.0,6,2.5872279830715685,119.0,-14.255391198611647,0.5496175153125272,50.505050505050505,59.79381443298969,73.95833333333334,53.37837837837838,64.7887323943662,71.01449275362319,47.17741935483871,55.465587044534416,66.11570247933885,54.69613259668509,64.08839779005525,68.20809248554913,107.0,44.0,43,,
2022-12-20,695,283,402,341,402,442,24,12,54,1,10,3,1,197408246802.67,211437743699.93,13,7,49.78102189781022,59.55555555555555,67.17325227963525,87.0,67.0,7,0.933647149975406,-119.0,-17.039629456215387,0.7540108696535213,45.45454545454545,57.73195876288659,72.91666666666666,51.006711409395976,59.15492957746479,70.28985507246377,45.564516129032256,54.655870445344135,63.63636363636363,56.61375661375661,67.1957671957672,66.48351648351648,97.0,38.0,37,,
2022-12-21,694,95,596,204,323,411,10,196,32,1,3,7,1,113838712534.93,411020249531.5,5,2,29.737609329446062,47.85185185185185,62.46200607902736,77.0,223.0,-4,0.2769661900227267,-501.0,-38.43495501918551,0.5755069712345864,29.29292929292929,49.48453608247423,71.57894736842105,30.2013422818792,54.22535211267606,66.18705035971223,26.506024096385545,42.51012145748988,60.16597510373444,33.86243386243386,49.2063492063492,57.92349726775956,91.0,36.0,23,,
2022-12-22,696,124,568,143,268,381,8,118,25,2,1,15,0,106112099158.16,371875567410.38,14,0,20.75471698113208,39.5864106351551,57.72727272727273,42.0,326.0,-14,0.2853430245420262,-444.0,-53.68578360042906,0.7650786610442484,19.0,46.464646464646464,68.04123711340206,18.24324324324324,46.80851063829788,63.76811594202898,18.4,32.52032520325203,53.94190871369295,26.701570680628272,39.79057591623037,52.71739130434783,85.0,26.0,15,,
2022-12-23,697,25,672,42,142,300,5,368,11,9,0,27,0,24470770436.94,478538972007.92,8,0,6.086956521739131,20.943952802359885,45.38577912254161,23.0,682.0,-27,0.0511364212077903,-647.0,-76.60681311939015,0.72751240844976,4.040404040404041,25.51020408163265,54.16666666666666,4.054054054054054,24.113475177304963,51.44927536231884,6.827309236947792,16.73469387755102,43.333333333333336,7.731958762886598,21.649484536082475,39.037433155080215,70.0,19.0,4,,
2022-12-26,705,633,70,126,230,348,255,7,16,3,1,0,1,393346397204.88,42129970534.76,5,1,18.077474892395983,33.57664233576642,52.09580838323353,268.0,493.0,1,9.336498274555955,563.0,-35.321259292504905,0.9685491151967488,17.346938775510203,40.20618556701031,57.89473684210527,18.24324324324324,33.33333333333333,60.431654676258994,17.741935483870968,29.098360655737704,50.42016806722689,18.7192118226601,35.960591133004925,45.40816326530612,45.0,10.0,25,,
2022-12-27,705,552,148,207,265,383,105,3,18,2,2,1,0,346698785777.53,50463618511.18,3,1,29.6987087517934,38.68613138686132,57.33532934131736,365.0,378.0,1,6.870272009937621,404.0,-7.795504474055491,0.5428794848784443,36.36363636363637,44.89795918367347,66.66666666666666,26.53061224489796,38.57142857142858,60.86956521739131,25.0,34.83606557377049,56.903765690376574,34.48275862068966,40.39408866995074,50.76923076923077,35.0,4.0,29,,
2022-12-28,699,367,322,237,286,389,46,1,22,1,2,1,0,194163459840.92,190012069917.09,0,0,34.29811866859624,41.99706314243759,58.67269984917044,406.0,11.0,1,1.0218480327362438,45.0,-2.1720065819109777,1.115382636440638,36.0,47.474747474747474,65.97938144329896,33.33333333333333,42.85714285714285,63.04347826086957,31.70731707317073,38.36734693877551,58.57740585774059,37.37373737373738,43.14720812182741,51.85185185185185,30.0,2.0,32,,
2022-12-29,695,363,325,260,296,396,38,5,24,0,6,1,0,287913460288.24,162374005242.38,0,0,37.84570596797671,43.72230428360414,60.09104704097117,189.0,9.0,5,1.7731499562289166,38.0,2.2969441487821385,0.62990897808695,37.0,44.44444444444444,69.0721649484536,36.48648648648648,46.09929078014184,63.30935251798561,37.55102040816327,40.57377049180328,59.07172995780591,39.69072164948454,45.59585492227979,54.3010752688172,16.0,2.0,37,,
2022-12-30,688,442,238,297,318,398,33,3,22,0,8,0,0,258927768645.32,130948817933.99,4,3,43.74079528718704,47.46268656716418,61.04294478527608,117.0,9.0,8,1.9773203968579764,204.0,14.406412302780849,0.9392220199083138,40.4040404040404,47.474747474747474,67.0103092783505,39.18918918918919,48.93617021276596,62.31884057971014,44.48979591836735,46.31147540983606,61.60337552742617,48.1283422459893,47.8494623655914,56.11111111111112,12.0,5.0,38,,
2023-01-02,681,453,224,349,351,403,53,7,24,0,11,1,1,272196245177.94,85264819394.97,0,0,51.93452380952381,52.86144578313253,62.48062015503876,124.0,15.0,10,3.192362889048676,229.0,25.93797551293584,0.6334873254882625,43.87755102040816,47.95918367346938,68.75,46.62162162162162,50.35460992907801,63.76811594202898,55.10204081632652,55.32786885245902,62.447257383966246,56.353591160220994,54.14364640883977,58.04597701149425,7.0,4.0,67,,
2023-01-03,681,358,312,380,361,412,24,2,19,0,7,0,1,241605200800.28,140115681376.94,3,0,56.54761904761904,54.36746987951807,63.97515527950311,110.0,12.0,7,1.7243266308666216,46.0,26.517772180053672,0.6654399908323707,45.0,52.0,70.40816326530613,55.47945205479452,53.23741007194245,65.44117647058823,60.0,55.32786885245902,64.55696202531645,59.11602209944752,55.24861878453039,58.38150289017341,7.0,3.0,55,,
2023-01-04,674,137,533,295,326,396,12,16,16,0,2,1,0,88049914231.4,329520375669.62,5,3,44.3609022556391,49.61948249619482,62.06896551724138,89.0,25.0,1,0.2672062814096801,-396.0,4.780909469539154,0.9619371443048644,35.0,48.0,67.3469387755102,43.83561643835616,47.482014388489205,63.97058823529412,45.49180327868852,49.79423868312757,62.28813559322034,48.57142857142857,52.0,57.14285714285714,12.0,6.0,34,,
2023-01-05,681,334,342,322,339,403,20,7,16,0,7,2,2,238834919452.85,216894434455.9,10,2,47.91666666666667,51.13122171945701,62.5776397515528,56.0,25.0,5,1.1011574365750314,-8.0,5.5719873047015405,0.8868924230962665,40.4040404040404,47.474747474747474,70.10309278350515,53.42465753424658,53.956834532374096,63.97058823529412,47.13114754098361,50.0,62.5531914893617,48.63387978142077,52.459016393442624,57.38636363636363,22.0,8.0,29,,
2023-01-06,677,144,529,259,313,384,11,11,13,2,4,2,1,91741515426.17,302706902541.21,4,4,38.77245508982036,47.496206373292864,60.0,43.0,34.0,2,0.3030704442350153,-385.0,-12.629501082758123,0.898179698498601,37.0,45.0,66.3265306122449,39.310344827586206,48.92086330935252,59.55882352941176,37.29508196721312,46.058091286307054,59.82905982905983,41.34078212290503,49.72067039106145,56.97674418604651,22.0,9.0,21,,
2023-01-09,677,443,225,328,349,404,25,8,18,2,6,2,0,315217678556.6,81306418791.83,2,0,49.10179640718562,53.03951367781154,63.322884012539184,56.0,26.0,4,3.87691012887502,218.0,2.0213738513776462,0.5078500206194385,54.0,56.99999999999999,70.40816326530613,50.0,53.191489361702125,64.4927536231884,46.88796680497925,51.26050420168067,61.90476190476191,48.60335195530726,53.072625698324025,60.23391812865497,24.0,9.0,50,,
2023-01-10,675,213,456,279,317,389,10,18,15,0,2,2,1,135293021915.46,269106127073.03,9,5,41.891891891891895,48.323170731707314,61.06750392464678,46.0,37.0,0,0.5027496898230942,-243.0,-8.512234949193157,0.9291010469290556,35.0,51.0,67.3469387755102,41.891891891891895,46.15384615384615,59.57446808510638,39.91769547325103,49.57983193277311,61.73913043478261,48.57142857142857,46.85714285714286,57.738095238095234,30.0,14.0,24,,
2023-01-11,672,319,341,283,327,385,30,7,17,0,8,2,1,203590780463.02,196209026658.88,2,1,42.68476621417798,50.07656967840735,60.72555205047318,65.0,33.0,6,1.0376218868715636,-22.0,-6.425909298935231,0.9015652838513568,35.0,51.0,65.3061224489796,39.59731543624161,46.52777777777778,59.15492957746479,43.75,51.91489361702127,62.11453744493392,48.27586206896552,50.0,57.48502994011976,27.0,12.0,31,,
2023-01-12,665,272,382,275,313,376,17,9,10,1,5,3,1,165799907995.76,239390873897.79,9,6,41.920731707317074,48.45201238390093,59.96810207336522,57.0,34.0,2,0.6925907629484226,-110.0,-9.00997132147002,1.0280845817023694,38.0,49.0,65.3061224489796,38.66666666666666,47.91666666666667,59.15492957746479,42.85714285714285,50.427350427350426,60.61946902654868,45.83333333333333,45.83333333333333,56.52173913043478,26.0,16.0,44,,
2023-01-13,661,372,283,302,327,374,28,5,13,1,6,4,1,284073332638.73,142229472872.36,7,5,46.39016897081413,51.01404056162247,59.93589743589743,75.0,21.0,2,1.9972887960687584,89.0,-1.2242944941299214,0.658135986691622,45.0,51.0,66.66666666666666,46.0,46.206896551724135,58.45070422535211,46.61016949152542,54.11255411255412,61.16071428571429,47.27272727272727,50.90909090909091,55.34591194968554,29.0,17.0,51,,
2023-01-16,657,247,403,299,321,365,23,9,10,0,2,2,1,181135601671.86,208946515015.02,13,4,46.21329211746523,50.39246467817896,58.68167202572347,68.0,23.0,0,0.8668993673277546,-156.0,-6.811419334283485,0.7070061980731923,50.0,54.0,68.36734693877551,40.0,44.13793103448276,53.14685314685315,47.88135593220339,52.38095238095239,59.64125560538116,47.20496894409938,50.931677018633536,56.32911392405063,40.0,21.0,33,,
2023-01-17,646,287,352,286,321,364,18,7,5,0,3,7,0,231070887309.69,169699950362.65,5,3,44.9685534591195,51.2779552715655,59.57446808510638,69.0,21.0,-4,1.3616438120099026,-65.0,-7.00435397594336,0.5987916236973869,49.0,57.99999999999999,70.70707070707071,39.59731543624161,46.52777777777778,55.319148936170215,45.76271186440678,53.24675324675325,59.19282511210763,46.35761589403973,48.34437086092716,56.75675675675676,36.0,19.0,38,,
2023-01-18,641,351,281,311,329,372,32,7,9,1,5,4,2,269709784094.55,145178276022.64,8,4,49.28684627575277,52.97906602254429,61.38613861386138,73.0,23.0,1,1.8577833508126915,70.0,-0.3842913246828416,0.672365978378626,53.0,57.99999999999999,72.72727272727273,44.29530201342282,49.30555555555556,57.44680851063831,49.78902953586498,56.22317596566524,61.33333333333333,51.03448275862069,47.91666666666667,57.44680851063831,42.0,22.0,57,,
2023-01-19,633,251,374,296,316,357,18,8,18,0,6,6,2,164245221350.05,212806341039.96,12,7,47.51203852327448,51.63398692810458,59.6989966555184,68.0,22.0,0,0.7718060493282417,-123.0,-4.372216301231688,0.8695487619415954,45.0,54.0,68.68686868686868,40.0,45.83333333333333,55.319148936170215,49.78902953586498,54.07725321888413,58.22222222222222,53.67647058823529,51.85185185185185,60.15037593984962,45.0,23.0,39,,
2023-01-20,623,199,413,263,294,348,16,12,24,0,6,9,1,161287296959.6,253518512374.41,11,4,42.6948051948052,48.67549668874173,58.98305084745763,66.0,27.0,-3,0.636195343089589,-214.0,-12.310031074674782,0.7573777440190217,47.0,55.00000000000001,66.66666666666666,31.333333333333336,42.06896551724138,54.929577464788736,45.37815126050421,48.27586206896552,58.66666666666666,47.65625,51.96850393700787,58.06451612903226,49.0,22.0,30,,
2023-01-23,620,287,326,273,303,349,19,19,44,1,2,7,2,225846890687.32,149550278945.0,16,8,44.6078431372549,50.41597337770383,59.35374149659864,53.0,39.0,-5,1.5101736504977,-39.0,-10.285312550595265,0.5829581901851955,47.0,56.00000000000001,70.70707070707071,39.33333333333333,47.58620689655172,55.633802816901415,45.76271186440678,48.91774891774892,57.14285714285714,46.82539682539682,52.0,58.53658536585365,52.0,26.0,44,,
2023-01-24,619,198,411,240,284,348,21,13,28,0,2,5,1,189371224193.92,213173928290.83,12,4,39.27986906710311,47.25457570715474,59.28449744463373,56.0,44.0,-3,0.8883413919903173,-213.0,-17.202751649754298,0.5423048269068715,38.0,56.00000000000001,71.71717171717171,35.333333333333336,42.465753424657535,53.14685314685315,36.28691983122363,43.96551724137931,55.80357142857143,50.80645161290322,52.03252032520326,62.8099173553719,59.0,27.0,29,,
2023-01-25,621,123,495,185,240,336,10,36,20,0,3,13,2,85272280925.97,370191068447.05,11,5,30.22875816993464,39.735099337748345,57.14285714285714,50.0,68.0,-10,0.230346672824082,-372.0,-30.98114832128651,1.078742946179295,34.0,41.0,67.67676767676768,23.33333333333333,37.16216216216216,52.083333333333336,28.389830508474574,37.66233766233766,53.6036036036036,38.88888888888889,45.6,60.97560975609756,62.0,28.0,19,,
2023-01-27,620,88,532,122,175,301,9,137,13,8,0,23,0,120797815483.52,582765686709.51,12,1,19.934640522875817,29.021558872305143,51.27768313458262,40.0,186.0,-23,0.2072836789097602,-444.0,-46.206771733840114,0.7980055868585693,22.0,31.0,63.26530612244898,12.666666666666668,24.324324324324326,45.51724137931035,18.220338983050848,26.83982683982684,50.22421524663677,30.15873015873016,37.096774193548384,50.413223140495866,62.0,22.0,12,,
2023-01-30,623,295,325,119,171,299,28,42,13,10,3,13,0,403922133506.79,254062725698.43,19,4,19.318181818181817,28.217821782178216,50.67796610169491,47.0,215.0,-10,1.5898520036592918,-30.0,-38.29364589290425,0.5709288069600897,23.0,29.0,61.224489795918366,13.333333333333334,20.945945945945947,46.206896551724135,17.916666666666668,25.75107296137339,48.888888888888886,26.190476190476197,40.8,50.81967213114754,70.0,22.0,17,,
2023-01-31,620,488,129,225,261,329,125,10,16,9,4,4,0,444430748986.45,185917001799.97,3,1,36.76470588235294,43.211920529801326,56.14334470989761,162.0,189.0,0,2.3904793250948484,359.0,-11.886455069439563,1.582505105449515,34.0,45.0,63.26530612244898,39.33333333333333,40.26845637583892,54.10958904109589,35.294117647058826,42.91845493562232,52.91479820627802,38.70967741935484,45.90163934426229,58.82352941176471,57.0,15.0,24,,
2023-02-01,625,170,454,157,190,302,15,106,12,13,4,4,0,255801215853.76,482996301032.5,7,3,25.44570502431118,31.14754098360656,51.01351351351351,168.0,158.0,0,0.5296131985005565,-284.0,-21.39887464003006,0.7070241834364991,27.0,30.0,63.26530612244898,22.0,29.53020134228188,46.93877551020408,23.10924369747899,29.059829059829063,47.53363228699551,32.55813953488372,37.79527559055118,52.41935483870967,52.0,14.0,14,,
2023-02-02,620,318,297,184,201,300,28,34,14,14,11,10,1,294813599198.46,326266446949.72,5,3,29.967426710097723,33.05921052631579,50.93378607809848,168.0,150.0,1,0.903597663672394,21.0,-14.174998999684789,1.1849378476207122,29.0,29.0,61.224489795918366,29.33333333333333,33.557046979865774,47.61904761904761,27.310924369747895,30.76923076923077,47.98206278026906,36.507936507936506,40.0,52.066115702479344,46.0,12.0,18,,
2023-02-03,613,253,354,181,195,290,18,39,13,14,4,10,0,445561590061.3,151737369769.72,15,8,29.818780889621088,32.4459234608985,49.82817869415808,61.0,179.0,-6,2.9363998515164336,-101.0,-14.027710332191162,0.2433896273246434,36.0,32.0,62.24489795918368,26.666666666666668,29.53020134228188,46.25850340136054,26.58227848101265,29.6137339055794,45.04504504504504,35.0,42.01680672268908,53.04347826086957,49.0,19.0,17,,
2023-02-06,615,346,260,208,215,303,48,19,10,16,8,6,2,238894107098.62,200929929181.65,7,3,34.0983606557377,35.59602649006622,51.88356164383562,94.0,92.0,2,1.1889423744466092,86.0,-4.481639969823149,1.1192882509454125,35.0,34.0,62.24489795918368,38.0,36.24161073825504,47.61904761904761,28.205128205128204,32.03463203463203,48.86877828054298,39.68253968253968,42.74193548387097,54.23728813559322,37.0,18.0,30,,
2023-02-07,610,250,354,211,219,300,28,25,11,14,4,8,1,256359618621.49,246527281994.25,9,4,34.87603305785124,36.5,51.72413793103448,94.0,83.0,-4,1.0398833611748874,-104.0,-5.797341610149374,0.6791287519666023,35.0,32.0,62.24489795918368,34.66666666666667,37.58389261744966,47.61904761904761,33.62068965517241,35.65217391304348,48.18181818181818,37.39837398373984,40.49586776859504,54.78260869565217,43.0,21.0,27,,
2023-02-08,617,412,195,242,238,320,54,11,9,15,2,6,2,383267878629.88,102259354204.78,7,4,39.54248366013072,39.20922570016474,54.60750853242321,130.0,55.0,-4,3.747998230678877,217.0,9.156720195422444,0.5637197199097441,38.0,35.0,65.3061224489796,42.0,39.59731543624161,49.32432432432432,35.1931330472103,38.52813852813853,50.90909090909091,45.73643410852713,43.30708661417323,59.16666666666666,43.0,22.0,41,,
2023-02-09,618,274,340,245,241,327,32,18,13,12,10,3,2,251992243163.93,210060506238.99,11,6,39.9673735725938,39.63815789473684,55.61224489795919,114.0,54.0,7,1.1996174229782797,-66.0,7.746659438209235,0.6717828013371292,41.0,37.0,66.3265306122449,38.0,40.26845637583892,50.67567567567568,35.3448275862069,37.826086956521735,54.090909090909086,49.61832061068702,44.18604651162791,55.73770491803278,49.0,25.0,40,,
2023-02-10,617,328,273,262,254,322,28,20,7,11,5,4,1,187440227733.11,226735223245.5,8,6,42.810457516339866,41.84514003294893,54.855195911413965,114.0,49.0,1,0.8266921435941036,55.0,12.552324193600896,1.4533405340490415,38.0,37.0,61.224489795918366,39.33333333333333,38.25503355704698,48.64864864864865,40.85106382978723,42.06008583690987,55.60538116591929,54.330708661417326,49.6,55.932203389830505,42.0,23.0,40,,
2023-02-13,625,156,465,240,227,308,13,50,10,13,6,3,0,94900092543.81,317831927512.95,9,4,38.77221324717286,36.91056910569105,51.93929173693086,73.0,88.0,3,0.2985857754644341,-309.0,-1.6015940615072282,1.1235761999911575,40.0,33.0,58.16326530612245,34.0,31.543624161073826,45.94594594594595,38.559322033898304,38.034188034188034,53.36322869955157,43.609022556390975,43.93939393939394,51.61290322580645,44.0,24.0,35,,
2023-02-14,630,210,418,229,222,297,9,40,7,16,2,17,0,242530381407.11,164214125163.95,8,4,36.69871794871795,35.80645161290323,49.58263772954925,50.0,110.0,-15,1.476915467320303,-208.0,-8.645186199317138,0.3401632358886064,37.0,33.0,57.14285714285714,37.333333333333336,32.21476510067114,44.5945945945946,33.33333333333333,35.74468085106383,51.33928571428571,41.6058394160584,41.91176470588236,46.51162790697674,43.0,24.0,32,,
2023-02-15,634,418,211,251,237,312,31,17,6,12,7,8,0,318455181434.88,93969475677.22,14,6,39.96815286624204,37.92,51.65562913907284,53.0,107.0,-1,3.3889215528748515,207.0,6.125768453851968,0.5845643291293953,45.0,38.0,61.224489795918366,40.0,34.22818791946309,45.94594594594595,36.440677966101696,36.59574468085106,54.01785714285714,42.25352112676056,43.97163120567376,47.01492537313433,50.0,26.0,36,,
2023-02-16,637,387,245,288,253,330,46,8,5,13,7,4,2,275825576544.12,169123173381.26,4,4,45.64183835182251,40.35087719298245,54.54545454545454,86.0,65.0,3,1.6309153324737893,142.0,15.474305840042298,0.9685308644065248,49.0,40.0,63.26530612244898,47.333333333333336,41.61073825503356,51.35135135135135,43.40425531914894,36.9098712446352,55.4054054054054,45.20547945205479,44.82758620689656,50.36496350364964,43.0,24.0,46,,
2023-02-17,640,216,416,275,247,321,14,12,4,15,5,4,2,124680337585.92,245556479270.41,6,5,43.37539432176656,39.26868044515104,52.883031301482696,91.0,37.0,1,0.507746071113116,-200.0,6.289933776034822,1.0226189797834886,46.0,39.0,61.224489795918366,41.333333333333336,37.58389261744966,49.32432432432432,41.10169491525424,37.33905579399141,52.702702702702695,47.2972972972973,44.21768707482993,51.07913669064749,41.0,23.0,41,,
2023-02-20,638,244,390,255,250,315,21,16,10,14,10,12,0,167847888279.74,194500712960.52,13,10,40.28436018957346,39.68253968253968,51.80921052631579,81.0,36.0,-2,0.8629679846665137,-146.0,1.105845992428243,0.7249875276459984,44.0,38.0,62.24489795918368,39.33333333333333,38.92617449664429,50.0,36.59574468085106,38.62660944206009,51.569506726457405,44.5945945945946,43.24324324324324,46.76258992805755,45.0,29.0,45,,
2023-02-21,634,259,367,258,250,309,23,16,9,18,8,14,3,182858401039.35,177131009754.91,21,8,41.082802547770704,39.936102236421725,51.24378109452736,58.0,44.0,-6,1.0323342100988686,-108.0,-1.4320782925175166,0.6836178283553136,40.0,38.0,62.24489795918368,38.0,35.57046979865772,49.32432432432432,38.034188034188034,39.05579399141631,49.549549549549546,50.0,47.22222222222222,48.14814814814815,58.0,33.0,40,,
2023-02-22,629,114,512,200,205,281,6,63,9,20,3,18,4,54195137608.93,322767381756.61,7,2,32.102728731942214,33.011272141706925,46.75540765391015,50.0,95.0,-15,0.1679077275838147,-398.0,-18.094843164683567,1.3260631491118025,25.0,27.0,54.08163265306123,28.000000000000004,28.187919463087248,44.89795918367347,32.327586206896555,35.064935064935064,48.64864864864865,41.13475177304964,39.00709219858156,40.298507462686565,51.0,29.0,27,,
2023-02-23,625,289,325,191,212,282,23,15,11,21,3,17,1,196876771182.17,210909818076.49,18,6,30.8562197092084,34.35980551053485,47.15719063545151,52.0,94.0,-14,0.93346423119463,-36.0,-14.151032914562109,0.9526136508656023,23.0,30.0,55.10204081632652,26.845637583892614,29.72972972972973,43.83561643835616,29.87012987012987,33.04347826086956,48.1981981981982,42.44604316546763,44.60431654676259,43.18181818181818,65.0,31.0,15,,
2023-02-24,622,253,365,190,200,270,17,19,12,15,4,13,1,158284503764.50998,200081692189.99,11,4,30.844155844155846,32.57328990228013,45.37815126050421,46.0,97.0,-9,0.7910993856159964,-112.0,-14.50831998613546,0.8761866050392381,22.0,24.0,51.02040816326531,27.516778523489933,27.7027027027027,44.52054794520548,30.735930735930733,31.73913043478261,46.84684684684685,41.17647058823529,45.588235294117645,39.53488372093023,70.0,30.0,10,,
2023-02-27,613,130,479,135,155,250,9,65,13,11,0,18,1,133081054428.25,232841998105.18,4,0,22.20394736842105,25.6198347107438,42.66211604095563,49.0,99.0,-18,0.5715509036653013,-349.0,-26.591258832399987,0.4748461521973676,25.0,24.0,44.89795918367347,19.463087248322147,22.972972972972972,41.78082191780822,18.88412017167382,24.24242424242424,41.70403587443946,29.365079365079367,32.53968253968254,43.69747899159664,61.0,20.0,9,,
2023-02-28,611,347,259,160,172,255,33,15,15,9,2,9,0,288981297136.06,321894172209.45,4,3,26.4026402640264,28.524046434494192,43.66438356164384,59.0,99.0,-7,0.8977524978241164,88.0,-14.93921525179418,1.492358242405939,22.0,22.0,47.95918367346938,26.174496644295303,27.027027027027028,41.78082191780822,25.847457627118644,29.48717948717949,43.36283185840708,31.40495867768595,33.88429752066116,42.98245614035088,44.0,15.0,10,,
2023-03-01,610,480,128,229,207,274,60,2,15,7,4,4,1,357108100262.99,44916497660.78,3,0,37.91390728476821,34.44259567387687,47.16006884681583,102.0,82.0,0,7.950488547881776,352.0,8.297978085882768,0.4716691279303963,41.0,29.0,51.51515151515152,40.939597315436245,35.810810810810814,47.94520547945205,33.33333333333333,31.03448275862069,45.2914798206278,40.49586776859504,43.80165289256198,46.017699115044245,40.0,13.0,25,,
2023-03-02,605,232,370,210,207,268,25,9,14,5,4,3,2,199365331409.48,209945285109.11,3,1,35.058430717863104,34.73154362416108,46.447140381282495,118.0,26.0,1,0.9496061381224564,-138.0,3.624288499167136,0.6603022051508356,32.0,29.0,51.51515151515152,37.58389261744966,33.78378378378378,44.89795918367347,32.61802575107296,32.900432900432904,45.4954954954955,39.31623931623932,44.44444444444444,45.87155963302752,25.0,8.0,23,,
2023-03-03,600,419,176,279,240,286,51,4,20,5,3,1,3,401907153138.49,60139866504.8,6,3,46.96969696969697,40.54054054054054,50.0,136.0,15.0,2,6.682874048388721,243.0,18.660162460029444,0.3562362242568097,48.0,42.0,55.55555555555556,52.348993288590606,40.26845637583892,50.34013605442177,42.3728813559322,35.8974358974359,47.55555555555556,48.62385321100918,49.54128440366973,49.50495049504951,20.0,7.0,43,,
2023-03-06,594,408,175,338,260,291,42,5,24,5,8,1,1,354861837136.66,108032356240.96,8,6,57.48299319727891,44.29301533219762,51.32275132275132,118.0,18.0,7,3.2847736500827667,233.0,30.92253388426657,0.7097684101824874,60.0,44.0,55.55555555555556,61.74496644295302,46.30872483221477,54.421768707483,52.34042553191489,40.5982905982906,50.0,60.57692307692307,50.0,45.36082474226804,24.0,13.0,60,,
2023-03-08,593,314,267,350,277,286,39,4,21,4,12,2,0,333264717619.9,123347925927.66,6,6,59.72696245733788,47.35042735042735,50.61946902654867,132.0,13.0,10,2.7018266834527087,47.0,31.95224878256798,0.4352721696581768,64.0,49.0,53.535353535353536,58.38926174496645,49.66442953020135,55.78231292517006,56.46551724137932,41.125541125541126,49.321266968325794,64.76190476190476,56.19047619047619,42.85714285714285,26.0,16.0,70,,
2023-03-09,595,210,383,327,268,282,16,10,21,3,10,3,0,163384660680.88,268284450708.02,12,6,55.61224489795919,45.65587734241908,49.73544973544973,97.0,19.0,7,0.6089978761336982,-173.0,21.67289377670285,0.9003362631469832,47.0,41.0,49.494949494949495,55.70469798657718,46.97986577181208,53.74149659863946,56.65236051502146,43.53448275862069,51.35135135135135,61.32075471698113,52.83018867924528,40.4040404040404,35.0,22.0,56,,
2023-03-10,604,182,416,279,252,285,14,16,18,6,1,1,0,128713356258.88,270019881888.19,15,6,46.65551839464883,42.28187919463088,49.30795847750865,69.0,30.0,0,0.476681033110657,-234.0,9.725680777804648,0.9178045057614836,38.0,35.0,48.48484848484848,44.29530201342282,42.28187919463088,54.054054054054056,47.88135593220339,42.97872340425532,50.66666666666667,54.86725663716814,47.32142857142857,40.56603773584906,47.0,27.0,38,,
2023-03-13,601,52,546,159,182,251,9,110,8,3,0,12,1,40498899966.43,396183808430.74,21,3,26.677852348993287,30.63973063973064,43.500866551126514,39.0,136.0,-12,0.1022225015374648,-494.0,-13.537814740142338,0.9316744728966564,23.0,23.0,41.0,24.832214765100677,30.87248322147651,45.94594594594595,24.789915966386555,29.11392405063291,44.05286343612335,36.69724770642202,40.74074074074074,41.17647058823529,62.0,27.0,10,,
2023-03-14,599,174,418,135,162,237,11,31,7,5,2,16,2,125421326136.9,346473084437.46,16,2,22.765598650927487,27.411167512690355,41.21739130434783,34.0,157.0,-14,0.3619944283422082,-244.0,-20.860414334286304,1.1499291425287266,18.0,18.0,40.0,22.818791946308725,27.516778523489933,40.81632653061224,21.84873949579832,27.848101265822784,42.98245614035088,29.245283018867923,35.23809523809524,39.0,70.0,23.0,8,,
2023-03-15,598,295,295,156,167,242,14,9,10,3,2,18,1,186857075329.8,240009495796.1,5,3,26.39593908629442,28.35314091680815,42.1602787456446,34.0,150.0,-16,0.7785403436226723,0.0,-14.81693491560796,1.2844549523880042,24.24242424242424,22.22222222222222,37.37373737373738,28.187919463087248,32.88590604026846,44.21768707482993,24.89451476793249,26.69491525423729,44.29824561403509,29.245283018867923,31.428571428571427,39.0,69.0,20.0,10,,
2023-03-16,597,246,349,154,171,237,16,21,9,5,1,16,0,233282474668.83,246268849571.72,0,0,26.057529610829107,29.03225806451613,41.289198606271775,41.0,61.0,-15,0.9472674886593482,-103.0,-14.72567533805993,0.7441098407900729,28.28282828282828,24.24242424242424,39.39393939393939,28.187919463087248,30.87248322147651,42.17687074829932,22.78481012658228,27.54237288135593,43.85964912280701,28.30188679245283,34.285714285714285,36.0,57.0,14.0,11,,
2023-03-17,593,362,225,196,192,243,35,9,8,5,2,9,0,385573320622.55,210067852463.27,1,0,33.39011925042589,32.76450511945392,42.5569176882662,65.0,39.0,-7,1.835470378267264,137.0,-2.5740200225660743,0.8765539928831352,35.0,33.0,42.0,38.51351351351352,36.48648648648648,44.89795918367347,28.205128205128204,29.059829059829063,44.44444444444444,36.19047619047619,35.57692307692308,35.35353535353536,43.0,8.0,22,,
2023-03-20,591,140,449,147,167,225,8,37,8,6,4,18,1,119239869039.13,305186937281.2,4,0,25.128205128205128,28.5958904109589,39.54305799648506,59.0,67.0,-14,0.3907109200065862,-309.0,-14.47148462770599,0.7980427291446829,26.0,24.0,41.0,27.027027027027028,30.405405405405407,41.49659863945578,23.728813559322035,27.11864406779661,40.26548672566372,24.752475247524757,34.0,33.33333333333333,26.0,5.0,11,,
2023-03-21,595,359,230,188,181,235,30,3,10,4,1,5,1,283811926835.01,124391543039.74,6,2,31.864406779661014,30.782312925170068,41.012216404886566,73.0,49.0,-4,2.2816014650155045,129.0,-2.6714594419620994,0.6841113968195951,27.0,26.0,41.0,36.24161073825504,32.432432432432435,45.57823129251701,31.79916317991632,31.380753138075317,41.04803493449782,30.392156862745097,31.683168316831683,34.02061855670103,16.0,5.0,23,,
2023-03-22,600,372,218,222,193,242,29,5,9,3,2,5,2,228365804066.21,111116263860.08,5,2,37.24832214765101,32.49158249158249,41.72413793103448,67.0,45.0,-3,2.0551969273712545,154.0,8.680919389058737,0.8302961120768417,34.0,27.0,40.0,40.939597315436245,34.22818791946309,45.27027027027027,37.083333333333336,33.054393305439326,43.23144104803494,35.51401869158878,33.9622641509434,34.95145631067961,16.0,4.0,23,,
2023-03-23,604,203,393,207,192,241,19,8,8,5,2,8,0,111919489517.86,273406900359.38,4,1,34.5,32.10702341137124,41.26712328767123,78.0,16.0,-6,0.4093513710544514,-190.0,1.1437986926362598,1.261848565141004,33.0,24.0,43.0,35.57046979865772,32.88590604026846,44.5945945945946,32.64462809917356,32.365145228215766,40.69264069264069,38.53211009174312,37.96296296296296,36.19047619047619,20.0,5.0,18,,
2023-03-24,605,98,506,152,153,223,7,48,10,6,1,19,1,101699481393.64,313791765782.69,5,1,25.333333333333336,25.585284280936456,38.18493150684932,55.0,61.0,-18,0.3240986299942296,-408.0,-16.206158496268145,0.5975831780946175,26.0,20.0,38.0,25.675675675675677,24.324324324324326,40.81632653061224,25.514403292181072,27.685950413223143,39.6551724137931,23.853211009174316,27.77777777777778,31.428571428571427,24.0,6.0,11,,
2023-03-27,601,168,431,131,136,214,4,66,7,5,1,35,0,188601965983.07,189292483690.04,8,2,21.97986577181208,22.895622895622896,36.896551724137936,30.0,122.0,-34,0.996352112384448,-263.0,-23.70934110030005,0.391218303699707,24.0,19.0,38.0,24.324324324324326,25.0,37.16216216216216,19.10569105691057,20.816326530612244,37.60683760683761,23.52941176470588,28.71287128712871,33.6734693877551,28.0,8.0,8,,
2023-03-28,606,196,409,128,140,207,12,43,8,8,2,47,0,153949439003.81,244505223254.67,3,0,21.29783693843594,23.372287145242076,35.38461538461539,23.0,157.0,-45,0.6296366063454621,-213.0,-27.50601552124583,0.7611018785795446,22.0,19.0,36.0,21.62162162162162,25.0,39.86486486486486,19.51219512195122,21.63265306122449,34.61538461538461,24.299065420560748,29.245283018867923,30.097087378640776,25.0,6.0,8,,
2023-03-29,610,487,117,208,181,229,118,11,12,6,8,8,0,421274511301.5,109521581374.75,3,2,34.32343234323432,30.016583747927037,38.87945670628184,134.0,120.0,0,3.8464977040463375,370.0,-1.464642073548248,1.0821254769018886,37.0,30.0,41.0,32.88590604026846,32.21476510067114,43.91891891891892,35.51020408163265,28.27868852459016,38.297872340425535,31.25,30.909090909090907,31.132075471698112,23.0,6.0,24,,
2023-03-31,607,454,150,280,209,243,59,6,19,6,11,1,0,398949675161.33,98490945431.75,2,2,46.434494195688224,34.775374376039935,41.3265306122449,189.0,60.0,10,4.050622860938877,304.0,17.50805543460092,0.7472101873155202,56.99999999999999,39.0,45.0,43.333333333333336,34.66666666666667,44.29530201342282,46.28099173553719,33.60995850622407,41.55844155844156,41.44144144144144,33.63636363636363,33.33333333333333,21.0,7.0,42,,
2023-04-03,619,449,167,366,236,262,72,13,14,5,15,0,1,292303394645.55,110778970242.47,1,1,59.512195121951216,38.62520458265139,43.812709030100336,249.0,30.0,15,2.6386180879436254,282.0,32.54217152689545,1.0189510815437346,61.0,42.0,46.0,57.99999999999999,38.0,45.63758389261745,59.67078189300411,37.1900826446281,44.82758620689656,59.83606557377049,39.49579831932773,37.60683760683761,17.0,7.0,44,,
2023-04-05,624,396,223,406,277,275,52,7,13,4,13,0,3,311233546943.07,140817969621.36,9,6,65.58966074313409,45.040650406504064,45.75707154742096,183.0,26.0,13,2.2101834572670938,173.0,39.78362992817281,0.8034558160882256,63.0,43.0,50.0,64.0,43.333333333333336,45.63758389261745,64.89795918367346,45.08196721311475,47.21030042918455,70.96774193548387,48.7603305785124,39.49579831932773,18.0,11.0,64,,
2023-04-06,626,388,227,445,293,290,38,8,16,3,15,1,3,306805446302.5,146317442639.98,11,7,71.54340836012861,47.41100323624595,48.09286898839137,162.0,28.0,14,2.096848063818387,161.0,45.17615871162408,0.815152576295403,66.0,40.0,49.0,68.66666666666667,47.333333333333336,50.33557046979866,74.18032786885246,48.34710743801653,49.137931034482754,74.21875,51.5873015873016,42.62295081967213,26.0,18.0,71,,
2023-04-10,629,316,306,439,306,286,33,10,13,3,11,2,2,225446310991.62,180503844197.32,14,7,70.46548956661316,49.43457189014539,47.27272727272727,123.0,25.0,9,1.2489834329798015,10.0,42.0108900279168,0.8268162021159426,73.0,47.0,52.0,69.33333333333334,47.333333333333336,48.99328859060403,68.44262295081968,49.58677685950413,49.137931034482754,73.64341085271317,53.54330708661418,37.903225806451616,37.0,23.0,65,,
2023-04-11,628,378,239,462,320,291,34,3,8,2,9,1,3,339254353641.6,110277665066.81,19,11,74.39613526570048,51.7799352750809,48.258706467661696,105.0,21.0,8,3.0763650412444625,139.0,45.54453085320748,0.5141099762072466,75.0,49.0,56.00000000000001,74.66666666666667,47.333333333333336,48.99328859060403,72.54098360655738,54.958677685950406,51.08225108225109,77.16535433070865,53.17460317460318,35.77235772357724,54.0,32.0,64,,
2023-04-12,628,355,268,483,354,299,25,5,7,5,10,2,2,321072571338.56,145950846200.01,18,8,77.77777777777779,57.28155339805825,49.50331125827815,92.0,18.0,8,2.1998678301499157,87.0,45.73807110456499,0.6021392956054873,80.0,52.0,55.00000000000001,80.66666666666666,57.99999999999999,51.006711409395976,74.28571428571429,58.8477366255144,53.41880341880342,79.36507936507937,57.6,35.53719008264463,71.0,39.0,62,,
2023-04-13,634,334,290,473,366,310,25,6,13,2,7,0,0,326164459669.45,160271237774.76,16,6,75.31847133757962,58.56,50.73649754500818,84.0,14.0,7,2.035077935367486,44.0,43.52485766395282,0.5659361334105669,69.0,56.00000000000001,56.00000000000001,76.66666666666667,54.0,53.02013422818792,76.42276422764228,61.885245901639344,54.46808510638298,76.51515151515152,59.54198473282442,37.00787401574803,78.0,39.0,61,,
2023-04-17,638,350,280,470,385,320,31,19,26,3,14,2,3,320905258006.55,242251777705.19,19,11,74.24960505529225,61.11111111111112,52.03252032520326,81.0,30.0,12,1.3246765866753634,70.0,42.71493588390966,0.9436265520003002,76.0,63.0,56.00000000000001,74.66666666666667,60.0,55.70469798657718,74.49392712550608,63.26530612244898,55.319148936170215,72.05882352941177,57.03703703703704,38.93129770992366,86.0,43.0,62,,
2023-04-18,640,328,305,492,392,323,16,14,29,4,12,1,3,241322933686.3,213719051747.07,25,12,77.48031496062993,62.0253164556962,52.35008103727715,72.0,39.0,11,1.1291596687968573,23.0,39.45887808255321,0.9523983771147662,79.0,61.0,56.99999999999999,82.66666666666667,64.66666666666666,56.375838926174495,73.98373983739837,62.29508196721312,54.27350427350427,76.97841726618705,59.42028985507246,41.04477611940299,97.0,48.0,60,,
2023-04-19,649,283,362,492,404,335,26,6,33,3,9,3,1,220893281377.95,222870969958.47,32,17,76.51632970451011,63.125,53.68589743589743,73.0,39.0,6,0.9911263069349564,-79.0,31.37765427198068,0.7887672341365964,73.73737373737373,58.58585858585859,57.57575757575758,78.0,62.66666666666667,55.033557046979865,73.98373983739837,63.52459016393443,55.74468085106383,81.08108108108108,65.98639455782312,46.09929078014184,110.0,54.0,54,,
2023-04-20,655,338,313,490,417,336,30,14,43,3,9,1,1,251573321304.66,160080620320.88,35,12,75.61728395061729,64.65116279069767,53.5031847133758,72.0,34.0,8,1.5715413945822037,25.0,29.511319642581267,0.6871420684148947,73.73737373737373,59.59595959595959,57.57575757575758,76.0,65.33333333333333,55.70469798657718,73.57723577235772,63.52459016393443,54.8936170212766,79.73856209150327,69.07894736842105,46.206896551724135,127.0,58.0,56,,
2023-04-21,656,257,390,449,407,330,18,12,36,4,7,2,3,192476259413.72,199421238154.98,25,11,69.29012345679013,63.100775193798455,52.54777070063695,74.0,32.0,5,0.9651743274411788,-133.0,19.868046936231856,0.6827516441733363,65.0,60.0,56.00000000000001,72.48322147651007,62.41610738255034,53.37837837837838,65.9919028340081,61.63265306122449,53.813559322033896,74.3421052631579,68.21192052980133,47.22222222222222,136.0,63.0,48,,
2023-04-24,663,388,265,466,429,341,38,10,44,3,9,4,5,324515947383.42,104876505480.87,27,10,71.14503816793894,65.79754601226993,53.7007874015748,86.0,36.0,5,3.094267356596977,123.0,24.32370853762195,0.4731817825226566,65.0,62.0,55.00000000000001,72.48322147651007,65.77181208053692,54.729729729729726,68.54838709677419,65.04065040650406,55.69620253164557,77.84810126582279,69.42675159235668,48.66666666666667,144.0,62.0,57,,
2023-04-25,664,345,309,476,437,353,28,12,48,4,9,6,3,339980855852.63,213329760893.21,28,15,72.5609756097561,66.9218989280245,55.50314465408805,84.0,34.0,3,1.5936869493929626,36.0,23.66168066412237,0.70057978123885,78.0,64.0,55.00000000000001,75.83892617449665,69.79865771812081,54.729729729729726,66.53225806451613,63.82113821138211,56.540084388185655,75.47169811320755,70.88607594936708,54.966887417218544,147.0,65.0,54,,
2023-04-26,669,374,283,497,453,360,36,10,47,3,8,4,4,369078292110.0,122408998227.17,16,12,75.18910741301059,68.94977168949772,56.16224648985959,102.0,32.0,4,3.015123867160928,91.0,25.727338428959623,0.4383086163429866,76.0,67.0,56.99999999999999,78.52348993288591,71.14093959731544,54.36241610738255,69.87951807228916,64.63414634146342,56.72268907563025,79.75460122699386,74.69135802469135,56.493506493506494,131.0,60.0,61,,
2023-04-27,672,402,264,518,480,369,36,13,47,3,11,3,4,375561549600.15,136181215447.64,32,16,78.12971342383108,72.61724659606656,57.298136645962735,100.0,35.0,8,2.757807296444265,138.0,29.71483912575068,0.5521514409982804,79.0,71.0,57.99999999999999,80.53691275167785,74.49664429530202,55.70469798657718,74.08906882591093,67.3469387755102,58.64978902953587,81.437125748503,79.64071856287424,56.32911392405063,128.0,64.0,69,,
2023-04-28,675,485,187,558,507,391,46,13,61,2,16,2,4,466637729464.4,131498262617.36,22,18,83.78378378378379,76.35542168674698,60.432766615146825,118.0,36.0,14,3.5486227739924217,298.0,40.97557802587827,0.7308702707734113,87.0,76.0,62.0,88.59060402684564,83.22147651006712,62.41610738255034,79.26829268292683,70.90163934426229,60.337552742616026,84.21052631578947,78.3625730994152,57.7639751552795,125.0,71.0,85,,
2023-05-02,678,422,248,572,531,408,46,14,83,2,24,3,3,361055673698.64,174108201256.88998,30,18,85.50074738415545,79.61019490254873,62.76923076923077,128.0,40.0,21,2.0737430580074525,174.0,44.19863189535797,0.8205514644908778,89.0,81.0,69.0,92.0,84.66666666666667,65.33333333333333,82.85714285714286,74.48559670781893,61.440677966101696,81.60919540229885,81.60919540229885,58.53658536585365,128.0,79.0,91,,
2023-05-03,684,340,337,550,534,417,34,18,101,2,18,0,2,304461847242.52,213391431435.33,31,15,81.48148148148148,79.34621099554235,63.664122137404576,126.0,45.0,18,1.426776348022154,3.0,38.18334979428633,0.7071199901441524,80.0,78.0,67.0,87.33333333333333,82.66666666666667,65.33333333333333,80.89430894308943,77.04918032786885,62.447257383966246,78.2122905027933,80.44692737430168,61.90476190476191,131.0,79.0,87,,
2023-05-04,684,475,206,591,555,433,47,7,95,0,19,0,3,392535667390.39,135255559788.24,55,35,87.68545994065282,82.58928571428571,66.10687022900763,127.0,39.0,19,2.902177685005741,269.0,46.14936684889864,0.7945155304003673,91.0,80.0,72.0,88.0,84.66666666666667,65.33333333333333,87.39837398373984,80.73770491803278,64.55696202531645,85.95505617977528,84.8314606741573,65.47619047619048,170.0,102.0,91,,
2023-05-05,688,223,459,541,532,427,27,32,75,1,16,3,2,231300536818.79,302237319226.73,55,33,79.6759941089838,78.58197932053176,64.6969696969697,108.0,57.0,13,0.7652944295911877,-236.0,27.47956459634768,0.6348390386376613,79.0,72.0,66.0,82.0,80.66666666666666,64.0,78.13765182186235,77.14285714285715,63.4453781512605,80.21978021978022,82.41758241758241,66.27906976744185,193.0,119.0,79,,
2023-05-08,692,450,235,568,554,452,54,17,54,2,26,1,2,389253032890.46,114350695646.06,48,25,83.16251830161055,81.35095447870778,68.17496229260935,128.0,56.0,25,3.404028551739483,215.0,33.92948584743487,0.5625374722673088,86.0,81.0,70.0,87.33333333333333,84.0,68.66666666666667,80.97165991902834,78.77551020408163,65.54621848739495,81.18279569892472,82.79569892473118,70.28571428571428,219.0,126.0,86,,
2023-05-09,689,270,415,543,548,449,25,17,40,2,12,0,2,244356116001.82,246023612108.41,55,27,79.61876832844574,80.46989720998532,67.72247360482655,106.0,66.0,12,0.9932222111028302,-145.0,21.27452108787724,0.6550421470298715,82.0,84.0,70.0,82.66666666666667,83.33333333333334,70.0,75.20325203252033,75.51020408163265,65.54621848739495,81.72043010752688,82.79569892473118,67.42857142857143,244.0,135.0,68,,
2023-05-10,695,388,302,545,552,461,35,14,35,2,13,0,0,327456309623.07,152196440421.68,29,17,79.33042212518195,80.466472303207,68.90881913303438,114.0,48.0,13,2.1515372417108427,86.0,21.898153613016085,0.5971396576426061,82.82828282828282,81.81818181818183,70.70707070707071,81.33333333333333,82.66666666666667,72.0,76.82926829268293,76.32653061224491,65.12605042016807,79.16666666666666,83.33333333333334,70.32967032967034,242.0,137.0,78,,
2023-05-11,704,447,248,565,579,468,45,9,40,1,16,0,2,354004961207.95,171877349795.88,35,17,81.41210374639769,83.54978354978356,69.43620178041543,105.0,40.0,16,2.0596370704363496,199.0,27.97186865394472,0.8751150291040614,78.78787878787878,80.8080808080808,69.6969696969697,83.33333333333334,84.66666666666667,72.66666666666667,79.75708502024291,81.30081300813008,65.83333333333333,83.33333333333334,86.86868686868688,71.35135135135135,222.0,119.0,75,,
2023-05-12,705,270,428,532,553,465,34,13,43,1,23,0,4,265954358315.74,226173030244.6,30,17,76.54676258992805,79.68299711815561,68.88888888888889,114.0,36.0,23,1.1758889113707216,-158.0,15.175035670668976,0.5364802026748956,73.73737373737373,75.75757575757575,68.68686868686868,74.66666666666667,82.0,71.33333333333334,75.80645161290323,76.92307692307693,64.73029045643153,80.3030303030303,83.33333333333334,72.43243243243244,197.0,103.0,72,,
2023-05-15,708,404,296,549,559,478,38,16,40,1,20,1,4,343033142879.76,120443379446.51,28,14,78.7661406025825,80.31609195402298,70.60561299852289,117.0,38.0,19,2.848086332815862,108.0,17.457868291614865,0.4792217318480801,77.77777777777779,80.8080808080808,72.72727272727273,78.0,78.0,71.33333333333334,76.61290322580645,78.54251012145748,67.08333333333333,82.5,84.0,73.40425531914893,177.0,92.0,74,,
2023-05-16,710,323,377,535,560,480,31,9,42,1,14,1,2,284385794599.19,221410057277.61,37,17,76.5379113018598,80.34433285509326,70.79646017699115,103.0,38.0,13,1.2844303375190371,-54.0,11.222400841065523,0.6670380640372754,79.7979797979798,78.78787878787878,73.73737373737373,72.66666666666667,80.66666666666666,70.0,75.80645161290323,78.45528455284553,67.22689075630252,78.71287128712872,83.16831683168317,74.3455497382199,159.0,82.0,68,,
2023-05-17,718,337,376,532,557,478,36,15,49,2,16,3,3,213035848685.78,275737427987.89,36,21,75.14124293785311,79.00709219858156,69.5778748180495,105.0,40.0,13,0.7726040321778015,-39.0,6.584964166640514,1.1600723765552627,72.72727272727273,73.73737373737373,68.68686868686868,74.0,78.66666666666666,69.33333333333334,75.90361445783132,78.04878048780488,66.38655462184873,76.19047619047619,82.85714285714286,74.0,166.0,86.0,64,,
2023-05-18,726,273,445,496,540,476,33,17,48,3,21,1,1,206199190328.58,309167922078.73,44,18,69.27374301675978,75.84269662921348,68.78612716763006,100.0,41.0,20,0.666948850780422,-172.0,-4.062969010826073,0.9198353747061052,62.62626262626263,69.6969696969697,66.66666666666666,61.33333333333333,72.0,66.0,74.69879518072288,76.82926829268293,67.36401673640168,71.55963302752293,80.18433179723502,73.52941176470588,175.0,87.0,60,,
2023-05-19,729,316,409,490,542,480,22,15,53,3,13,3,3,360911051292.19,147759817315.31,30,12,68.05555555555556,75.69832402234637,69.06474820143885,91.0,47.0,10,2.4425520946742165,-93.0,-9.196637032505876,0.3163151109873731,68.68686868686868,72.72727272727273,67.67676767676768,56.66666666666666,70.0,66.0,68.8,75.30364372469636,67.91666666666667,74.6606334841629,81.36363636363636,73.30097087378641,175.0,82.0,60,,
2023-05-22,731,393,330,497,548,490,40,28,50,3,21,1,3,356206635419.67,188161773324.78,31,11,68.83656509695291,76.32311977715878,70.3012912482066,95.0,60.0,20,1.8930871511549436,63.0,-5.739940005879578,0.6290830774391636,73.73737373737373,78.78787878787878,72.72727272727273,66.0,77.33333333333333,69.33333333333334,67.60000000000001,73.68421052631578,68.75,69.95515695067265,77.47747747747748,71.63461538461539,178.0,79.0,57,,
2023-05-23,726,391,326,505,554,499,38,18,52,3,12,0,2,376549042041.07,171457058734.52,29,12,70.43235704323571,77.69985974754559,72.10982658959537,100.0,61.0,12,2.196171127746392,65.0,-2.655764348084695,0.5461261592571064,71.71717171717171,79.7979797979798,76.76767676767676,68.0,78.66666666666666,74.0,68.8,74.08906882591093,68.75,73.39449541284404,80.18433179723502,72.41379310344827,170.0,74.0,57,,
2023-05-24,727,338,380,478,542,492,38,16,51,3,20,0,4,270686220957.94,283703276541.98,17,10,66.57381615598887,75.91036414565826,70.995670995671,116.0,62.0,20,0.9541173590143086,-42.0,-5.355515338929644,0.9322476693322452,76.76767676767676,78.78787878787878,71.71717171717171,64.0,76.0,72.0,62.4,71.37096774193549,69.4560669456067,68.4931506849315,79.72350230414746,71.70731707317073,151.0,63.0,51,,
2023-05-25,732,380,338,484,544,499,35,15,55,3,21,0,5,304448572635.06,201122177220.88,34,15,66.85082872928176,75.55555555555556,71.28571428571429,111.0,49.0,21,1.5137493877699175,42.0,-3.437024859407428,0.7426991311196274,76.76767676767676,80.8080808080808,75.75757575757575,61.33333333333333,77.33333333333333,73.33333333333333,65.2,70.96774193548387,68.20083682008368,68.0,77.13004484304933,71.22641509433963,141.0,60.0,58,,
2023-05-26,735,451,275,510,564,515,46,14,53,2,25,1,3,372927272892.94,115109015696.2,20,12,70.15130674002751,78.00829875518673,73.2574679943101,119.0,45.0,24,3.239774666105942,176.0,4.9204696248811,0.5062080450092548,77.77777777777779,81.81818181818183,79.7979797979798,72.66666666666667,82.0,76.66666666666667,68.0,75.0,70.16806722689076,67.54385964912281,76.99115044247787,71.29629629629629,131.0,60.0,65,,
2023-05-29,732,412,313,530,568,522,29,15,50,2,23,0,2,325971958195.7,155303863273.21,17,10,73.20441988950276,78.88888888888889,74.67811158798283,110.0,44.0,23,2.098930131713796,99.0,8.191525060823388,0.6271261295571062,82.82828282828282,81.81818181818183,80.8080808080808,76.66666666666667,83.33333333333334,79.19463087248322,71.4859437751004,76.92307692307693,72.26890756302521,68.58407079646017,76.78571428571429,71.36150234741784,117.0,59.0,70,,
2023-05-30,740,345,384,527,574,526,39,19,59,3,21,0,4,281142006479.06,214067587278.81,28,14,71.99453551912568,78.73799725651578,74.7159090909091,114.0,48.0,21,1.3133329059895913,-39.0,4.047319833249933,0.6840896896000872,80.8080808080808,79.7979797979798,78.78787878787878,74.66666666666667,82.66666666666667,79.86577181208054,72.28915662650603,78.13765182186235,73.10924369747899,66.23931623931624,76.39484978540773,71.10091743119266,116.0,61.0,72,,
2023-05-31,742,420,311,529,583,531,54,19,62,3,34,0,4,746576584356.31,514100784222.04,29,16,71.97278911564626,79.53615279672579,75.0,122.0,53.0,34,1.4521988825324643,109.0,7.883787764508373,0.9299568615267474,77.77777777777779,79.7979797979798,78.78787878787878,77.33333333333333,82.66666666666667,80.53691275167785,73.89558232931726,79.35222672064778,73.22175732217573,64.13502109704642,77.63713080168776,71.49321266968326,128.0,67.0,73,,
2023-06-01,748,456,278,556,597,547,55,11,62,2,27,0,1,303168942464.28,226877749417.21,32,22,75.03373819163292,80.78484438430311,76.61064425770309,148.0,49.0,27,1.3362656463361535,178.0,14.574548906911794,1.2275162309841636,76.76767676767676,78.78787878787878,79.7979797979798,78.0,84.66666666666667,80.53691275167785,76.70682730923694,80.16194331983806,73.64016736401673,70.78189300411523,79.83539094650206,75.77092511013215,126.0,74.0,84,,
2023-06-02,754,480,269,580,614,565,49,6,62,3,46,0,3,383977809214.09,153274968600.80002,26,16,77.7479892761394,82.52688172043011,78.58136300417246,158.0,36.0,46,2.505156665300963,211.0,21.872276939132163,0.7122854397954389,81.81818181818183,85.85858585858585,80.8080808080808,77.33333333333333,84.0,79.86577181208054,77.91164658634538,80.16194331983806,74.89539748953975,76.20967741935483,82.66129032258065,80.60344827586206,132.0,78.0,89,,
2023-06-05,756,449,297,615,632,567,57,16,72,2,56,0,3,344561294595.66003,166135193470.7,53,31,82.2192513368984,84.71849865951742,78.64077669902912,161.0,33.0,56,2.0739813605864774,152.0,25.052473021984923,0.7289286878436609,83.83838383838383,84.84848484848484,79.7979797979798,85.33333333333334,88.0,81.87919463087249,81.45161290322581,82.99595141700405,75.73221757322176,80.47808764940238,84.39999999999999,79.05982905982906,168.0,99.0,90,,
2023-06-06,766,409,347,633,649,577,51,12,74,1,35,0,3,307304391590.15,210750166539.96,28,19,83.399209486166,85.84656084656085,79.14951989026063,157.0,34.0,35,1.4581454270494374,62.0,23.146278307714116,0.8083379954563698,85.0,85.85858585858585,79.7979797979798,83.33333333333334,86.66666666666667,81.20805369127517,84.67741935483872,85.82995951417004,77.40585774058577,81.60919540229885,85.38461538461539,79.33884297520662,168.0,104.0,90,,
2023-06-07,769,530,232,665,669,593,65,2,80,1,52,0,3,461586562934.89,95350904484.98,34,21,87.1559633027523,88.02631578947368,80.90040927694406,173.0,30.0,52,4.840924849408227,298.0,33.200750435474,0.4719103951592955,88.0,86.86868686868688,81.81818181818183,86.66666666666667,90.0,83.22147651006712,89.11290322580645,88.25910931174089,79.49790794979079,85.28301886792453,87.12121212121212,80.48780487804879,173.0,109.0,96,,
2023-06-08,775,220,548,635,652,583,20,25,72,2,15,1,1,216800872582.5,337690651070.95,52,28,82.57477243172951,85.00651890482399,78.78378378378378,136.0,39.0,14,0.6420102892838137,-328.0,10.331320352531314,0.6253168535078183,83.0,82.82828282828282,82.82828282828282,80.0,86.66666666666667,79.86577181208054,83.53413654618474,85.88709677419355,76.66666666666667,82.96296296296296,84.07407407407408,78.57142857142857,193.0,115.0,80,,
2023-06-09,777,329,440,598,649,578,30,11,57,2,20,3,3,264181448433.05,245856963757.48,40,18,77.46113989637306,84.28571428571429,77.68817204301075,115.0,38.0,17,1.0745331122434496,-111.0,1.5763010298526794,0.6958624766491749,77.0,83.83838383838383,82.82828282828282,70.0,82.66666666666667,80.53691275167785,78.3132530120482,85.08064516129032,74.58333333333333,80.95238095238095,84.61538461538461,76.953125,207.0,117.0,78,,
2023-06-12,794,487,301,629,665,596,61,7,71,2,40,1,2,305826786783.76,145661031682.19,48,18,79.92376111817026,84.71337579617835,78.52437417654808,111.0,43.0,39,2.099578612425505,186.0,8.93287800381318,0.7706023436133446,79.0,81.81818181818183,81.81818181818183,78.66666666666666,85.33333333333334,81.75675675675676,78.714859437751,83.06451612903226,75.10373443983403,81.94444444444444,86.80555555555556,78.59778597785979,202.0,104.0,75,,
2023-06-13,795,513,274,659,683,607,57,9,75,2,44,0,3,414877284684.84,144107302535.75,26,18,83.84223918575063,87.11734693877551,80.29100529100529,148.0,27.0,44,2.878946988699047,239.0,17.828086926530347,0.6503290199756944,80.0,83.83838383838383,82.82828282828282,85.33333333333334,89.33333333333333,83.1081081081081,83.93574297188755,86.29032258064517,77.17842323651453,84.3205574912892,87.8048780487805,80.59701492537313,200.0,103.0,79,,
2023-06-14,798,417,370,665,694,614,47,11,78,2,50,1,4,336765351612.75,199854211595.31,20,10,84.28390367553865,88.18297331639135,80.89591567852437,165.0,27.0,49,1.6850550655128296,47.0,15.744350120820862,0.6688369122726726,77.0,83.83838383838383,80.8080808080808,88.66666666666667,89.33333333333333,83.78378378378379,83.13253012048193,88.30645161290323,79.25311203319502,85.51724137931035,88.96551724137932,80.81180811808119,186.0,92.0,74,,
2023-06-15,801,332,458,649,683,612,41,10,74,1,42,0,2,315468589413.52,278257024379.72,39,17,81.94444444444444,86.45569620253166,80.31496062992126,145.0,30.0,42,1.133730909818901,-126.0,5.234033401335154,0.6393852574859366,74.0,79.7979797979798,79.7979797979798,85.33333333333334,89.33333333333333,83.78378378378379,79.91967871485943,85.88709677419355,79.66804979253112,84.64163822525597,87.71331058020478,79.1970802919708,173.0,81.0,66,,
2023-06-16,807,533,262,683,703,627,48,7,73,1,31,0,2,517556440346.85,142318434094.06,49,31,85.58897243107769,88.31658291457286,81.53446033810144,136.0,28.0,31,3.63660859284603,271.0,16.071542439168198,0.5594088814067486,75.0,81.81818181818183,81.81818181818183,88.0,87.33333333333333,85.13513513513513,84.73895582329317,88.30645161290323,81.32780082987551,88.62876254180601,90.96989966555184,79.7153024911032,182.0,94.0,79,,
2023-06-19,808,370,434,675,702,619,46,7,81,1,31,0,5,296110296138.39,269025969570.74,44,24,84.58646616541353,88.19095477386935,80.49414824447334,135.0,24.0,31,1.1006755095460337,-64.0,8.50725495431962,0.7745557658165791,74.74747474747475,81.63265306122449,80.61224489795919,84.66666666666667,87.33333333333333,84.56375838926175,85.94377510040161,89.51612903225806,81.32780082987551,86.66666666666667,89.66666666666666,77.58007117437722,178.0,100.0,82,,
2023-06-20,817,492,315,685,720,639,59,6,83,1,40,1,4,403770804854.64,159767323472.83002,42,20,84.77722772277228,89.44099378881988,82.23938223938224,153.0,20.0,39,2.52724271821018,177.0,14.047252880002482,0.6180272083288143,79.7979797979798,84.6938775510204,83.6734693877551,83.33333333333334,86.66666666666667,83.89261744966443,85.14056224899599,89.91935483870968,83.75,86.7741935483871,91.9093851132686,79.65517241379311,194.0,102.0,81,,
2023-06-21,822,394,421,695,722,645,48,14,100,1,33,0,4,321565041750.41,255576001385.91,47,23,85.69667077681873,89.35643564356435,82.6923076923077,153.0,27.0,33,1.2581973268486153,-27.0,8.513714842061312,0.7438157460697927,76.76767676767676,85.71428571428571,81.63265306122449,85.33333333333334,89.33333333333333,85.23489932885906,87.09677419354838,89.87854251012146,83.68200836820083,87.57961783439491,90.09584664536742,80.95238095238095,221.0,115.0,76,,
2023-06-22,831,206,617,621,706,643,23,21,84,1,12,0,2,215031006253.88,366262257196.08,40,14,75.73170731707317,86.41370869033048,81.49556400506971,130.0,41.0,12,0.5870957272530603,-411.0,-15.460028754588697,0.5686867853898345,63.63636363636363,82.6530612244898,80.61224489795919,74.0,84.0,83.22147651006712,77.01612903225806,87.4493927125506,81.9327731092437,79.25696594427245,87.88819875776397,80.5921052631579,222.0,112.0,63,,
2023-06-23,831,176,648,511,660,621,18,39,73,2,7,1,1,106187248128.46,390778862829.65,60,11,62.31707317073171,80.78335373317015,78.70722433460075,89.0,74.0,6,0.2717323228783477,-472.0,-38.93027938595151,0.9995312129032224,51.51515151515152,74.48979591836735,79.59183673469387,60.0,75.33333333333333,75.83892617449665,59.67741935483871,81.37651821862349,79.83193277310924,68.73065015479877,84.78260869565217,78.94736842105263,233.0,92.0,44,,
2023-06-26,838,529,299,564,682,641,57,13,76,3,14,0,1,320934435887.69,129280484866.66,44,12,68.19830713422007,82.76699029126213,80.52763819095478,98.0,73.0,14,2.482466214593038,230.0,-23.702692278836963,0.7126907745331822,57.57575757575758,81.63265306122449,81.63265306122449,66.0,79.33333333333333,79.19463087248322,68.14516129032258,81.78137651821862,81.9327731092437,72.42424242424242,85.41033434650456,79.7427652733119,233.0,80.0,56,,
2023-06-27,838,509,323,594,696,646,53,8,85,1,32,0,2,380899141628.86,122414518791.87,16,5,71.82587666263603,84.46601941747572,80.95238095238095,128.0,60.0,32,3.1115520069679588,186.0,-12.764591840859834,0.5064518894943484,61.61616161616161,82.6530612244898,82.6530612244898,66.0,82.66666666666667,77.85234899328859,71.4859437751004,83.06451612903226,82.91666666666667,77.81155015197568,86.89024390243902,80.38585209003215,207.0,65.0,63,,
2023-06-28,841,425,408,613,696,648,35,5,78,1,32,0,4,541840285265.84,221189459497.49,11,7,73.94451145958986,84.1596130592503,81.0,145.0,26.0,32,2.4496659402162364,17.0,-11.79869300718509,0.4252280482679679,74.74747474747475,83.6734693877551,82.6530612244898,74.0,84.0,79.86577181208054,69.87951807228916,81.92771084337349,82.08333333333333,76.73716012084593,86.06060606060606,80.19169329073482,171.0,49.0,64,,
2023-06-30,833,488,340,639,708,653,50,10,78,1,35,1,2,475935981916.49,210315543801.05,20,11,77.73722627737226,86.34146341463415,82.34552332912989,138.0,23.0,34,2.262961516371354,148.0,-4.363856039357259,0.6342547618523116,83.83838383838383,88.77551020408163,84.6938775510204,79.33333333333333,87.33333333333333,82.5503355704698,73.79032258064517,85.48387096774194,83.26359832635984,78.15384615384615,85.80246913580247,80.78175895765473,151.0,46.0,65,,
2023-07-03,831,463,364,650,717,658,63,10,82,1,42,0,2,376955356979.05,177277435776.72,27,15,79.26829268292683,87.65281173594131,83.1858407079646,148.0,25.0,42,2.1263583564792943,99.0,-0.4352511516676784,0.5981955102262688,83.83838383838383,90.81632653061224,84.6938775510204,84.66666666666667,87.33333333333333,83.22147651006712,75.90361445783132,85.94377510040161,84.93723849372385,77.95031055900621,88.1619937694704,81.31147540983606,118.0,50.0,66,,
2023-07-04,827,332,487,612,703,650,34,11,68,1,33,0,1,360198418588.43,226533431337.52,25,14,74.90820073439413,86.36363636363636,82.69720101781171,147.0,31.0,33,1.5900453035197173,-155.0,-9.774117716934748,0.4287455486248285,79.7979797979798,89.79591836734694,85.71428571428571,79.33333333333333,86.66666666666667,81.87919463087249,72.98387096774194,85.88709677419355,85.59322033898306,72.8125,85.53459119496856,79.86798679867987,99.0,52.0,73,,
2023-07-05,826,547,274,646,719,661,59,6,63,1,52,0,1,410979487621.94,198524662520.27,43,25,79.16666666666666,88.54679802955665,84.31122448979592,156.0,27.0,52,2.0701684234319133,273.0,3.690021958346591,0.9643420034655756,81.63265306122449,87.62886597938144,85.56701030927834,80.66666666666666,88.66666666666667,84.56375838926175,78.62903225806451,88.30645161290323,86.86440677966102,78.125,88.95899053627761,81.78807947019867,126.0,72.0,84,,
2023-07-06,825,516,304,681,729,664,45,6,60,1,46,1,1,512878657767.22,148752035599.05,46,33,83.55828220858895,89.88902589395808,84.80204342273308,138.0,23.0,45,3.447876566540885,212.0,12.133411270920398,0.4922938476175012,88.77551020408163,91.75257731958764,84.5360824742268,87.33333333333333,90.0,83.89261744966443,81.04838709677419,88.70967741935483,86.86440677966102,82.13166144200626,90.18987341772151,83.72093023255815,161.0,98.0,92,,
2023-07-07,821,262,554,629,709,652,26,8,46,0,25,1,2,259127797040.88,359749481414.29,38,27,77.55856966707768,87.85625774473358,83.69704749679076,130.0,20.0,24,0.7203006826366114,-292.0,-5.908157923183602,0.6565649583928271,80.8080808080808,87.75510204081633,83.6734693877551,77.85234899328859,84.56375838926175,81.75675675675676,78.13765182186235,88.66396761133603,86.38297872340426,75.9493670886076,88.81789137380191,82.5503355704698,179.0,114.0,79,,
2023-07-10,822,301,518,584,695,643,38,15,53,0,27,1,3,303506418929.99,277790151322.72003,45,19,71.83271832718327,86.01485148514851,82.43589743589743,109.0,29.0,26,1.0925744396798085,-217.0,-17.554158794526604,0.5318457580349158,74.48979591836735,89.69072164948454,83.50515463917526,71.81208053691275,83.22147651006712,80.4054054054054,72.8744939271255,86.63967611336032,84.32203389830508,70.21943573667711,85.71428571428571,81.60535117056857,197.0,118.0,80,,
2023-07-11,821,546,272,640,705,645,56,8,61,0,33,2,5,439938747263.67,209158637512.77,57,23,78.72078720787208,87.46898263027295,82.798459563543,120.0,31.0,31,2.1033735565274463,274.0,-2.8737187455522357,0.9543492333765476,80.41237113402062,88.54166666666666,83.33333333333334,80.53691275167785,87.24832214765101,80.4054054054054,80.24193548387096,87.09677419354838,85.65400843881856,76.17554858934169,87.53993610223642,81.54362416107382,229.0,127.0,79,,
2023-07-12,821,441,369,638,696,641,53,5,56,0,42,0,6,393228297968.09,349682544857.54,31,16,78.47478474784748,86.35235732009926,82.39074550128535,147.0,28.0,42,1.1245293874428033,72.0,-0.4075739099513917,1.0627752058460984,78.35051546391753,86.45833333333334,82.29166666666666,79.86577181208054,84.56375838926175,79.05405405405406,78.62903225806451,86.69354838709677,85.65400843881856,77.74294670846395,86.90095846645367,81.48148148148148,217.0,118.0,75,,
2023-07-13,823,243,576,566,673,638,24,32,49,1,26,1,4,312404558280.44,383654777881.44,30,11,69.4478527607362,83.18912237330038,81.69014084507043,133.0,45.0,25,0.8142855929112962,-333.0,-18.546982205962912,0.5180921824880632,69.0721649484536,81.44329896907216,84.5360824742268,67.78523489932886,81.08108108108108,77.55102040816327,71.7741935483871,84.2741935483871,84.81012658227847,68.53582554517133,83.86075949367088,80.33333333333333,201.0,96.0,56,,
2023-07-14,827,585,236,620,700,667,85,8,64,0,51,0,1,458505439120.83,157520644380.18,25,11,75.7020757020757,86.10086100861008,84.96815286624204,162.0,45.0,51,2.910764115554376,349.0,0.1365586119770512,0.8516023493885645,78.35051546391753,90.72164948453609,89.69072164948454,76.51006711409396,86.48648648648648,82.31292517006803,76.61290322580645,83.87096774193549,85.23206751054853,73.84615384615385,86.25,84.53947368421053,188.0,80.0,65,,
2023-07-17,828,524,294,668,720,673,53,13,73,0,56,0,3,478077869718.49,179981813611.52,35,21,81.46341463414633,88.45208845208845,85.5146124523507,162.0,53.0,56,2.656256541288069,230.0,10.160303218255834,0.6709867429844675,84.5360824742268,89.58333333333334,89.58333333333334,82.66666666666667,89.93288590604027,83.78378378378379,81.78137651821862,87.4493927125506,86.86440677966102,79.75460122699386,88.19875776397515,84.03908794788273,178.0,82.0,68,,
2023-07-18,835,273,557,622,713,673,32,23,61,0,29,0,1,308558814810.2,406479364029.95,15,9,75.30266343825666,86.95121951219512,84.76070528967254,170.0,44.0,29,0.7591008108039279,-284.0,-7.020196659467079,0.645666117429755,78.35051546391753,90.625,89.58333333333334,72.66666666666667,85.90604026845638,81.08108108108108,76.82926829268293,86.58536585365853,85.95744680851064,74.47447447447448,86.62613981762918,84.12698412698413,136.0,68.0,63,,
2023-07-19,834,508,319,648,720,676,46,8,64,0,40,0,1,458664195387.7,163143794756.29,42,22,78.35550181378477,87.6979293544458,85.13853904282117,131.0,44.0,40,2.811410609106334,189.0,1.9755769283771656,0.5664332644509781,83.50515463917526,90.625,89.58333333333334,77.33333333333333,87.33333333333333,81.08108108108108,79.75708502024291,88.21138211382113,87.65957446808511,76.27627627627628,86.62613981762918,83.80952380952381,147.0,74.0,72,,
2023-07-20,832,400,417,641,715,678,40,14,58,0,47,0,1,457864697676.96,241303287096.2,52,25,77.6969696969697,87.3015873015873,85.49810844892812,118.0,45.0,47,1.897465646601092,-17.0,-0.6429145386578909,0.505533586669743,82.4742268041237,90.625,89.58333333333334,77.33333333333333,86.66666666666667,81.75675675675676,79.35222672064778,87.39837398373984,88.51063829787233,75.22658610271903,86.54434250764525,83.7579617834395,169.0,88.0,71,,
2023-07-21,838,357,470,611,700,680,42,17,62,0,44,0,2,336740456129.29,427861199575.92,36,20,73.52587244283995,84.84848484848484,85.21303258145363,128.0,39.0,44,0.7870320011794819,-113.0,-7.67851017027958,0.965112558252744,70.10309278350515,82.29166666666666,88.54166666666666,68.66666666666667,83.33333333333334,82.43243243243244,77.41935483870968,87.04453441295547,87.76371308016878,73.80952380952381,84.63855421686746,83.59621451104101,180.0,97.0,68,,
2023-07-24,835,420,403,594,689,670,60,23,68,0,57,0,3,410373701832.42,284853696182.98,35,25,71.82587666263603,83.92204628501827,84.38287153652394,142.0,54.0,57,1.440647277291464,17.0,-7.155551884464725,0.723413453977559,72.91666666666666,83.15789473684211,88.42105263157895,68.66666666666667,82.0,81.08108108108108,71.4859437751004,84.67741935483872,86.5546218487395,73.19277108433735,84.45121951219512,83.06709265175719,180.0,101.0,77,,
2023-07-25,837,415,415,591,696,677,50,27,84,0,52,2,2,402813566008.12,314793114478.91,41,23,71.29071170084438,84.56865127582017,85.0502512562814,152.0,67.0,50,1.2796136493484425,0.0,-7.5226447906707,0.7814858809213101,62.88659793814433,83.33333333333334,88.54166666666666,71.62162162162163,83.78378378378379,82.1917808219178,70.68273092369478,85.08064516129032,86.5546218487395,74.02985074626865,84.89425981873111,84.17721518987342,206.0,115.0,77,,
2023-07-26,843,455,379,614,707,683,43,20,82,0,38,0,3,416147800053.4,203937973204.02,34,20,73.44497607655502,85.18072289156626,84.95024875621891,153.0,70.0,38,2.0405606347626337,76.0,-3.998896001523456,0.5883322867419415,72.16494845360825,86.45833333333334,90.625,75.67567567567568,85.13513513513513,83.56164383561644,74.69879518072288,85.88709677419355,87.34177215189874,71.9298245614035,84.31952662721893,82.15384615384616,198.0,113.0,80,,
2023-07-27,843,412,423,604,699,682,46,13,85,0,49,0,2,346510553976.58,411139676628.33,38,19,72.24880382775119,84.21686746987952,84.82587064676616,139.0,60.0,49,0.8428049484745431,-11.0,-5.316096306794943,1.1556591755073584,67.0103092783505,80.41237113402062,85.56701030927834,72.2972972972973,83.6734693877551,83.44827586206897,71.8875502008032,84.67741935483872,87.76371308016878,73.9766081871345,85.20710059171599,83.07692307692308,184.0,107.0,76,,
2023-07-28,851,467,377,613,713,700,49,25,79,0,47,0,5,434739155986.3,235518116995.05,38,21,72.71648873072361,85.18518518518519,86.20689655172413,138.0,58.0,47,1.8458841363589755,90.0,-1.3657220862680894,0.6710750507311521,64.58333333333334,81.25,88.54166666666666,77.7027027027027,83.6734693877551,82.75862068965517,73.09236947791165,86.74698795180723,89.07563025210085,72.57142857142857,85.79710144927536,84.98498498498499,186.0,108.0,81,,
2023-07-31,848,611,235,646,726,709,91,12,79,0,99,0,6,536245022428.38,153835553035.65,35,21,76.90476190476191,87.05035971223022,87.53086419753086,186.0,50.0,99,3.4858328380313366,376.0,16.318676482713713,0.7458762714130548,67.70833333333334,84.375,91.66666666666666,75.0,85.71428571428571,85.51724137931035,79.91967871485943,89.1566265060241,88.65546218487394,78.09798270893373,86.8421052631579,86.404833836858,186.0,104.0,86,,
2023-08-01,856,471,379,687,750,723,73,14,84,0,54,0,5,400668091266.82,279721916596.31,43,31,80.91872791519434,88.96797153024912,88.27838827838828,213.0,51.0,54,1.4323800442317771,92.0,17.15724387677959,0.8676077751355817,71.875,88.54166666666666,91.66666666666666,83.78378378378379,89.1156462585034,86.89655172413792,81.6,91.96787148594376,88.65546218487394,81.69014084507043,86.8945868945869,87.6470588235294,188.0,112.0,88,,
2023-08-02,865,165,696,580,720,717,21,52,74,0,11,1,4,135143557257.45,584374212236.61,40,15,67.67794632438739,84.6063454759107,86.69891172914147,185.0,78.0,10,0.2312620140101786,-531.0,-13.361567220677994,1.0251098371339409,49.48453608247423,80.41237113402062,88.65979381443299,69.38775510204081,85.61643835616438,86.11111111111111,68.67469879518072,83.87096774193549,86.91983122362869,71.15384615384616,85.83333333333333,86.24641833810888,194.0,107.0,65,,
2023-08-03,873,457,409,581,708,726,58,14,84,1,33,1,2,318509165935.33,453463886583.59,78,32,67.16763005780348,82.42142025611176,86.8421052631579,152.0,80.0,32,0.7023914701013729,48.0,-10.438342872900837,1.5907929705377413,48.95833333333333,70.83333333333334,89.58333333333334,69.5945945945946,82.99319727891157,86.20689655172413,68.67469879518072,83.87096774193549,86.49789029535864,69.89247311827957,84.23913043478261,86.59217877094973,234.0,120.0,61,,
2023-08-04,872,550,311,620,725,737,63,16,80,1,34,0,2,523912617685.32,218470487527.67,53,21,71.67630057803468,84.40046565774156,88.1578947368421,142.0,82.0,34,2.39809332424804,239.0,1.663205658813144,0.7374561815834442,55.208333333333336,72.91666666666666,87.5,75.83892617449665,86.39455782312925,90.3448275862069,69.87951807228916,85.08064516129032,89.0295358649789,75.47169811320755,86.1413043478261,86.87150837988827,249.0,120.0,62,,
2023-08-07,874,473,390,622,717,741,73,42,78,1,51,1,0,406080016818.95,253383634073.23,19,9,71.6589861751152,83.27526132404182,88.42482100238664,194.0,72.0,50,1.602629223881087,83.0,4.201713625134524,0.756769248150502,58.76288659793815,74.22680412371135,87.62886597938144,72.48322147651007,83.56164383561644,90.2777777777778,71.08433734939759,85.48387096774194,89.45147679324894,75.06702412868633,84.05405405405405,87.22222222222223,233.0,108.0,63,,
2023-08-08,880,426,446,631,728,746,67,26,95,0,49,1,2,390172115315.22,321208043943.13,28,12,72.19679633867277,83.9677047289504,88.38862559241706,203.0,84.0,48,1.2147021927766544,-20.0,1.2011293682136357,0.7863301444194142,62.88659793814433,76.28865979381443,87.62886597938144,73.64864864864865,83.44827586206897,90.9090909090909,70.28112449799197,85.88709677419355,89.0295358649789,75.26315789473685,84.88063660477454,87.19346049046321,218.0,89.0,60,,
2023-08-09,878,470,403,645,725,754,74,14,97,0,52,0,1,467671625167.96,212437779241.29,30,16,74.05281285878301,83.91203703703704,89.54869358669833,214.0,82.0,52,2.201452240925432,67.0,2.979624181705205,0.5297653431022019,69.0721649484536,79.38144329896907,87.62886597938144,75.51020408163265,86.11111111111111,93.006993006993,71.08433734939759,85.88709677419355,89.87341772151899,76.71957671957672,82.93333333333334,88.4931506849315,208.0,90.0,65,,
2023-08-10,881,337,531,612,714,745,46,37,98,1,33,0,1,327263039946.84,436084034443.37,44,20,70.0228832951945,82.35294117647058,88.2701421800948,187.0,77.0,33,0.7504586595667687,-194.0,-8.564660873668025,0.8456849590084986,63.91752577319587,75.25773195876289,87.62886597938144,70.27027027027027,84.13793103448276,87.5,66.93548387096774,83.80566801619433,88.98305084745762,73.49081364829397,82.53968253968253,88.28337874659401,174.0,78.0,54,,
2023-08-11,887,345,539,561,693,746,50,52,96,1,32,0,0,331900552666.91,377502134112.21,44,22,63.82252559726962,79.56371986222732,87.97169811320755,170.0,103.0,32,0.8792017916599505,-194.0,-18.3922012916438,0.7280174103084005,59.79381443298969,72.16494845360825,87.62886597938144,61.07382550335571,80.6896551724138,90.2777777777778,60.483870967741936,81.37651821862349,88.13559322033898,68.05194805194805,79.84293193717278,87.06199460916442,165.0,79.0,53,,
2023-08-14,889,313,571,494,650,726,48,62,78,2,23,1,0,278154944647.66,350949082107.53,34,16,56.072644721906926,74.54128440366972,85.51236749116607,144.0,151.0,22,0.7925792054427825,-258.0,-29.902787342554863,0.6916168340984857,53.125,72.91666666666666,85.41666666666666,56.375838926174495,74.48275862068967,88.19444444444444,55.020080321285135,75.30364372469636,86.4406779661017,57.36434108527132,74.47916666666666,83.91420911528151,180.0,86.0,41,,
2023-08-16,895,481,411,512,647,736,92,21,73,3,44,1,1,363008367229.39,300885089635.01,36,19,57.72266065388951,73.69020501138952,86.18266978922716,190.0,135.0,43,1.2064684483692394,70.0,-23.194824479371057,0.9700347350857434,52.57731958762887,69.0721649484536,86.5979381443299,53.37837837837838,71.72413793103448,86.11111111111111,59.43775100401606,74.79674796747967,86.38297872340426,59.54198473282442,74.87179487179488,85.97883597883597,188.0,93.0,56,,
2023-08-17,899,419,474,529,649,734,58,21,81,4,34,1,2,334212459824.72,340733219484.53,34,18,59.43820224719101,73.66628830874006,85.84795321637428,198.0,104.0,33,0.9808625655294932,-55.0,-23.593542108952043,0.90121315237324,55.10204081632652,71.42857142857143,86.73469387755102,54.10958904109589,69.93006993006993,84.50704225352112,59.036144578313255,74.79674796747967,87.2340425531915,62.72040302267003,74.8730964467005,85.26315789473684,192.0,95.0,56,,
2023-08-18,911,314,591,510,643,731,42,23,73,5,21,2,0,308200035022.98,363094143501.13,19,14,56.54101995565411,72.16610549943884,84.60648148148148,192.0,65.0,19,0.8488157700676899,-277.0,-34.91647797169903,0.6259342665584217,48.97959183673469,66.3265306122449,86.73469387755102,50.34013605442177,68.05555555555556,83.91608391608392,59.67741935483871,74.28571428571429,84.1880341880342,58.679706601467,73.76237623762376,84.57583547557842,167.0,89.0,55,,
2023-08-21,913,561,337,532,664,741,73,17,82,4,37,0,5,432145675748.36,136216599137.35,29,17,58.849557522123895,74.43946188340807,85.66473988439306,173.0,61.0,37,3.1724890981356726,224.0,-19.373005744489205,0.5247262877208829,60.824742268041234,72.16494845360825,86.5979381443299,54.729729729729726,70.83333333333334,85.3146853146853,61.29032258064516,75.91836734693878,85.53191489361703,58.3941605839416,75.36945812807882,85.64102564102564,152.0,84.0,75,,
2023-08-22,923,598,317,605,702,751,98,6,96,2,51,0,6,441666939446.71,185580656317.01,26,15,66.48351648351648,78.08676307007786,86.22273249138921,213.0,46.0,51,2.379919050896403,281.0,-3.1364719615023557,0.7926468467571419,62.5,76.04166666666666,87.5,62.83783783783784,77.08333333333334,83.91608391608392,67.33870967741935,79.18367346938776,87.2340425531915,68.18181818181817,78.26086956521739,86.14609571788414,144.0,83.0,84,,
2023-08-23,921,532,384,643,713,758,72,15,103,2,50,0,3,485263808864.63,179869556696.98,18,14,70.81497797356829,79.39866369710468,87.22669735327963,243.0,38.0,50,2.6978651517006687,148.0,4.111446782758911,0.5135233189076681,69.79166666666666,78.125,89.58333333333334,66.21621621621621,79.86111111111111,86.01398601398601,72.58064516129032,79.67479674796748,88.60759493670885,71.63461538461539,79.36893203883496,86.25954198473282,126.0,78.0,91,,
2023-08-24,925,410,508,628,717,766,47,12,84,3,31,0,3,468738575371.36,327276561604.44,28,19,68.93523600439077,79.49002217294901,87.8440366972477,217.0,33.0,31,1.4322399779361432,-98.0,-2.012139924811501,0.5635135358644573,66.3157894736842,75.78947368421053,89.47368421052632,72.2972972972973,82.06896551724138,87.5,70.16129032258065,80.40816326530611,89.83050847457628,67.61904761904762,78.8968824940048,86.39798488664987,120.0,79.0,83,,
2023-08-25,925,292,625,575,679,759,32,12,85,3,30,0,4,258163728899.76,399133936751.47,39,15,63.04824561403509,75.27716186252772,87.04128440366972,151.0,39.0,30,0.6468097676708248,-333.0,-18.98774586016015,0.7223143857001368,52.63157894736842,69.47368421052632,90.52631578947368,57.04697986577181,72.41379310344827,85.41666666666666,64.65863453815261,77.23577235772358,88.5593220338983,66.5871121718377,76.4423076923077,85.8942065491184,140.0,80.0,69,,
2023-08-28,927,560,364,602,700,768,79,12,87,2,37,0,2,422354703545.96,177665770642.1,43,17,65.86433260393873,77.43362831858407,87.87185354691076,158.0,36.0,37,2.3772429659327865,196.0,-6.956950205582442,0.6471620951280739,59.375,70.83333333333334,89.58333333333334,63.51351351351351,76.38888888888889,88.81118881118881,67.8714859437751,79.26829268292683,88.5593220338983,66.9833729216152,78.22966507177034,86.71679197994987,154.0,80.0,71,,
2023-08-29,920,533,379,646,726,774,81,15,94,1,32,1,3,464400658717.54,214720850025.77,28,12,71.30242825607064,80.93645484949833,89.37644341801386,192.0,39.0,31,2.162811197244256,154.0,1.2641648301094133,0.6502335736090763,62.88659793814433,76.28865979381443,90.72164948453609,69.38775510204081,80.41958041958041,89.43661971830986,70.68273092369478,81.37651821862349,89.83050847457628,74.33414043583535,81.95121951219512,88.7468030690537,156.0,77.0,68,,
2023-08-30,925,593,324,700,750,789,69,14,86,3,38,0,3,475349061477.06,202537202350.66,15,9,76.83863885839737,83.24084350721421,90.6896551724138,229.0,41.0,38,2.3469715981070527,269.0,14.0368973614754,0.7798334309015202,64.94845360824742,74.22680412371135,90.72164948453609,76.35135135135135,84.61538461538461,90.14084507042254,77.41935483870968,84.95934959349594,92.34042553191487,79.42583732057416,83.855421686747,89.8989898989899,153.0,72.0,67,,
2023-08-31,929,465,454,684,750,785,62,20,86,3,47,0,6,556610796866.21,777285756364.96,24,18,74.75409836065575,82.78145695364239,89.71428571428571,212.0,49.0,47,0.7160954543529082,11.0,11.987399188985943,1.4302968531135298,54.63917525773196,64.94845360824742,86.5979381443299,68.24324324324324,81.11888111888112,89.43661971830986,77.51004016064257,85.02024291497976,91.56118143459916,80.04750593824228,86.15751789976133,89.47368421052632,149.0,71.0,61,,
2023-09-01,936,560,370,728,776,795,93,8,116,3,69,0,4,663378475449.18,147711617646.32,36,28,79.04451682953312,85.08771929824562,90.3409090909091,224.0,42.0,69,4.491037915768889,190.0,19.12514125556253,0.3370075118268941,67.70833333333334,76.04166666666666,89.58333333333334,77.7027027027027,83.21678321678321,90.14084507042254,80.72289156626506,88.25910931174089,91.9831223628692,81.07476635514018,85.91549295774648,89.62962962962962,146.0,84.0,90,,
2023-09-04,935,574,356,732,797,810,107,12,120,4,93,0,4,665084033537.78,189062519549.75,36,28,79.56521739130434,87.48627881448957,91.94097616345064,262.0,40.0,93,3.51779948305814,218.0,26.53228501620769,0.4583432223260548,72.91666666666666,79.16666666666666,91.66666666666666,77.02702702702703,85.3146853146853,91.54929577464787,81.12449799196787,89.06882591093117,93.67088607594935,81.0304449648712,89.17647058823529,91.13300492610836,139.0,95.0,95,,
2023-09-05,938,515,416,762,805,819,78,14,113,3,56,0,8,582765970062.26,251698237556.36,44,29,82.46753246753246,88.07439824945295,92.43792325056434,278.0,34.0,56,2.315335918598825,99.0,26.78273150647827,0.5346873251894955,75.0,81.25,91.66666666666666,81.87919463087249,86.7132867132867,90.84507042253522,83.13253012048193,90.2834008097166,93.72384937238492,83.95348837209302,88.78504672897196,92.42053789731052,155.0,112.0,93,,
2023-09-06,941,453,475,772,823,830,62,21,103,4,42,0,4,462511200925.19,387278188353.34,60,39,83.27939590075513,89.8471615720524,93.46846846846849,247.0,47.0,42,1.1942609081387507,-22.0,20.812949598127226,0.798555997292608,80.0,83.15789473684211,91.57894736842104,85.23489932885906,88.81118881118881,92.95774647887325,84.33734939759037,91.49797570850204,93.72384937238492,82.7188940092166,90.71925754060324,93.93203883495146,200.0,142.0,87,,
2023-09-07,948,550,391,800,832,842,62,7,112,4,45,0,5,573201280652.98,195456351761.28,78,44,85.65310492505354,90.14084507042254,93.97321428571428,202.0,42.0,45,2.9326306128595787,159.0,24.654721318496456,0.4796545498093524,84.375,86.45833333333334,92.70833333333334,86.57718120805369,89.5104895104895,94.3661971830986,85.88709677419355,91.46341463414636,93.69747899159664,85.4875283446712,90.41095890410958,94.28571428571428,254.0,168.0,92,,
2023-09-08,952,489,457,801,834,856,62,6,110,3,53,0,4,675518266817.15,191157973850.82,63,37,85.3035143769968,89.96763754045307,94.69026548672566,186.0,34.0,53,3.5338220698254816,32.0,21.46616253281965,0.3027944986180126,85.56701030927834,85.56701030927834,93.81443298969072,89.1156462585034,90.78014184397163,95.71428571428572,86.34538152610442,91.49797570850204,94.58333333333331,83.40807174887892,89.81900452488688,94.61358313817333,281.0,177.0,94,,
2023-09-11,951,543,401,811,844,857,80,20,110,3,77,0,4,726387915385.78,144661190048.41,44,29,86.36847710330139,91.14470842332614,94.8008849557522,204.0,33.0,77,5.021304713051916,142.0,24.13261395840189,0.2696738777268778,95.8762886597938,88.65979381443299,93.81443298969072,93.19727891156462,93.66197183098592,95.74468085106383,85.2,91.46341463414636,95.41666666666669,82.69662921348313,90.702947845805,94.3661971830986,289.0,178.0,96,,
2023-09-12,951,58,893,447,752,828,5,499,57,3,4,0,1,204537028719.7,807112660543.11,42,13,47.705442902881536,81.38528138528139,91.69435215946844,147.0,525.0,4,0.2534181889577424,-835.0,-22.558233142517302,0.2562941844460121,78.125,88.54166666666666,92.70833333333334,56.4625850340136,84.50704225352112,92.90780141843972,46.98795180722892,84.14634146341463,92.11618257261412,38.651685393258425,77.27272727272727,90.8235294117647,287.0,162.0,49,,
2023-09-13,954,649,298,542,768,834,116,12,77,3,23,0,2,525927320470.91,289381061477.42,60,11,57.59829968119023,82.75862068965517,92.05298013245032,201.0,531.0,23,1.8174213536498047,351.0,-3.06611624809063,1.1983199958664812,78.125,88.54166666666666,91.66666666666666,67.56756756756756,86.01398601398601,92.95774647887325,58.23293172690763,84.48979591836735,93.75,49.55357142857143,79.5045045045045,90.88785046728972,287.0,134.0,46,,
2023-09-14,953,705,243,655,807,841,110,4,89,2,33,0,1,541484945720.98,177817822714.06,60,26,69.68085106382979,87.05501618122977,92.82560706401766,231.0,515.0,33,3.0451668874144016,462.0,19.16497427788463,0.9527341768662876,81.44329896907216,89.69072164948454,93.81443298969072,76.87074829931973,90.84507042253522,92.90780141843972,70.28112449799197,87.34693877551021,94.16666666666669,64.42953020134227,85.10158013544017,91.82242990654206,269.0,116.0,53,,
2023-09-15,959,494,459,686,814,849,71,14,82,2,41,0,3,735332702072.1799,328143628258.02,8,6,72.43928194297783,87.2454448017149,93.0921052631579,297.0,30.0,41,2.2408867299229907,35.0,16.726731806204057,0.4802798414306879,86.73469387755102,90.72164948453609,93.81443298969072,78.91156462585033,88.81118881118881,93.66197183098592,72.28915662650603,89.34426229508196,94.14225941422592,67.3289183222958,84.85523385300668,92.16589861751152,214.0,85.0,61,,
2023-09-18,956,296,655,605,791,845,26,17,82,2,27,0,0,384027646480.91,346368379826.7,19,9,63.81856540084389,84.68950749464668,92.65350877192982,207.0,35.0,27,1.108726052513951,-359.0,-5.141599166113853,0.4075924759970213,83.83838383838383,89.79591836734694,93.87755102040816,69.38775510204081,87.32394366197182,93.61702127659576,59.43775100401606,87.34693877551021,92.9460580912863,60.04415011037527,81.29175946547885,91.89814814814817,189.0,65.0,52,,
2023-09-20,954,286,661,524,759,827,31,23,75,1,16,1,0,262212127688.15,577807265602.49,33,9,55.44973544973545,81.43776824034335,90.97909790979098,128.0,54.0,15,0.4538055218373495,-375.0,-24.613314151615096,0.9534431384096468,75.51020408163265,85.56701030927834,90.72164948453609,60.544217687074834,85.3146853146853,91.6083916083916,52.8,84.14634146341463,92.5,50.888888888888886,77.80269058295964,89.97668997668997,180.0,61.0,39,,
2023-09-21,952,214,733,422,698,808,14,39,51,1,6,1,0,178919782614.8,516449619242.08,36,7,44.75079533404029,75.05376344086021,89.1832229580574,71.0,79.0,5,0.3464418908418893,-519.0,-48.3385638934606,0.8427124273489028,60.204081632653065,81.44329896907216,90.72164948453609,48.29931972789115,78.32167832167832,90.9090909090909,43.6,77.55102040816327,89.5397489539749,40.848214285714285,71.23595505617978,88.05620608899297,156.0,57.0,29,,
2023-09-22,946,418,521,407,671,800,46,10,49,1,10,0,1,360707895444.79,326936448515.85,17,6,43.48290598290598,72.77657266811279,89.086859688196,91.0,72.0,10,1.103296671515971,-103.0,-47.58195960327118,0.7271872413550011,57.73195876288659,81.25,91.66666666666666,40.939597315436245,72.41379310344827,89.58333333333334,39.516129032258064,75.30864197530865,89.49579831932773,43.43891402714932,69.63470319634703,88.09523809523809,113.0,37.0,32,,
2023-09-25,940,457,477,444,651,789,57,18,57,1,18,2,3,379050891240.1,259095460222.3,13,5,47.8448275862069,71.2253829321663,88.65168539325843,117.0,67.0,16,1.4629777415431362,-20.0,-42.547153137142885,0.6548775498220708,60.0,77.6595744680851,91.48936170212764,48.99328859060403,69.86301369863014,88.35616438356165,45.16129032258064,74.3801652892562,88.98305084745762,46.3302752293578,68.51851851851852,87.92270531400966,118.0,36.0,37,,
2023-09-26,940,456,471,454,660,785,36,6,60,1,9,2,3,339613237381.02,242247430233.37,4,0,48.922413793103445,72.1311475409836,88.20224719101124,139.0,34.0,7,1.4019271001300295,-15.0,-37.77965784291748,0.6905871683001502,62.10526315789474,79.7872340425532,91.48936170212764,46.30872483221477,70.54794520547945,87.67123287671232,47.983870967741936,75.30864197530865,89.83050847457628,47.477064220183486,69.21296296296296,86.71497584541062,103.0,27.0,39,,
2023-09-27,943,553,378,511,686,790,53,5,52,0,19,2,3,418009797709.99,202586724037.85,7,1,54.88721804511278,74.7276688453159,88.66442199775533,146.0,29.0,17,2.0633622449607887,175.0,-24.01455107714017,0.7090189648162165,71.1340206185567,79.16666666666666,90.625,57.82312925170068,77.08333333333334,90.2777777777778,50.403225806451616,75.81967213114754,90.2542372881356,52.84738041002278,72.35023041474655,86.74698795180723,77.0,19.0,40,,
2023-09-28,940,318,614,450,629,772,23,13,53,0,12,2,5,240667169242.74,574126860761.83,14,4,48.59611231101512,68.89375684556407,87.13318284424379,112.0,24.0,10,0.4191881371364334,-296.0,-35.67531203701486,1.2355199576596985,50.526315789473685,72.3404255319149,90.42553191489364,44.89795918367347,69.44444444444444,87.5,53.62903225806451,71.31147540983606,87.76371308016878,46.559633027522935,66.5893271461717,85.88807785888078,55.0,16.0,29,,
2023-09-29,933,655,265,516,655,778,56,5,52,0,18,1,5,494145803066.9,143586664665.85,5,1,56.14798694232862,72.37569060773481,88.61047835990888,132.0,23.0,17,3.441446350305993,390.0,-11.16688609752265,0.7182149194299596,62.5,76.84210526315789,88.42105263157895,56.55172413793104,73.23943661971832,88.73239436619718,59.036144578313255,74.18032786885246,89.87341772151899,52.91375291375291,70.04716981132076,87.87128712871286,43.0,11.0,42,,
2023-10-03,933,444,480,529,663,778,50,15,53,0,28,1,3,353316093059.0,288366792165.49,14,7,57.56256800870512,73.25966850828729,88.61047835990888,129.0,33.0,27,1.2252315545967458,-36.0,-11.4563474887692,0.7549593352616849,62.5,73.68421052631578,89.47368421052632,51.03448275862069,70.4225352112676,86.61971830985915,61.84738955823293,78.27868852459017,90.29535864978902,56.17715617715617,71.22641509433963,88.11881188118812,44.0,13.0,38,,
2023-10-04,929,181,742,404,610,762,15,29,39,2,12,0,1,190094676035.44,528126634213.17,8,3,44.24972617743702,67.77777777777779,87.38532110091744,121.0,49.0,12,0.3599414680508449,-561.0,-37.896555240841145,0.6777082709975162,43.15789473684211,68.08510638297872,91.48936170212764,37.24137931034483,64.08450704225352,85.91549295774648,45.34412955465587,72.95081967213115,88.18565400843882,46.24413145539906,65.95238095238095,86.46616541353383,48.0,16.0,24,,
2023-10-05,919,543,365,465,628,757,68,4,36,1,22,2,5,407000356186.86,210679136277.54,9,6,51.49501661129568,70.64116985376828,87.92102206736352,133.0,48.0,20,1.9318493676122463,178.0,-23.36345009265846,0.7700762066741593,49.48453608247423,70.83333333333334,90.625,47.58620689655172,69.50354609929079,86.52482269503547,51.21951219512195,72.0164609053498,88.18565400843882,53.493975903614455,70.17114914425427,87.59689922480621,50.0,21.0,34,,
2023-10-06,912,575,327,541,656,763,77,4,39,2,23,1,10,400640666341.46,149289818045.77,19,13,60.37946428571429,74.37641723356009,89.13551401869158,160.0,37.0,22,2.683643610702437,248.0,-7.320827940498974,0.6552322293914661,59.79381443298969,77.08333333333334,91.66666666666666,62.75862068965517,70.92198581560284,87.94326241134752,58.53658536585365,75.7201646090535,90.2542372881356,60.78431372549019,74.12935323383084,88.25065274151436,55.0,30.0,57,,
2023-10-09,898,124,765,349,545,735,6,124,26,3,12,2,2,123800858288.16,394986380854.72,6,1,39.569160997732425,62.78801843317973,87.29216152019002,151.0,132.0,10,0.3134307011301618,-641.0,-38.017781860700126,0.5171526040158406,32.6530612244898,67.0103092783505,89.69072164948454,34.02777777777778,59.285714285714285,83.57142857142857,38.775510204081634,61.57024793388429,89.31623931623932,43.79746835443038,63.75321336760925,86.79245283018868,56.0,30.0,33,,
2023-10-10,887,708,174,469,613,734,101,6,33,1,32,0,0,527713477758.19,57737686070.73,13,8,53.84615384615385,71.44522144522143,88.32731648616125,184.0,134.0,32,9.139844591481008,534.0,-5.323588553168598,0.4451897925085014,61.224489795918366,77.31958762886599,90.72164948453609,47.22222222222222,67.85714285714286,86.42857142857143,51.21951219512195,73.66255144032921,90.2127659574468,56.13577023498695,69.84126984126983,87.1866295264624,55.0,31.0,55,,
2023-10-11,885,569,306,538,643,738,66,3,33,1,39,1,5,462411948673.33,165039571346.22,20,8,61.83908045977012,75.20467836257309,89.23821039903265,173.0,133.0,38,2.801824707259341,263.0,9.106564667536698,0.6636664739821964,68.36734693877551,86.5979381443299,93.81443298969072,59.72222222222222,72.14285714285714,86.42857142857143,59.10931174089069,74.07407407407408,91.48936170212764,62.72965879265092,74.13333333333333,87.60563380281691,67.0,36.0,52,,
2023-10-12,885,526,353,599,657,746,55,4,31,1,33,0,2,405589016139.85,215738341176.75,9,7,68.85057471264368,76.93208430913349,90.31476997578692,222.0,13.0,33,1.8800043326909572,173.0,16.898812847902043,0.7925965700849479,67.3469387755102,81.44329896907216,92.78350515463916,68.75,72.14285714285714,88.57142857142857,71.25506072874494,79.42386831275721,91.94915254237289,67.71653543307087,75.93582887700535,89.23512747875354,67.0,37.0,60,,
2023-10-13,882,371,497,561,642,735,51,7,55,1,30,0,11,358682466991.59,304440673878.83,14,4,64.78060046189377,75.4406580493537,89.41605839416059,172.0,14.0,30,1.178168680359539,-126.0,8.526690977874903,0.6335925285432265,61.224489795918366,74.22680412371135,90.72164948453609,62.5,70.2127659574468,86.42857142857143,68.42105263157895,79.01234567901234,91.13924050632912,64.19098143236074,75.4054054054054,89.08045977011494,62.0,28.0,44,,
2023-10-16,879,461,410,564,640,738,65,11,55,1,49,2,7,386670640707.11,207552325587.68,17,11,65.35341830822712,75.47169811320755,89.78102189781022,171.0,22.0,47,1.8630031709462196,51.0,10.175893324112328,0.6035364090826326,61.224489795918366,75.25773195876289,91.75257731958764,66.66666666666666,73.04964539007092,87.14285714285714,69.75806451612904,77.45901639344262,91.5966386554622,63.00268096514745,75.13661202185791,89.04899135446685,73.0,38.0,59,,
2023-10-17,876,544,321,611,670,743,56,7,53,1,38,1,7,487123503732.03,137241593330.87,18,10,71.1292200232829,79.38388625592417,90.8312958435208,172.0,25.0,37,3.5493868287993746,223.0,20.13508186352476,0.4774638920992142,68.36734693877551,78.35051546391753,90.72164948453609,73.61111111111111,77.30496453900709,89.28571428571429,75.80645161290323,82.37704918032787,92.85714285714286,67.75067750677508,78.45303867403315,90.0874635568513,78.0,40.0,61,,
2023-10-18,872,246,619,539,632,723,33,35,51,2,18,1,3,183982617241.98,469712885254.36,20,10,62.967289719626166,75.23809523809524,88.82063882063882,154.0,53.0,17,0.3916916546633574,-373.0,-1.2504873445952356,1.0146123386904515,53.06122448979592,73.19587628865979,88.65979381443299,56.55172413793104,67.6056338028169,85.1063829787234,67.33870967741935,79.83539094650206,91.10169491525424,65.20547945205479,75.69832402234637,88.8235294117647,78.0,42.0,46,,
2023-10-19,878,416,452,542,625,726,48,12,54,2,25,4,5,328011351993.63,310252871885.72,24,11,62.80417149478564,73.78984651711924,88.53658536585365,137.0,54.0,21,1.0572387291694476,-36.0,-2.678896580814855,0.8705261705876993,53.535353535353536,75.25773195876289,87.62886597938144,56.84931506849316,65.73426573426573,87.32394366197182,65.18218623481782,77.77777777777779,89.7872340425532,66.0377358490566,73.9010989010989,88.4393063583815,93.0,46.0,42,,
2023-10-20,879,206,670,467,580,710,22,51,54,1,15,3,5,229331083677.13,403770503785.76,26,5,53.98843930635838,68.31566548881037,86.37469586374696,103.0,98.0,12,0.5679738404041834,-464.0,-25.28679199487856,0.54133247817957,43.43434343434344,65.97938144329896,87.62886597938144,38.095238095238095,55.24475524475524,82.3943661971831,56.68016194331984,74.07407407407408,88.08510638297872,61.29032258064516,70.21857923497268,86.49425287356321,105.0,47.0,25,,
2023-10-23,882,35,847,161,350,651,5,451,31,2,4,9,2,68591128967.6,574308619987.92,21,1,18.50574712643678,41.07981220657277,78.8135593220339,75.0,514.0,-5,0.1194325256149607,-812.0,-61.890108613928646,0.3459887818399323,21.21212121212121,43.29896907216495,84.5360824742268,11.486486486486488,34.96503496503497,69.71830985915493,16.93548387096774,40.74074074074074,82.12765957446808,21.6,43.08943089430895,78.69318181818183,109.0,37.0,12,,
2023-10-25,893,276,616,163,314,641,24,72,32,1,4,9,1,212016183446.78,422932020049.88,17,3,18.480725623582767,36.25866050808314,76.49164677804295,51.0,574.0,-5,0.5013008554466392,-340.0,-69.27649378014684,0.893778542733089,17.17171717171717,34.69387755102041,83.6734693877551,11.486486486486488,27.27272727272727,70.4225352112676,15.32258064516129,38.2716049382716,78.63247863247864,23.51421188630491,38.7434554973822,75.54945054945054,108.0,30.0,12,,
2023-10-26,893,356,533,151,299,626,64,28,33,0,2,12,1,235555281643.32,528106373425.81,11,1,17.10079275198188,34.48673587081891,74.61263408820024,93.0,551.0,-10,0.4460375664760113,-177.0,-67.09547062836263,1.4974466246918128,10.1010101010101,29.59183673469388,80.61224489795919,8.724832214765101,23.448275862068964,64.58333333333334,17.00404858299595,36.51452282157676,78.01724137931035,22.164948453608247,38.642297650130544,74.79452054794521,99.0,21.0,12,,
2023-10-27,897,771,122,264,410,661,137,7,39,0,16,1,2,539022881804.1,64166035135.45,6,5,29.72972972972973,47.12643678160919,78.41043890865956,225.0,107.0,15,8.400439277045255,649.0,-23.59521848044534,0.7523025787968558,21.428571428571427,47.42268041237113,83.50515463917526,18.666666666666668,30.136986301369863,66.89655172413794,29.83870967741936,53.333333333333336,80.51948051948052,35.96938775510204,49.6124031007752,80.27027027027027,81.0,15.0,34,,
2023-10-30,896,443,443,284,408,663,48,22,37,0,9,3,2,315829110168.04,219777986908.86,3,1,31.98198198198198,46.89655172413793,78.74109263657957,249.0,57.0,6,1.4370370509354584,0.0,-18.73452680157382,0.6958762819295694,27.27272727272727,44.89795918367347,83.6734693877551,22.818791946308725,35.172413793103445,66.66666666666666,31.32530120481928,50.83333333333333,81.89655172413794,37.084398976982094,49.35400516795866,80.16304347826086,58.0,11.0,30,,
2023-10-31,894,411,471,306,409,664,37,14,39,1,13,1,2,279901688321.86,283468136993.66,2,0,34.57627118644068,47.17416378316032,79.04761904761905,222.0,43.0,12,0.9874185200861578,-60.0,-17.484962782130793,0.8837300974383311,30.303030303030305,45.91836734693878,83.6734693877551,28.85906040268457,36.55172413793103,69.44444444444444,33.87096774193548,50.62761506276152,82.75862068965517,38.303341902313626,49.35064935064935,79.23497267759562,39.0,10.0,26,,
2023-11-01,896,335,556,303,409,652,33,28,36,1,17,2,1,231330472916.75,321175073700.1,6,4,34.08323959505062,47.01149425287356,77.43467933491686,118.0,64.0,15,0.7202628468383473,-221.0,-24.37916073159637,0.8365251494732969,28.000000000000004,43.87755102040816,81.63265306122449,28.187919463087248,36.55172413793103,65.27777777777779,34.13654618473896,50.41666666666666,81.11587982832617,37.85166240409208,49.6124031007752,78.7465940054496,28.0,11.0,19,,
2023-11-02,896,648,242,396,463,668,65,13,37,1,13,0,2,485502469222.36,90615645771.79,1,0,44.54443194600675,53.2183908045977,79.42925089179548,135.0,55.0,13,5.357821655269869,406.0,1.1981958252685487,0.4997713852194937,45.45454545454545,57.14285714285714,84.5360824742268,38.25503355704698,42.06896551724138,68.75,44.57831325301205,57.08333333333333,81.11587982832617,46.68367346938776,54.00516795865633,81.19891008174388,18.0,10.0,48,,
2023-11-03,898,581,303,472,499,685,70,12,42,0,33,0,1,420325059123.77,153669778219.72,4,3,52.974186307519645,57.22477064220184,81.1611374407583,168.0,53.0,33,2.7352486871086725,278.0,16.66084470226172,0.7010301323649752,56.56565656565656,59.18367346938776,85.56701030927834,48.66666666666667,50.34013605442177,73.28767123287672,51.61290322580645,60.66945606694561,83.62068965517241,54.568527918781726,57.21649484536082,81.57181571815718,16.0,8.0,49,,
2023-11-06,893,611,277,549,548,693,77,16,40,0,32,0,2,474275542552.73,127558198477.17,7,4,61.89402480270575,63.1336405529954,82.59833134684148,212.0,41.0,32,3.718111012971185,334.0,32.59810526857957,0.5932518328769687,62.62626262626263,65.3061224489796,85.56701030927834,66.0,61.224489795918366,78.76712328767124,63.30645161290322,67.08333333333333,85.77586206896551,59.23076923076923,60.835509138381205,81.31868131868131,20.0,11.0,60,,
2023-11-07,887,458,426,551,549,687,64,20,37,0,33,0,3,391555799717.01,260337627757.63,10,8,62.6848691695108,63.83720930232558,82.67148014440433,211.0,48.0,33,1.504030758402477,32.0,30.96147252643844,0.7148240585411741,66.3265306122449,68.04123711340206,86.45833333333334,63.33333333333333,61.224489795918366,78.76712328767124,65.7258064516129,68.33333333333333,85.77586206896551,59.530026109660575,60.90425531914894,81.23249299719888,28.0,19.0,66,,
2023-11-08,893,503,386,589,587,696,52,16,51,0,32,0,5,435015510469.65,184415344192.25,17,10,66.55367231638418,67.78290993071595,83.05489260143199,193.0,52.0,32,2.3588899957053107,117.0,33.65734416927558,0.5524245770945857,74.22680412371135,76.04166666666666,86.31578947368422,68.66666666666667,66.21621621621621,79.59183673469387,66.12903225806451,70.7112970711297,84.84848484848484,64.1025641025641,64.49086161879896,82.46575342465754,39.0,25.0,70,,
2023-11-09,902,347,550,548,564,694,36,34,41,0,31,1,3,322705293799.88,301894261720.22,18,8,61.29753914988815,64.45714285714286,81.93624557260921,152.0,70.0,30,1.0689348381816763,-203.0,19.79402770305496,0.5902222178316369,73.19587628865979,76.04166666666666,86.31578947368422,64.66666666666666,62.83783783783784,79.59183673469387,60.08064516129033,65.69037656903765,84.34782608695653,57.89473684210527,61.47959183673469,80.26666666666667,56.0,33.0,54,,
2023-11-10,902,496,397,535,558,702,49,19,37,0,34,2,1,349831017357.46,184480446607.0,28,19,59.77653631284916,63.6986301369863,82.88075560802834,137.0,69.0,32,1.8963040462640877,99.0,22.94192198592105,0.6588449144215416,68.04123711340206,70.83333333333334,86.31578947368422,62.66666666666667,64.86486486486487,81.63265306122449,59.67741935483871,65.41666666666667,85.65217391304348,56.75,60.45918367346938,80.80000000000001,80.0,49.0,60,,
2023-11-12,903,804,95,634,611,714,50,5,50,0,45,0,4,117235223406.28,9365372530.43,23,17,70.917225950783,69.82857142857142,84.39716312056737,135.0,58.0,45,12.517945551590064,709.0,56.01866198784196,0.6760820183997228,78.35051546391753,76.04166666666666,86.31578947368422,73.33333333333333,69.12751677852349,83.1081081081081,71.37096774193549,71.54811715481172,85.1528384279476,67.91979949874687,67.51918158567774,83.9572192513369,96.0,62.0,71,,
2023-11-13,888,326,561,569,579,696,56,10,45,1,47,0,7,328279688969.82,233640706596.93,28,17,64.6590909090909,67.01388888888889,83.35329341317366,155.0,34.0,47,1.4050620448437454,-235.0,36.81918137954512,0.4135797216023205,75.51020408163265,74.22680412371135,86.45833333333334,69.79865771812081,67.56756756756756,80.95238095238095,66.53225806451613,69.8744769874477,85.65217391304348,58.7012987012987,63.1578947368421,82.04419889502762,114.0,71.0,67,,
2023-11-15,882,590,283,641,619,702,87,9,48,2,67,0,5,591486817619.44,158915222637.02,19,9,73.34096109839817,72.14452214452216,84.68033775633293,193.0,24.0,67,3.722027429495924,307.0,47.3195295525536,0.5601263540372656,89.79591836734694,83.50515463917526,88.54166666666666,79.19463087248322,73.64864864864865,85.71428571428571,72.98387096774194,72.80334728033473,86.14718614718615,67.01846965699208,68.18181818181817,82.25352112676056,116.0,70.0,77,,
2023-11-16,882,455,418,666,636,707,47,7,49,2,55,0,5,488672253983.33,215442692074.59,12,10,76.28865979381443,74.29906542056075,85.48972188633616,190.0,26.0,55,2.268223857015968,37.0,42.56072959271308,0.4798982882772052,91.75257731958764,87.5,89.47368421052632,86.57718120805369,77.02702702702703,85.71428571428571,74.59677419354838,73.22175732217573,87.01298701298701,69.39313984168865,70.50938337801608,83.33333333333334,110.0,72.0,76,,
2023-11-17,871,427,439,626,621,704,56,15,52,2,47,0,1,434887270973.74,327716465136.92,30,20,72.62180974477958,73.40425531914893,86.16891064871481,190.0,31.0,47,1.3270229519656391,-12.0,35.82915197908587,0.7329678410030747,83.50515463917526,83.33333333333334,89.47368421052632,81.87919463087249,77.02702702702703,86.39455782312925,72.58064516129032,73.33333333333333,86.14718614718615,66.03260869565217,69.33701657458563,85.17441860465115,112.0,73.0,71,,
2023-11-20,870,416,447,606,617,700,63,16,50,2,46,0,5,323704988622.38,283506279351.95,40,22,70.38327526132404,73.01775147928994,85.7843137254902,166.0,38.0,46,1.141791248371351,-31.0,28.944507359539184,0.81507786200185,83.50515463917526,82.29166666666666,88.29787234042553,79.19463087248322,77.02702702702703,87.16216216216216,67.74193548387096,73.75,85.71428571428571,65.12261580381471,68.42105263157895,84.54810495626822,129.0,78.0,68,,
2023-11-21,878,472,397,639,642,711,49,12,65,0,45,0,2,391810692300.09,243663352469.03,39,21,73.53279631760644,75.17564402810304,86.2864077669903,168.0,43.0,45,1.6080000883591623,75.0,28.213413673029077,0.7393761263953059,79.38144329896907,84.375,87.2340425531915,81.87919463087249,79.05405405405406,88.51351351351352,70.56451612903226,75.73221757322176,86.08695652173914,70.66666666666667,70.88948787061994,85.22727272727273,140.0,82.0,75,,
2023-11-22,878,318,557,618,625,707,36,17,112,0,25,0,1,278429918304.21,325435457289.39,42,22,71.11622554660529,73.18501170960188,85.80097087378641,148.0,45.0,25,0.8555611014955238,-239.0,11.747261502697778,0.6672996451003027,76.28865979381443,81.25,89.36170212765957,79.19463087248322,76.35135135135135,86.48648648648648,69.07630522088354,72.61410788381743,85.77586206896551,67.9144385026738,70.18970189701898,84.57142857142857,163.0,95.0,67,,
2023-11-23,881,454,416,628,639,717,54,11,132,0,28,0,2,350321964455.75,207829724783.73,40,15,71.93585337915235,74.30232558139535,86.3855421686747,139.0,40.0,28,1.6856201143522611,38.0,11.45996508955103,0.6474449044324135,79.38144329896907,81.25,89.36170212765957,78.52348993288591,76.35135135135135,87.16216216216216,71.08433734939759,72.61410788381743,85.71428571428571,67.98941798941799,72.8,85.71428571428571,191.0,100.0,63,,
2023-11-24,879,370,498,617,642,724,38,11,129,0,20,0,2,362548502327.87,228749108909.06,43,19,70.83811710677382,74.82517482517483,87.54534461910521,128.0,39.0,20,1.5849176596005994,-128.0,2.857026830862805,0.4687763323537138,72.44897959183673,82.4742268041237,90.52631578947368,75.67567567567568,74.82993197278913,87.07482993197279,69.47791164658635,73.96694214876032,86.63793103448276,69.41489361702128,73.38709677419355,87.53541076487252,204.0,99.0,55,,
2023-11-28,885,440,436,638,664,734,62,13,105,0,47,0,2,533760897768.8,226770571005.05,25,13,72.66514806378133,76.76300578034682,87.79904306220095,154.0,35.0,47,2.353748528317255,4.0,2.0872294855300613,0.428751967249486,81.81818181818183,87.75510204081633,91.66666666666666,76.87074829931973,78.08219178082192,87.67123287671232,72.28915662650603,75.6198347107438,86.20689655172413,68.9295039164491,74.14248021108179,87.84530386740332,189.0,90.0,64,,
2023-11-29,894,474,413,651,677,739,41,14,107,1,38,0,1,552801267297.01,205756174309.32,27,19,73.3934611048478,77.4599542334096,87.45562130177514,141.0,38.0,38,2.686681306904384,61.0,4.2686166078429135,0.4271812049013132,86.86868686868688,87.75510204081633,91.66666666666666,79.59183673469387,82.87671232876713,89.72602739726028,72.28915662650603,77.68595041322314,87.06896551724138,68.36734693877551,72.68041237113401,85.71428571428571,177.0,88.0,64,,
2023-11-30,889,492,394,660,690,740,68,12,110,1,58,1,2,931226976584.92,589136069947.9,31,24,74.82993197278913,79.49308755760369,88.20023837902265,171.0,39.0,57,1.580665357439874,98.0,7.962359514381188,0.7900033733196463,83.6734693877551,86.5979381443299,90.52631578947368,86.48648648648648,87.67123287671232,89.72602739726028,73.89558232931726,80.57851239669421,89.27038626609442,68.73385012919897,73.89033942558747,86.3013698630137,166.0,90.0,75,,
2023-12-01,901,480,410,684,723,759,51,9,115,1,51,0,2,537884444780.29,277483919440.23,43,26,76.76767676767676,82.34624145785877,89.50471698113208,160.0,35.0,51,1.9384346518723232,70.0,9.680697901899508,0.6039572735589873,86.31578947368422,91.48936170212764,95.6989247311828,91.8918918918919,93.15068493150685,86.89655172413792,75.90361445783132,82.3045267489712,90.5982905982906,69.42355889724311,76.20253164556962,88.29787234042553,169.0,101.0,84,,
2023-12-04,903,640,249,751,756,771,96,7,123,1,67,0,3,866409221882.52,139258114770.51,47,39,84.19282511210763,85.9090909090909,90.81272084805654,215.0,28.0,67,6.22160671433989,391.0,27.151473733718177,0.413121761389043,94.6808510638298,96.7741935483871,100.0,93.91891891891892,93.19727891156462,88.96551724137932,84.8,87.29508196721312,91.52542372881356,77.75,79.7979797979798,88.82978723404256,173.0,121.0,95,,
2023-12-05,916,412,500,724,750,781,51,15,105,0,47,0,1,804403790414.27,320701351784.95,82,50,79.82359426681367,83.79888268156425,90.49826187717264,198.0,31.0,47,2.508264420892345,-88.0,18.00322970125454,0.3285140087849478,93.61702127659576,93.5483870967742,100.0,93.28859060402684,92.51700680272108,90.3448275862069,78.8,84.08163265306122,90.67796610169492,72.46376811594203,78.29268292682927,88.2051282051282,230.0,158.0,88,,
2023-12-06,911,444,461,714,765,787,65,13,96,0,50,0,3,774168876230.54,332833910252.69,46,33,79.06976744186046,85.66629339305712,91.61816065192085,212.0,35.0,50,2.325991590348427,-17.0,13.641464904991857,0.4140701317442655,93.75,95.74468085106383,98.9247311827957,95.27027027027027,95.23809523809524,93.10344827586206,77.60000000000001,85.3061224489796,92.34042553191487,70.6601466992665,80.0982800982801,88.86010362694302,249.0,172.0,88,,
2023-12-07,919,510,400,737,770,791,62,17,94,0,46,0,3,641533890549.7,326284145217.47003,89,63,80.90010976948409,85.46059933407325,91.33949191685912,178.0,45.0,46,1.9661816240630212,110.0,16.193948679662313,0.6484650168610938,93.75,93.61702127659576,97.8494623655914,94.5945945945946,95.23809523809524,92.41379310344828,82.8,87.34693877551021,91.88034188034187,71.94244604316546,79.03614457831326,89.08629441624365,307.0,211.0,84,,
2023-12-08,921,314,601,688,761,783,37,23,83,1,27,0,2,471782517554.76,521274387488.84,61,32,75.35596933187296,84.18141592920354,90.1035673187572,164.0,53.0,27,0.9050560105734342,-287.0,-1.554647436392763,0.5772709714009631,93.75,95.78947368421052,97.87234042553192,91.2162162162162,92.46575342465754,90.9722222222222,74.0,84.5528455284553,90.5982905982906,66.34844868735084,78.41726618705036,87.6574307304786,325.0,217.0,70,,
2023-12-11,920,566,346,703,772,789,81,8,88,1,50,0,3,618062161681.05,209883593555.25,72,33,76.91466083150985,85.11576626240353,90.6896551724138,180.0,48.0,50,2.944785493766337,220.0,8.62807612156211,0.5555033308034958,92.70833333333334,93.6842105263158,97.87234042553192,87.83783783783784,93.15068493150685,91.66666666666666,74.8,86.29032258064517,91.45299145299144,70.71428571428572,79.66507177033493,88.19095477386935,350.0,211.0,87,,
2023-12-12,924,305,608,655,742,792,43,25,79,1,32,0,2,442884125871.15,519357735817.78,49,24,71.35076252723312,81.44895718990121,90.61784897025171,161.0,56.0,32,0.8527534978828905,-303.0,-8.858835616994279,0.5882646486792795,85.56701030927834,92.70833333333334,97.89473684210527,85.13513513513513,91.78082191780824,91.72413793103448,69.47791164658635,84.2741935483871,90.98712446351932,64.38679245283019,73.63420427553444,88.2793017456359,317.0,185.0,65,,
2023-12-13,935,568,359,702,763,804,74,13,80,1,46,0,3,610646961460.06,328009625345.93,30,21,75.56512378902045,82.84473398479913,90.9502262443439,198.0,46.0,46,1.8616739091605965,209.0,1.8341490246249776,0.8498656473427407,87.62886597938144,94.79166666666666,96.84210526315788,86.48648648648648,91.0958904109589,90.9722222222222,74.69879518072288,86.69354838709677,91.48936170212764,69.6551724137931,75.1740139211137,89.26829268292683,301.0,173.0,77,,
2023-12-14,940,528,401,735,787,811,72,5,89,1,63,0,2,870693472175.8,224037443403.03,49,31,78.6096256684492,84.80603448275862,91.43179255918828,189.0,43.0,63,3.886374790527646,127.0,6.867480148086312,0.3388011451277623,92.78350515463916,94.79166666666666,97.89473684210527,93.91891891891892,93.19727891156462,91.66666666666666,74.8,87.90322580645162,91.52542372881356,72.5,78.03203661327231,89.80582524271846,261.0,141.0,79,,
2023-12-15,947,498,438,745,806,822,59,16,82,1,57,0,3,939168534899.06,352418631435.52,34,22,79.08704883227176,86.11111111111111,91.94630872483222,205.0,34.0,57,2.6649230520915133,60.0,7.786640857905326,0.4266488296829139,94.84536082474226,96.90721649484536,96.875,88.51351351351352,91.78082191780824,92.3076923076923,78.4,87.90322580645162,92.3728813559322,72.93064876957494,80.89887640449437,90.45346062052506,234.0,131.0,81,,
2023-12-18,951,516,429,762,819,827,66,5,78,1,50,0,4,601432086197.77,319489949971.07,40,24,80.54968287526427,87.12765957446808,92.19620958751392,197.0,26.0,50,1.8824757594166264,87.0,9.88359006051106,0.6389443246642101,92.78350515463916,96.90721649484536,96.875,89.1891891891892,93.15068493150685,92.3076923076923,78.4,89.51612903225806,93.24894514767934,76.27494456762749,81.73719376391982,90.49881235154396,202.0,122.0,83,,
2023-12-19,958,438,514,753,819,834,55,6,74,2,37,0,3,531997841977.05,353040568893.92,57,34,79.01364113326338,86.48363252375924,92.2566371681416,180.0,27.0,37,1.5069028572093148,-76.0,3.477063678436401,0.5654910492366569,94.84536082474226,96.90721649484536,98.95833333333334,86.48648648648648,92.46575342465754,92.3076923076923,78.4,87.5,94.09282700421942,73.58078602620087,81.7982456140351,89.7196261682243,210.0,132.0,78,,
2023-12-20,959,55,903,410,662,790,8,436,41,1,3,0,0,135221931148.74,982361248379.97,68,7,43.02203567681007,69.90496304118268,87.38938053097345,129.0,447.0,3,0.1376499036090206,-848.0,-40.617901696629616,0.4424854835852325,63.91752577319587,92.78350515463916,96.875,49.32432432432432,79.45205479452055,89.5104895104895,41.6,70.16129032258065,89.1213389121339,37.33624454148472,61.8421052631579,83.56807511737088,248.0,118.0,25,,
2023-12-21,968,813,152,588,739,809,144,6,59,1,9,0,0,767391101712.95,150874344786.56,61,12,61.25000000000001,77.46331236897275,88.998899889989,207.0,448.0,9,5.086292853821956,661.0,-2.6660075838279056,1.0515879372748256,84.375,94.79166666666666,97.89473684210527,68.91891891891892,84.24657534246576,90.9090909090909,60.6425702811245,78.94736842105263,90.3765690376569,54.389721627409,70.96774193548387,85.64814814814815,260.0,99.0,42,,
2023-12-22,966,658,301,657,763,814,78,7,68,1,36,0,3,556056521834.89,314561244734.48,49,16,68.65203761755487,80.23133543638275,89.74641675854465,230.0,449.0,36,1.7677210118629054,357.0,14.59619192053669,1.2366467881287166,85.26315789473684,95.78947368421052,97.87234042553192,76.35135135135135,84.24657534246576,91.6083916083916,65.46184738955823,81.78137651821862,89.9581589958159,64.51612903225806,74.94600431965442,87.23897911832947,275.0,93.0,44,,
2023-12-26,963,567,394,684,774,816,73,13,71,2,53,0,1,552555995589.01,200754481972.32,7,6,71.69811320754717,81.64556962025317,90.2654867256637,295.0,26.0,53,2.752396809079442,173.0,20.08239153716574,0.5228484096730064,86.31578947368422,95.78947368421052,96.80851063829788,80.4054054054054,88.35616438356165,91.6083916083916,66.66666666666666,81.78137651821862,90.7949790794979,68.61471861471861,76.52173913043478,88.08411214953271,242.0,75.0,61,,
2023-12-27,969,501,458,708,786,825,36,11,76,2,30,1,2,562400656566.93,229064180174.55,10,6,73.98119122257053,82.64984227129337,90.8590308370044,187.0,31.0,29,2.4552099596644625,43.0,18.17268025169776,0.4455368301909261,88.29787234042553,95.74468085106383,97.8494623655914,83.56164383561644,88.19444444444444,92.90780141843972,69.47791164658635,84.21052631578947,92.05020920502092,70.51282051282051,77.46781115879828,88.04597701149424,195.0,47.0,53,,
2023-12-28,975,415,551,697,779,827,53,14,71,2,51,1,3,743954954043.02,297674345149.65,27,20,72.52861602497399,81.65618448637316,90.97909790979098,162.0,38.0,50,2.49922429045409,-136.0,7.499013701364142,0.3013639257724734,88.29787234042553,95.6989247311828,96.7391304347826,83.56164383561644,90.9722222222222,92.90780141843972,68.82591093117408,81.14754098360656,91.52542372881356,67.9324894514768,76.32135306553911,88.86363636363637,154.0,60.0,55,,
2023-12-29,975,551,415,727,796,837,55,7,69,2,49,1,4,635692396471.06,263012236911.16,31,16,75.4932502596054,83.52570828961176,92.18061674008813,144.0,32.0,48,2.4169688982409725,136.0,11.935533732322078,0.5493288905536925,91.48936170212764,95.65217391304348,97.8021978021978,85.13513513513513,91.72413793103448,95.77464788732394,71.7741935483871,84.01639344262296,91.9831223628692,71.24735729386892,78.38983050847457,89.95433789954338,124.0,64.0,65,,
2024-01-01,974,629,337,777,818,839,96,5,88,2,60,1,5,554642362322.04,163579267172.08,26,14,80.85327783558793,86.10526315789474,92.60485651214128,204.0,26.0,59,3.390664183246246,292.0,23.469080690129505,0.550472928564397,90.32258064516128,95.6043956043956,97.77777777777776,89.26174496644296,92.46575342465754,95.1048951048951,77.82258064516128,84.8360655737705,92.40506329113924,77.91932059447984,82.94243070362474,90.82568807339447,101.0,62.0,91,,
2024-01-02,981,410,563,748,828,850,61,8,90,2,50,1,4,504886210788.18,423272762662.09,36,23,77.27272727272727,86.52037617554859,92.99781181619257,212.0,20.0,49,1.1928152608091256,-153.0,10.962917935604196,0.6105233450493182,86.17021276595744,96.7391304347826,97.8021978021978,84.45945945945947,91.72413793103448,95.07042253521126,72.98387096774194,84.42622950819673,92.82700421940928,75.52301255230127,84.03361344537815,91.44144144144144,130.0,79.0,83,,
2024-01-03,977,527,441,750,830,847,73,6,86,1,51,0,6,676430314818.73,344810471854.72,37,20,77.80082987551867,87.09338929695699,93.07692307692308,230.0,19.0,51,1.961745277573044,86.0,12.165334190807044,0.6091572394897662,85.1063829787234,95.65217391304348,97.8021978021978,77.85234899328859,93.87755102040816,94.44444444444444,75.30364372469636,85.12396694214877,93.61702127659576,77.63713080168776,84.32203389830508,91.36363636363636,157.0,93.0,84,,
2024-01-04,976,643,327,811,849,855,103,3,99,1,78,0,5,796862849147.17,230791670184.85,34,21,84.2159916926272,89.18067226890757,94.05940594059405,237.0,17.0,78,3.452736610939778,316.0,24.63257341805145,0.5695079230888399,85.26315789473684,95.6989247311828,97.82608695652172,87.83783783783784,95.8904109589041,95.1048951048951,82.5910931174089,88.42975206611571,94.04255319148936,83.72093023255815,86.1995753715499,92.9384965831435,164.0,94.0,88,,
2024-01-05,982,479,497,827,854,857,49,14,92,2,59,0,4,612412529531.41,391782497068.69,42,23,85.34571723426212,89.14405010438414,93.7636761487965,225.0,23.0,59,1.5631441785007505,-18.0,18.46890009025516,0.6165667309726028,89.47368421052632,95.6989247311828,98.91304347826086,89.86486486486487,95.2054794520548,94.4055944055944,87.4493927125506,89.6694214876033,93.5897435897436,82.04592901878914,85.74423480083857,92.58426966292134,175.0,101.0,83,,
2024-01-08,989,300,685,729,819,851,61,24,88,2,52,0,5,355170877319.65,502086440735.99,29,11,74.69262295081968,84.78260869565217,92.6006528835691,213.0,41.0,52,0.7073899004303285,-385.0,-5.243385105461947,0.619115715552539,78.57142857142857,92.70833333333334,97.89473684210527,80.0,90.9090909090909,94.28571428571428,73.38709677419355,83.60655737704919,91.48936170212764,72.98969072164948,81.98757763975155,91.53674832962136,178.0,98.0,70,,
2024-01-09,985,547,425,735,824,849,53,15,92,2,48,0,6,540683924727.44,353595255661.37,40,19,75.61728395061729,85.56593977154725,92.68558951965066,163.0,53.0,48,1.5291040138989889,122.0,-0.1411720222727623,0.8417078314035696,77.77777777777779,92.78350515463916,97.91666666666666,79.16666666666666,90.84507042253522,92.0863309352518,74.49392712550608,84.77366255144034,92.3076923076923,74.68879668049793,82.95218295218295,91.94630872483222,182.0,94.0,65,,
2024-01-10,990,488,497,721,812,843,70,13,89,2,53,0,5,598311518947.04,297531923786.28,30,10,73.79733879222108,83.88429752066115,91.53094462540716,184.0,52.0,53,2.010915371141192,-9.0,-2.3280739760346414,0.4882807910167344,77.77777777777779,89.69072164948454,97.91666666666666,78.47222222222221,92.25352112676056,92.80575539568343,73.27935222672065,81.48148148148148,91.02564102564102,71.86858316221766,81.48148148148148,90.04424778761062,175.0,84.0,63,,
2024-01-11,998,621,367,779,843,859,97,14,104,3,65,0,8,653370820540.76,361412138906.81,19,12,79.16666666666666,86.46153846153845,92.46501614639398,220.0,42.0,65,1.8078275470133875,254.0,8.96376522337912,0.9359842400003662,77.77777777777779,91.75257731958764,95.83333333333334,80.55555555555556,90.84507042253522,92.80575539568343,78.45528455284553,85.12396694214877,93.13304721030042,79.39393939393939,84.81781376518218,91.3232104121475,160.0,75.0,66,,
2024-01-12,1006,498,499,804,862,870,65,15,91,3,61,0,6,677411266415.65,294317304276.41,26,17,81.04838709677419,87.60162601626016,92.8495197438634,232.0,42.0,61,2.3016358758826323,-1.0,5.823468912760987,0.4336029006331229,81.81818181818183,91.75257731958764,95.83333333333334,83.33333333333334,90.14084507042254,92.80575539568343,80.89430894308943,85.9504132231405,92.274678111588,80.31809145129225,86.87872763419483,92.53731343283582,144.0,69.0,68,,
2024-01-15,1015,485,523,773,857,879,76,15,93,3,69,0,1,810116541973.92,257739287639.16,35,14,77.3,86.47830474268416,93.015873015873,238.0,44.0,69,3.1431628037557817,-38.0,1.2593982226186853,0.2950347513358401,83.83838383838383,91.75257731958764,95.83333333333334,79.86111111111111,91.54929577464787,92.0863309352518,77.14285714285715,85.89211618257261,93.13304721030042,75.390625,84.34442270058709,92.66247379454929,150.0,72.0,70,,
2024-01-16,1023,343,679,738,846,880,36,53,86,2,30,0,1,567479574336.94,512080587706.46,55,21,73.21428571428571,84.6,92.33997901364114,177.0,83.0,30,1.108184117813574,-336.0,-17.549179208566084,0.4558399917984009,88.88888888888889,91.75257731958764,96.875,74.12587412587412,88.65248226950354,92.7536231884058,73.17073170731707,83.47107438016529,91.88034188034187,70.0,82.6923076923077,91.54639175257732,165.0,74.0,45,,
2024-01-17,1025,257,764,606,793,863,28,23,70,2,15,0,1,383824398673.02,857337374587.69,45,19,60.0,79.14171656686626,90.55613850996852,140.0,91.0,15,0.4476935335492735,-507.0,-42.09276701618623,0.7513788101608816,65.65656565656566,83.50515463917526,93.6842105263158,63.19444444444444,83.80281690140845,91.42857142857144,60.40816326530612,78.83817427385893,91.3793103448276,57.8544061302682,77.20306513409962,89.30041152263375,180.0,83.0,31,,
2024-01-18,1028,473,546,598,768,857,58,17,75,2,27,0,2,594403038450.35,615313271433.1,38,12,58.91625615763547,76.34194831013916,89.73821989528797,122.0,93.0,27,0.9660169316126582,-73.0,-41.16707075662053,0.8967755511843606,56.56565656565656,81.44329896907216,87.5,62.75862068965517,79.02097902097903,91.36690647482014,61.382113821138205,78.00829875518673,90.98712446351932,57.14285714285714,73.90476190476191,89.11704312114989,199.0,83.0,35,,
2024-01-19,1026,700,315,674,792,861,100,11,146,1,65,0,4,890065089318.64,293405872456.3,21,12,66.46942800788955,78.88446215139442,90.34627492130114,186.0,51.0,65,3.033562627316557,385.0,-17.26976510090875,0.7325453584546452,68.68686868686868,81.44329896907216,88.54166666666666,69.38775510204081,83.33333333333334,91.42857142857144,66.66666666666666,80.08298755186722,90.98712446351932,65.13409961685824,76.62835249042146,90.08264462809916,194.0,78.0,62,,
2024-01-20,1030,499,522,701,810,869,100,5,133,1,82,0,4,582207082362.1,181366174856.15,9,6,68.86051080550098,80.35714285714286,90.80459770114942,258.0,33.0,82,3.210119432820788,-23.0,-17.151219939770634,0.2977891375455797,74.74747474747475,82.4742268041237,90.625,70.06802721088435,84.13793103448276,91.48936170212764,69.51219512195121,81.74273858921161,91.84549356223177,67.11026615969583,78.28571428571428,90.14373716632444,168.0,70.0,66,,
2024-01-23,1032,126,904,444,671,828,17,327,92,2,19,5,3,264831554998.22,1145845157254.49,14,6,43.401759530791786,66.43564356435644,86.25,217.0,343.0,14,0.2311233357505052,-778.0,-54.714107727298696,0.6030569372013168,48.48484848484848,75.25773195876289,86.45833333333334,43.62416107382551,70.54794520547945,85.91549295774648,44.71544715447154,67.08333333333333,85.77586206896551,41.77693761814745,63.37760910815939,86.53061224489797,127.0,55.0,28,,
2024-01-24,1038,793,235,577,735,853,159,17,111,2,35,1,2,1037309523758.37,259019901447.63,27,11,56.01941747572815,72.48520710059172,88.48547717842324,276.0,349.0,34,4.00474835316119,558.0,-19.75680624699869,0.8426167607866575,64.28571428571429,79.16666666666666,86.31578947368422,56.00000000000001,72.78911564625851,90.2097902097902,57.66129032258065,73.64016736401673,90.04329004329004,53.745318352059925,70.67669172932331,87.67676767676768,109.0,47.0,45,,
2024-01-25,1041,570,467,619,728,856,119,13,132,2,48,1,3,671044995306.12,522905496383.69,24,8,59.86460348162476,71.58308751229106,88.52119958634952,295.0,357.0,47,1.2833007110212709,103.0,-12.519529450107193,0.951107355197111,64.28571428571429,78.125,86.31578947368422,58.66666666666666,69.5945945945946,86.98630136986301,61.04417670682732,71.00840336134453,89.08296943231441,58.84543761638734,71.21495327102804,89.13480885311871,95.0,43.0,43,,
2024-01-29,1048,651,390,668,759,867,134,16,145,2,87,4,5,971587432289.46,230665833979.73,16,13,64.10748560460652,74.12109375,89.10585817060637,412.0,46.0,83,4.212099449348182,261.0,1.6309398584855774,0.3962942445456934,74.48979591836735,81.25,90.52631578947368,66.0,75.0,86.98630136986301,65.60000000000001,76.15062761506276,90.0,61.02941176470589,71.71903881700554,89.04382470119522,90.0,44.0,68,,
2024-01-30,1044,483,555,665,764,858,75,24,155,2,57,2,3,602867057510.61,564156178496.1,15,10,64.0655105973025,74.90196078431373,88.54489164086688,328.0,53.0,55,1.068617309337467,-72.0,-2.9285635819600326,0.8143890826640551,70.0,80.61224489795919,89.69072164948454,62.16216216216216,74.65753424657534,87.5,65.2,76.15062761506276,88.69565217391305,62.96296296296296,73.3705772811918,88.55421686746988,96.0,48.0,61,,
2024-01-31,1051,746,299,782,825,884,147,17,144,2,69,1,9,1077257694133.99,220701553648.61,20,15,74.90421455938697,80.4093567251462,90.57377049180327,356.0,57.0,68,4.881060764298678,447.0,19.13770379436877,0.5111559552466375,75.0,82.6530612244898,89.69072164948454,72.78911564625851,77.77777777777779,88.02816901408451,75.6,82.00836820083683,90.9090909090909,75.13711151736746,80.0,91.30434782608695,102.0,57.0,80,,
2024-02-01,1054,387,662,735,811,879,76,44,147,3,63,1,7,689713935652.78,609104638392.81,42,24,70.20057306590259,78.81438289601554,89.96929375639714,298.0,85.0,62,1.1323406393237565,-275.0,1.8086738821580504,0.516268801731102,71.0,83.6734693877551,90.72164948453609,69.38775510204081,75.69444444444444,88.73239436619718,70.39999999999999,79.07949790794979,90.0,70.18181818181817,78.64963503649635,90.15748031496062,117.0,70.0,78,,
2024-02-02,1054,537,506,706,790,877,109,39,143,4,88,4,8,1000558282738.53,376417292895.81,25,13,67.43075453677173,76.77356656948494,89.85655737704919,332.0,100.0,84,2.658109235739811,31.0,2.283309937807097,0.399255533920529,73.0,79.59183673469387,89.69072164948454,69.38775510204081,77.08333333333334,88.02816901408451,66.8,78.33333333333333,90.9090909090909,66.18181818181819,75.50274223034735,89.9209486166008,118.0,75.0,84,,
2024-02-05,1052,418,631,649,751,862,90,96,133,3,80,7,7,848713357861.85,558729949432.88,41,19,62.10526315789474,73.12560856864654,88.22927328556807,275.0,179.0,73,1.5190045901840556,-213.0,-9.522292784302005,0.4361017569029942,68.0,78.57142857142857,87.62886597938144,65.54054054054053,73.79310344827587,88.81118881118881,62.65060240963856,74.16666666666667,89.17748917748918,59.85401459854016,71.50735294117648,87.74703557312253,143.0,81.0,66,,
2024-02-06,1048,720,324,730,786,859,128,26,142,3,80,1,4,875693519405.86,359996868434.26,34,19,70.12487992315081,76.7578125,88.19301848049281,327.0,161.0,79,2.4325031581928127,396.0,10.881528352216222,0.9135536842933372,76.0,78.78787878787878,88.77551020408163,70.94594594594594,77.24137931034483,88.02816901408451,73.09236947791165,78.75,89.22413793103449,67.46323529411765,75.37037037037037,87.64940239043824,162.0,90.0,73,,
2024-02-07,1047,561,478,743,804,863,114,41,156,3,84,1,3,808568588974.13,445387018244.5,41,24,71.51106833493745,78.74632713026445,88.69475847893115,332.0,163.0,83,1.8154291792363324,83.0,12.62238778217823,0.6464808326247753,74.74747474747475,78.57142857142857,87.62886597938144,76.35135135135135,82.75862068965517,89.5104895104895,73.89558232931726,81.32780082987551,89.65517241379311,68.50828729281768,76.53631284916202,88.22355289421158,183.0,99.0,70,,
2024-02-08,1059,378,679,692,777,852,72,70,150,2,53,4,2,771732864833.8099,587874487202.1901,37,24,65.77946768060836,75.14506769825918,86.58536585365853,314.0,137.0,49,1.312751074649689,-301.0,-5.152289344115147,0.4240720435718494,73.73737373737373,77.55102040816327,86.5979381443299,70.94594594594594,77.24137931034483,87.41258741258741,64.65863453815261,78.42323651452283,87.93103448275862,63.48920863309353,72.72727272727273,85.7421875,178.0,99.0,67,,
2024-02-09,1061,287,774,596,729,846,36,139,119,2,31,6,2,594375971156.75,683702200299.87,28,12,56.54648956356736,70.23121387283237,85.71428571428571,222.0,250.0,25,0.8693492150472212,-487.0,-29.62387684037541,0.4265271391216361,63.63636363636363,77.77777777777779,87.62886597938144,66.21621621621621,77.24137931034483,88.11188811188812,52.20883534136546,73.44398340248964,86.63793103448276,54.659498207885306,65.64195298372513,84.27184466019418,181.0,98.0,48,,
2024-02-12,1065,148,917,373,594,806,27,411,72,7,14,9,1,224555138922.42,828273326410.9401,31,10,35.2219074598678,56.84210526315789,81.41414141414141,135.0,620.0,5,0.2711123632285233,-769.0,-64.49896476547607,0.5953098343814828,45.45454545454545,68.68686868686868,85.56701030927834,42.567567567567565,68.4931506849315,86.7132867132867,30.522088353413658,53.30578512396694,83.11688311688312,33.57015985790409,53.2258064516129,78.42003853564547,171.0,89.0,32,,
2024-02-13,1076,551,518,396,621,818,85,71,72,5,18,7,1,675708702112.33,366546887486.23,27,8,37.04396632366698,58.80681818181818,81.88188188188188,148.0,621.0,11,1.8434441136475728,33.0,-53.89467011760975,0.5770213242873071,45.91836734693878,73.46938775510205,86.45833333333334,49.32432432432432,69.86301369863014,87.41258741258741,32.1285140562249,56.61157024793389,84.48275862068965,34.494773519163765,54.38596491228071,78.4090909090909,164.0,78.0,31,,
2024-02-14,1073,756,314,486,658,829,177,27,89,3,30,2,2,772269735564.81,239259760872.62,14,8,45.54826616682287,62.48812915479582,83.23293172690764,289.0,509.0,28,3.227745997689768,442.0,-24.108524843095992,0.7459209348645034,64.28571428571429,76.53061224489795,87.5,56.66666666666666,74.14965986394559,88.88888888888889,41.12903225806452,63.07053941908713,84.4155844155844,41.33099824868651,56.79012345679012,80.38095238095238,137.0,62.0,38,,
2024-02-15,1073,721,350,552,700,837,162,15,108,2,40,4,7,789320025666.87,255480877815.13,11,7,51.9774011299435,66.79389312977099,84.46014127144299,424.0,113.0,36,3.0895463974334487,371.0,-2.070828009171251,0.6667645456664076,70.10309278350515,79.38144329896907,89.47368421052632,59.45945945945946,78.62068965517241,90.14084507042254,47.368421052631575,65.41666666666667,85.21739130434783,48.94736842105264,62.19081272084806,81.67938931297711,111.0,45.0,50,,
2024-02-16,1071,637,426,619,710,848,105,16,123,3,45,1,9,707132201599.37,332655124122.25,7,6,58.45136921624173,67.94258373205741,85.74317492416583,444.0,58.0,44,2.125721656821677,211.0,8.781756923880263,0.7034341300144579,71.1340206185567,80.41237113402062,90.52631578947368,72.48322147651007,78.08219178082192,90.2097902097902,56.50406504065041,69.0376569037657,86.46288209606988,53.43915343915344,62.699822380106575,83.33333333333334,90.0,39.0,51,,
2024-02-19,1070,647,414,674,732,853,132,17,143,3,54,0,7,606216681205.86,281558280569.1,4,1,63.76537369914853,70.18216682646214,86.33603238866397,399.0,48.0,54,2.1530770822315857,233.0,19.11680825701991,0.7258457884598181,72.44897959183673,81.63265306122449,90.625,74.14965986394559,79.86111111111111,92.19858156028369,62.19512195121951,70.7112970711297,85.1528384279476,60.24734982332155,65.48042704626334,84.48275862068965,63.0,30.0,59,,
2024-02-20,1072,460,605,664,731,860,74,21,118,2,30,0,6,498960814034.22,380108361593.3,9,8,62.70066100094429,69.95215311004785,86.78102926337033,311.0,54.0,30,1.3126804470775817,-145.0,8.957693105569206,0.5792198552245671,73.73737373737373,81.81818181818183,90.72164948453609,71.91780821917808,77.62237762237763,90.71428571428572,60.97560975609756,71.1297071129707,87.39130434782608,59.15492957746479,65.42553191489363,84.7328244274809,45.0,30.0,71,,
2024-02-21,1069,280,781,565,684,842,40,62,93,5,22,1,3,343762280677.34,633665292397.99,21,7,53.45316934720909,65.64299424184262,85.22267206477733,246.0,100.0,21,0.5424982002350717,-501.0,-17.573138814448996,0.6608588278386152,57.57575757575758,80.8080808080808,89.69072164948454,59.589041095890416,76.92307692307693,90.0709219858156,51.21951219512195,65.12605042016807,85.96491228070175,52.120141342756185,60.320284697508896,82.75862068965517,52.0,29.0,50,,
2024-02-22,1065,609,452,600,688,844,70,8,134,2,25,0,4,728489706884.53,248803897123.33,17,9,56.98005698005698,66.28131021194605,85.77235772357723,184.0,91.0,25,2.927967428594673,157.0,-7.269134411992312,0.4601639757277094,69.6969696969697,82.82828282828282,89.69072164948454,71.42857142857143,79.86111111111111,90.84507042253522,54.285714285714285,64.55696202531645,86.34361233480176,52.13523131672599,60.57347670250897,83.3976833976834,58.0,31.0,56,,
2024-02-23,1063,550,505,649,716,850,88,11,117,3,44,0,9,648150201571.3099,345640340603.04,8,6,61.69201520912547,69.04532304725169,86.3821138211382,198.0,81.0,44,1.8752157240687817,45.0,-4.022864975831887,0.5807912641261221,73.73737373737373,83.83838383838383,90.72164948453609,71.42857142857143,81.94444444444444,90.84507042253522,62.85714285714285,70.042194092827,87.28070175438597,56.50623885918004,62.65709156193896,83.9458413926499,59.0,31.0,56,,
2024-02-26,1061,409,646,585,703,842,68,21,105,5,44,4,6,436513026896.93,485559960572.32,10,8,55.71428571428572,67.92270531400966,85.74338085539715,226.0,40.0,40,0.8989889248331363,-237.0,-15.327190283035565,0.7042655559989646,66.66666666666666,83.83838383838383,90.72164948453609,66.66666666666666,78.47222222222221,91.48936170212764,53.2520325203252,66.10878661087865,84.78260869565217,51.97132616487456,63.11030741410488,83.65758754863813,65.0,38.0,61,,
2024-02-27,1060,396,657,557,681,834,35,44,77,6,29,2,2,456828867876.11,467548619774.09,11,9,53.04761904761904,65.86073500967117,85.01529051987767,191.0,76.0,27,0.9770724338718836,-261.0,-26.11575246927953,0.6168833600584726,61.61616161616161,80.8080808080808,90.72164948453609,63.94557823129252,77.77777777777779,90.78014184397163,52.03252032520326,64.70588235294117,86.02620087336244,49.10394265232975,60.57866184448463,81.90661478599222,67.0,39.0,51,,
2024-02-28,1055,125,929,384,576,802,14,168,63,8,5,5,3,168241546142.01,698791103048.58,15,5,36.7816091954023,56.03112840466926,82.34086242299796,117.0,233.0,0,0.2407608588718878,-804.0,-62.359394376171736,0.5588669343122142,40.0,73.0,87.75510204081633,45.89041095890411,67.83216783216784,90.71428571428572,38.05668016194332,54.16666666666666,81.81818181818183,33.21234119782214,50.64220183486239,79.20792079207921,61.0,37.0,43,,
2024-02-29,1048,572,467,423,609,793,75,23,54,7,8,4,5,926127881790.41,450463993833.43,17,4,40.83011583011583,59.589041095890416,82.09109730848861,124.0,235.0,4,2.05594208298226,105.0,-47.58591123468371,0.5957557902854766,49.494949494949495,75.75757575757575,85.56701030927834,49.31506849315068,70.34482758620689,90.84507042253522,42.10526315789473,59.16666666666666,83.04347826086956,36.39705882352941,53.90334572490706,78.4708249496982,61.0,32.0,38,,
2024-03-01,1051,700,349,503,636,811,96,16,61,7,21,1,3,683382365068.32,192930143231.91,10,1,48.458574181117534,61.98830409356725,83.69453044375645,185.0,207.0,20,3.5421233490034063,351.0,-22.41665359253802,0.5662509352166152,64.28571428571429,82.6530612244898,88.54166666666666,61.64383561643836,73.79310344827587,90.84507042253522,50.80645161290322,60.08230452674898,84.97854077253218,41.02564102564102,55.92592592592592,80.12048192771084,63.0,27.0,31,,
2024-03-02,1046,764,273,570,678,818,42,8,57,5,23,0,5,77765285620.65,16036951132.29,5,2,55.179090029041625,66.34050880626224,84.76683937823834,213.0,47.0,23,4.849131544965023,491.0,6.215144959459234,0.5771208251590099,71.71717171717171,82.82828282828282,88.65979381443299,67.8082191780822,78.62068965517241,93.66197183098592,54.655870445344135,66.66666666666666,85.34482758620689,48.98336414048059,59.813084112149525,81.17408906882592,58.0,21.0,42,,
2024-03-04,1027,315,711,495,618,789,34,63,53,9,31,1,6,537440281093.15,327173792650.99,4,1,48.76847290640394,61.55378486055777,83.31573389651531,172.0,87.0,30,1.642675217774732,-396.0,-13.68574300338041,0.2697051552793926,69.6969696969697,80.8080808080808,87.62886597938144,60.544217687074834,75.17241379310344,92.25352112676056,47.77327935222672,60.245901639344254,83.69098712446352,41.95402298850575,54.65116279069767,79.57894736842105,51.0,13.0,29,,
2024-03-05,1015,305,705,434,561,766,35,71,33,12,21,3,1,474957890293.6,404840023152.64,8,3,43.270189431704885,56.38190954773869,82.01284796573876,111.0,142.0,18,1.173198950526003,-400.0,-30.832573496591408,0.3687559669919672,65.65656565656566,77.77777777777779,87.62886597938144,55.4054054054054,72.6027397260274,92.3076923076923,42.68292682926829,52.04918032786885,83.1896551724138,35.68627450980392,49.60474308300395,77.05627705627705,44.0,11.0,18,,
2024-03-06,1002,172,828,291,464,740,11,160,21,19,12,8,1,410516293731.24,641627994116.62,0,0,29.45344129554656,47.29867482161061,80.61002178649237,80.0,294.0,4,0.6398042128701542,-656.0,-58.13895070080386,0.324676618909966,61.61616161616161,76.76767676767676,88.65979381443299,47.26027397260274,64.58333333333334,91.48936170212764,24.390243902439025,40.98360655737705,80.60344827586206,20.321931589537225,39.47368421052632,75.44642857142857,27.0,7.0,3,,
2024-03-07,988,599,383,334,480,736,71,5,23,14,20,2,1,660594669273.91,290821601539.24,13,5,34.29158110882957,49.58677685950413,81.32596685082873,117.0,236.0,18,2.2714773104114734,216.0,-37.59520845690149,0.6885248913730073,66.66666666666666,77.77777777777779,88.65979381443299,50.67567567567568,65.75342465753424,90.2097902097902,27.049180327868854,44.03292181069959,82.6086956521739,26.293995859213247,41.66666666666667,76.0919540229885,30.0,11.0,14,,
2024-03-11,976,159,815,233,393,686,15,224,17,22,9,12,2,350491702478.69,591446364429.6,10,4,24.22037422037422,41.10878661087866,76.90582959641256,97.0,389.0,-3,0.5926009923430836,-656.0,-63.44233279608048,0.3292131249536107,53.535353535353536,76.76767676767676,87.62886597938144,41.891891891891895,61.37931034482759,88.02816901408451,20.081967213114755,37.03703703703704,79.03930131004367,14.64968152866242,29.42430703624733,69.5754716981132,35.0,13.0,0,,
2024-03-12,961,126,831,152,296,638,9,232,19,20,1,10,2,274035955139.87,635981631674.19,9,2,16.050686378035902,31.455897980871413,72.5,95.0,461.0,-9,0.4308865877438693,-705.0,-87.67441244209809,0.3518896922050213,44.44444444444444,68.68686868686868,88.65979381443299,25.503355704697988,49.31506849315068,81.81818181818183,10.699588477366255,24.793388429752067,73.68421052631578,9.649122807017545,21.145374449339208,64.80582524271846,40.0,14.0,0,,
2024-03-13,956,25,931,48,139,514,1,635,7,44,0,26,1,152798608741.8,1035600223781.93,15,0,5.079365079365079,14.882226980728053,58.944954128440365,25.0,1091.0,-26,0.1475459402507577,-906.0,-118.00446847723263,0.1819965114328564,15.306122448979592,39.795918367346935,86.45833333333334,9.395973154362416,24.65753424657534,73.42657342657343,3.252032520325204,9.50413223140496,56.57894736842105,2.433628318584071,9.151785714285714,48.641975308641975,47.0,11.0,0,,
2024-03-14,960,815,142,115,235,587,381,15,13,24,2,3,1,851582426395.86,253990673187.75,10,4,12.130801687763713,25.05330490405117,67.08571428571429,391.0,882.0,-1,3.3528098323766797,673.0,-64.39664404488653,1.711828855992659,28.000000000000004,55.00000000000001,88.77551020408163,22.602739726027394,41.25874125874126,81.42857142857143,9.75609756097561,18.181818181818183,65.35087719298247,6.578947368421052,16.99779249448124,57.94621026894865,57.0,15.0,5,,
2024-03-15,957,454,500,128,235,595,61,32,13,27,3,3,0,517394938174.25,926925208751.35,4,4,13.530655391120508,25.13368983957219,68.23394495412845,443.0,682.0,0,0.5581841267120425,-46.0,-54.18997093500617,1.6267033699946494,27.27272727272727,46.464646464646464,88.65979381443299,25.850340136054424,42.75862068965517,81.56028368794325,11.336032388663968,19.91701244813278,66.96035242290749,7.72626931567329,17.555555555555554,59.45945945945946,48.0,14.0,5,,
2024-03-18,954,450,499,151,244,583,59,29,10,30,2,2,0,369667682270.85,370180687833.38,1,0,16.01272534464475,26.20837808807734,67.24336793540945,501.0,76.0,0,0.9986141752409274,-49.0,-45.34231557138345,0.903055083307683,30.0,50.0,88.77551020408163,26.02739726027397,40.97222222222222,81.42857142857143,12.550607287449392,20.33195020746888,66.22807017543859,11.555555555555555,19.282511210762333,57.60598503740648,39.0,10.0,12,,
2024-03-19,948,204,742,118,209,556,17,61,8,47,1,8,0,204496580458.89,573679326543.81,1,0,12.57995735607676,22.570194384449245,64.42641946697567,137.0,122.0,-7,0.3564649639562586,-538.0,-62.00085865762912,0.771275279073409,20.0,41.0,86.73469387755102,15.068493150684931,33.10344827586207,80.1418439716312,9.31174089068826,15.416666666666668,61.67400881057269,11.910112359550562,18.820861678004537,54.91183879093199,31.0,8.0,8,,
2024-03-20,942,416,520,121,206,557,43,20,7,48,1,10,0,398852427820.47,365292777476.72,3,1,13.010752688172042,22.440087145969496,65.14619883040935,119.0,110.0,-9,1.0918705553818095,-104.0,-54.233908703081,0.7326875846745889,16.0,37.0,86.73469387755102,14.383561643835616,32.41379310344827,80.1418439716312,12.145748987854253,17.5,63.1578947368421,12.356979405034323,18.475750577367204,55.412371134020624,19.0,9.0,20,,
2024-03-21,934,807,123,223,275,587,155,6,8,26,6,1,2,726109638640.51,112461466989.86,2,0,24.18655097613883,30.18660812294182,69.14016489988222,215.0,87.0,5,6.456519357923538,684.0,-7.921996948426951,1.0161784153414437,34.0,60.0,87.75510204081633,33.78378378378378,42.85714285714285,84.61538461538461,20.816326530612244,22.268907563025213,67.69911504424779,20.51282051282051,23.239436619718308,59.42408376963351,11.0,5.0,20,,
2024-03-22,928,651,269,327,321,591,91,5,9,22,11,1,1,636222459790.93,271042058716.79,0,0,35.73770491803279,35.508849557522126,70.1067615658363,289.0,31.0,10,2.347320053585169,382.0,16.61429758654441,1.0309946211834595,52.52525252525253,67.67676767676768,86.5979381443299,40.54054054054054,44.21768707482993,83.91608391608392,32.6530612244898,30.252100840336134,69.46902654867256,31.91489361702128,27.857142857142858,61.0079575596817,7.0,1.0,18,,
2024-03-26,937,359,574,325,334,578,59,38,6,30,21,6,2,545341927100.79,386450868623.55,2,2,35.17316017316017,36.58269441401972,67.76084407971864,305.0,49.0,15,1.41115461596237,-215.0,7.659757926012176,0.4432083720628699,55.55555555555556,69.6969696969697,87.62886597938144,48.64864864864865,51.02040816326531,83.91608391608392,31.020408163265305,29.831932773109244,65.929203539823,28.240740740740737,27.73892773892774,57.88113695090439,8.0,3.0,15,,
2024-03-27,932,500,427,388,362,584,80,28,6,27,13,11,3,677434716285.78,448142579499.43,4,3,42.173913043478265,39.82398239823983,68.86792452830188,230.0,71.0,2,1.5116499687275122,73.0,14.365327726627058,0.7746238954639276,57.99999999999999,70.0,87.75510204081633,52.38095238095239,52.73972602739726,85.2112676056338,39.83739837398374,34.166666666666664,68.42105263157895,36.29976580796253,31.44208037825059,58.15789473684211,11.0,6.0,27,,
2024-03-28,938,504,428,428,398,594,56,13,6,28,14,13,1,760550734107.4,277617634422.7,8,6,46.170442286947136,43.44978165938865,69.55503512880561,195.0,79.0,1,2.7395620443526547,76.0,20.17676326751966,0.4298388116032605,69.0,74.0,88.77551020408163,54.729729729729726,57.53424657534247,85.91549295774648,47.5609756097561,41.49377593360996,70.6140350877193,37.1824480369515,32.63403263403264,58.03108808290155,16.0,11.0,42,,
2024-04-01,946,819,126,681,537,665,358,2,14,13,32,0,2,667618697717.82,129013779398.25,11,9,72.75641025641025,58.05405405405405,76.878612716763,494.0,43.0,32,5.174785986673264,693.0,55.89465683864523,1.2560905932611683,89.0,85.0,90.81632653061224,79.05405405405406,70.54794520547945,88.73239436619718,73.68421052631578,57.02479338842975,78.69565217391305,66.43990929705215,48.2837528604119,68.10126582278481,25.0,20.0,78,,
2024-04-02,945,697,246,783,604,683,128,5,10,9,31,0,1,708870248115.73,251502881116.08,11,10,83.74331550802138,65.36796536796537,79.05092592592592,542.0,20.0,31,2.818537286610861,451.0,74.05398255776437,1.0052495479810608,90.0,88.0,89.79591836734694,85.8108108108108,76.02739726027397,90.84507042253522,82.5910931174089,64.87603305785123,80.43478260869566,82.27272727272728,56.88073394495413,71.31979695431471,36.0,30.0,83,,
2024-04-03,948,646,299,817,669,710,128,4,9,8,33,0,4,701797814428.97,317656186222.4,8,6,87.1931696905016,72.2462203023758,82.08092485549133,614.0,11.0,33,2.20930000695035,347.0,84.00993613482242,0.9779274477254868,89.0,87.0,89.79591836734694,82.43243243243244,79.45205479452055,92.95774647887325,85.82995951417004,70.24793388429752,82.17391304347827,89.14027149321268,67.57990867579909,76.20253164556962,42.0,34.0,88,,
2024-04-04,966,514,449,836,703,725,66,7,12,7,24,0,8,648142267658.95,428404579305.03,10,7,87.63102725366876,74.5493107104984,82.48009101251422,322.0,16.0,24,1.512920960626482,65.0,78.00222676253294,0.7566595855207697,89.0,87.0,89.79591836734694,83.1081081081081,80.13698630136986,92.25352112676056,85.88709677419355,72.0164609053498,82.68398268398268,89.73799126637554,71.36563876651982,77.20588235294117,48.0,38.0,84,,
2024-04-05,962,553,404,840,735,728,49,1,10,5,20,0,7,626595978971.66,274165096288.47,32,22,88.23529411764706,78.19148936170212,82.91571753986332,243.0,12.0,20,2.285469549020823,149.0,76.67562411541277,0.5989193256915486,87.0,89.0,90.81632653061224,83.22147651006712,82.1917808219178,92.25352112676056,87.04453441295547,74.79338842975206,83.47826086956522,90.78947368421052,76.32743362831859,77.45098039215686,72.0,54.0,91,,
2024-04-08,963,419,540,827,703,729,58,19,16,3,41,1,5,525321887775.97,359201529587.14,27,16,86.77859391395593,74.70775770456962,82.8409090909091,173.0,27.0,40,1.4624711881927837,-121.0,61.65800073154796,0.5305580938553457,89.0,88.0,92.85714285714286,83.22147651006712,81.5068493150685,90.84507042253522,86.99186991869918,74.27385892116183,85.65217391304348,87.33624454148472,69.8237885462555,76.09756097560975,88.0,61.0,88,,
2024-04-09,967,336,628,754,677,724,35,11,30,3,25,0,2,442794174135.46,394920338974.93,29,14,78.70563674321504,71.64021164021163,81.7155756207675,142.0,31.0,25,1.1212240303570922,-292.0,39.9596427346858,0.4771854978557307,78.0,84.0,90.81632653061224,75.16778523489933,80.27210884353741,90.2097902097902,78.13765182186235,70.12448132780082,83.98268398268398,80.3030303030303,66.95842450765865,75.36231884057972,106.0,65.0,81,,
2024-04-10,967,520,441,757,705,730,60,14,24,4,22,0,3,627909062300.11,271422958699.21,22,14,79.0187891440501,74.60317460317461,82.57918552036199,153.0,44.0,22,2.313397014421159,79.0,39.757748433695234,0.5096999411017654,84.0,89.0,91.83673469387756,74.49664429530202,80.27210884353741,91.6083916083916,77.64227642276423,74.16666666666667,84.34782608695653,80.12958963282938,69.86899563318777,76.27118644067797,120.0,73.0,85,,
2024-04-12,962,284,672,674,645,713,28,29,30,4,17,1,3,377580610808.68,634975668909.72,36,13,70.72402938090241,68.61702127659575,81.29988597491447,123.0,54.0,16,0.5946379196812405,-388.0,16.036340064179818,0.7107166119604268,71.0,82.0,90.81632653061224,67.78523489932886,75.51020408163265,91.6083916083916,71.25506072874494,70.0,83.91304347826087,71.33479212253829,62.69315673289183,73.89162561576354,146.0,79.0,64,,
2024-04-15,960,144,814,470,518,680,15,102,36,3,10,2,2,234927421186.68,751505781217.74,20,6,49.42166140904311,55.28281750266809,77.71428571428571,103.0,145.0,8,0.3126089340337523,-670.0,-18.42564579207676,0.5658961009894764,46.464646464646464,68.68686868686868,88.65979381443299,52.348993288590606,65.3061224489796,87.41258741258741,51.012145748987855,54.16666666666666,81.30434782608695,48.24561403508772,49.667405764966745,69.62962962962963,134.0,63.0,32,,
2024-04-16,955,590,354,519,547,687,61,5,130,2,22,0,3,490586273764.66,402966672081.6,33,10,54.80464625131995,58.690987124463526,78.87485648679679,104.0,136.0,22,1.2174363483472332,236.0,-2.4985154702157537,1.3689969655738463,47.474747474747474,68.68686868686868,86.5979381443299,45.63758389261745,64.86486486486487,88.19444444444444,52.82258064516129,58.57740585774059,81.93832599118943,60.532150776053214,54.48430493273543,71.96029776674938,140.0,57.0,41,,
2024-04-18,949,374,565,493,528,675,56,17,79,2,26,0,5,451177069232.47,645520466100.6,23,7,52.50266240681576,57.14285714285714,78.03468208092485,132.0,124.0,26,0.6989353443089086,-191.0,-10.218326467673506,0.9470788793910334,43.43434343434344,61.61616161616161,84.5360824742268,44.966442953020135,62.83783783783784,88.88888888888889,50.0,53.97489539748954,79.73568281938326,58.46501128668172,55.93607305936074,71.53652392947103,134.0,50.0,35,,
2024-04-19,951,421,521,474,506,679,41,12,85,1,18,1,4,504123444025.76,445256743002.16,7,4,50.371944739638685,54.64362850971922,78.2258064516129,158.0,34.0,17,1.1322084436648598,-100.0,-12.217673238161524,0.7137037573486603,43.43434343434344,58.58585858585859,86.45833333333334,47.651006711409394,62.83783783783784,88.96551724137932,45.564516129032256,49.7907949790795,80.1762114537445,55.50561797752809,53.63636363636364,71.25,119.0,40.0,40,,
2024-04-22,954,725,223,614,594,695,132,6,94,1,27,0,7,677465214759.95,193250644406.01,15,10,64.90486257928119,63.87096774193548,79.88505747126436,229.0,35.0,27,3.5056297837570423,502.0,16.233973639262025,0.927400004215192,60.60606060606061,73.73737373737373,89.58333333333334,57.71812080536913,66.8918918918919,88.27586206896552,64.2570281124498,62.083333333333336,81.93832599118943,68.59688195991092,61.6252821670429,73.38308457711443,98.0,37.0,55,,
2024-04-23,960,582,368,680,634,708,82,15,132,1,36,0,3,699387548919.13,272809504809.64,23,13,71.42857142857143,67.73504273504274,80.72976054732041,255.0,33.0,36,2.56364802761233,214.0,26.078961851262854,0.6169028361523541,62.62626262626263,74.74747474747475,90.625,67.11409395973155,70.27027027027027,88.96551724137932,75.90361445783132,66.39004149377593,80.7017543859649,72.3076923076923,66.07142857142857,75.49019607843137,101.0,44.0,58,,
2024-04-24,965,591,366,732,699,725,74,12,150,1,37,0,4,653548085798.16,313786744663.63,9,6,76.48902821316614,74.36170212765958,82.19954648526077,288.0,33.0,37,2.082777863987671,225.0,34.91603196326725,0.7752886787787631,72.72727272727273,74.74747474747475,90.625,72.66666666666667,75.0,88.96551724137932,76.70682730923694,73.44398340248964,81.14035087719299,78.43137254901961,74.5575221238938,78.4503631961259,77.0,40.0,71,,
2024-04-25,970,535,427,748,707,731,69,14,128,1,32,1,4,988035475480.91,349913961549.85,16,7,77.75467775467776,74.81481481481481,82.41262683201805,225.0,41.0,31,2.8236526233611032,108.0,36.447146749214674,0.4437257579429073,81.81818181818183,81.81818181818183,89.58333333333334,70.66666666666667,76.35135135135135,87.67123287671232,77.01612903225806,72.5,82.66666666666667,79.56989247311827,74.0174672489083,78.80952380952381,70.0,40.0,77,,
2024-04-26,976,461,508,753,725,736,55,16,110,1,28,1,7,703007810583.89,463977781253.05,28,12,77.70897832817337,76.07555089192026,82.32662192393735,198.0,42.0,27,1.5151755945840752,-47.0,29.82401415745364,0.5989274894635158,76.76767676767676,77.77777777777779,87.5,73.33333333333333,77.02702702702703,87.67123287671232,78.62903225806451,75.20661157024794,83.6283185840708,78.8135593220339,75.86206896551724,78.63849765258216,91.0,48.0,64,,
2024-04-29,986,485,486,769,734,745,64,13,123,1,23,0,4,669984705150.26,382110207275.87,28,14,78.71033776867962,76.37877211238293,82.50276854928018,188.0,43.0,23,1.753380811066779,-1.0,26.312115720710693,0.5691532498431501,74.74747474747475,76.76767676767676,87.5,74.0,77.7027027027027,86.3013698630137,81.04838709677419,76.95473251028807,83.4061135371179,79.79166666666667,75.58386411889597,79.62962962962963,104.0,52.0,60,,
2024-04-30,975,440,527,747,727,747,46,17,118,1,22,0,4,631638745289.51,547749363188.0,26,13,77.32919254658384,76.28541448058762,83.55704697986577,165.0,46.0,22,1.153152861033482,-87.0,18.87788197869192,0.7240276976440253,76.76767676767676,75.75757575757575,86.45833333333334,77.33333333333333,80.4054054054054,87.67123287671232,77.32793522267207,74.07407407407408,85.08771929824562,77.4468085106383,76.24190064794817,80.66037735849056,107.0,52.0,54,,
2024-05-02,973,481,485,709,709,744,61,18,125,1,33,1,2,770363109941.3,406341735624.2,38,19,73.62409138110073,74.63157894736842,83.40807174887892,171.0,48.0,32,1.895850321055282,-4.0,16.57722271937241,0.5231175511617137,76.53061224489795,77.55102040816327,88.42105263157895,76.0,81.08108108108108,86.98630136986301,74.29718875502009,73.06122448979592,83.84279475982532,71.88841201716738,72.76688453159042,80.80568720379146,136.0,65.0,57,,
2024-05-03,974,303,664,647,679,739,34,14,86,1,23,1,3,529842224183.06,655674531564.93,28,11,67.04663212435233,71.24868835257084,82.66219239373602,141.0,49.0,22,0.8080872424897456,-361.0,-3.3227270609426345,0.5646980637868564,70.40816326530613,75.51020408163265,86.31578947368422,73.33333333333333,79.72972972972973,86.3013698630137,66.8,69.51219512195121,82.17391304347827,64.45396145610277,68.54663774403471,80.85106382978722,148.0,69.0,42,,
2024-05-06,979,229,748,523,609,727,37,68,63,1,20,1,5,381476681424.67,664454246397.39,33,12,53.91752577319588,63.63636363636363,80.86763070077865,132.0,100.0,19,0.5741203152707678,-519.0,-28.220570487807286,0.5332501297675452,64.28571428571429,69.38775510204081,85.26315789473684,56.66666666666666,71.62162162162163,86.98630136986301,54.8,64.37246963562752,81.81818181818183,50.42372881355932,59.48275862068966,77.28337236533957,153.0,69.0,28,,
2024-05-07,980,170,809,372,526,705,23,100,46,1,9,2,1,251185300072.96,773099858553.55,35,2,38.31101956745623,54.79166666666667,78.15964523281596,94.0,182.0,7,0.3249066692922713,-639.0,-55.36712376533752,0.6467579468019986,40.81632653061224,65.3061224489796,83.15789473684211,33.33333333333333,56.75675675675676,84.24657534246576,40.0,56.68016194331984,79.3103448275862,38.47780126849894,50.96359743040685,74.35897435897436,160.0,57.0,22,,
2024-05-08,969,600,359,440,552,711,61,18,52,2,13,1,1,616242129106.23,330632826367.19,24,7,45.83333333333333,58.10526315789474,79.61926091825308,121.0,186.0,12,1.8638262143452493,241.0,-34.3005911987992,0.8967087056384587,53.06122448979592,65.3061224489796,85.26315789473684,41.333333333333336,58.108108108108105,84.24657534246576,44.4,59.51417004048582,79.82832618025752,46.53679653679654,55.798687089715536,76.6109785202864,158.0,51.0,29,,
2024-05-09,966,93,873,249,423,660,11,194,30,4,2,7,1,212999204044.5,746129963979.78,29,6,26.01880877742947,44.66737064413939,74.07407407407408,95.0,312.0,-5,0.2854719878938841,-780.0,-67.16720289841494,0.3731686965433268,28.57142857142857,55.10204081632652,83.15789473684211,26.0,44.966442953020135,80.27210884353741,23.6,43.90243902439025,75.43103448275862,26.797385620915037,42.731277533039645,69.06474820143885,149.0,38.0,16,,
2024-05-10,957,638,316,323,474,670,69,8,33,3,8,1,1,581333623948.35,264507949525.7,11,3,34.07172995780591,50.42553191489362,75.70621468926554,141.0,220.0,7,2.1977926371996115,322.0,-39.83231988709433,0.9186432366725508,41.83673469387755,62.24489795918368,82.10526315789474,37.333333333333336,50.33557046979866,81.63265306122449,28.915662650602407,50.0,76.72413793103449,34.14634146341464,48.09843400447427,71.53284671532847,132.0,30.0,26,,
2024-05-13,963,409,549,325,449,669,51,24,33,5,13,1,3,504732609044.42,419436542862.16,10,4,34.031413612565444,47.4128827877508,75.0,131.0,226.0,12,1.203358690685878,-140.0,-39.361833312979726,0.6190929589807125,38.775510204081634,56.12244897959183,83.15789473684211,44.66666666666666,51.006711409395976,82.31292517006803,30.4,46.15384615384615,75.0,31.50984682713348,45.033112582781456,70.57416267942584,109.0,22.0,23,,
2024-05-14,958,755,196,456,533,692,150,4,50,5,26,0,2,706884816516.39,165903142840.94,4,4,47.94952681388013,56.52173913043478,77.84026996625421,270.0,36.0,26,4.260828362932927,559.0,-3.812758125546836,0.90405913785154,59.18367346938776,64.94845360824742,86.17021276595744,55.333333333333336,62.0,84.45945945945947,42.0,52.4390243902439,76.72413793103449,46.35761589403973,55.11111111111112,74.21686746987952,78.0,24.0,43,,
2024-05-15,958,569,383,532,563,705,85,13,56,4,32,0,3,599110058820.86,295464938180.57,7,5,55.941114616193474,59.63983050847458,79.30258717660293,286.0,41.0,32,2.0276857975436693,186.0,7.950764950336019,0.7326774633840072,66.66666666666666,68.36734693877551,84.21052631578947,59.73154362416108,63.08724832214765,85.71428571428571,48.8,57.08502024291497,77.58620689655173,56.29139072847682,57.99999999999999,76.86746987951807,61.0,22.0,48,,
2024-05-16,956,564,387,554,578,711,55,12,67,3,35,1,3,847439388592.07,280248473446.46,12,9,58.43881856540085,61.424017003188105,80.06756756756756,290.0,29.0,34,3.0238858330622405,177.0,17.51882335546418,0.4819508478630034,65.97938144329896,69.79166666666666,84.94623655913979,64.42953020134227,66.44295302013423,86.39455782312925,55.2,60.32388663967612,79.05982905982906,56.63716814159292,58.57461024498887,77.29468599033817,44.0,25.0,69,,
2024-05-17,959,658,297,629,630,727,90,10,64,4,49,1,1,831061790879.22,241192075917.19,11,6,66.14090431125132,66.73728813559322,81.59371492704825,230.0,35.0,48,3.4456430117735444,361.0,34.81191917507144,0.6429825167372337,71.1340206185567,69.79166666666666,84.94623655913979,72.48322147651007,69.79865771812081,85.03401360544217,63.6,66.39676113360325,81.62393162393163,64.3956043956044,65.2654867256637,79.61630695443645,44.0,28.0,79,,
2024-05-18,953,671,273,694,663,735,52,5,70,3,44,1,2,121610246678.09,22551381172.06,14,12,73.43915343915344,70.682302771855,82.86358511837655,197.0,27.0,43,5.392585303323187,398.0,51.273456504960286,0.4557879606208156,74.22680412371135,69.79166666666666,86.02150537634408,75.16778523489933,71.81208053691275,85.71428571428571,73.6,72.46963562753037,82.5531914893617,72.60579064587974,69.50672645739911,81.31067961165049,48.0,36.0,80,,
2024-05-21,946,367,572,616,626,709,73,58,80,3,56,2,2,842675969117.66,413016784990.89,26,17,65.74172892209178,67.31182795698925,80.56818181818181,215.0,73.0,54,2.0402947283032264,-205.0,34.941703639490456,0.3144684847281713,72.16494845360825,76.04166666666666,84.94623655913979,73.15436241610739,69.79865771812081,85.71428571428571,62.0,63.56275303643725,79.57446808510639,63.94557823129252,66.66666666666666,78.2716049382716,70.0,49.0,76,,
2024-05-22,945,445,490,606,637,706,58,25,71,3,32,1,0,641124468735.65,517741287250.31,34,25,64.60554371002132,68.27438370846731,80.22727272727272,183.0,88.0,31,1.2383104931434386,-45.0,28.803346421316288,0.7333889766214928,71.1340206185567,77.08333333333334,86.02150537634408,77.85234899328859,73.15436241610739,85.71428571428571,61.2,66.12903225806451,79.57446808510639,60.633484162895925,65.9090909090909,77.28395061728395,97.0,69.0,62,,
2024-05-23,949,462,482,612,628,719,41,22,64,2,30,1,1,968570672635.54,268107490275.88,0,0,64.96815286624204,67.02241195304163,81.33484162895928,172.0,105.0,29,3.612620712830105,-20.0,24.6610342676708,0.2653215768437263,85.56701030927834,79.16666666666666,87.2340425531915,75.16778523489933,74.49664429530202,87.07482993197279,60.8,62.903225806451616,81.27659574468085,59.4170403587444,64.1891891891892,77.94117647058823,85.0,60.0,66,,
2024-05-24,949,335,606,562,607,709,45,30,58,1,26,0,1,618617138325.6,538358816568.33,42,16,59.72369819341127,64.85042735042735,80.02257336343115,144.0,77.0,26,1.149079608779999,-271.0,8.446052204965547,0.4810852758191203,84.375,78.94736842105263,87.09677419354838,72.48322147651007,72.48322147651007,87.75510204081633,52.8,60.08064516129033,80.9322033898305,54.035874439461885,61.93693693693694,75.1219512195122,116.0,70.0,57,,
2024-05-27,940,366,570,517,575,697,49,42,50,1,18,0,1,686421146793.34,477591795112.34,33,14,55.47210300429185,62.02804746494067,79.47548460661345,135.0,94.0,18,1.4372548980492403,-204.0,-2.1099877196722723,0.4467580970010347,81.25,84.21052631578947,87.09677419354838,72.48322147651007,72.48322147651007,87.07482993197279,53.6,57.25806451612904,82.5531914893617,45.08009153318078,56.32183908045977,73.13432835820896,135.0,72.0,39,,
2024-05-28,939,241,691,456,519,680,16,62,37,1,7,0,0,308602291128.03,659265861626.63,23,11,48.87459807073955,55.98705501618123,77.53705815279362,110.0,134.0,7,0.4680999109624828,-450.0,-23.42485191663924,0.7450757638052465,73.19587628865979,81.25,87.2340425531915,70.27027027027027,71.62162162162163,86.3013698630137,45.2,50.80645161290322,81.35593220338984,38.35616438356164,48.04597701149425,69.82543640897757,132.0,66.0,23,,
2024-05-29,943,415,520,435,510,678,47,17,38,0,17,1,2,475116380645.81,499772203905.78,21,8,46.375266524520256,54.72103004291845,76.7836919592299,112.0,121.0,16,0.9506658772391066,-105.0,-24.281936545462813,0.8394925516782749,65.3061224489796,73.19587628865979,86.31578947368422,60.810810810810814,65.3061224489796,84.82758620689656,46.8,55.24193548387096,79.14893617021276,37.10407239819005,46.81818181818182,70.34313725490196,119.0,49.0,23,,
2024-05-30,938,173,762,337,439,651,19,63,34,1,9,5,2,267423727366.64,772979731241.64,25,8,36.12004287245445,47.30603448275862,74.14578587699316,82.0,142.0,4,0.3459647343366641,-589.0,-49.09333422037963,0.6562348650078809,55.10204081632652,69.0721649484536,82.10526315789474,41.21621621621622,57.82312925170068,80.6896551724138,35.2,44.354838709677416,77.02127659574468,30.66361556064073,40.59633027522936,68.23821339950372,144.0,57.0,15,,
2024-05-31,934,473,453,370,452,654,73,23,35,3,12,5,0,1386940618642.89,840083156096.73,9,3,39.87068965517241,48.97074756229686,74.91408934707904,139.0,103.0,7,1.6509563470918978,20.0,-39.611612561331626,0.632451677001945,60.824742268041234,69.79166666666666,84.04255319148936,46.62162162162162,60.544217687074834,80.6896551724138,39.2,47.58064516129033,77.02127659574468,33.25635103926097,41.2037037037037,69.42355889724311,111.0,44.0,23,,
2024-06-03,929,715,211,512,547,682,211,10,47,2,55,0,5,1541380005419.08,117230836546.91,17,4,55.47128927410617,59.58605664488017,78.48101265822784,303.0,96.0,55,13.148247089427668,504.0,-7.106682480038927,0.2577245141020973,78.35051546391753,82.29166666666666,86.17021276595744,66.8918918918919,72.10884353741497,84.13793103448276,57.6,59.2741935483871,81.97424892703863,45.09345794392524,50.35128805620609,72.544080604534,95.0,34.0,43,,
2024-06-04,925,42,883,121,248,537,6,678,13,8,1,23,1,120084769911.0,2403231869242.04,7,3,13.166485310119697,27.10382513661202,62.00923787528868,290.0,711.0,-22,0.0499680332338775,-841.0,-46.52943384813348,0.9519109685619732,12.12121212121212,33.6734693877551,82.29166666666666,17.80821917808219,35.172413793103445,70.62937062937063,16.400000000000002,29.31726907630522,58.36909871244635,9.90566037735849,21.5130023640662,56.09137055837563,79.0,26.0,11,,
2024-06-05,927,809,117,303,383,618,399,26,33,2,25,0,1,1696462203543.45,146249012972.5,15,5,32.89902280130293,41.76663031624864,71.03448275862068,616.0,714.0,25,11.599819848783834,692.0,-3.353239098613649,0.5960894224796826,37.37373737373738,54.08163265306123,88.54166666666666,44.52054794520548,50.3448275862069,81.11888111888112,32.0,38.95582329317269,69.52789699570815,28.4037558685446,37.64705882352941,64.07035175879398,73.0,23.0,32,,
2024-06-06,933,820,110,517,534,691,289,5,38,2,26,0,4,1260957316835.67,177470875328.57,49,7,55.77130528586839,57.7922077922078,78.79133409350057,694.0,709.0,26,7.105150715581531,710.0,34.47917360771888,1.049174852575288,64.0,75.75757575757575,90.72164948453609,64.13793103448275,66.89655172413794,87.41258741258741,55.60000000000001,55.42168674698795,78.96995708154506,51.157407407407405,51.972157772621806,72.77227722772277,97.0,22.0,42,,
2024-06-07,938,813,123,706,645,725,165,4,78,1,46,0,6,1219538215492.37,89683846690.59,4,4,75.7510729613734,69.50431034482759,82.19954648526077,853.0,35.0,46,13.598192545194754,690.0,65.65349060359459,0.4860760778017289,83.0,84.0,94.89795918367348,78.62068965517241,75.69444444444444,90.84507042253522,76.8,71.08433734939759,83.62068965517241,72.5400457665904,63.2183908045977,75.36585365853658,92.0,23.0,61,,
2024-06-10,940,643,292,764,707,754,109,9,79,0,49,0,5,735291090639.4,460862733793.5,23,14,81.79871520342613,76.10333692142089,85.3907134767837,563.0,18.0,49,1.5954665819624805,351.0,75.02926418205035,1.3801948717797288,80.0,86.0,94.89795918367348,82.1917808219178,78.47222222222221,90.14084507042254,82.0,76.30522088353415,87.65957446808511,81.9634703196347,72.93577981651376,80.14705882352942,98.0,33.0,58,,
2024-06-11,953,611,340,802,751,781,105,9,101,0,39,0,4,811804427759.95,377715691584.59,9,8,84.77801268498943,79.80871413390011,87.16517857142857,379.0,22.0,39,2.1492472932598434,271.0,78.67040427071979,0.8361340405848532,88.0,87.0,94.94949494949496,83.56164383561644,81.94444444444444,90.9090909090909,83.93574297188755,77.82258064516128,88.41201716738198,84.92239467849224,78.61915367483296,83.3729216152019,100.0,38.0,61,,
2024-06-12,962,642,316,847,791,784,75,5,88,0,51,0,2,872574449660.19,251823209390.03,34,24,88.4133611691023,83.17560462670873,86.72566371681415,289.0,23.0,51,3.465027912930476,326.0,84.14022702517855,0.5863287744490435,91.0,91.0,92.92929292929291,91.2751677852349,86.89655172413792,90.9722222222222,89.11290322580645,83.80566801619433,88.79310344827587,86.55097613882863,79.95642701525054,82.75058275058275,119.0,57.0,69,,
2024-06-13,968,560,404,858,809,803,78,6,82,0,44,0,4,827443922242.4299,341785471008.03,36,24,89.00414937759335,84.6234309623431,88.24175824175823,258.0,20.0,44,2.420945278340956,156.0,79.89622434511489,0.5725609026616618,91.0,93.0,93.93939393939394,89.26174496644296,88.96551724137932,93.05555555555556,88.75502008032129,83.46774193548387,89.36170212765957,88.62660944206009,82.07343412526998,84.72222222222221,106.0,74.0,85,,
2024-06-14,977,570,405,878,840,810,100,7,93,0,76,0,7,996482503147.36,282725245815.57,23,18,90.23638232271324,87.04663212435233,88.23529411764706,253.0,18.0,76,3.52456145284385,165.0,76.31812093193491,0.3993141916342011,92.0,95.0,93.93939393939394,90.6040268456376,90.3448275862069,93.05555555555556,90.36144578313254,86.29032258064517,89.7872340425532,89.6842105263158,84.7457627118644,84.54545454545455,125.0,88.0,91,,
2024-06-18,989,564,423,887,858,820,118,17,93,0,71,0,7,1015538263625.56,325707243138.85,23,17,90.14227642276424,87.90983606557377,88.17204301075269,296.0,30.0,71,3.1179480500304164,141.0,71.67725190900634,0.4276316705534354,90.0,95.0,95.95959595959596,89.93288590604027,90.3448275862069,94.44444444444444,90.36144578313254,88.30645161290323,90.2542372881356,90.12345679012346,85.5072463768116,83.37028824833703,125.0,91.0,91,,
2024-06-19,1008,340,667,849,845,826,72,25,88,0,31,0,8,650557328146.43,1028927402906.24,39,23,84.64606181455633,84.92462311557789,87.5,290.0,49.0,31,0.6322674722326463,-327.0,43.950922634857385,0.8062175421365316,76.76767676767676,91.91919191919192,95.91836734693877,85.90604026845638,89.65517241379311,93.75,87.14859437751004,83.87096774193549,88.13559322033898,84.58498023715416,82.7037773359841,83.47639484978541,155.0,106.0,77,,
2024-06-20,1018,644,369,880,874,849,111,7,99,0,50,0,3,919268674077.89,422859628389.07,43,27,86.87068114511352,86.96517412935323,88.90052356020942,301.0,49.0,50,2.173933410432073,275.0,50.12515649228576,0.8028109068104587,78.78787878787878,88.88888888888889,95.91836734693877,84.56375838926175,89.65517241379311,93.75,87.95180722891565,87.90322580645162,90.2542372881356,88.56589147286822,85.38011695906432,85.32494758909853,164.0,109.0,87,,
2024-06-21,1033,423,606,881,875,860,58,41,95,0,32,1,1,988436604970.28,796266320722.69,52,24,85.61710398445092,85.8684985279686,88.84297520661157,241.0,73.0,31,1.2413392093152662,-183.0,32.253500657925564,0.5623118940754573,71.71717171717171,83.83838383838383,94.89795918367348,83.33333333333334,87.58620689655172,95.83333333333334,85.14056224899599,85.88709677419355,89.0295358649789,89.07721280602637,85.7685009487666,85.48057259713701,180.0,109.0,79,,
2024-06-24,1044,506,535,860,875,861,85,23,100,1,49,1,4,705537800008.03,418260355708.76,34,17,82.6923076923077,84.9514563106796,87.94688457609806,254.0,71.0,48,1.6868388083600852,-29.0,24.51196741625798,0.56069043932114,67.67676767676768,80.8080808080808,95.91836734693877,81.33333333333333,86.98630136986301,93.05555555555556,82.73092369477911,83.80566801619433,86.4406779661017,85.79335793357934,85.68773234200744,85.62874251497006,191.0,108.0,76,,
2024-06-25,1054,433,619,855,879,867,43,23,106,1,33,0,2,694141637553.3,488469903414.41,61,18,81.42857142857143,84.43804034582134,87.66430738119313,186.0,87.0,33,1.4210530325435455,-186.0,9.920396657550915,0.4922514018230174,68.68686868686868,80.8080808080808,94.89795918367348,80.0,85.61643835616438,95.13888888888889,81.92771084337349,82.99595141700405,84.32203389830508,83.87681159420289,85.42805100182149,85.71428571428571,229.0,109.0,57,,
2024-06-26,1061,455,603,818,867,877,71,11,112,1,34,0,8,784921047181.49,504939016231.02,28,16,77.38883632923368,82.65014299332698,88.05220883534136,199.0,57.0,34,1.5544868230629507,-148.0,-0.7049983244313935,0.4854081227868838,62.62626262626263,80.8080808080808,94.89795918367348,76.0,86.3013698630137,95.13888888888889,78.714859437751,82.25806451612904,87.76371308016878,79.78533094812164,82.19424460431655,84.91295938104449,218.0,102.0,57,,
2024-06-27,1067,323,742,742,821,873,33,58,109,1,25,0,1,1063591957696.42,626993541424.24,28,8,70.0,78.04182509505704,87.3,147.0,92.0,25,1.696336385348452,-419.0,-23.336186042404112,0.2566177185171932,65.3061224489796,78.57142857142857,95.8762886597938,75.33333333333333,84.24657534246576,94.48275862068964,70.16129032258065,75.30364372469636,85.95744680851064,69.32624113475178,77.54010695187165,84.32122370936902,203.0,83.0,48,,
2024-06-28,1072,591,472,773,842,878,72,7,135,1,29,0,3,775464520870.98,578013255105.99,23,13,72.5140712945591,79.65941343424787,87.36318407960198,176.0,76.0,29,1.3416033525542308,119.0,-15.669170611058762,0.9333001752596494,71.42857142857143,81.63265306122449,95.8762886597938,77.33333333333333,87.07482993197279,93.83561643835615,72.28915662650603,80.08130081300813,88.03418803418803,71.52899824253075,77.20848056537103,83.71212121212122,174.0,72.0,51,,
2024-07-01,1078,808,269,850,899,904,158,5,189,1,67,0,8,895086679842.8,249951327275.55,25,16,79.36507936507937,84.65160075329567,89.41641938674579,263.0,70.0,67,3.581043916026273,539.0,11.964473435796805,0.838782640636268,74.22680412371135,83.50515463917526,96.875,78.0,89.1891891891892,93.87755102040816,78.8,84.5528455284553,90.17094017094016,80.8362369337979,83.71278458844134,86.51685393258427,165.0,71.0,65,,
2024-07-02,1079,500,575,827,885,905,68,15,182,1,50,0,5,626611281317.9,608508286589.76,26,15,77.1455223880597,83.25493885230479,89.51533135509396,298.0,27.0,50,1.029749791625015,-75.0,4.831416728679336,0.8444432079166257,70.40816326530613,80.61224489795919,93.81443298969072,71.14093959731544,87.75510204081633,93.83561643835615,78.4,80.89430894308943,89.31623931623932,79.30434782608695,83.56643356643356,87.64044943820225,130.0,68.0,71,,
2024-07-03,1087,674,410,881,915,919,89,11,178,0,51,0,6,1088863174821.17,215355252418.67,22,12,81.64967562557925,85.51401869158879,90.09803921568628,315.0,31.0,51,5.056125460568391,264.0,15.658496160450497,0.3251308639085052,78.57142857142857,85.71428571428571,94.84536082474226,79.72972972972973,89.72602739726028,94.48275862068964,80.80000000000001,83.73983739837398,88.93617021276596,83.01886792452831,85.17241379310346,88.58195211786372,124.0,64.0,78,,
2024-07-04,1093,551,535,883,928,929,76,11,380,1,50,0,5,948670974188.57,375642413657.38,40,18,81.45756457564576,86.2453531598513,90.72265625,233.0,37.0,50,2.5254628862379853,16.0,12.437356593812597,0.4078090189597908,77.55102040816327,85.71428571428571,95.8762886597938,81.08108108108108,89.04109589041096,94.48275862068964,79.51807228915662,85.71428571428571,90.17094017094016,83.02207130730051,85.8603066439523,89.05109489051095,136.0,74.0,78,,
2024-07-05,1098,614,480,891,936,935,91,5,304,0,67,1,2,1158174840267.98,323323082144.2,37,16,81.81818181818183,86.58649398704902,90.86491739552964,256.0,27.0,66,3.5820976114270784,134.0,15.521095481368114,0.3570998910208527,84.84848484848484,88.88888888888889,96.93877551020408,85.03401360544217,90.3448275862069,93.75,79.60000000000001,85.36585365853658,90.63829787234042,81.45025295109612,85.78680203045685,89.13043478260869,150.0,77.0,77,,
2024-07-08,1103,406,695,831,913,925,72,29,231,1,40,1,5,824038542153.21,545205236472.87,29,15,75.89041095890411,84.06998158379373,89.45841392649903,239.0,45.0,39,1.5114281504048157,-289.0,-3.06991324717875,0.3865037591856688,74.74747474747475,86.86868686868688,95.91836734693877,77.55102040816327,85.51724137931035,92.36111111111111,71.4859437751004,83.33333333333334,88.93617021276596,77.5,83.55704697986577,87.79174147217235,154.0,76.0,64,,
2024-07-09,1108,554,547,858,919,934,73,27,182,2,40,1,1,741377609826.65,548048137347.31,27,15,77.9291553133515,84.2346471127406,89.98073217726397,236.0,61.0,39,1.3527600210724244,7.0,-4.149876143850431,0.7486893899713145,82.82828282828282,87.87878787878788,95.91836734693877,82.31292517006803,86.20689655172413,93.75,74.0,84.21052631578947,88.98305084745762,77.68595041322314,83.16666666666667,88.39285714285714,155.0,76.0,63,,
2024-07-10,1121,327,792,786,903,936,42,44,133,2,29,0,4,630697982055.71,752037116750.57,35,14,70.55655296229803,81.71945701357465,89.058039961941,187.0,100.0,29,0.8386527313716288,-465.0,-28.65249503978546,0.4923119813889101,74.74747474747475,84.84848484848484,96.93877551020408,74.82993197278913,84.13793103448276,91.66666666666666,70.0,81.37651821862349,89.0295358649789,69.09385113268608,80.78175895765473,87.06293706293707,168.0,78.0,48,,
2024-07-11,1130,673,454,818,926,948,106,7,131,2,40,0,8,965348270012.1,364458576445.16,26,16,73.03571428571428,83.27338129496404,89.68779564806056,221.0,78.0,40,2.6487187636736977,219.0,-15.258971720610988,0.5596588339071278,77.31958762886599,85.56701030927834,95.83333333333334,71.42857142857143,84.24657534246576,93.79310344827586,68.8,83.33333333333334,88.98305084745762,74.4408945686901,82.6645264847512,87.93103448275862,154.0,76.0,64,,
2024-07-12,1128,418,707,768,908,951,47,32,119,2,31,0,1,948675670614.14,544355498275.33,26,14,68.69409660107334,81.8018018018018,90.05681818181817,195.0,83.0,31,1.7427502314568497,-289.0,-29.13121442411376,0.3392514549444947,74.22680412371135,84.5360824742268,95.83333333333334,71.42857142857143,83.56164383561644,93.79310344827586,66.4,81.70731707317073,91.10169491525424,68.10897435897436,80.99838969404188,87.73747841105354,143.0,74.0,62,,
2024-07-15,1134,595,536,802,933,957,90,19,117,1,36,2,3,828769669196.91,415205024733.3,26,12,71.35231316725978,83.60215053763442,90.02822201317028,243.0,58.0,34,1.996049228280068,59.0,-23.446325863488056,0.5561358964188411,80.61224489795919,89.79591836734694,95.8762886597938,76.02739726027397,86.20689655172413,94.44444444444444,72.39999999999999,84.5528455284553,91.9831223628692,68.41269841269842,81.65869218500798,87.17948717948718,140.0,71.0,64,,
2024-07-16,1129,531,593,799,932,950,64,20,107,1,37,0,4,595634018444.74,576992098447.54,21,15,71.4030384271671,83.88838883888388,89.87701040681173,201.0,71.0,37,1.0323087959910682,-62.0,-24.51851451483564,0.8674215348617083,70.40816326530613,88.77551020408163,95.8762886597938,75.51020408163265,86.89655172413792,93.75,70.8,83.73983739837398,91.9831223628692,70.83333333333334,82.47588424437299,87.04663212435233,134.0,71.0,63,,
2024-07-18,1125,299,824,674,874,937,35,78,83,1,22,0,4,634563652979.88,783077608224.39,26,18,60.44843049327354,78.95212285456188,88.81516587677724,189.0,117.0,22,0.8103458026577188,-525.0,-48.46264323916365,0.4477891740536018,62.62626262626263,84.84848484848484,96.93877551020408,65.06849315068493,81.25,91.6083916083916,63.2,81.70731707317073,91.56118143459916,57.90322580645161,76.37540453074433,85.6152512998267,125.0,75.0,63,,
2024-07-19,1125,111,1013,424,733,903,13,220,58,2,5,1,1,312518562332.37,959421478341.7,29,6,38.026905829596416,66.21499548328816,85.43046357615894,112.0,318.0,4,0.3257364665970776,-902.0,-87.54256008226827,0.3363931567358919,40.4040404040404,69.6969696969697,95.91836734693877,43.15068493150685,72.22222222222221,88.81118881118881,38.8,68.29268292682927,87.81512605042016,36.12903225806451,63.43042071197411,81.83391003460207,128.0,65.0,33,,
2024-07-22,1123,729,389,509,778,910,93,16,58,2,15,2,1,852665406474.86,319748588730.4,26,6,45.73225516621743,70.40723981900453,86.17424242424242,141.0,314.0,13,2.6666744952979147,340.0,-58.41817618271138,0.7027614330214159,53.535353535353536,75.75757575757575,94.89795918367348,52.05479452054794,75.17241379310344,88.88888888888889,48.8,74.6938775510204,89.45147679324894,41.74757281553398,66.72077922077922,82.66897746967071,128.0,57.0,33,,
2024-07-23,1113,479,633,485,736,895,68,43,55,3,20,1,2,590408842380.86,1038096022901.73,24,8,43.97098821396192,67.21461187214612,85.56405353728489,174.0,279.0,19,0.5687420328714141,-154.0,-57.92473706767669,1.3305048972926532,40.4040404040404,68.68686868686868,96.93877551020408,45.57823129251701,67.12328767123287,86.20689655172413,46.58634538152611,68.16326530612244,87.76371308016878,43.09210526315789,66.61157024793388,82.50883392226149,126.0,53.0,26,,
2024-07-24,1114,874,239,684,839,919,220,4,72,0,47,0,5,818210343220.68,502055423992.24,6,4,61.95652173913043,76.4813126709207,87.94258373205741,381.0,63.0,47,1.6297211505344211,635.0,-17.763222938983645,2.243883111225008,45.0,67.0,94.94949494949496,57.53424657534247,73.10344827586206,88.27586206896552,59.83935742971887,77.64227642276423,90.29535864978902,66.66666666666666,78.38283828382838,85.63829787234043,111.0,42.0,54,,
2024-07-25,1107,506,599,669,813,913,80,19,86,1,46,0,4,649226563283.13,582157778593.72,5,2,60.81818181818181,74.51879010082493,87.7041306436119,368.0,66.0,46,1.1152072293037527,-93.0,-19.736312244256176,0.7574746766300199,41.0,67.0,95.95959595959596,56.16438356164384,69.6551724137931,88.96551724137932,57.99999999999999,76.01626016260163,88.18565400843882,66.3907284768212,76.33333333333333,85.71428571428571,90.0,26.0,46,,
2024-07-26,1112,802,309,797,891,930,96,13,89,1,56,0,4,1077438043503.88,213420313702.27,15,11,72.12669683257919,81.14754098360656,88.99521531100478,396.0,36.0,56,5.048432479613679,493.0,7.97537796095709,0.5141138890426526,61.0,79.0,96.96969696969695,68.02721088435374,77.3972602739726,89.72602739726028,69.87951807228916,81.70731707317073,90.2542372881356,75.86206896551724,82.17821782178217,86.87943262411348,76.0,31.0,63,,
2024-07-29,1115,655,457,851,918,944,92,21,98,1,50,2,7,984837572404.87,410656859218.47,25,19,76.80505415162455,83.45454545454545,89.9904671115348,268.0,53.0,48,2.398200712583094,198.0,16.878996196609652,0.597639883247856,73.73737373737373,87.87878787878788,96.93877551020408,72.97297297297297,81.63265306122449,91.15646258503402,75.1004016064257,82.44897959183673,91.48936170212764,78.92156862745098,83.57963875205255,87.87346221441125,75.0,44.0,79,,
2024-07-30,1123,677,443,880,935,956,83,10,104,1,48,1,4,848688883791.36,443053151700.02,30,21,78.85304659498208,84.38628158844766,90.44465468306528,271.0,44.0,47,1.9155464316976247,234.0,26.207194807109545,0.7977967430079881,75.75757575757575,87.87878787878788,97.95918367346938,71.62162162162163,80.27210884353741,91.83673469387756,78.714859437751,86.53061224489797,91.06382978723404,81.12903225806451,83.9546191247974,88.56152512998267,81.0,57.0,83,,
2024-07-31,1126,516,608,866,939,955,56,24,79,1,47,1,3,812393546539.87,477823357760.02,21,15,77.390527256479,84.51845184518452,90.00942507068802,231.0,55.0,46,1.700196387108985,-92.0,17.751768645051403,0.4991683413522711,75.75757575757575,87.87878787878788,97.95918367346938,71.81208053691275,81.63265306122449,91.83673469387756,76.70682730923694,86.1788617886179,91.52542372881356,79.2604501607717,84.00646203554119,87.58620689655172,96.0,68.0,79,,
2024-08-01,1128,332,796,747,892,954,48,61,63,1,33,1,5,605148193316.45,681836525456.67,29,10,66.63693131132918,80.2158273381295,89.91517436380772,187.0,95.0,32,0.8875268055068524,-464.0,-8.166379566733564,0.4699412170401856,66.0,85.0,97.97979797979798,65.54054054054053,80.82191780821918,91.78082191780824,67.06827309236948,80.89430894308943,91.52542372881356,66.82692307692307,79.03225806451613,87.41379310344828,120.0,76.0,62,,
2024-08-02,1130,397,729,646,834,950,68,37,67,1,27,0,2,494006770872.88,741302636659.46,44,18,57.52448797862867,74.86535008976661,89.36970837253058,172.0,122.0,27,0.6664036338775592,-332.0,-23.685564389976047,0.8171948515451084,53.0,76.0,97.97979797979798,50.67567567567568,69.17808219178082,91.78082191780824,58.63453815261044,76.82926829268293,92.3728813559322,59.42492012779552,75.2411575562701,86.08247422680412,149.0,83.0,51,,
2024-08-05,1136,44,1092,293,568,865,13,643,40,3,9,3,1,84279045780.51001,1395046020778.44,32,5,25.952170062001773,50.66904549509367,80.8411214953271,129.0,741.0,6,0.0604130935648144,-1048.0,-72.63603959189851,0.666958732212773,16.0,47.0,93.93939393939394,27.027027027027028,50.68493150684932,85.61643835616438,26.10441767068273,52.4390243902439,81.27659574468085,27.21518987341772,50.5564387917329,77.28813559322035,156.0,69.0,18,,
2024-08-06,1131,386,743,305,530,852,37,78,33,5,9,2,0,389124963587.56,753449278163.35,25,5,27.135231316725974,47.448522829006265,79.85004686035614,118.0,758.0,7,0.5164580747042624,-357.0,-79.57551569158272,1.0059199444024969,15.0,42.0,93.93939393939394,25.675675675675677,43.83561643835616,83.56164383561644,26.10441767068273,50.20242914979757,82.27848101265823,29.82456140350877,48.07692307692308,75.55555555555556,151.0,53.0,18,,
2024-08-07,1131,985,145,484,674,890,272,11,58,3,28,2,1,994855640009.66,136736561696.94,21,9,43.09884238646482,60.39426523297491,83.41143392689784,322.0,732.0,26,7.2757105170937155,840.0,-25.2608901783548,0.9336687368630175,37.37373737373738,61.61616161616161,95.91836734693877,41.21621621621622,59.863945578231295,85.03401360544217,38.95582329317269,60.16260162601627,85.23206751054853,46.09250398724083,60.41666666666666,80.17094017094017,151.0,47.0,36,,
2024-08-08,1130,417,709,462,640,884,68,39,59,3,31,2,4,448428021486.25,633863604951.64,2,1,41.06666666666667,57.34767025089605,82.92682926829268,377.0,128.0,29,0.7074519154960196,-292.0,-35.29558091365315,0.8313672128643036,29.29292929292929,55.55555555555556,95.91836734693877,35.57046979865772,53.06122448979592,85.71428571428571,39.6,57.72357723577236,84.38818565400844,44.81658692185008,58.49358974358975,79.45205479452055,124.0,38.0,34,,
2024-08-09,1126,718,402,520,677,885,116,26,76,3,37,0,4,771440852179.44,218793752925.09,5,4,46.51162790697674,61.04598737601443,83.56940509915015,456.0,76.0,37,3.5258815293669,316.0,-13.29876358776496,0.5065597459430229,38.775510204081634,61.224489795918366,94.84536082474226,44.29530201342282,58.108108108108105,86.48648648648648,45.6,60.81632653061224,84.32203389830508,48.63123993558776,61.81229773462783,80.62283737024222,85.0,24.0,49,,
2024-08-12,1130,538,589,533,673,883,97,40,70,3,37,2,6,697220268091.4299,492058825901.83,13,9,47.54683318465656,60.467205750224615,83.14500941619586,281.0,105.0,35,1.4169449492417627,-51.0,-12.774990956191743,0.644635180891127,38.144329896907216,61.855670103092784,94.79166666666666,43.62416107382551,59.06040268456376,86.57718120805369,47.6,58.60655737704919,82.12765957446808,49.92,61.31621187800963,80.75601374570446,66.0,28.0,41,,
2024-08-13,1132,225,904,423,592,845,24,148,51,2,21,3,4,313365240989.04,752668355733.36,12,5,37.63345195729537,53.04659498207885,79.34272300469483,237.0,214.0,18,0.4163390670034395,-679.0,-43.66329040141569,0.5978151584503559,26.53061224489796,47.95918367346938,92.78350515463916,40.54054054054054,56.08108108108109,86.48648648648648,37.2,51.63934426229508,79.14893617021276,38.853503184713375,53.6741214057508,75.38461538461539,53.0,28.0,38,,
2024-08-14,1130,370,758,394,547,825,41,75,48,4,10,8,1,485097596574.87,545953498373.97,10,1,35.17857142857143,49.19064748201439,77.83018867924528,162.0,263.0,2,0.8885328109805158,-388.0,-55.304469975075065,0.5493625480615155,31.25,44.79166666666667,92.63157894736842,33.78378378378378,52.702702702702695,83.78378378378379,34.8,47.540983606557376,79.05982905982906,36.26198083067093,49.67948717948718,73.41337907375643,42.0,20.0,26,,
2024-08-16,1130,868,260,509,632,853,151,16,53,2,30,4,2,959167458340.32,115461422234.13,13,5,45.44642857142857,56.83453237410072,80.47169811320755,216.0,239.0,26,8.307254836990856,608.0,-15.181156160678484,0.4018730138861169,40.625,62.5,94.73684210526316,49.32432432432432,62.83783783783784,86.48648648648648,44.4,54.09836065573771,81.19658119658119,45.68690095846645,55.608974358974365,76.32933104631218,53.0,24.0,40,,
2024-08-19,1127,818,307,604,686,873,161,10,80,1,54,2,5,739755376392.4,289912132888.02,7,3,54.12186379928316,61.85752930568079,82.5922421948912,353.0,101.0,52,2.551653733919905,511.0,14.350182931433997,1.0442228420677049,47.42268041237113,61.855670103092784,95.83333333333334,55.4054054054054,64.86486486486487,89.1891891891892,55.42168674698795,60.08230452674898,83.2618025751073,54.340836012861736,61.83574879227053,78.44827586206897,55.0,23.0,50,,
2024-08-20,1129,686,440,676,725,896,106,13,105,2,43,1,4,774759607760.9,323620939241.63,1,1,60.46511627906976,65.25652565256526,84.52830188679246,418.0,39.0,42,2.394034235165573,246.0,26.277726940533,0.6512400224648757,58.76288659793815,62.88659793814433,95.83333333333334,59.45945945945946,70.94594594594594,90.54054054054052,59.43775100401606,63.37448559670782,83.69098712446352,61.37820512820513,65.00802568218299,81.47512864493997,43.0,15.0,52,,
2024-08-21,1131,759,368,773,769,914,110,12,116,2,62,0,5,775997473489.77,327952622654.89,9,7,69.14132379248659,69.21692169216922,86.22641509433963,377.0,35.0,62,2.3661877353131127,391.0,43.59438843360999,0.8716552660717235,63.91752577319587,64.94845360824742,96.875,69.79865771812081,71.81208053691275,90.6040268456376,68.42105263157895,68.87966804979253,85.77586206896551,70.08,69.39102564102564,83.53344768439108,40.0,17.0,61,,
2024-08-22,1136,675,459,836,817,939,87,15,114,2,48,0,5,687677414677.77,380137967263.79,13,8,74.44345503116652,73.14234556848702,87.92134831460675,303.0,40.0,48,1.8090206027764877,216.0,49.43216206802276,0.812919561577716,67.0103092783505,71.1340206185567,96.875,77.7027027027027,73.64864864864865,92.56756756756756,72.17741935483872,69.83471074380165,86.69527896995707,75.71428571428571,74.60317460317461,85.78680203045685,43.0,24.0,70,,
2024-08-23,1142,493,644,803,798,935,74,13,100,3,57,0,5,621601859812.85,438464341949.2,16,11,71.12488928255092,71.05966162065896,87.05772811918064,271.0,40.0,57,1.417679387677249,-151.0,35.826297715105575,0.5399866549268332,60.204081632653065,68.36734693877551,95.8762886597938,68.02721088435374,70.74829931972789,88.43537414965986,73.38709677419355,72.31404958677686,87.98283261802575,72.64150943396226,71.0691823899371,84.92462311557789,46.0,30.0,76,,
2024-08-26,1144,551,592,784,802,938,85,32,98,3,48,0,4,659783351090.06,346714438730.41,21,11,69.25795053003534,71.28888888888889,87.25581395348837,246.0,60.0,48,1.9029589696524836,-41.0,29.514152204785848,0.489103158862755,65.3061224489796,69.38775510204081,95.8762886597938,70.27027027027027,74.32432432432432,89.79591836734694,71.37096774193549,73.02904564315352,87.98283261802575,68.80877742946709,70.21943573667711,84.94983277591973,60.0,38.0,76,,
2024-08-27,1147,624,518,810,822,954,80,18,84,2,52,0,1,709044598154.87,364547672713.37,19,15,71.42857142857143,72.93700088731144,88.57938718662952,239.0,63.0,52,1.9449982847987208,106.0,31.319697032438555,0.6193492375022155,70.10309278350515,73.19587628865979,95.83333333333334,70.27027027027027,74.32432432432432,90.47619047619048,73.79032258064517,73.85892116182573,88.8412017167382,70.98283931357254,72.23088923556942,86.85524126455907,78.0,52.0,75,,
2024-08-28,1148,420,723,777,811,949,37,27,76,2,33,0,1,564157866675.65,522598913046.39,23,13,68.51851851851852,71.96095829636202,87.95180722891565,202.0,77.0,33,1.0795236128353196,-303.0,12.25683937491942,0.5381196447799769,68.04123711340206,68.04123711340206,95.83333333333334,62.83783783783784,70.94594594594594,91.15646258503402,72.28915662650603,73.66255144032921,88.08510638297872,68.4375,72.14397496087636,85.85690515806988,92.0,58.0,67,,
2024-08-29,1140,296,840,683,763,932,27,35,63,4,21,0,3,638878478135.1,574218557756.73,19,5,60.65719360568384,68.18588025022342,87.18428437792329,144.0,80.0,21,1.1126050691063931,-544.0,-16.15318811913404,0.3167170114225462,63.91752577319587,68.04123711340206,96.875,55.4054054054054,66.21621621621621,90.47619047619048,61.29032258064516,71.07438016528926,88.03418803418803,61.13744075829384,67.5632911392405,84.45945945945947,98.0,55.0,53,,
2024-08-30,1132,680,447,721,792,925,92,14,64,4,32,0,4,1165472532356.8,993037967439.3,25,8,64.54789615040286,71.35135135135135,87.26415094339622,156.0,76.0,32,1.1736434764545296,233.0,-1.5129956859540723,1.296179655014271,67.3469387755102,70.40816326530613,96.90721649484536,61.90476190476191,68.70748299319727,91.78082191780824,68.95161290322581,73.96694214876032,88.03418803418803,62.980769230769226,71.107544141252,84.21955403087479,107.0,52.0,46,,
2024-09-02,1131,424,705,669,764,909,45,37,66,3,35,0,1,526600106673.99,483998277050.32,17,10,59.94623655913978,68.89089269612263,85.75471698113208,164.0,86.0,35,1.0880206224768043,-281.0,-14.688066177155434,0.5527638238576987,69.38775510204081,74.48979591836735,96.90721649484536,62.58503401360544,68.02721088435374,91.78082191780824,61.693548387096776,70.78189300411523,86.38297872340426,57.14285714285714,67.4718196457327,82.13058419243985,103.0,51.0,47,,
2024-09-03,1127,592,531,693,767,913,58,11,63,2,42,0,2,660602419198.26,343172368960.08,13,8,62.32014388489209,69.41176470588235,86.45833333333334,195.0,62.0,42,1.9249872045354135,61.0,-8.779311116246824,0.579161039006974,68.36734693877551,71.42857142857143,95.8762886597938,63.94557823129252,70.06802721088435,93.15068493150685,62.903225806451616,70.37037037037037,86.80851063829788,60.74313408723748,68.55753646677472,83.04498269896193,97.0,44.0,51,,
2024-09-04,1122,536,581,682,759,907,72,18,111,1,45,0,3,605276185981.79,466007954195.26,34,17,61.66365280289331,69.12568306010928,86.46329837940895,175.0,66.0,45,1.2988537653333183,-45.0,-8.983428983588727,0.7102780596313994,58.76288659793815,67.0103092783505,95.83333333333334,60.810810810810814,68.70748299319727,92.46575342465754,64.11290322580645,70.49180327868852,88.5593220338983,61.33768352365416,69.01639344262294,82.48686514886164,108.0,48.0,50,,
2024-09-05,1114,629,480,709,776,917,80,13,135,1,47,0,3,662851129202.57,464800406572.2,24,13,64.51319381255686,71.12740604949587,87.83524904214559,210.0,42.0,47,1.4260984281209006,149.0,0.5869673847518921,0.9188823441824684,55.67010309278351,61.855670103092784,95.83333333333334,60.810810810810814,68.02721088435374,92.46575342465754,67.33870967741935,74.59016393442623,89.40677966101694,65.67656765676567,71.97346600331676,84.62897526501767,113.0,56.0,62,,
2024-09-06,1111,240,871,575,699,881,27,58,95,0,19,1,2,326744221794.19,859377961154.8,24,9,52.367941712204,64.12844036697247,84.6301633045149,179.0,89.0,18,0.3802101479948628,-631.0,-30.23327855724064,0.7247185579484818,37.11340206185567,51.546391752577314,88.54166666666666,47.2972972972973,57.14285714285714,89.72602739726028,57.6,66.53061224489795,86.07594936708861,53.8971807628524,66.88851913477536,82.02846975088967,112.0,57.0,48,,
2024-09-09,1115,386,726,526,661,871,54,38,90,0,30,2,3,530418221516.88,464173676868.97,21,9,47.73139745916515,60.47575480329369,83.34928229665071,161.0,109.0,28,1.1427149964529546,-340.0,-41.88342244485805,0.4652782561021015,38.144329896907216,52.083333333333336,88.29787234042553,47.2972972972973,55.10204081632652,88.43537414965986,52.0,66.53061224489795,85.59322033898306,47.61120263591433,60.66115702479339,80.28169014084507,116.0,56.0,42,,
2024-09-10,1110,820,288,657,739,895,103,12,93,1,29,0,3,766012812776.48,251401459647.63,45,23,59.94525547445255,67.92279411764706,86.0576923076923,184.0,108.0,29,3.046970426703731,532.0,-8.034878356546649,0.9344436681331364,44.329896907216494,56.25,88.29787234042553,52.02702702702703,61.224489795918366,88.43537414965986,64.2570281124498,72.54098360655738,88.51063829787233,62.62458471760798,69.55074875207987,84.04255319148936,148.0,71.0,54,,
2024-09-11,1111,308,801,557,674,883,33,45,89,2,19,0,6,417967738046.09,594839575027.84,24,14,50.68243858052776,61.94852941176471,84.90384615384615,190.0,95.0,19,0.7026562380731445,-493.0,-30.304198769257667,0.5472367994140803,42.85714285714285,47.91666666666667,89.36170212765957,46.97986577181208,56.4625850340136,87.07482993197279,55.020080321285135,65.57377049180327,85.95744680851064,51.07794361525705,64.05990016638935,83.15602836879432,138.0,68.0,44,,
2024-09-12,1114,736,372,635,722,900,69,11,112,1,41,0,4,995209096973.98,179577814388.15,19,12,57.77979981801637,66.29935720844811,86.53846153846155,205.0,68.0,41,5.541937907891433,364.0,-6.342946728279294,0.3570041123771235,52.04081632653062,60.41666666666666,91.48936170212764,59.73154362416108,64.62585034013605,92.51700680272108,59.036144578313255,70.61224489795919,86.80851063829788,57.71144278606965,65.89018302828619,84.04255319148936,133.0,67.0,64,,
2024-09-13,1114,688,424,684,766,910,79,12,116,2,47,0,5,654442993845.43,389034270216.99,28,13,62.18181818181818,70.21081576535289,87.41594620557157,181.0,68.0,47,1.682224533793396,264.0,9.175638500398607,0.964580813581957,48.48484848484848,61.855670103092784,93.6842105263158,63.51351351351351,69.86301369863014,93.83561643835615,68.27309236947792,74.6938775510204,88.08510638297872,61.58940397350994,69.81757877280266,84.42477876106194,137.0,71.0,64,,
2024-09-16,1118,497,618,697,771,917,78,29,109,2,50,0,4,527436984685.32,386319552240.95,17,9,63.191296464188575,70.47531992687385,87.91946308724832,226.0,52.0,50,1.3652867985215362,-121.0,3.148150678416222,0.5890389628113105,58.58585858585859,64.28571428571429,93.75,64.86486486486487,67.58620689655173,93.79310344827586,66.66666666666666,75.30364372469636,88.98305084745762,62.10873146622736,70.19867549668875,84.98233215547704,133.0,71.0,67,,
2024-09-17,1123,415,703,668,741,913,40,32,80,2,31,0,5,534831206205.21,454612360826.22,27,17,60.397830018083184,67.67123287671232,87.4521072796935,197.0,73.0,31,1.176455486677043,-288.0,-10.3710921627708,0.5017845349524835,58.76288659793815,63.54166666666666,93.61702127659576,58.78378378378378,65.51724137931035,92.41379310344828,62.096774193548384,71.95121951219512,87.2340425531915,60.35889070146819,67.10526315789474,85.26315789473684,115.0,65.0,63,,
2024-09-18,1119,312,805,577,709,893,43,43,70,2,21,1,2,537486298854.8,535956390739.01,41,20,52.40690281562216,65.04587155963303,85.86538461538461,161.0,104.0,20,1.0028545384330252,-493.0,-32.12818933117185,0.3864744336273817,51.04166666666666,62.10526315789474,94.6808510638298,51.35135135135135,60.0,87.58620689655172,54.83870967741935,68.69918699186992,85.95744680851064,51.88834154351396,65.23178807947019,83.92226148409894,132.0,71.0,46,,
2024-09-19,1115,295,819,480,640,863,21,84,48,3,10,1,2,505941575138.12,754289953336.82,23,8,43.75569735642662,58.93186003683242,83.06063522617902,104.0,159.0,9,0.6707521065340205,-524.0,-52.11986646349888,0.5370022049674936,49.48453608247423,60.41666666666666,92.70833333333334,46.62162162162162,57.24137931034483,86.20689655172413,45.74898785425101,61.63265306122449,82.12765957446808,41.32231404958678,57.99999999999999,80.99467140319716,136.0,67.0,30,,
2024-09-20,1111,771,337,567,685,876,126,15,50,4,36,2,1,1536527163759.73,296599354439.1,19,12,51.87557182067704,63.19188191881919,84.71953578336557,190.0,142.0,34,5.180480472270284,434.0,-21.052151079321007,0.4416257990237263,59.79381443298969,64.58333333333334,95.83333333333334,52.02702702702703,60.95890410958904,88.35616438356165,55.465587044534416,67.62295081967213,83.33333333333334,49.08485856905158,61.7056856187291,82.43727598566308,127.0,66.0,51,,
2024-09-23,1109,681,423,648,718,891,103,15,50,7,43,3,4,768955008145.58,289383946127.89,21,10,59.34065934065934,66.35859519408503,86.17021276595744,250.0,114.0,40,2.6572137757971857,258.0,-3.183993670452331,0.605871116835977,65.97938144329896,66.66666666666666,96.875,61.48648648648649,65.06849315068493,90.41095890410958,66.53225806451613,72.54098360655738,86.80851063829788,54.757929883138566,64.09395973154362,82.9443447037702,131.0,67.0,53,,
2024-09-24,1101,470,630,640,719,892,63,28,49,6,35,3,2,660331880717.27,495700926035.65,13,12,58.93186003683242,66.82156133828995,86.68610301263362,292.0,58.0,32,1.3321175047992144,-160.0,-8.790799117517345,0.5600344889576335,70.10309278350515,69.79166666666666,96.875,64.1891891891892,65.06849315068493,90.41095890410958,65.46184738955823,74.6938775510204,88.13559322033898,53.04054054054054,63.497453310696095,83.30308529945553,117.0,62.0,52,,
2024-09-25,1106,413,691,598,693,885,44,27,46,4,27,3,1,533102363039.98,502978785390.18,43,30,54.9127640036731,64.28571428571429,85.83899127061105,210.0,70.0,24,1.059890354274946,-278.0,-19.440663779170343,0.563911646883734,62.10526315789474,71.27659574468085,92.5531914893617,61.224489795918366,62.75862068965517,91.0344827586207,62.65060240963856,70.61224489795919,87.71186440677965,48.99665551839465,60.94276094276094,82.55395683453237,119.0,72.0,57,,
2024-09-26,1106,414,689,543,678,877,38,30,52,4,29,1,1,793755769948.14,400123063444.35,37,14,49.81651376146789,62.83595922150139,84.98062015503875,145.0,85.0,28,1.9837790981487309,-275.0,-28.2990947459878,0.302892004380254,67.36842105263158,74.46808510638297,94.6808510638298,60.544217687074834,64.82758620689654,90.3448275862069,57.0281124497992,69.79591836734694,87.76371308016878,41.40233722871452,57.647058823529406,80.75539568345323,133.0,78.0,56,,
2024-09-27,1103,520,579,556,669,872,76,35,50,4,30,2,4,1004554304412.0,649425918579.7,22,8,51.14995400183992,62.23255813953489,84.8249027237354,158.0,92.0,28,1.5468343280923695,-59.0,-24.931557748886803,0.580605276467553,69.47368421052632,75.53191489361703,94.6808510638298,61.48648648648649,65.06849315068493,89.72602739726028,59.2741935483871,69.26229508196722,88.13559322033898,42.28187919463088,56.51438240270728,80.43478260869566,136.0,74.0,48,,
2024-09-30,1106,460,645,533,659,865,57,31,40,4,18,2,0,436361966221.74,664937869708.7,19,12,48.94398530762167,61.18848653667596,83.89912706110573,171.0,96.0,16,0.6562447201464162,-185.0,-28.227655827621007,1.0867566209363553,52.083333333333336,71.57894736842105,94.73684210526316,53.69127516778524,61.224489795918366,89.1156462585034,57.72357723577236,68.18181818181817,87.17948717948718,43.64548494983278,56.66104553119731,79.27927927927928,134.0,76.0,43,,
2024-10-01,1103,634,467,581,689,866,85,13,55,4,19,1,3,577991771264.55,407507818573.12,24,15,53.49907918968693,64.21248835041938,84.32327166504382,218.0,79.0,18,1.418357501184581,167.0,-13.304681405800658,0.957164686567568,57.73195876288659,70.52631578947368,93.6842105263158,57.71812080536913,64.62585034013605,88.43537414965986,61.63265306122449,70.53941908713693,87.98283261802575,48.40336134453781,60.50847457627119,80.07246376811594,145.0,79.0,49,,
2024-10-03,1102,133,965,380,559,823,26,130,36,6,11,3,1,240513903644.41,1031607797804.74,34,10,35.02304147465438,52.1455223880597,80.21442495126706,168.0,174.0,8,0.2331447127059559,-832.0,-50.429014868115246,0.5911514466584356,26.53061224489796,58.333333333333336,88.54166666666666,40.54054054054054,56.16438356164384,83.56164383561644,41.63265306122449,61.82572614107884,85.04273504273505,32.323232323232325,46.17996604414261,75.81818181818181,136.0,59.0,19,,
2024-10-04,1098,292,804,311,494,810,26,53,33,5,4,4,0,346208201469.15,839432976314.19,14,6,28.769657724329324,46.29803186504217,79.33398628795298,137.0,196.0,0,0.4124310233668594,-512.0,-65.91817490405364,0.8805935029745229,23.711340206185564,47.368421052631575,89.47368421052632,28.37837837837838,47.26027397260274,82.1917808219178,33.198380566801625,52.47933884297521,83.82978723404256,27.843803056027166,43.321917808219176,74.86238532110092,113.0,51.0,17,,
2024-10-07,1092,80,1011,152,319,696,9,481,20,14,2,10,1,170796234343.33002,1016883611439.99,28,2,14.152700186219738,30.122757318224743,68.63905325443787,61.0,664.0,-8,0.1679604552791136,-931.0,-99.78181586026074,0.4711202678454282,13.402061855670103,34.73684210526316,82.10526315789474,14.18918918918919,34.69387755102041,73.46938775510205,17.00404858299595,35.833333333333336,72.53218884120172,13.058419243986256,25.82322357019064,63.26530612244898,119.0,45.0,10,,
2024-10-08,1087,954,133,288,444,760,287,9,25,7,10,1,2,887999731526.3099,196736072331.81,8,1,26.91588785046729,42.08530805687204,75.32210109018831,322.0,543.0,9,4.5136599557026456,821.0,-40.63631979851647,1.5891609915728466,24.742268041237114,40.0,89.47368421052632,30.405405405405407,44.89795918367347,79.59183673469387,32.25806451612903,50.413223140495866,77.77777777777779,24.090121317157717,38.17863397548161,70.54409005628519,108.0,34.0,24,,
2024-10-09,1085,736,345,393,493,778,110,3,31,5,19,0,2,674575510396.51,340223864311.22003,4,4,36.79775280898877,46.81861348528015,77.18253968253968,406.0,493.0,19,1.982740134241264,391.0,-11.363739066732563,1.0759520607322033,34.69387755102041,48.95833333333333,90.625,38.095238095238095,48.63013698630137,82.1917808219178,41.12903225806452,53.49794238683128,79.82832618025752,34.95652173913044,43.13380281690141,72.23264540337712,88.0,23.0,26,,
2024-10-10,1078,566,510,442,523,773,86,8,31,9,20,1,2,503360144802.06,379912199232.97,0,0,41.6195856873823,49.95224450811843,76.99203187250995,483.0,20.0,19,1.3249380931129011,56.0,-3.0288638457236345,0.8376270010934452,39.795918367346935,50.0,85.41666666666666,35.374149659863946,50.68493150684932,78.76712328767124,42.33870967741936,55.55555555555556,80.25751072961373,43.23374340949033,47.33096085409253,73.53497164461248,54.0,13.0,33,,
2024-10-11,1074,526,546,455,528,780,56,11,31,6,20,3,2,489628842441.86,291798619102.43,6,5,42.9245283018868,50.47801147227533,77.7666999002991,252.0,22.0,17,1.6779683329138226,-20.0,0.312598787467607,0.5741288107011256,44.89795918367347,50.0,91.66666666666666,39.455782312925166,48.63013698630137,76.71232876712328,42.74193548387097,57.61316872427984,81.11587982832617,43.56261022927689,47.95008912655972,74.0530303030303,46.0,12.0,32,,
2024-10-14,1070,488,579,463,521,772,54,21,22,7,19,3,2,586321146756.97,275183855820.61,11,8,43.80321665089877,50.0,77.27727727727728,196.0,40.0,16,2.1306524142142544,-91.0,-0.3820136550911996,0.3955748315176486,46.93877551020408,47.91666666666667,90.625,40.81632653061224,50.0,77.3972602739726,48.99598393574297,58.77551020408164,82.97872340425532,41.74067495559503,46.48648648648649,72.22222222222221,29.0,18.0,55,,
2024-10-15,1062,581,479,516,555,777,79,11,25,5,27,3,4,590994057832.35,398512953065.61,4,1,49.00284900284901,53.62318840579711,78.16901408450704,189.0,43.0,24,1.4829983650118657,102.0,8.676002774796473,0.8178995076357652,46.464646464646464,50.0,88.54166666666666,46.62162162162162,53.74149659863946,78.2312925170068,56.62650602409639,61.63265306122449,83.47457627118644,46.67863554757631,50.6398537477148,73.7864077669903,25.0,18.0,57,,
2024-10-16,1060,533,523,546,577,783,86,13,33,5,28,5,4,537069600132.43,453907743947.36,8,5,51.95052331113226,55.91085271317829,78.85196374622356,219.0,45.0,23,1.1832131249003637,10.0,11.777226808476442,0.8613160532485066,42.85714285714285,52.63157894736842,86.31578947368422,45.63758389261745,51.70068027210885,78.91156462585033,61.04417670682732,65.3061224489796,83.47457627118644,51.17117117117117,53.39449541284404,75.33980582524272,29.0,19.0,57,,
2024-10-17,1052,173,878,401,496,734,20,69,30,5,6,5,2,245213807115.76,702689605037.33,7,2,38.44678811121764,48.39024390243903,74.36676798378926,185.0,93.0,1,0.3489646144726065,-705.0,-21.38011277676958,0.5646381214650166,25.51020408163265,41.05263157894737,80.0,30.2013422818792,42.17687074829932,74.14965986394559,44.57831325301205,55.73770491803278,80.42553191489363,40.21937842778793,48.05194805194805,70.58823529411765,36.0,21.0,40,,
2024-10-18,1043,482,559,396,494,733,41,20,28,6,10,1,2,624308418305.35,368157104422.59,13,5,38.33494675701839,48.574237954768925,74.64358452138494,147.0,102.0,9,1.695766320425902,-77.0,-18.22273755827108,0.508474554930518,35.35353535353536,43.75,81.25,33.108108108108105,46.25850340136054,74.82993197278913,40.562248995983936,53.90946502057613,78.2051282051282,39.29236499068901,47.64595103578154,71.68316831683168,43.0,21.0,32,,
2024-10-21,1036,167,869,285,406,671,20,120,38,6,12,14,3,376479516570.14,595205144881.8,19,3,27.80487804878049,40.1980198019802,68.96197327852003,81.0,209.0,-2,0.6325206020268926,-702.0,-46.6820680586635,0.3038239593747341,26.0,35.051546391752574,80.41237113402062,22.2972972972973,41.49659863945578,70.06802721088435,28.62903225806452,44.214876033057855,72.22222222222221,29.300567107750474,38.93129770992366,64.84848484848484,51.0,16.0,15,,
2024-10-22,1029,34,995,116,237,584,4,501,15,10,1,22,1,72681018496.45,948020843340.03,2,0,11.394891944990176,23.58208955223881,60.51813471502591,65.0,641.0,-21,0.0766660554006208,-961.0,-83.73138529620573,0.4457103485081624,12.0,24.489795918367346,70.10309278350515,9.45945945945946,18.367346938775512,62.58503401360544,10.526315789473683,28.21576763485477,66.95278969957081,12.237093690248566,22.736030828516377,54.91803278688525,49.0,15.0,9,,
2024-10-23,1026,642,381,158,270,601,86,25,15,8,3,14,0,712536949089.54,405409916919.56,9,0,15.535889872173058,26.973026973026972,62.47401247401248,110.0,646.0,-11,1.7575715821251583,261.0,-53.889894607823294,0.9587315744154692,13.131313131313131,26.804123711340207,70.83333333333334,15.54054054054054,22.448979591836736,63.94557823129252,13.654618473895583,31.950207468879665,67.81115879828327,16.89059500959693,25.968992248062012,57.81893004115226,50.0,10.0,17,,
2024-10-24,1022,322,698,155,248,580,29,60,14,10,5,5,1,452117196988.3,467029184318.87,5,2,15.301085883514316,24.824824824824827,60.5427974947808,119.0,586.0,0,0.9680705449867804,-376.0,-59.95597059621716,0.4765335067417332,14.14141414141414,24.742268041237114,67.70833333333334,13.422818791946307,22.972972972972972,64.1891891891892,14.919354838709678,27.685950413223143,63.94849785407726,16.247582205029012,24.0234375,56.34095634095634,48.0,10.0,10,,
2024-10-25,1012,120,892,108,188,521,4,231,9,20,1,34,0,210239270199.81,878881518179.65,0,0,10.767696909272182,19.009100101112235,55.01583949313622,119.0,316.0,-33,0.2392123009199921,-772.0,-84.64268571331283,0.5623839052785914,14.14141414141414,21.649484536082475,63.54166666666666,11.409395973154362,18.24324324324324,56.08108108108109,9.274193548387096,17.768595041322314,59.2274678111588,10.650887573964498,19.32270916334661,50.85106382978724,35.0,5.0,9,,
2024-10-28,1004,722,281,149,227,539,135,36,10,14,3,8,0,652346682043.02,287127816991.47,3,1,14.959839357429718,23.116089613034625,57.21868365180467,168.0,327.0,-5,2.2719731194222814,441.0,-44.67661370986312,1.1309090745083028,18.181818181818183,23.711340206185564,67.70833333333334,14.76510067114094,21.62162162162162,58.108108108108105,12.903225806451612,23.553719008264466,62.66094420600859,15.4,23.232323232323232,52.04301075268817,19.0,3.0,18,,
2024-10-29,1004,610,392,189,254,553,72,29,17,17,7,5,0,681012516611.3,316475248989.93,3,2,18.97590361445783,25.891946992864423,58.76726886291179,211.0,296.0,2,2.151866595523144,218.0,-21.43223907836429,0.7231500559639851,23.46938775510204,28.125,68.42105263157895,19.463087248322147,25.0,59.45945945945946,17.338709677419356,26.859504132231404,64.37768240343348,18.7624750499002,25.252525252525253,53.76344086021505,20.0,5.0,21,,
2024-10-30,997,755,240,314,301,582,159,15,17,11,13,1,1,528825855763.88,435496033619.7,1,0,31.74924165824065,30.903490759753595,62.24598930481283,366.0,80.0,12,1.2143069395338764,515.0,13.398862426959028,2.59064099109974,28.57142857142857,27.08333333333333,67.36842105263158,24.832214765100677,25.675675675675677,61.48648648648649,32.66129032258064,33.47107438016529,67.38197424892704,34.0080971659919,31.967213114754102,58.82352941176471,12.0,5.0,29,,
2024-10-31,1000,663,336,423,367,617,116,20,22,7,19,2,3,503722382178.07,462800579039.58,3,2,42.641129032258064,37.60245901639344,65.84845250800427,347.0,64.0,17,1.0884221087696395,327.0,33.71245990187569,1.81291271999686,24.742268041237114,24.210526315789476,70.2127659574468,28.000000000000004,27.027027027027028,62.16216216216216,46.37096774193548,44.03292181069959,71.7948717948718,48.69215291750504,40.20408163265306,63.1236442516269,10.0,5.0,39,,
2024-11-01,993,860,130,527,418,628,56,2,32,4,20,0,3,150937212091.33,15946917908.66,9,6,53.44827586206896,43.13725490196079,67.52688172043011,331.0,37.0,20,9.464977054240888,730.0,71.06202344342006,0.6989329797075967,29.59183673469388,29.166666666666668,72.63157894736842,37.58389261744966,31.29251700680272,61.90476190476191,55.42168674698795,49.79423868312757,73.07692307692307,62.04081632653061,46.16977225672878,65.41850220264317,19.0,11.0,59,,
2024-11-04,980,169,811,340,335,577,21,91,30,4,12,0,1,244877285097.58,653268895276.46,3,1,34.943473792394656,35.0418410041841,62.85403050108932,193.0,113.0,12,0.3748491423182627,-642.0,34.04059015422339,0.5559161985686265,22.448979591836736,25.0,66.3157894736842,22.14765100671141,27.2108843537415,56.4625850340136,34.93975903614458,37.29508196721312,67.65957446808511,41.50943396226416,38.37953091684435,61.67800453514739,19.0,11.0,38,,
2024-11-05,976,628,343,389,367,588,69,12,50,2,14,0,6,728135289002.82,235302363866.55,6,2,40.18595041322314,38.509968520461705,64.26229508196721,146.0,105.0,14,3.0944665282486348,285.0,48.56706174118913,0.5916702518426316,27.835051546391757,26.31578947368421,67.02127659574468,28.666666666666668,29.054054054054053,58.108108108108105,39.91935483870967,44.8559670781893,69.65811965811966,46.51162790697674,40.68522483940043,62.87015945330297,22.0,11.0,40,,
2024-11-06,979,842,135,624,471,654,178,6,45,3,27,0,5,944424879907.93,145538016253.32,0,0,64.19753086419753,49.21630094043887,71.16430903155604,268.0,109.0,27,6.489197147390594,707.0,81.84435963933888,0.961141555014251,50.51546391752577,36.84210526315789,76.59574468085107,50.66666666666667,37.83783783783784,68.24324324324324,66.93548387096774,53.278688524590166,74.8936170212766,69.81132075471697,53.191489361702125,69.00452488687783,21.0,11.0,54,,
2024-11-07,974,312,662,546,432,635,43,26,39,4,17,0,6,346303957906.34,600369943819.29,3,3,56.52173913043478,45.37815126050421,69.55093099671413,290.0,44.0,17,0.5768176129925929,-350.0,57.03722754406024,0.8170677923831726,41.23711340206185,32.631578947368425,69.14893617021278,41.333333333333336,33.108108108108105,64.1891891891892,57.08502024291497,49.38271604938272,73.93162393162393,64.19491525423729,49.78540772532189,69.10755148741418,21.0,12.0,48,,
2024-11-08,984,185,797,396,375,598,26,79,35,5,11,3,1,316366162136.81,581269566065.58,7,2,40.57377049180328,38.98128898128898,64.8590021691974,247.0,111.0,8,0.544267549182365,-612.0,22.44194346487668,0.4264822549912424,31.95876288659793,29.47368421052631,67.02127659574468,26.0,27.027027027027028,56.75675675675676,38.46153846153847,43.80165289256198,68.24034334763948,47.9253112033195,42.138364779874216,65.32438478747203,19.0,8.0,24,,
2024-11-11,989,262,727,358,347,571,28,74,33,7,4,8,1,377656780659.01,488964463329.55,16,4,36.53061224489796,35.92132505175984,61.66306695464363,97.0,179.0,-4,0.7723603839988646,-465.0,0.1007658598503553,0.4666023166067651,34.02061855670103,33.68421052631579,69.14893617021278,25.333333333333336,23.64864864864865,53.37837837837838,34.0080971659919,39.66942148760331,66.52360515021459,41.76954732510288,38.25363825363826,60.31042128603104,32.0,11.0,17,,
2024-11-12,987,216,769,277,305,542,26,72,25,10,4,10,2,259900590885.6,578213349135.41,11,1,28.29417773237998,31.63900414937759,58.658008658008654,80.0,225.0,-6,0.4494890878500535,-553.0,-23.40144482174641,0.6248967391468354,22.68041237113402,30.526315789473685,64.8936170212766,18.666666666666668,22.2972972972973,48.64864864864865,26.20967741935484,35.80246913580247,63.67521367521367,33.47107438016529,32.63598326359833,58.03571428571429,37.0,10.0,14,,
2024-11-13,987,65,922,131,187,458,8,332,18,24,2,23,0,96864029754.88,796244570159.91,4,0,13.408393039918115,19.418483904465216,49.67462039045553,62.0,478.0,-21,0.1216511024187289,-857.0,-58.57882773040291,0.5795172752207446,10.416666666666668,14.736842105263156,55.91397849462365,8.0,12.162162162162163,43.24324324324324,12.903225806451612,20.98765432098765,55.98290598290598,15.942028985507244,21.80293501048218,47.20357941834452,41.0,10.0,5,,
2024-11-14,990,622,366,190,231,478,76,31,18,23,3,15,0,490490169313.69,318941249954.2,4,1,19.40755873340143,23.96265560165975,51.787648970747554,110.0,435.0,-12,1.5378699662841493,256.0,-32.7125959786522,1.1050697322731664,17.02127659574468,20.43010752688172,52.74725274725275,12.0,13.513513513513514,43.24324324324324,18.548387096774192,26.74897119341564,60.85106382978724,22.587268993839835,26.45833333333333,49.665924276169264,42.0,8.0,17,,
2024-11-18,992,363,626,197,223,455,63,60,20,23,7,17,4,416170858989.02,432149444258.56,2,0,20.122574055158324,23.13278008298755,49.4028230184582,147.0,423.0,-10,0.9630253249614736,-263.0,-36.3834048510121,0.6021359869181442,13.978494623655912,21.73913043478261,52.22222222222223,11.333333333333332,13.513513513513514,42.567567567567565,19.35483870967742,25.81967213114754,57.02127659574469,24.385245901639344,25.0,47.098214285714285,37.0,6.0,7,,
2024-11-19,991,629,355,236,250,476,79,13,20,21,8,6,3,579049514309.98,275883361172.2,1,0,24.130879345603272,25.933609958506228,51.68295331161781,218.0,104.0,2,2.098892487932792,274.0,-12.490029412624736,0.8441742471814632,20.0,23.404255319148938,52.17391304347826,16.216216216216218,16.43835616438356,44.52054794520548,23.790322580645164,28.57142857142857,61.18143459915611,27.51540041067762,27.97494780793319,48.87892376681614,22.0,2.0,25,,
2024-11-21,984,257,725,218,226,447,34,70,23,20,10,26,0,336030388623.82,727504660879.21,0,0,22.42798353909465,23.56621480709072,48.799126637554586,176.0,143.0,-16,0.4618944821847846,-468.0,-29.09874326574044,0.7674539798439852,23.958333333333336,23.404255319148938,50.0,15.54054054054054,14.383561643835616,43.15068493150685,24.291497975708506,27.459016393442624,57.20338983050848,23.28482328482329,24.421052631578945,45.92760180995475,11.0,1.0,9,,
2024-11-22,976,710,261,284,272,476,80,11,44,11,16,5,0,790652501808.43,190431850824.27,1,0,29.460580912863072,28.541448058761805,52.25027442371021,193.0,94.0,11,4.151892125115363,449.0,2.6963001061743626,0.6551968190489478,37.11340206185567,33.68421052631579,54.83870967741935,24.324324324324326,18.493150684931507,47.26027397260274,31.30081300813008,32.510288065843625,62.12765957446808,28.541226215644823,28.57142857142857,48.05491990846682,8.0,1.0,31,,
2024-11-25,974,760,212,424,338,512,147,8,41,8,15,3,4,1458080626053.74,475990042094.93,2,1,44.1207075962539,35.54153522607781,56.38766519823789,261.0,89.0,12,3.0632586758252915,548.0,34.817580688630635,1.170291522772404,53.608247422680414,40.0,63.44086021505376,44.21768707482993,27.3972602739726,52.05479452054794,50.81300813008131,42.97520661157025,64.1025641025641,38.6411889596603,33.33333333333333,52.18390804597701,6.0,1.0,36,,
2024-11-26,978,593,384,483,371,527,89,17,48,10,21,3,0,488283364837.23,313181594202.34,3,2,50.05181347150259,38.88888888888889,57.97579757975797,316.0,36.0,18,1.5591061986923804,209.0,45.1571876831876,0.9904846986231666,54.63917525773196,44.21052631578947,64.51612903225806,48.97959183673469,29.45205479452055,52.73972602739726,54.47154471544715,44.8559670781893,65.38461538461539,47.1578947368421,37.659574468085104,54.357798165137616,7.0,3.0,45,,
2024-11-27,972,665,304,566,415,557,95,9,72,6,13,1,2,759121784545.5,240556750080.1,4,4,58.958333333333336,43.73024236037934,61.61504424778761,331.0,34.0,12,3.15568689838356,361.0,61.37176572511787,0.6931929784036891,60.204081632653065,45.26315789473684,64.51612903225806,60.13513513513513,33.33333333333333,57.82312925170068,62.60162601626016,51.85185185185185,71.36752136752136,56.41025641025641,42.456896551724135,56.97674418604651,10.0,7.0,74,,
2024-11-28,982,515,461,592,450,565,63,10,63,4,10,0,4,535445889993.72,581308180416.36,21,10,61.15702479338842,46.92387904066736,62.08791208791209,247.0,36.0,10,0.9211050317754153,54.0,59.57837112234266,1.2128222307967915,54.63917525773196,45.26315789473684,67.3913043478261,54.729729729729726,35.374149659863946,57.82312925170068,64.22764227642277,53.086419753086425,71.36752136752136,62.893081761006286,47.67932489451477,57.43707093821511,31.0,17.0,53,,
2024-11-29,984,627,352,629,487,590,63,11,62,4,15,0,3,767680977041.98,260458652236.9,5,4,64.77857878475798,50.62370062370062,64.76399560922064,221.0,30.0,15,2.947419755300493,275.0,68.79712688135814,0.6043421527580823,68.04123711340206,50.526315789473685,66.30434782608695,56.75675675675676,38.095238095238095,60.544217687074834,68.42105263157895,58.60655737704919,73.07692307692307,64.71816283924844,50.42016806722689,61.41552511415526,35.0,21.0,69,,
2024-12-02,982,627,354,681,524,597,100,8,57,3,35,0,6,666167641103.52,252840201398.77,11,7,70.35123966942149,54.64025026068822,65.7488986784141,226.0,29.0,35,2.63473782024428,273.0,76.2351774209096,0.6722439049035058,71.875,50.0,64.83516483516483,66.21621621621621,46.25850340136054,60.544217687074834,74.49392712550608,61.382113821138205,73.72881355932203,69.18238993710692,54.66101694915254,63.36405529953917,44.0,27.0,71,,
2024-12-03,984,685,296,758,601,628,78,10,50,4,19,1,4,827860118885.91,279738351818.8,12,8,78.14432989690722,62.539021852237255,68.93523600439077,241.0,29.0,18,2.9594087242715825,389.0,88.01353474512155,0.7819768760595226,73.95833333333334,56.38297872340425,65.93406593406593,77.02702702702703,53.06122448979592,65.98639455782312,77.82258064516128,68.0161943319838,75.52742616033755,79.49790794979079,63.8477801268499,66.97247706422019,53.0,33.0,76,,
2024-12-04,994,592,400,777,631,651,73,8,49,5,26,0,4,792367322767.36,350925778816.88,23,14,79.20489296636084,64.98455200823892,70.68403908794788,251.0,26.0,26,2.2579342145759917,192.0,87.79396258359715,0.655466395099524,73.19587628865979,56.38297872340425,69.23076923076923,80.4054054054054,59.18367346938776,66.66666666666666,82.66129032258065,70.8502024291498,78.48101265822784,78.27868852459017,65.42443064182196,68.16143497757847,72.0,43.0,74,,
2024-12-05,1005,469,530,781,649,671,50,9,63,5,29,0,4,946861902183.55,303815334159.57,26,15,78.72983870967742,66.08961303462321,71.76470588235294,201.0,27.0,29,3.116570481219486,-61.0,74.5172585725758,0.2839357125756716,80.41237113402062,65.95744680851064,71.42857142857143,82.87671232876713,55.86206896551724,65.51724137931035,82.0,74.29718875502009,79.66804979253112,75.55110220440882,64.97975708502024,69.65065502183407,77.0,48.0,79,,
2024-12-06,999,572,420,798,666,672,74,7,63,5,26,0,3,704103372342.29,318863677223.63,33,21,80.85106382978722,68.09815950920245,72.33584499461787,197.0,24.0,26,2.2081642489761486,152.0,73.44309035028968,0.6167588133610221,83.50515463917526,65.95744680851064,72.52747252747253,81.63265306122449,60.273972602739725,67.8082191780822,82.32931726907631,72.98387096774194,79.16666666666666,79.35222672064778,68.36734693877551,70.13274336283186,105.0,65.0,77,,
2024-12-09,1004,524,475,790,681,675,70,12,50,6,27,1,4,623915421329.06,389709125099.61,40,22,79.71745711402623,69.34826883910387,72.26980728051392,194.0,28.0,26,1.6009771933607837,49.0,67.0074610684836,0.6890528480428161,77.08333333333334,67.74193548387096,72.22222222222221,80.27210884353741,64.38356164383562,65.06849315068493,80.32128514056225,75.0,79.16666666666666,79.75951903807615,68.28282828282828,70.96069868995633,134.0,80.0,72,,
2024-12-10,1003,488,512,782,687,677,65,22,55,5,27,1,2,618109401944.26,410431368040.26,33,19,78.98989898989899,70.03058103975535,72.48394004282656,209.0,41.0,26,1.5059994193319757,-24.0,57.519960727196974,0.6328853701834645,72.16494845360825,61.70212765957447,72.52747252747253,78.76712328767124,66.89655172413794,64.13793103448275,79.11646586345381,75.0,78.75,80.32128514056225,70.04048582995951,71.83406113537117,155.0,91.0,71,,
2024-12-11,1016,534,478,784,714,703,58,6,55,5,21,2,0,606767247753.64,311141353497.23,42,29,78.1655034895314,71.83098591549296,74.23442449841605,193.0,40.0,19,1.950133728395708,56.0,53.12054813176093,0.5728606174277684,69.0721649484536,67.02127659574468,73.62637362637363,82.87671232876713,68.96551724137932,69.6551724137931,82.32931726907631,77.01612903225806,79.16666666666666,76.51663405088063,71.00591715976331,73.24840764331209,174.0,106.0,74,,
2024-12-12,1022,247,773,708,653,682,20,49,64,3,18,2,2,449116333832.16,557184340169.4,39,20,70.02967359050444,65.16966067864271,71.48846960167715,143.0,77.0,16,0.8060462246581009,-526.0,19.993447622004297,0.3964217835691092,65.97938144329896,62.76595744680851,70.32967032967034,74.14965986394559,61.37931034482759,66.89655172413794,75.1004016064257,70.96774193548387,76.66666666666667,67.18146718146718,63.883495145631066,70.50209205020921,187.0,111.0,62,,
2024-12-13,1021,389,630,657,634,672,37,8,70,2,19,2,2,598732640973.27,366527492601.95,55,23,64.98516320474778,63.4,70.58823529411765,115.0,63.0,17,1.633527233449567,-241.0,5.819809448052357,0.3779920559735074,68.36734693877551,63.82978723404256,70.65217391304348,70.27027027027027,60.689655172413794,64.58333333333334,68.67469879518072,68.14516129032258,75.83333333333333,61.04651162790697,61.79337231968811,69.74789915966386,209.0,113.0,58,,
2024-12-16,1014,566,446,681,646,673,70,10,140,2,28,0,5,555368766577.29,288483871228.21,40,13,67.6266137040715,64.98993963782696,71.21693121693121,127.0,67.0,28,1.9251293467909556,120.0,11.722249762083187,0.6592067686670247,69.38775510204081,63.82978723404256,72.82608695652173,72.66666666666667,63.26530612244898,66.20689655172414,70.56451612903226,70.56451612903226,77.08333333333334,64.38356164383562,62.97029702970297,69.44444444444444,209.0,104.0,59,,
2024-12-17,1019,306,710,594,600,640,53,19,116,2,30,1,3,391688439460.07,616200980794.07,20,10,58.69565217391305,60.06006006006006,67.43940990516333,160.0,37.0,29,0.635650464164012,-404.0,-9.489775018230873,0.6780234417979654,61.224489795918366,60.63829787234043,67.3913043478261,54.0,51.70068027210885,60.689655172413794,60.88709677419355,63.30645161290322,72.91666666666666,58.52713178294574,60.78431372549019,66.73728813559322,196.0,95.0,50,,
2024-12-18,1022,262,756,490,547,617,26,42,116,1,13,7,0,286585448957.23,579811406806.32,13,6,48.32347140039448,54.7,64.94736842105263,149.0,71.0,6,0.49427356135641,-494.0,-32.07860733030824,0.7011518997896572,46.93877551020408,54.25531914893617,65.21739130434783,42.0,43.53741496598639,55.86206896551724,50.80645161290322,58.06451612903226,72.08333333333333,49.22779922779923,56.360078277886494,64.05919661733616,167.0,72.0,37,,
2024-12-19,1026,377,647,464,514,604,37,23,90,2,15,10,2,367073387368.3,578037119361.41,27,10,45.75936883629191,51.4,63.51209253417456,116.0,84.0,5,0.6350342825281299,-270.0,-40.03166592048285,0.9175714625585044,35.78947368421053,41.75824175824176,62.92134831460674,42.0,42.567567567567565,55.47945205479452,49.193548387096776,55.06072874493927,69.0376569037657,47.02495201535509,53.89105058365759,63.312368972746334,155.0,62.0,33,,
2024-12-20,1030,108,920,294,390,553,13,212,81,2,7,17,2,248521178074.42,1063009472473.89,20,5,28.880157170923383,38.88334995014955,57.96645702306079,76.0,277.0,-10,0.2337901820348306,-812.0,-73.73137268547976,0.5021224729203421,21.27659574468085,28.88888888888889,54.54545454545454,26.666666666666668,31.756756756756754,49.31506849315068,30.522088353413658,44.534412955465584,64.85355648535564,30.0952380952381,39.96138996138996,57.7962577962578,120.0,44.0,26,,
2024-12-23,1038,376,660,281,376,543,28,46,69,3,4,11,2,484215510397.27,307550370670.59,17,5,27.44140625,37.26461843409316,56.621480709071946,78.0,281.0,-7,1.574426684453266,-284.0,-75.77596510612469,0.3618440765279598,24.731182795698924,38.20224719101123,58.620689655172406,24.0,29.054054054054053,50.3448275862069,31.72690763052209,40.48582995951417,62.76150627615063,26.879699248120303,37.90476190476191,55.12295081967213,97.0,36.0,30,,
2024-12-24,1028,563,462,300,381,540,51,8,62,3,5,6,5,444238852689.44,284163005355.64,12,4,29.55665024630542,38.1,56.782334384858046,92.0,266.0,-1,1.5633240228912255,101.0,-57.89521180024548,0.7795023301445863,23.655913978494624,35.95505617977528,56.32183908045977,23.33333333333333,28.37837837837838,49.6551724137931,35.88709677419355,42.27642276422765,63.02521008403361,29.38931297709924,39.26499032882012,55.92515592515592,89.0,30.0,25,,
2024-12-26,1029,364,662,277,374,533,31,24,49,3,4,8,5,472730526800.56,306060646262.24,7,5,27.210216110019648,37.3253493013972,55.9286463798531,110.0,78.0,-4,1.544564884684695,-298.0,-62.26769166471753,0.3559895398699502,24.46808510638298,37.07865168539326,59.77011494252874,24.666666666666668,31.08108108108108,50.3448275862069,34.67741935483871,43.49593495934959,61.34453781512605,24.904942965779465,36.22350674373796,54.24430641821946,83.0,29.0,24,,
2024-12-27,1027,520,501,299,384,540,45,22,39,4,4,5,2,374953542578.84,326324568287.75,7,5,29.429133858267715,38.36163836163836,56.72268907563025,127.0,54.0,-1,1.1490202669883238,19.0,-49.84482349051754,0.90331231007534,27.659574468085108,37.07865168539326,55.172413793103445,26.0,32.21476510067114,50.0,34.274193548387096,44.89795918367347,62.28813559322034,28.435114503816795,37.25868725868725,56.31469979296067,63.0,24.0,24,,
2024-12-30,1030,324,705,289,361,520,49,79,37,4,10,12,1,638879826866.19,695249063942.6,5,3,28.472906403940883,36.13613613613614,54.6218487394958,125.0,125.0,-2,0.9189222395255696,-381.0,-58.97404708412397,0.5001233491991445,37.362637362637365,37.2093023255814,53.57142857142857,30.2013422818792,31.29251700680272,47.22222222222222,32.66129032258064,42.04081632653061,58.47457627118644,24.47817836812144,34.548944337811896,55.12295081967213,48.0,22.0,20,,
2024-12-31,1032,676,354,345,387,544,52,12,35,3,7,2,1,478960601234.85,305771387565.83,4,3,34.023668639053255,38.73873873873874,57.202944269190326,146.0,113.0,5,1.566400980313221,322.0,-31.334663021236835,1.2191032460871944,37.07865168539326,34.523809523809526,53.65853658536586,32.432432432432435,34.93150684931507,51.048951048951054,37.096774193548384,42.04081632653061,60.85106382978724,32.514177693761816,38.93129770992366,57.841140529531565,35.0,20.0,45,,
2025-01-01,1031,724,301,455,454,553,108,9,34,4,12,2,1,479956752976.73,149281966360.99,8,4,44.9604743083004,45.49098196392786,58.27186512118019,209.0,100.0,10,3.215102029243843,423.0,-2.4963163323621416,0.7481304147550317,42.69662921348314,40.47619047619048,54.87804878048781,41.21621621621622,37.67123287671233,51.048951048951054,49.392712550607285,52.459016393442624,61.965811965811966,44.31818181818182,45.22900763358778,59.18367346938776,31.0,20.0,61,,
2025-01-02,1025,685,336,539,499,579,73,8,34,3,18,3,3,800700429367.04,148994303865.62,18,8,53.57852882703777,50.30241935483871,61.39978791092259,233.0,29.0,15,5.374033829435538,349.0,18.47295166828752,0.3793594422543132,55.55555555555556,51.76470588235295,66.26506024096386,57.43243243243244,45.20547945205479,53.84615384615385,56.50406504065041,58.0246913580247,63.0901287553648,50.76628352490421,47.87644787644788,61.98347107438017,42.0,23.0,57,,
2025-01-03,1012,478,529,517,488,570,47,10,32,3,14,2,4,573373998036.13,427241022958.31,7,4,52.06445115810675,49.795918367346935,61.1587982832618,228.0,27.0,12,1.3420387257430555,-51.0,16.309311050501538,0.6732977708369495,51.11111111111111,45.34883720930232,64.28571428571429,58.78378378378378,46.57534246575342,52.816901408450704,52.84552845528455,54.32098765432099,62.39316239316239,49.90176817288802,49.306930693069305,62.5,42.0,22.0,47,,
2025-01-06,1006,73,933,249,324,493,13,435,27,5,3,16,0,194491683458.73,785416577296.9,7,1,25.20242914979757,33.26488706365503,53.23974082073434,133.0,453.0,-13,0.2476286967714574,-860.0,-26.072148232957986,0.3159659215096664,28.26086956521739,37.93103448275862,54.11764705882353,29.45205479452055,30.344827586206897,45.39007092198582,25.101214574898783,35.80246913580247,55.319148936170215,23.45924453280318,32.06412825651302,54.40860215053763,44.0,20.0,17,,
2025-01-07,1007,812,193,378,401,534,139,9,29,4,10,8,2,671308242877.87,226915530672.25,18,4,38.18181818181819,41.04401228249744,57.48116254036598,199.0,454.0,2,2.958405891783086,619.0,11.772064820848923,1.4221354472339065,33.69565217391305,34.48275862068966,57.647058823529406,41.78082191780822,37.93103448275862,48.93617021276596,40.08097165991903,47.73662551440329,59.14893617021277,37.02970297029703,39.8406374501992,59.18803418803419,58.0,21.0,28,,
2025-01-08,1000,259,737,314,349,516,24,36,22,5,8,10,2,338870637544.21,562431720296.61,17,2,31.9755600814664,36.01651186790505,55.90465872156013,176.0,480.0,-2,0.6025098253091052,-478.0,-10.77999334225042,0.5832679899086884,29.67032967032967,32.18390804597701,54.11764705882353,34.93150684931507,29.86111111111111,47.85714285714286,33.198380566801625,40.74074074074074,58.54700854700855,30.923694779116467,36.16161616161616,57.32758620689656,67.0,19.0,16,,
2025-01-09,988,206,778,255,304,478,14,77,16,6,2,12,0,271550469621.14,571603564436.83,1,0,26.28865979381444,31.732776617954077,52.41228070175439,177.0,122.0,-10,0.4750678381242845,-572.0,-34.708103104989135,0.5573551180564239,24.17582417582417,25.0,50.588235294117645,27.89115646258503,28.965517241379317,43.26241134751773,27.235772357723576,35.12396694214876,57.5107296137339,25.720164609053494,32.091097308488614,52.980132450331126,50.0,11.0,17,,
2025-01-10,977,106,871,147,225,420,8,218,13,17,1,39,0,231703136155.41,651061284318.98,6,1,15.312500000000002,23.734177215189877,46.46017699115044,46.0,331.0,-38,0.3558852933449652,-765.0,-64.64309643660573,0.3419618585028099,20.87912087912088,23.863636363636363,45.88235294117647,18.367346938775512,24.13793103448276,45.07042253521127,17.479674796747968,24.793388429752067,49.137931034482754,12.184873949579831,23.044397463002117,45.61797752808989,49.0,8.0,6,,
2025-01-13,972,33,938,61,119,317,2,565,9,45,0,89,0,86215547643.86,884107527213.07,6,0,6.387434554973822,12.60593220338983,35.22222222222222,24.0,860.0,-89,0.09751703835803,-905.0,-96.91430025295494,0.3607701512079094,10.989010989010987,13.636363636363637,35.294117647058826,8.16326530612245,13.10344827586207,33.098591549295776,6.097560975609756,14.049586776859504,38.793103448275865,5.095541401273886,11.513859275053305,34.01360544217687,48.0,7.0,2,,
2025-01-14,970,783,187,110,162,365,205,12,12,16,2,8,0,757128306655.11,232061217095.54,4,0,11.554621848739496,17.215727948990438,40.691192865105904,215.0,795.0,-6,3.2626231825001546,596.0,-48.97160801466876,1.2833740034276455,16.483516483516482,18.181818181818183,42.35294117647059,13.013698630136986,15.27777777777778,36.17021276595745,11.788617886178862,19.00826446280992,43.53448275862069,10.021321961620467,16.70235546038544,40.31890660592255,34.0,3.0,13,,
2025-01-15,964,475,488,116,162,366,56,29,9,22,4,7,3,552911094070.92,338306300544.49,2,0,12.26215644820296,17.326203208556148,41.07744107744108,263.0,606.0,-3,1.6343505668710057,-13.0,-38.18574811086073,0.5955641803344688,16.666666666666664,22.988505747126435,42.85714285714285,15.068493150684931,15.27777777777778,39.71631205673759,11.336032388663968,19.672131147540984,41.452991452991455,11.01511879049676,15.65217391304348,40.97222222222222,19.0,1.0,11,,
2025-01-16,959,764,193,201,208,395,110,6,11,10,4,3,2,695949733073.62,218907235388.45,0,0,21.314952279957584,22.365591397849464,44.63276836158192,371.0,47.0,1,3.179199316270474,571.0,0.427090847449449,1.2451403101840468,24.731182795698924,26.436781609195403,47.61904761904761,24.65753424657534,22.06896551724138,40.42553191489361,21.86234817813765,23.770491803278688,46.15384615384615,19.25601750547046,20.92511013215859,44.60093896713615,18.0,1.0,27,,
2025-01-17,950,474,470,220,213,393,45,16,13,7,7,4,1,463555090857.73,352165670221.86,0,0,23.55460385438972,23.15217391304348,44.76082004555808,211.0,51.0,3,1.3162983506191732,4.0,5.088932702567419,0.7661717708781443,24.210526315789476,23.863636363636363,47.05882352941176,30.344827586206897,25.694444444444443,43.26241134751773,25.101214574898783,24.59016393442623,45.06437768240343,20.3579418344519,21.3963963963964,44.630071599045344,12.0,0.0,21,,
2025-01-20,938,621,314,313,251,413,90,18,10,6,5,4,2,563539840279.86,298638850723.07,1,1,33.83783783783784,27.552140504939626,47.5258918296893,245.0,40.0,1,1.887027889758505,307.0,24.199362825180444,1.0480539355581684,37.5,27.27272727272727,47.05882352941176,39.310344827586206,26.38888888888889,46.09929078014184,33.603238866396765,29.508196721311474,47.63948497854077,31.35011441647597,26.89655172413793,48.04878048780488,7.0,1.0,26,,
2025-01-21,934,137,794,195,189,362,6,119,14,7,0,8,0,131170685772.02,811731843569.28,10,2,21.218715995647443,20.883977900552487,41.89814814814815,141.0,153.0,-8,0.1615936183989618,-657.0,-7.782216234111331,1.0677654372373566,18.947368421052637,16.091954022988507,42.85714285714285,21.379310344827587,17.36111111111111,36.17021276595745,22.58064516129032,23.26530612244898,44.87179487179488,20.88167053364269,21.67832167832168,41.9753086419753,13.0,3.0,10,,
2025-01-22,929,196,731,152,146,323,8,98,11,18,0,17,0,328205479676.28,600609246629.91,2,1,16.612021857923498,16.204217536071035,37.60186263096624,104.0,235.0,-17,0.5464542571029001,-535.0,-28.987555248635232,0.4906647747876738,18.947368421052637,16.091954022988507,38.095238095238095,18.493150684931507,14.482758620689657,32.3943661971831,18.62348178137652,17.62295081967213,41.20171673819743,14.285714285714285,16.0,37.25,13.0,4.0,6,,
2025-01-23,931,541,385,200,182,337,57,21,11,17,0,5,0,588334721073.62,292354628169.95,5,1,21.810250817884405,20.155038759689923,39.09512761020882,71.0,238.0,-5,2.0124009144524724,156.0,-12.423182329810004,0.6982678228294912,25.26315789473684,24.13793103448276,41.66666666666667,27.027027027027028,21.08843537414966,31.944444444444443,25.30612244897959,21.90082644628099,43.290043290043286,17.24941724941725,18.0327868852459,38.70967741935484,18.0,5.0,15,,
2025-01-24,930,101,825,130,136,294,10,147,10,27,0,28,0,222612351375.71,595879929038.65,4,1,14.115092290988056,15.060908084163898,34.02777777777778,75.0,266.0,-28,0.3735859197923595,-724.0,-42.19852757256538,0.3277003653999762,20.61855670103093,21.59090909090909,38.82352941176471,20.40816326530612,17.80821917808219,30.49645390070922,12.449799196787149,14.40329218106996,35.622317596566525,11.448598130841122,13.145539906103288,33.33333333333333,22.0,6.0,6,,
2025-01-27,927,81,845,62,87,227,6,402,7,59,1,81,0,158785164376.59,736218537717.71,0,0,6.739130434782608,9.65593784683685,26.364692218350758,73.0,570.0,-80,0.2156766724033148,-764.0,-69.4454551172584,0.4444522770938633,9.375,12.5,35.714285714285715,8.783783783783784,12.32876712328767,23.404255319148938,5.6000000000000005,10.655737704918032,25.75107296137339,6.103286384976526,7.5650118203309695,25.806451612903224,21.0,5.0,3,,
2025-01-28,924,282,641,65,86,212,36,123,3,67,0,55,0,537587474961.56,567115301036.01,4,0,7.080610021786492,9.555555555555555,24.679860302677533,52.0,672.0,-55,0.947933293246526,-359.0,-72.14435089238467,0.464101852565154,15.463917525773196,14.606741573033707,31.76470588235294,10.06711409395973,10.273972602739724,22.69503546099291,6.024096385542169,10.245901639344265,24.568965517241377,4.728132387706856,7.8384798099762465,23.940149625935163,15.0,3.0,2,,
2025-01-29,925,825,100,148,119,260,304,19,4,47,1,1,0,739476200734.8,138811132528.44,2,0,16.104461371055496,13.20754716981132,30.23255813953488,346.0,544.0,0,5.327211062003936,725.0,-19.891185025655687,1.548652738548827,21.649484536082475,15.909090909090908,35.714285714285715,23.48993288590604,15.64625850340136,29.577464788732392,15.66265060240964,13.524590163934429,31.601731601731604,12.5,11.61137440758294,28.53598014888337,15.0,2.0,15,,
2025-01-30,932,470,461,179,131,270,58,47,4,66,5,3,0,546641265406.6,444485288659.75,1,0,19.37229437229437,14.459161147902869,31.17782909930716,398.0,189.0,2,1.2298298264378544,9.0,-10.915272284474112,0.8289949996786702,28.125,15.909090909090908,36.90476190476191,26.174496644295303,17.80821917808219,30.49645390070922,20.967741935483872,14.814814814814811,32.03463203463203,14.153132250580049,12.82051282051282,29.756097560975608,11.0,1.0,21,,
2025-01-31,931,758,170,280,183,314,154,14,6,56,3,2,0,823170248699.93,177712685819.89,2,2,30.33586132177681,20.198675496688743,36.30057803468208,516.0,80.0,1,4.632028630382665,588.0,25.76370947065849,0.9626070746120168,45.36082474226804,26.96629213483146,44.70588235294118,41.21621621621622,28.965517241379317,39.285714285714285,29.1497975708502,20.98765432098765,35.93073593073593,23.89791183294664,15.384615384615383,33.74083129584352,9.0,2.0,29,,
2025-02-01,927,447,478,317,192,318,121,60,4,53,9,1,0,484062982501.58,492165111419.19,1,0,34.494015233949945,21.2860310421286,36.89095127610209,333.0,121.0,8,0.9835377828910972,-31.0,26.04542032394358,0.9507986981097898,41.66666666666667,25.842696629213485,42.35294117647059,42.95302013422819,30.136986301369863,36.87943262411347,32.79352226720648,20.66115702479339,36.79653679653679,30.913348946135837,17.647058823529413,35.80246913580247,10.0,2.0,20,,
2025-02-03,912,234,678,247,171,276,36,182,7,44,8,9,1,356638698704.54,650417550891.97,3,2,27.292817679558013,19.25675675675676,32.50883392226148,311.0,256.0,-1,0.5483226862735371,-444.0,5.506056001882598,0.6294336382621571,32.29166666666667,23.59550561797753,41.17647058823529,31.543624161073826,22.602739726027394,32.62411347517731,27.82258064516129,19.421487603305785,31.601731601731604,24.271844660194176,17.0316301703163,31.12244897959184,9.0,4.0,14,,
2025-02-04,909,659,247,339,204,305,120,16,5,47,6,2,2,775149365910.08,225128783604.97,9,4,37.66666666666666,23.103057757644397,36.13744075829384,277.0,258.0,4,3.44313753886852,412.0,30.71736922651104,0.7748793547203882,50.51546391752577,31.521739130434785,42.04545454545455,43.24324324324324,25.174825174825177,34.05797101449276,36.54618473895582,22.63374485596708,38.793103448275865,33.251231527093594,20.74074074074074,33.93782383419689,16.0,8.0,33,,
2025-02-05,908,628,278,410,252,328,99,10,5,33,8,1,3,584342267694.73,314204437870.96,13,4,45.65701559020045,28.57142857142857,38.95486935866984,255.0,208.0,7,1.8597517961688128,350.0,49.01945518743582,1.2146743508510334,51.04166666666666,35.16483516483517,42.5287356321839,51.35135135135135,32.63888888888889,35.507246376811594,46.400000000000006,27.86885245901639,42.48927038626609,41.83168316831683,26.054590570719604,37.23958333333333,28.0,12.0,25,,
2025-02-06,907,411,495,411,255,326,49,27,10,24,3,2,3,354993868875.18,487123726739.01,6,3,45.81939799331104,28.944381384790013,38.71733966745843,268.0,53.0,1,0.728755035710625,-84.0,42.72264140808933,1.1393444842454965,44.79166666666667,31.868131868131865,40.22988505747127,46.62162162162162,29.166666666666668,34.78260869565217,48.4,30.327868852459016,43.34763948497854,44.168734491315135,27.363184079601982,36.97916666666667,32.0,13.0,23,,
2025-02-07,906,286,620,363,242,313,24,46,9,22,1,7,1,424842125608.47,424038144361.94,3,2,40.51339285714285,27.500000000000004,37.21759809750297,172.0,83.0,-6,1.0018960116140962,-334.0,24.62525241970763,0.4604173659075528,44.329896907216494,30.107526881720432,39.77272727272727,47.97297297297297,28.87323943661972,33.82352941176471,39.75903614457831,30.737704918032787,40.5982905982906,37.3134328358209,24.438902743142144,35.77023498694517,34.0,15.0,24,,
2025-02-10,904,105,798,208,166,276,6,160,13,19,1,14,0,130636008961.1,562030047646.83,2,0,23.31838565022421,18.97142857142857,33.014354066985646,79.0,233.0,-13,0.2324359872004377,-693.0,-8.921141427457258,0.5660868136350843,30.612244897959183,22.58064516129032,39.77272727272727,22.972972972972972,19.718309859154928,31.61764705882353,23.29317269076305,20.49180327868853,36.32478632478632,21.662468513853906,16.91919191919192,29.894179894179896,33.0,13.0,9,,
2025-02-11,899,41,858,81,94,209,9,339,4,35,0,70,0,79176477120.67,742288464378.1,7,0,9.12162162162162,10.79219288174512,25.120192307692307,39.0,545.0,-70,0.1066653746087852,-817.0,-43.75870245964597,0.4479949370712848,14.14141414141414,13.829787234042554,34.831460674157306,11.564625850340136,12.05673758865248,21.48148148148148,9.236947791164658,11.475409836065571,26.923076923076923,6.870229007633588,9.183673469387756,22.994652406417117,31.0,9.0,4,,
2025-02-12,901,384,514,111,106,205,48,43,6,35,1,67,1,493921101743.86,504258708702.44,11,1,12.47191011235955,12.142038946162655,24.55089820359281,63.0,542.0,-66,0.9794993982648692,-130.0,-38.97602362986908,0.762717887714553,20.2020202020202,14.893617021276595,31.46067415730337,17.006802721088434,17.73049645390071,23.703703703703702,12.048192771084338,12.704918032786884,25.847457627118644,9.113924050632912,9.137055837563452,22.4,29.0,6.0,5,,
2025-02-13,908,396,509,113,107,212,34,43,5,47,3,14,1,448480311564.08,347313095886.59,1,0,12.597547380156076,12.15909090909091,25.208085612366236,91.0,425.0,-11,1.2912853470706005,-113.0,-33.841953112260484,0.6024974050018234,15.151515151515152,14.893617021276595,35.95505617977528,17.687074829931973,18.30985915492958,26.47058823529412,11.244979919678714,11.11111111111111,25.106382978723403,10.945273631840797,9.975062344139651,22.30971128608924,24.0,3.0,9,,
2025-02-14,905,81,824,54,55,147,6,345,4,84,0,81,0,134752395454.34,665680248179.35,0,0,6.033519553072626,6.2713797035347785,17.541766109785204,88.0,431.0,-81,0.2024281114287088,-743.0,-60.783113054143854,0.4856092870698251,11.11111111111111,9.574468085106384,28.08988764044944,10.135135135135137,10.56338028169014,21.323529411764707,3.212851405622489,4.11522633744856,16.52542372881356,5.012531328320802,5.276381909547738,14.323607427055704,21.0,1.0,3,,
2025-02-17,908,374,531,64,65,151,38,75,4,115,2,64,0,404499221393.66,372772971276.36,0,0,7.142857142857142,7.403189066059225,18.01909307875895,78.0,463.0,-62,1.0851087727972084,-157.0,-54.2138892391834,0.6490883381935312,14.14141414141414,13.829787234042554,29.21348314606741,12.837837837837837,14.084507042253522,22.058823529411764,4.819277108433735,5.761316872427984,17.4468085106383,4.75,4.511278195488721,14.285714285714285,19.0,1.0,7,,
2025-02-18,920,229,690,66,61,141,18,155,3,131,1,81,0,265676953847.77,458418136731.23,3,1,7.276736493936053,6.86164229471316,16.646989374262102,62.0,575.0,-80,0.5795515765196176,-461.0,-63.526133431196286,0.5726566390589058,15.306122448979592,15.053763440860216,29.545454545454547,12.162162162162163,11.971830985915492,20.588235294117645,7.630522088353414,4.938271604938271,16.23931623931624,3.3980582524271843,4.37956204379562,12.596401028277636,15.0,2.0,2,,
2025-02-19,920,736,181,118,84,162,241,16,6,68,3,5,0,586904074936.95,203145638007.5,0,0,13.009922822491731,9.448818897637794,19.126328217237308,297.0,246.0,-2,2.8890803695981,555.0,-20.370471548211327,1.407471521156436,22.448979591836736,18.27956989247312,31.818181818181817,20.945945945945947,14.084507042253522,21.16788321167883,10.441767068273093,8.60655737704918,18.803418803418804,9.466019417475728,6.341463414634147,15.721649484536082,4.0,1.0,16,,
2025-02-20,931,690,241,175,111,188,112,8,5,62,0,2,1,527592597131.7,238939690807.48,0,0,19.06318082788671,12.347052280311456,21.962616822429908,371.0,179.0,-2,2.208057587036869,449.0,11.329471719481871,1.2966466799723373,25.51020408163265,18.27956989247312,37.5,27.027027027027028,19.148936170212767,23.52941176470588,20.080321285140563,11.065573770491802,20.851063829787236,14.184397163120568,9.501187648456057,18.639798488664987,3.0,1.0,22,,
2025-02-21,936,263,670,155,105,181,28,37,6,45,1,9,1,286354627414.43,516552220936.06,0,0,16.793066088840735,11.61504424778761,21.022067363530777,381.0,61.0,-8,0.5543575572969526,-407.0,-4.423724145237856,0.708094096068335,23.46938775510204,17.20430107526882,33.70786516853933,22.972972972972972,19.718309859154928,19.852941176470587,17.741935483870968,10.330578512396697,23.17596566523605,12.587412587412588,8.430913348946136,17.3697270471464,3.0,1.0,15,,
2025-02-24,937,213,722,130,89,154,14,56,11,29,1,34,0,202699660473.01,475314260853.1,0,0,14.084507042253522,9.845132743362832,17.865429234338748,154.0,101.0,-33,0.4264539845894843,-509.0,-22.970587988847058,0.691783547759556,18.367346938775512,14.893617021276595,28.88888888888889,18.24324324324324,12.676056338028168,19.11764705882353,16.93548387096774,9.95850622406639,18.53448275862069,10.023310023310025,7.728337236533958,14.603960396039604,3.0,1.0,10,,
2025-02-25,926,339,584,128,93,161,27,29,16,24,1,29,0,339433071568.45,376714957770.49,2,1,14.0197152245345,10.426008968609866,18.89671361502348,69.0,122.0,-28,0.9010342291087002,-245.0,-25.513303635188663,0.6442368483925441,16.3265306122449,15.053763440860216,30.337078651685395,16.216216216216218,13.380281690140844,20.588235294117645,15.261044176706829,10.78838174273859,21.120689655172413,11.961722488038278,8.173076923076923,14.430379746835442,2.0,1.0,10,,
2025-02-27,924,172,750,107,78,137,18,180,7,52,2,86,0,317591614309.95,575349235051.01,2,0,11.758241758241756,8.74439461883408,16.13663133097762,59.0,265.0,-84,0.5519979778573836,-578.0,-44.2097589946348,0.4154604591551326,16.3265306122449,15.789473684210526,28.88888888888889,14.864864864864863,12.676056338028168,19.25925925925926,13.253012048192772,8.264462809917356,17.24137931034483,8.674698795180722,6.053268765133172,11.479591836734697,4.0,1.0,5,,
2025-02-28,921,130,791,68,61,112,15,262,4,73,0,168,0,328634245627.21,1142353447109.19,0,0,7.497243660418963,6.853932584269663,13.20754716981132,60.0,471.0,-168,0.2876817559914082,-661.0,-64.12417953198806,0.5712872713964549,12.12121212121212,10.416666666666668,23.91304347826087,6.756756756756757,8.450704225352112,16.417910447761194,10.080645161290322,7.43801652892562,12.5,5.097087378640777,5.121951219512195,10.0,4.0,1.0,3,,
2025-03-03,929,351,574,70,56,106,42,107,3,130,2,100,0,505493728990.03,401197671735.57,3,2,7.650273224043716,6.229143492769744,12.412177985948478,75.0,549.0,-98,1.2599617709725934,-223.0,-58.9303881937652,0.4853308028287967,9.090909090909092,10.416666666666668,23.07692307692308,10.135135135135137,8.333333333333332,16.176470588235293,7.661290322580645,7.053941908713693,11.688311688311687,6.428571428571428,4.066985645933015,9.090909090909092,7.0,3.0,10,,
2025-03-04,929,619,306,102,76,117,117,17,4,101,1,15,0,529675119896.77,300783531263.81,3,2,11.135371179039302,8.444444444444445,13.66822429906542,174.0,386.0,-14,1.7609844450965126,313.0,-27.3950446586158,1.1487187309497209,14.14141414141414,11.458333333333332,24.17582417582417,13.513513513513514,12.5,16.911764705882355,12.5,7.883817427385892,11.637931034482758,8.788598574821853,6.682577565632458,11.335012594458435,10.0,5.0,20,,
2025-03-05,925,835,89,232,103,149,240,4,5,47,0,0,1,769356859317.89,148038100851.63998,2,2,25.410733844468787,11.495535714285714,17.508813160987074,399.0,128.0,0,5.197019246341993,746.0,21.354649287230004,1.805269910923228,36.36363636363637,14.583333333333334,28.57142857142857,28.187919463087248,15.27777777777778,19.852941176470587,24.596774193548388,11.570247933884298,15.879828326180256,22.30215827338129,9.420289855072465,15.089514066496164,10.0,6.0,42,,
2025-03-06,931,741,190,334,155,171,116,1,8,41,1,2,0,684361363066.78,214090288470.97,1,0,36.30434782608696,17.184035476718403,19.93006993006993,473.0,22.0,-1,3.196601620533466,551.0,53.17886436449202,1.2200456806842093,40.4040404040404,22.916666666666664,27.472527472527474,35.57046979865772,20.833333333333336,23.35766423357664,37.096774193548384,14.87603305785124,17.24137931034483,35.14150943396226,15.95238095238095,18.592964824120603,9.0,6.0,47,,
2025-03-07,929,570,353,394,171,179,90,8,6,45,2,0,0,446492317569.54,325466371875.36,0,0,42.87268770402611,18.895027624309392,20.911214953271028,446.0,13.0,2,1.3718539184150425,217.0,63.4226739337286,1.1770428735244145,41.41414141414141,24.742268041237114,27.173913043478255,39.59731543624161,21.379310344827587,21.897810218978105,41.76706827309237,17.21311475409836,18.803418803418804,45.02369668246445,17.66109785202864,20.35623409669211,9.0,6.0,50,,
2025-03-10,928,146,782,266,133,152,10,224,3,75,2,2,0,181299677079.13,549225682949.07,2,1,28.88165038002172,14.631463146314632,17.715617715617714,216.0,233.0,0,0.3301005082385086,-636.0,29.214017745757214,0.565587639533501,32.6530612244898,19.791666666666664,25.274725274725277,30.87248322147651,15.172413793103448,20.437956204379564,29.31726907630522,14.285714285714285,14.042553191489365,27.058823529411764,13.47517730496454,17.21518987341772,8.0,5.0,24,,
2025-03-11,921,352,564,256,133,150,29,43,6,76,2,14,0,380619374314.49,425361706204.03,5,2,28.00875273522976,14.728682170542635,17.647058823529413,129.0,275.0,-12,0.8948134464457907,-212.0,21.01954661631289,0.6974788741231939,40.4040404040404,22.68041237113402,26.08695652173913,29.054054054054053,16.666666666666664,21.323529411764707,29.71887550200803,15.040650406504067,15.74468085106383,23.684210526315788,12.01923076923077,15.503875968992247,10.0,5.0,18,,
2025-03-12,921,330,590,242,137,148,26,35,8,58,1,19,0,412046169996.19,395737654063.31,2,0,26.477024070021884,15.171650055370986,17.41176470588235,65.0,302.0,-18,1.0412104225246934,-260.0,11.508176067556434,0.5371844363045071,41.41414141414141,27.55102040816326,25.806451612903224,27.516778523489933,14.482758620689657,19.708029197080293,27.016129032258064,14.754098360655735,15.517241379310343,22.2488038277512,12.740384615384617,15.721649484536082,10.0,3.0,13,,
2025-03-13,919,281,636,213,133,139,17,25,10,36,2,26,0,256742110369.83,425334123608.3,3,2,23.355263157894736,14.761376248612654,16.372202591283862,72.0,103.0,-24,0.6036245297973546,-355.0,-1.4315866319681163,0.7319515320548616,35.35353535353536,23.46938775510204,24.731182795698924,21.333333333333336,16.43835616438356,17.391304347826086,26.31578947368421,13.877551020408164,16.23931623931624,19.471153846153847,12.62135922330097,14.0625,12.0,5.0,12,,
2025-03-17,916,426,488,262,143,140,38,50,11,40,6,54,0,466807584627.41,241188902437.85,2,1,28.822882288228826,15.924276169265031,16.548463356973993,81.0,110.0,-48,1.935443877844661,-62.0,2.162074193098221,0.451033909928849,46.0,30.303030303030305,25.53191489361702,32.88590604026846,17.93103448275862,18.248175182481752,33.603238866396765,16.3265306122449,15.74468085106383,20.33898305084746,11.491442542787286,14.210526315789473,14.0,6.0,21,,
2025-03-18,911,826,83,419,197,173,231,5,10,20,7,0,0,759671720892.6799,84851106322.92,1,0,46.24724061810154,21.986607142857142,20.473372781065088,286.0,80.0,7,8.952997242034513,743.0,45.47384382756445,1.1115615206706102,64.0,36.36363636363637,29.78723404255319,55.70469798657718,26.20689655172414,22.62773722627737,52.41935483870967,24.390243902439025,20.33898305084746,34.71882640586797,15.517241379310343,17.46031746031746,13.0,5.0,42,,
2025-03-19,912,773,139,583,283,199,192,3,25,7,6,0,2,825830213250.33,162032629722.84,3,3,64.20704845814979,31.54960981047937,23.550295857988164,461.0,58.0,6,5.096690800259977,634.0,76.82803764589528,1.0911297736274332,77.0,43.43434343434344,32.25806451612903,68.45637583892618,40.41095890410959,29.496402877697843,73.49397590361446,36.734693877551024,22.127659574468083,53.90243902439025,22.35872235872236,20.105820105820104,11.0,6.0,76,,
2025-03-20,910,549,360,610,313,221,57,10,26,4,5,1,0,716844911588.83,259813414234.5,1,1,67.40331491712708,35.01118568232663,26.18483412322275,480.0,18.0,4,2.759075830248806,189.0,81.00173317233865,0.5527213073598197,78.0,47.474747474747474,33.69565217391305,76.51006711409396,49.31506849315068,32.142857142857146,70.68273092369478,37.142857142857146,24.25531914893617,59.45945945945946,25.495049504950494,23.342175066313,10.0,7.0,88,,
2025-03-21,919,731,187,736,383,258,156,10,50,1,9,0,2,1244347098925.03,276209676500.66,4,4,80.43715846994536,42.414174972314505,30.21077283372365,405.0,23.0,9,4.505081482625236,544.0,101.91523418158604,0.8677070379674849,86.0,59.59595959595959,37.634408602150536,84.66666666666667,52.38095238095239,36.42857142857142,83.13253012048193,49.59016393442623,32.47863247863248,75.96153846153845,30.508474576271187,24.8062015503876,11.0,9.0,96,,
2025-03-24,925,650,272,785,458,290,104,11,46,2,8,0,1,796228740151.48,215846123837.8,17,13,85.23344191096635,50.38503850385039,33.72093023255814,317.0,31.0,8,3.688872081621512,378.0,110.98670137358462,0.647814787142877,89.0,65.3061224489796,45.65217391304348,90.66666666666666,63.51351351351351,43.26241134751773,87.14859437751004,57.377049180327866,34.8936170212766,81.27962085308057,38.18615751789976,26.785714285714285,26.0,21.0,96,,
2025-03-25,935,156,778,652,392,261,14,152,22,2,0,4,1,314502161266.19,695037888100.3,16,9,70.18299246501614,42.70152505446623,30.103806228373703,274.0,173.0,-4,0.4524964273901635,-622.0,68.1878723158755,0.443128667278047,84.0,57.14285714285714,41.30434782608695,87.33333333333333,54.054054054054056,38.297872340425535,74.69879518072288,49.795918367346935,32.340425531914896,58.372093023255815,31.381733021077284,23.308270676691727,41.0,30.0,72,,
2025-03-26,941,184,756,544,340,232,13,81,18,5,0,8,1,289672253027.98,580091404947.06,46,10,58.119658119658126,36.79653679653679,26.605504587155966,131.0,244.0,-8,0.4993562231014539,-572.0,33.753934109954805,0.4874000405453938,74.0,56.56565656565656,34.78260869565217,75.33333333333333,51.67785234899329,35.91549295774648,62.0,41.39344262295082,29.48717948717949,46.3302752293578,24.53703703703704,19.8019801980198,84.0,37.0,38,,
2025-03-27,949,630,317,610,388,263,103,20,26,3,1,4,1,1012631410503.5,397203591617.05,20,6,64.55026455026454,41.58628081457664,29.954441913439634,130.0,253.0,-3,2.5494014451908416,313.0,48.394147273342845,0.7795483552498188,81.0,60.60606060606061,39.130434782608695,82.0,58.38926174496645,42.95774647887324,67.2,47.950819672131146,32.47863247863248,53.48314606741573,28.117913832199548,21.951219512195124,103.0,42.0,49,,
2025-03-28,972,336,634,548,376,258,32,37,31,3,2,11,1,481731815228.52,499026102608.03,16,7,56.61157024793389,39.3717277486911,28.666666666666668,148.0,138.0,-9,0.9653439223136308,-298.0,30.119558791672908,0.548994448515825,73.0,56.56565656565656,38.04347826086957,76.0,55.70469798657718,42.25352112676056,62.8,44.67213114754098,31.48936170212766,43.58974358974359,27.645788336933048,20.649651972157773,115.0,45.0,43,,
2025-04-01,981,536,444,589,378,252,115,38,44,2,1,6,2,309278219273.99,494533226106.73,4,1,60.28659160696008,39.21161825726141,27.72277227722773,250.0,95.0,-5,0.6253942160950813,92.0,33.844187845886744,1.9303139941794256,57.99999999999999,52.52525252525253,33.69565217391305,66.0,53.02013422818792,40.140845070422536,62.0,40.57377049180328,29.361702127659573,58.07127882599581,31.35593220338983,21.59090909090909,102.0,33.0,48,,
2025-04-02,973,690,275,668,422,279,70,8,67,1,4,6,1,582015962460.79,174412268912.59,10,3,68.93704850361198,44.09613375130617,30.965593784683687,217.0,83.0,-2,3.3370127347662586,415.0,53.009524748010136,0.7518973131118898,68.0,56.56565656565656,36.95652173913043,77.33333333333333,55.70469798657718,46.478873239436616,70.0,44.89795918367347,31.91489361702128,65.88486140724946,37.28448275862069,24.074074074074076,96.0,27.0,45,,
2025-04-03,971,657,311,718,475,300,88,18,96,1,3,5,1,481273217127.29,367566826018.74,9,4,74.25025853154085,49.73821989528796,33.33333333333333,273.0,64.0,-2,1.309348894023295,346.0,65.6808401755856,1.613428019505747,68.0,56.56565656565656,38.04347826086957,75.33333333333333,62.41610738255034,47.55244755244755,74.4,52.24489795918368,37.60683760683761,75.16059957173448,42.85714285714285,25.290023201856147,59.0,21.0,44,,
2025-04-04,971,65,904,400,304,239,8,379,51,4,2,20,2,151085842596.67,804114934490.62,3,0,41.36504653567735,31.83246073298429,26.555555555555557,166.0,405.0,-18,0.1878908550459616,-839.0,16.936410665284683,0.382683099981997,45.0,41.41414141414141,28.26086956521739,46.66666666666666,42.95302013422819,38.46153846153847,36.8,31.428571428571427,31.62393162393162,41.32762312633833,26.40692640692641,19.489559164733176,42.0,15.0,25,,
2025-04-07,970,24,946,150,156,165,2,525,17,8,1,89,0,40767836642.32,1128479392711.91,6,2,15.511892450879008,16.335078534031414,18.29268292682927,98.0,922.0,-88,0.0361263456874906,-922.0,-28.974758619349032,0.7022569921079982,17.0,23.232323232323232,24.731182795698924,22.0,24.832214765100677,29.577464788732392,14.4,16.73469387755102,20.42553191489361,13.704496788008566,11.904761904761903,12.037037037037036,32.0,10.0,9,,
2025-04-08,972,870,102,294,245,208,189,5,14,6,1,2,1,841904227580.24,60471251747.09,17,2,30.37190082644628,25.60083594566353,23.0343300110742,199.0,909.0,-1,13.92238796546417,768.0,16.416065435385903,0.6126400001108943,32.0,36.36363636363637,29.03225806451613,39.33333333333333,36.91275167785235,36.61971830985916,27.200000000000003,24.796747967479675,25.53191489361702,28.846153846153843,20.086393088552917,15.935334872979215,45.0,11.0,27,,
2025-04-09,965,256,707,258,218,193,20,90,13,15,2,1,1,281301201205.64,487652726228.44,3,2,26.84703433922997,22.94736842105263,21.516164994425864,211.0,620.0,1,0.576847387650746,-451.0,-5.80686032499267,0.6277108294916863,27.0,34.34343434343434,30.107526881720432,34.66666666666667,32.21476510067114,32.3943661971831,26.0,23.170731707317078,25.53191489361702,24.728850325379607,17.324561403508774,13.817330210772832,38.0,10.0,22,,
2025-04-11,962,877,84,479,326,249,254,1,26,5,3,0,2,796341867420.1799,108853965049.89,1,1,50.05224660397074,34.46088794926004,27.88353863381859,463.0,96.0,3,7.315690035316583,793.0,37.421572451508624,1.4271348485344053,47.0,44.44444444444444,32.97872340425532,50.66666666666667,46.97986577181208,41.13475177304964,50.4,36.58536585365854,32.340425531914896,50.32822757111597,26.991150442477878,19.8581560283688,30.0,7.0,47,,
2025-04-15,968,911,56,744,498,309,341,0,52,3,10,1,2,930547699222.76,41872300906.65,5,4,77.25856697819314,52.20125786163522,34.37152391546162,615.0,91.0,9,22.223467043220783,855.0,77.29477461315967,0.7320125663209519,70.0,63.0,38.297872340425535,75.33333333333333,58.38926174496645,48.93617021276596,74.0,53.2520325203252,38.983050847457626,81.20950323974083,47.276688453159046,26.168224299065415,32.0,11.0,58,,
2025-04-16,968,681,284,791,562,330,87,8,61,1,11,0,4,632398661251.13,242904120085.52,7,7,82.13914849428868,58.90985324947589,36.70745272525028,682.0,9.0,11,2.603490879563836,397.0,88.09988858830552,0.921027741163196,70.0,62.0,41.05263157894737,79.33333333333333,63.08724832214765,48.57142857142857,81.2,60.56910569105691,41.52542372881356,86.17710583153347,55.99128540305011,29.205607476635517,33.0,16.0,64,,
2025-04-17,972,585,384,800,588,344,61,5,79,2,13,0,4,762726590484.26,201929790613.1,6,6,82.7300930713547,61.37787056367432,38.13747228381374,489.0,13.0,13,3.777187051838496,201.0,87.0977615941137,0.4033259351713829,77.0,65.0,46.31578947368421,80.0,69.79865771812081,47.85714285714286,80.72289156626506,61.63265306122449,42.79661016949153,85.8974358974359,57.75862068965517,30.62645011600928,22.0,20.0,85,,
2025-04-21,979,799,178,872,682,383,133,6,112,0,15,0,4,887509284276.44,111119398087.19,14,12,89.7119341563786,70.82035306334372,42.27373068432671,281.0,19.0,15,7.986987866691416,621.0,106.80545420610916,0.5620096236359097,85.0,76.0,50.526315789473685,88.59060402684564,72.97297297297297,57.85714285714286,87.6,69.10569105691057,46.1864406779661,92.17758985200844,69.9360341151386,33.33333333333333,33.0,30.0,87,,
2025-04-22,978,600,375,879,706,393,65,9,82,2,9,0,2,644603632721.55,387956388384.78,15,11,90.4320987654321,73.31256490134996,43.32965821389195,259.0,20.0,9,1.661536327331267,225.0,103.32150411833469,0.9629641998678984,85.0,78.0,51.578947368421055,91.2751677852349,77.02702702702703,60.431654676258994,88.0,72.35772357723577,46.41350210970464,92.60042283298098,71.64179104477611,34.403669724770644,47.0,40.0,82,,
2025-04-23,973,514,458,867,708,399,54,11,51,2,4,0,2,801782019994.99,309532357206.59,24,20,89.75155279503106,73.90396659707724,44.18604651162791,252.0,26.0,4,2.5903011472880024,56.0,91.37611927269586,0.4332587905977942,90.0,80.0,56.84210526315789,93.33333333333331,81.87919463087249,60.0,85.14056224899599,72.35772357723577,47.88135593220339,91.00642398286938,70.84233261339092,34.25925925925926,66.0,56.0,81,,
2025-04-24,969,417,547,851,716,401,37,15,47,2,8,0,1,456225129293.46,570037622804.04,35,20,88.46153846153845,74.9738219895288,44.65478841870824,156.0,35.0,8,0.8003421371545067,-130.0,71.40593463331119,0.952517681092556,86.0,79.0,53.68421052631579,94.0,80.53691275167785,60.71428571428571,84.33734939759037,74.39024390243902,48.10126582278481,89.41684665226782,72.60869565217392,35.44600938967136,94.0,69.0,72,,
2025-04-25,962,79,883,619,540,333,6,272,22,3,1,0,1,170034163568.66,906841332842.91,29,3,64.68129571577848,56.782334384858046,37.29003359462486,97.0,298.0,1,0.1875015588841875,-804.0,20.27439709347074,0.4771572257944262,66.0,65.0,50.526315789473685,74.0,69.12751677852349,51.06382978723404,62.65060240963856,57.08502024291497,41.35021097046413,62.44541484716157,50.76923076923077,27.380952380952383,117.0,66.0,52,,
2025-04-28,959,542,413,646,576,350,36,20,23,5,1,0,0,650533406660.59,209996340684.67,23,4,67.64397905759162,60.56782334384858,39.28170594837261,79.0,307.0,1,3.0978321076433866,129.0,23.10556051143979,0.4236345362432228,82.0,74.0,53.68421052631579,80.66666666666666,75.83892617449665,54.22535211267606,66.26506024096386,61.1336032388664,44.06779661016949,60.96491228070175,52.30769230769232,28.22966507177033,126.0,58.0,45,,
2025-04-29,955,419,531,611,553,340,37,11,35,2,6,1,0,588901113045.78,382997163386.75,16,4,64.24815983175604,58.39493136219641,38.288288288288285,79.0,303.0,5,1.5376122053705878,-112.0,13.360677431246131,0.5131834997471595,78.0,73.0,54.736842105263165,76.66666666666667,73.8255033557047,52.816901408450704,61.84738955823293,57.08502024291497,43.64406779661017,58.4070796460177,50.77605321507761,26.506024096385545,127.0,51.0,41,,
2025-04-30,950,173,774,432,438,306,11,82,28,4,1,2,0,444609999613.98,607974615884.53,3,2,45.66596194503171,46.496815286624205,34.61538461538461,84.0,113.0,-1,0.7312969785212592,-601.0,-19.48800098947568,0.3056408250698211,67.0,64.0,47.91666666666667,65.33333333333333,66.44295302013423,51.06382978723404,46.1847389558233,48.58299595141701,40.67796610169492,34.00447427293065,34.75336322869956,22.38442822384428,106.0,33.0,24,,
2025-05-02,938,386,548,403,435,301,27,22,23,6,1,3,0,470620300733.67,450810097666.47,3,1,43.19399785637727,46.82454251883746,34.518348623853214,75.0,115.0,-2,1.0439435655273552,-162.0,-25.526181034245447,0.6747295402773745,59.0,65.0,51.04166666666666,56.00000000000001,60.40268456375839,47.5177304964539,43.373493975903614,48.58299595141701,40.25423728813559,35.02304147465438,36.95150115473441,22.55639097744361,74.0,14.0,27,,
2025-05-05,925,708,213,527,502,321,94,9,37,5,2,0,0,698533873692.03,158986105526.11002,8,3,57.28260869565217,54.80349344978166,37.32558139534884,132.0,113.0,2,4.393678751866219,495.0,2.2888059326476284,0.7565286061389862,75.0,72.0,54.16666666666666,70.66666666666667,69.12751677852349,49.645390070921984,57.831325301204814,57.08502024291497,42.79661016949153,47.980997624703086,44.285714285714285,25.32299741602067,53.0,14.0,44,,
2025-05-06,931,102,829,328,365,267,5,231,16,4,1,4,0,228547116505.71,616493339985.05,8,6,35.42116630669546,39.58785249457701,30.83140877598152,126.0,262.0,-3,0.3707211443861701,-727.0,-35.04082424032203,0.3318931462625557,57.99999999999999,57.99999999999999,45.83333333333333,48.0,50.33557046979866,40.42553191489361,34.93975903614458,40.48582995951417,36.86440677966102,25.995316159250585,30.985915492957744,20.10178117048346,38.0,16.0,15,,
2025-05-07,933,694,237,399,446,303,60,10,17,2,3,2,0,677787370962.68,287936808166.09,8,5,43.042071197411005,48.268398268398265,34.90783410138249,159.0,250.0,1,2.3539448647764174,457.0,-7.582453917009477,1.2439841246970864,61.61616161616161,67.67676767676768,51.04166666666666,52.66666666666666,60.40268456375839,43.57142857142857,44.57831325301205,49.596774193548384,43.22033898305085,34.4988344988345,38.78504672897196,22.97979797979798,30.0,17.0,51,,
2025-05-08,931,204,723,325,370,276,20,41,12,3,2,4,0,364842491622.66,628487871145.0599,11,1,35.13513513513514,40.130151843817785,31.87066974595843,85.0,282.0,-2,0.5805084049719894,-519.0,-32.8676350209922,0.4860526978281431,49.494949494949495,59.59595959595959,48.95833333333333,38.66666666666666,44.29530201342282,40.71428571428572,35.34136546184739,41.76706827309237,36.70886075949368,30.44496487119438,33.1764705882353,21.62849872773537,38.0,16.0,20,,
2025-05-09,929,347,579,290,347,275,29,21,23,1,1,5,0,426219406362.46,483925306541.22,6,2,31.4192849404117,37.67643865363735,31.79190751445087,109.0,72.0,-4,0.8807545309188234,-232.0,-39.97212668979248,0.6804496970206735,40.4040404040404,53.535353535353536,46.875,36.0,40.66666666666666,41.42857142857143,32.53012048192771,38.55421686746988,34.74576271186441,27.058823529411764,32.38770685579196,22.900763358778622,41.0,17.0,24,,
2025-05-12,927,883,44,721,622,389,538,5,101,0,11,0,0,909865135308.18,100684034630.82,8,7,78.28447339847992,67.6086956521739,45.02314814814815,587.0,67.0,11,9.0368362635089,839.0,7.703393566832261,2.220708800403735,84.0,85.0,60.824742268041234,83.22147651006712,78.52348993288591,54.67625899280576,75.1004016064257,65.46184738955823,48.72881355932204,77.06855791962175,60.90047393364929,35.45918367346938,41.0,21.0,70,,
2025-05-13,935,624,308,758,667,410,92,11,85,0,10,0,1,584340987575.57,516168594833.88,4,4,81.50537634408602,71.95253505933118,47.18066743383199,659.0,37.0,10,1.132073887144626,316.0,22.277446418412254,1.7896128945117178,79.0,81.0,61.224489795918366,81.20805369127517,75.16778523489933,52.89855072463768,81.6,71.4859437751004,54.04255319148936,82.13457076566125,68.997668997669,37.68844221105528,37.0,19.0,67,,
2025-05-14,941,717,221,813,747,458,108,6,136,1,19,1,1,864092486575.87,245799985618.06,9,8,86.85897435897436,79.97858672376874,52.34285714285715,738.0,22.0,18,3.5154293618167785,496.0,43.62687437442109,0.9228869527692724,82.0,83.0,64.28571428571429,84.56375838926175,84.56375838926175,60.14492753623188,88.0,78.3132530120482,58.97435897435898,88.10068649885584,78.6697247706422,42.96296296296296,38.0,22.0,88,,
2025-05-15,948,656,287,831,769,490,71,17,97,1,15,0,0,1044103039697.89,183194628510.57,12,11,88.12301166489925,81.63481953290871,55.55555555555556,271.0,34.0,15,5.699419509113211,369.0,55.31250090493654,0.4010433487234082,83.0,83.0,71.42857142857143,87.91946308724832,86.57718120805369,65.94202898550725,86.4,81.12449799196787,57.692307692307686,90.31531531531532,79.95495495495496,47.0873786407767,39.0,32.0,93,,
2025-05-16,950,624,322,843,805,531,106,18,64,1,9,0,1,982236974546.35,467640715958.12,19,17,89.20634920634922,85.27542372881356,60.0,285.0,41.0,9,2.1004094404694973,302.0,61.67714908400259,0.922624018641144,86.0,86.0,76.53061224489795,89.93288590604027,89.26174496644296,65.94202898550725,86.8,83.93574297188755,65.1063829787234,91.03139013452916,84.52914798206278,51.20772946859904,52.0,47.0,88,,
2025-05-19,951,591,358,849,826,557,87,13,73,1,15,1,0,630122365081.4401,463231479740.5,37,28,89.55696202531645,87.22280887011615,62.65466816647919,264.0,48.0,14,1.3602753539859411,233.0,63.36053753168403,1.213605748269609,84.0,82.0,74.48979591836735,89.93288590604027,89.26174496644296,68.84057971014492,89.2,89.1566265060241,69.0677966101695,90.8685968819599,86.63697104677061,54.19664268585132,81.0,68.0,88,,
2025-05-20,960,196,762,790,782,517,23,55,57,2,4,2,2,261457105242.7,842996915601.0,28,12,82.54963427377221,81.79916317991632,57.44444444444444,216.0,86.0,2,0.3101519120699258,-566.0,24.53303196679325,0.8293285895043504,71.0,81.0,69.38775510204081,79.19463087248322,84.56375838926175,56.83453237410072,84.0,81.12449799196787,62.39316239316239,85.37117903930131,81.4410480349345,52.21445221445221,105.0,76.0,76,,
2025-05-21,959,638,316,799,800,545,55,20,52,2,8,0,0,724596920017.64,213504122336.8,42,22,83.49007314524556,83.68200836820083,60.55555555555555,165.0,88.0,8,3.3938310515363157,322.0,35.61284954897765,0.5948991894744434,74.0,81.0,76.53061224489795,83.89261744966443,85.90604026845638,63.30935251798561,84.0,86.34538152610442,64.68085106382979,85.1528384279476,82.09606986899564,53.73831775700935,138.0,90.0,85,,
2025-05-22,961,398,560,767,782,547,43,20,50,3,7,1,2,488522678016.52,524350086558.88,51,16,79.97914494264859,81.62839248434238,60.57585825027686,121.0,95.0,6,0.9316727326632436,-162.0,20.70802933400043,0.7628368425924256,68.0,76.0,70.40816326530613,77.85234899328859,83.89261744966443,63.04347826086957,80.4,83.53413654618474,64.25531914893618,83.04347826086956,81.08695652173913,55.55555555555556,177.0,95.0,63,,
2025-05-23,958,599,356,787,798,563,53,20,54,3,9,0,1,673315815875.11,221297713750.86,12,9,82.32217573221757,83.56020942408377,62.55555555555555,151.0,60.0,9,3.042579177447528,243.0,28.110867903524905,0.5530124843207763,81.0,80.0,73.46938775510205,80.53691275167785,83.22147651006712,64.4927536231884,81.2,83.93574297188755,67.09401709401709,83.80743982494529,84.24507658643327,56.97674418604651,170.0,87.0,70,,
2025-05-26,966,583,376,785,801,566,61,21,58,3,11,1,0,628354738912.8,234729798564.65,15,6,81.43153526970954,83.17757009345794,62.47240618101545,157.0,61.0,10,2.676927866658296,207.0,32.49974054095071,0.5792206559638087,82.0,82.0,74.48979591836735,81.87919463087249,83.89261744966443,66.18705035971223,82.0,83.13253012048193,67.81115879828327,80.86021505376344,83.22580645161291,55.73394495412845,148.0,65.0,59,,
2025-05-27,966,459,501,760,781,576,39,20,99,3,7,0,0,484732114202.54,655353939329.1,16,11,78.83817427385893,81.10072689511942,63.57615894039736,153.0,61.0,7,0.7396493484097627,-42.0,23.639727943245006,1.2386513509954524,78.0,80.0,73.46938775510205,78.52348993288591,83.89261744966443,70.71428571428572,81.6,81.92771084337349,67.53246753246754,77.63440860215054,80.0,56.97940503432495,136.0,64.0,56,,
2025-05-28,972,458,509,729,752,580,53,20,99,3,14,2,1,510023535106.74,535052283139.14,21,12,75.23219814241486,77.68595041322314,63.59649122807017,153.0,61.0,12,0.9532218648137396,-51.0,15.496218532490424,0.9439602358697452,76.0,78.0,73.46938775510205,74.49664429530202,79.19463087248322,68.57142857142857,75.1004016064257,78.62903225806451,70.86956521739131,75.3715498938429,76.64543524416136,56.08108108108109,115.0,54.0,56,,
2025-05-29,981,523,453,728,762,592,63,22,112,3,17,1,2,756996019611.95,263223016590.27,27,11,74.43762781186093,77.99385875127943,64.27795874049946,155.0,62.0,16,2.8758732021914386,70.0,14.506036893632796,0.4014521173721108,75.75757575757575,79.7979797979798,75.25773195876289,75.16778523489933,79.19463087248322,74.46808510638297,76.30522088353415,79.43548387096774,71.30434782608695,72.97297297297297,76.50727650727652,55.18763796909493,91.0,49.0,75,,
2025-05-30,992,425,566,708,761,576,61,36,154,3,22,3,3,767359746967.0701,858448641365.98,19,8,71.58746208291204,77.02429149797571,61.868958109559614,177.0,78.0,19,0.8938912708231822,-141.0,3.0369014079413503,0.8400164726238593,65.65656565656566,74.74747474747475,70.10309278350515,70.0,76.66666666666667,70.4225352112676,75.80645161290323,81.37651821862349,67.82608695652173,71.13821138211382,75.40650406504065,54.54545454545454,98.0,48.0,60,,
2025-06-02,1000,535,463,730,766,580,70,28,164,3,17,0,0,642538743684.5,364226520855.28,31,14,73.21965897693079,76.90763052208835,61.70212765957447,194.0,86.0,17,1.7641185001456914,72.0,3.865606060635464,0.6550056355623615,68.68686868686868,76.76767676767676,71.1340206185567,76.0,80.0,69.71830985915493,73.89558232931726,77.82258064516128,65.08620689655173,72.94589178356713,75.55110220440882,55.65031982942431,114.0,56.0,67,,
2025-06-03,1007,380,621,676,756,578,36,17,141,3,11,0,1,442662799829.54,653966051240.83,30,15,67.39780658025923,75.52447552447552,61.22881355932204,167.0,81.0,11,0.6768895709335907,-241.0,-11.095179491614251,0.904011954632718,52.57731958762887,73.19587628865979,68.42105263157895,63.33333333333333,80.66666666666666,69.71830985915493,74.0,77.01612903225806,65.66523605150213,68.18181818181817,73.71541501976284,55.06329113924051,128.0,60.0,54,,
2025-06-04,1012,588,421,704,764,590,59,10,194,3,17,2,2,725864445407.64,329025295452.41,38,21,69.91062562065541,76.01990049751244,62.10526315789474,165.0,55.0,15,2.2061052917210398,167.0,-3.43117524132969,0.6330951607633645,59.79381443298969,73.19587628865979,68.42105263157895,72.66666666666667,83.33333333333334,71.12676056338029,75.90361445783132,78.54251012145748,68.83116883116884,68.10176125244618,73.18982387475538,54.9792531120332,145.0,69.0,64,,
2025-06-05,1015,575,436,746,780,607,70,4,185,3,19,1,2,816330571485.71,303290744430.16,39,19,73.93458870168483,77.45779543197617,63.693599160545645,165.0,31.0,18,2.6915775917246623,139.0,1.738704268870265,0.4899755977699676,64.28571428571429,75.51020408163265,71.875,75.83892617449665,84.56375838926175,74.46808510638297,76.20967741935483,77.64227642276423,68.3982683982684,74.12451361867704,75.68093385214007,56.70103092783505,157.0,77.0,69,,
2025-06-06,1022,526,492,773,814,627,66,18,212,3,15,0,2,910733614310.49,288562673334.14,27,20,76.08267716535433,80.27613412228797,65.38060479666319,195.0,32.0,15,3.156103330301177,34.0,0.9002577287468725,0.3387422968039799,83.6734693877551,84.6938775510204,75.0,81.20805369127517,85.90604026845638,80.28169014084507,75.0,79.67479674796748,69.86899563318777,73.70441458733205,78.1190019193858,57.113821138211385,165.0,89.0,78,,
2025-06-09,1026,777,245,849,867,667,89,6,251,2,19,0,2,856115306763.84,182050254870.01,18,10,83.23529411764706,85.16699410609037,69.40686784599376,225.0,28.0,19,4.702631739654168,532.0,25.078884648297645,0.6743944129594546,87.75510204081633,89.79591836734694,81.25,83.22147651006712,85.90604026845638,80.28169014084507,83.93574297188755,86.23481781376519,76.08695652173914,82.06106870229007,83.58778625954199,60.85192697768763,152.0,85.0,85,,
2025-06-10,1033,530,498,856,879,686,54,4,167,3,20,0,5,638883651628.8,432241051829.98,38,22,83.34956183057449,85.7560975609756,71.01449275362319,209.0,28.0,20,1.478072591494854,32.0,20.62621624127208,0.7200302841933558,87.87878787878788,90.9090909090909,81.44329896907216,85.13513513513513,88.51351351351352,80.85106382978722,84.33734939759037,86.63967611336032,77.39130434782608,81.54425612052731,83.61581920903954,63.25301204819277,160.0,92.0,83,,
2025-06-11,1042,513,527,855,886,701,62,17,135,3,9,0,5,579780878608.45,532830845914.8,59,35,82.52895752895752,85.68665377176016,71.82377049180327,205.0,27.0,9,1.0881143294417257,-14.0,14.416053672058853,0.8946068522080768,86.86868686868688,88.88888888888889,81.44329896907216,81.75675675675676,88.51351351351352,79.43262411347519,80.72289156626506,85.02024291497976,78.26086956521739,82.77777777777777,84.62962962962963,64.96062992125984,181.0,106.0,81,,
2025-06-12,1051,173,877,723,833,660,19,55,76,3,7,0,1,214010963028.24,812448956216.28,75,19,69.31927133269416,80.01921229586935,67.20977596741345,135.0,76.0,7,0.2634146568726327,-704.0,-25.46571559297876,0.7488702424137699,67.67676767676768,83.83838383838383,78.35051546391753,62.83783783783784,81.08108108108108,75.177304964539,67.8714859437751,78.94736842105263,71.61572052401746,72.0292504570384,79.52468007312615,60.970873786407765,217.0,106.0,55,,
2025-06-13,1055,319,733,639,789,630,26,17,69,2,11,1,0,368461945873.24,612774374896.73,45,9,61.03151862464183,75.50239234449761,63.95939086294417,107.0,89.0,10,0.6013011655967767,-414.0,-44.93729973662103,0.7237601423202106,50.505050505050505,75.75757575757575,74.22680412371135,54.36241610738255,75.16778523489933,74.64788732394366,60.88709677419355,75.60975609756098,65.93886462882097,64.7912885662432,75.49909255898368,58.22050290135397,235.0,95.0,46,,
2025-06-16,1051,584,461,647,790,651,45,5,53,2,14,1,2,633401403818.28,209524574647.03,41,13,62.09213051823417,75.96153846153845,66.29327902240327,90.0,77.0,13,3.023041115274057,123.0,-34.510817680752055,0.4190519518328218,63.63636363636363,80.8080808080808,78.35051546391753,64.42953020134227,79.19463087248322,77.62237762237763,62.096774193548384,76.01626016260163,68.99563318777294,61.172161172161175,74.17582417582418,59.64912280701754,258.0,98.0,54,,
2025-06-17,1040,270,768,513,726,617,22,37,45,2,9,0,2,452382445321.73,519841964378.15,16,8,49.75751697381183,70.55393586005832,63.5427394438723,93.0,59.0,9,0.8702307168735077,-498.0,-56.47362143458034,0.4039876933591409,47.474747474747474,75.75757575757575,75.25773195876289,55.033557046979865,73.8255033557047,74.82517482517483,52.016129032258064,69.51219512195121,65.06550218340611,47.66355140186916,69.1588785046729,57.37051792828686,236.0,84.0,43,,
2025-06-18,1043,328,712,480,703,604,27,11,48,2,7,0,2,320195118901.0,536229477514.91,13,4,46.42166344294004,68.12015503875969,61.885245901639344,94.0,53.0,7,0.5971233069560167,-384.0,-69.2694505369306,0.7714891579961448,46.464646464646464,74.74747474747475,75.0,48.99328859060403,67.78523489932886,71.52777777777779,47.58064516129033,68.29268292682927,64.34782608695652,45.16728624535316,66.91449814126395,55.53359683794466,190.0,53.0,42,,
2025-06-19,1040,119,921,327,573,524,8,72,35,2,2,4,1,209664524418.67,626311589040.03,18,3,31.71677982541222,55.68513119533528,53.798767967145785,57.0,120.0,-2,0.3347607294637965,-802.0,-100.76353716675544,0.3859693563399824,44.44444444444444,59.59595959595959,69.79166666666666,34.22818791946309,57.71812080536913,62.5,34.274193548387096,56.91056910569105,58.69565217391305,27.47663551401869,53.83177570093458,46.03174603174603,133.0,37.0,24,,
2025-06-20,1043,740,301,414,630,546,63,15,32,1,4,0,6,1305475046629.1,228280968078.01,14,4,40.15518913676043,61.224489795918366,56.05749486652978,98.0,98.0,4,5.7187204768773485,439.0,-65.1371635494219,0.4298989207004863,58.16326530612245,69.38775510204081,71.57894736842105,47.651006711409394,67.78523489932886,67.36111111111111,35.08064516129033,60.16260162601627,59.388646288209614,37.12686567164179,58.3955223880597,48.418972332015805,102.0,32.0,42,,
2025-06-23,1038,522,511,432,633,559,49,10,35,1,9,1,5,540388354297.09,325557978236.43,6,3,42.14634146341464,61.87683284457478,57.74793388429752,120.0,97.0,8,1.6598836165048418,11.0,-55.75092828885462,0.6154205081785703,57.73195876288659,76.28865979381443,70.2127659574468,53.02013422818792,67.11409395973155,70.83333333333334,39.516129032258064,63.82113821138211,61.40350877192983,37.47645951035782,56.873822975517896,50.0,67.0,22.0,41,,
2025-06-24,1029,731,297,547,709,582,59,15,27,1,5,1,5,704984387693.01,357575670520.9,4,3,53.83858267716536,69.92110453648915,60.62499999999999,171.0,40.0,4,1.9715669879497693,434.0,-26.296942499625303,1.2483874381762412,67.0103092783505,79.38144329896907,73.40425531914893,66.0,76.0,73.97260273972603,50.81300813008131,68.9795918367347,62.99559471365639,49.33078393881453,66.85823754789271,53.14401622718052,55.0,17.0,45,,
2025-06-25,1032,827,204,717,785,630,108,6,34,1,13,0,5,737414536775.55,229893159473.12,11,8,70.29411764705881,77.18780727630286,65.35269709543569,216.0,31.0,13,3.207640185839333,623.0,8.46770006266389,1.2638330154747934,71.42857142857143,84.5360824742268,73.40425531914893,72.66666666666667,80.0,76.71232876712328,63.56275303643725,75.60975609756098,68.42105263157895,72.57142857142857,75.76335877862596,59.07258064516129,53.0,21.0,59,,
2025-06-26,1036,512,518,717,794,633,35,11,31,2,24,0,4,833802076111.82,279427968642.92,12,9,70.08797653958945,77.84313725490196,65.4601861427094,202.0,32.0,24,2.983960697138849,-6.0,6.699130953107829,0.3312433000088525,78.57142857142857,87.62886597938144,77.6595744680851,76.51006711409396,85.23489932885906,78.62068965517241,66.39676113360325,74.39024390243902,67.68558951965066,68.43100189035917,75.56818181818183,58.31663326653307,47.0,27.0,77,,
2025-06-27,1037,581,452,763,811,646,60,8,34,1,22,0,5,946211373874.76,512953950622.12,16,12,74.51171875,79.43192948090108,66.66666666666666,203.0,25.0,22,1.8446321989082597,129.0,11.903508709671854,0.6968317211687268,82.6530612244898,88.65979381443299,80.85106382978722,76.51006711409396,83.89261744966443,74.48275862068967,73.27935222672065,78.86178861788618,71.17903930131004,73.0188679245283,76.74858223062382,59.68063872255489,49.0,35.0,84,,
2025-06-30,1035,643,386,784,830,654,67,8,37,1,23,1,4,652143905945.22,365792560802.4,32,19,76.48780487804878,81.37254901960785,67.63185108583247,162.0,27.0,22,1.782824408770593,257.0,22.693734147985737,0.9343618477587488,78.57142857142857,86.5979381443299,80.85106382978722,80.0,83.33333333333334,74.14965986394559,75.40322580645162,81.22448979591836,70.48458149779736,75.61436672967864,79.92424242424242,61.923847695390776,75.0,51.0,84,,
2025-07-01,1037,441,588,745,814,645,33,21,34,2,20,1,2,530588880360.97,407844810856.57,31,19,72.47081712062257,79.6477495107632,66.56346749226006,160.0,37.0,19,1.3009577815802256,-147.0,11.605908227004178,0.5764983388538578,77.55102040816327,85.56701030927834,78.72340425531915,74.66666666666667,83.33333333333334,73.46938775510205,68.95161290322581,77.14285714285715,66.51982378854625,72.55639097744361,78.67924528301887,62.27544910179641,102.0,67.0,81,,
2025-07-02,1041,382,653,694,793,640,34,19,30,1,8,2,1,445929100522.53,475093186517.56,41,22,67.444120505345,77.59295499021526,66.11570247933885,134.0,48.0,6,0.938613967064434,-271.0,-4.132212476570075,0.623251265759186,67.70833333333334,83.15789473684211,77.17391304347827,71.33333333333334,80.66666666666666,72.97297297297297,66.26016260162602,77.36625514403292,66.07142857142857,66.85288640595903,75.84269662921348,62.10317460317461,132.0,81.0,70,,
2025-07-03,1042,512,527,721,809,654,47,7,36,1,8,1,6,501407160236.04,417968990591.75,42,19,70.20447906523856,79.31372549019608,67.70186335403726,114.0,47.0,7,1.1996276554539615,-15.0,-4.76764461574321,0.8098654590702025,71.57894736842105,79.7872340425532,76.92307692307693,69.79865771812081,80.53691275167785,75.34246575342466,67.20647773279353,78.27868852459017,68.14159292035397,71.45522388059702,79.36210131332082,63.618290258449306,162.0,91.0,69,,
2025-07-04,1037,544,487,715,814,652,35,11,37,2,10,2,2,486067405123.54,339163127055.64,30,9,70.02938295788442,80.27613412228797,67.84599375650365,116.0,37.0,8,1.4331375268980822,57.0,-1.6871008716575258,0.7794388885815116,66.3157894736842,80.85106382978722,76.92307692307693,72.48322147651007,81.87919463087249,76.55172413793103,68.29268292682927,80.24691358024691,67.2566371681416,70.80979284369114,79.73484848484848,63.92785571142284,176.0,88.0,61,,
2025-07-07,1044,384,656,669,788,645,34,25,34,3,7,2,3,382194612577.2,337485688119.07,33,18,65.14118792599805,77.25490196078432,66.56346749226006,116.0,43.0,5,1.1324765050254697,-272.0,-15.494800466105978,0.5168900644392368,57.89473684210527,80.85106382978722,76.92307692307693,63.758389261744966,79.86577181208054,75.17241379310344,62.34817813765182,77.45901639344262,64.91228070175438,68.09701492537313,75.79737335834896,62.97029702970297,177.0,87.0,51,,
2025-07-08,1038,454,574,634,788,645,39,13,25,4,6,2,8,450997656583.35,412265201386.28,24,9,62.03522504892368,77.63546798029557,66.77018633540372,108.0,49.0,4,1.0939503384395008,-120.0,-19.622909617028878,0.7230134118142735,67.0103092783505,80.41237113402062,78.72340425531915,62.58503401360544,79.45205479452055,77.46478873239437,57.08502024291497,77.8688524590164,67.10526315789474,63.2768361581921,76.51515151515152,61.354581673306775,170.0,77.0,43,,
2025-07-09,1037,530,498,650,781,650,44,5,21,5,11,2,7,524137648292.1,363528514460.46,30,15,63.5386119257087,77.02169625246549,67.35751295336787,117.0,43.0,9,1.4418061512176343,32.0,-15.454328392982813,0.7381415505917097,59.79381443298969,79.16666666666666,79.56989247311827,62.83783783783784,83.1081081081081,76.38888888888889,60.56910569105691,74.8971193415638,68.28193832599119,65.78947368421053,75.90132827324479,62.07584830339321,159.0,70.0,45,,
2025-07-10,1024,487,535,643,776,649,45,2,21,3,8,1,5,398855257248.78,425120424772.99,30,16,63.72646184340932,77.60000000000001,68.17226890756302,128.0,20.0,7,0.9382171121553728,-48.0,-15.812919804458508,0.9702235890161738,53.68421052631579,78.72340425531915,75.82417582417582,58.38926174496645,79.86577181208054,77.24137931034483,59.34959349593496,76.44628099173553,68.14159292035397,69.17148362235068,77.28155339805825,64.08163265306122,147.0,67.0,46,,
2025-07-11,1025,275,748,536,714,624,25,14,23,3,6,2,4,339801161290.11,587694879086.9,27,18,53.12190287413281,71.39999999999999,65.54621848739495,114.0,21.0,4,0.5781931634627447,-473.0,-37.29045086224794,0.635855077603695,37.89473684210527,70.2127659574468,71.42857142857143,48.32214765100672,71.14093959731544,71.72413793103448,52.84552845528455,70.37037037037037,67.10526315789474,57.41811175337187,72.17898832684824,61.885245901639344,144.0,76.0,54,,
2025-07-14,1016,515,498,554,707,626,49,17,33,3,10,2,2,570774938119.75,350084915808.28,30,16,55.45545545545546,71.41414141414143,66.45435244161358,119.0,33.0,8,1.6303899778199191,17.0,-30.967287662346664,0.6342878453948408,43.15789473684211,70.2127659574468,73.62637362637363,59.06040268456376,75.16778523489933,72.91666666666666,55.87044534412956,68.0327868852459,66.66666666666666,56.49606299212599,72.16699801192843,63.04801670146137,141.0,74.0,61,,
2025-07-15,1019,747,270,698,791,673,66,8,31,3,12,0,2,657462789447.38,252464580049.97,27,13,69.66067864271457,79.5774647887324,71.1416490486258,140.0,39.0,12,2.604178333916184,477.0,-2.406146688119339,1.062395240231544,54.25531914893617,74.19354838709677,75.55555555555556,68.45637583892618,78.52348993288591,77.77777777777779,69.63562753036437,79.50819672131148,71.73913043478261,72.8515625,80.90551181102363,68.04979253112033,144.0,78.0,70,,
2025-07-16,1022,569,447,714,812,683,46,8,39,2,12,0,10,575061813251.51,324499797636.57,28,19,71.04477611940298,81.444332998997,71.9704952581665,161.0,33.0,12,1.7721484495209514,122.0,4.275659578285622,0.7182979784304607,56.38297872340425,75.26881720430107,74.44444444444444,65.77181208053692,79.86577181208054,79.16666666666666,69.75806451612904,81.63265306122449,73.04347826086956,75.87548638132296,82.94117647058825,68.8659793814433,142.0,82.0,77,,
2025-07-17,1031,513,515,727,815,695,34,11,38,3,14,0,5,425570501045.87,470414189858.55,28,13,71.55511811023622,80.93346573982126,72.47132429614182,146.0,27.0,14,0.904671904505763,-2.0,3.767225638170435,1.101080402622389,55.208333333333336,68.08510638297872,74.72527472527473,66.8918918918919,81.75675675675676,76.92307692307693,69.75806451612904,82.85714285714286,73.04347826086956,76.7175572519084,82.11538461538461,70.5050505050505,140.0,79.0,69,,
2025-07-18,1032,292,737,635,766,684,25,12,51,3,12,0,7,359163596710.51,525815268919.81,39,17,62.43854473942969,76.06752730883814,71.32429614181439,105.0,31.0,12,0.6830604167283788,-445.0,-18.8363215088189,0.580037730789504,46.31578947368421,62.36559139784946,68.88888888888889,55.70469798657718,76.35135135135135,78.72340425531915,60.88709677419355,75.91836734693878,73.27586206896551,68.0,78.50287907869482,68.75,152.0,78.0,58,,
2025-07-21,1035,483,550,611,741,673,26,25,46,2,11,1,3,553860962121.89,285762326269.73,53,22,59.96074582924435,73.51190476190477,70.17726798748697,85.0,48.0,10,1.9381874768163203,-67.0,-19.16817271195069,0.4530943619676696,52.63157894736842,69.89247311827957,74.44444444444444,58.38926174496645,77.02702702702703,75.88652482269504,60.24096385542169,71.83673469387755,73.91304347826086,61.59695817490495,73.9463601532567,66.06425702811245,175.0,84.0,56,,
2025-07-22,1034,398,631,552,704,656,29,23,53,3,10,2,5,508438518268.29,450106497910.07,43,20,54.223968565815326,69.91062562065541,68.4759916492693,80.0,60.0,8,1.1295960414458948,-233.0,-27.656064627068623,0.5583808957385906,40.42553191489361,61.95652173913043,71.91011235955057,48.32214765100672,72.97297297297297,73.75886524822694,54.21686746987952,68.9795918367347,69.1304347826087,58.36501901140685,70.88122605363985,66.06425702811245,191.0,91.0,52,,
2025-07-23,1040,492,545,559,702,659,31,18,39,3,11,3,5,606580986545.83,286212158028.1,20,11,54.58984375,69.36758893280633,68.3609958506224,86.0,66.0,8,2.119340389747792,-53.0,-25.77493189135911,0.4259590851686699,50.0,65.21739130434783,70.45454545454545,52.348993288590606,72.97297297297297,73.23943661971832,55.020080321285135,66.80327868852459,70.0,55.82706766917293,70.26515151515152,65.87301587301587,183.0,83.0,49,,
2025-07-24,1051,357,691,531,693,664,36,36,34,4,12,3,2,416972266167.97,539262652273.18,21,10,51.30434782608696,67.74193548387096,68.1025641025641,96.0,77.0,9,0.7732266724021896,-334.0,-38.08768874287067,0.6681644147481715,45.26315789473684,62.36559139784946,70.78651685393258,50.67567567567568,70.74829931972789,73.75886524822694,48.99598393574297,65.57377049180327,68.26086956521739,53.59116022099448,68.83116883116884,66.01941747572816,176.0,80.0,41,,
2025-07-25,1050,134,915,348,533,590,16,87,33,4,4,2,0,196841722217.37,719308938568.34,27,7,33.65570599613153,52.15264187866928,60.57494866529775,83.0,141.0,2,0.2736539359696397,-781.0,-70.7746574071987,0.535157979412149,26.041666666666668,39.361702127659576,66.66666666666666,32.6530612244898,51.36986301369864,66.18705035971223,32.1285140562249,48.57142857142857,60.77586206896552,35.97785977859779,56.23836126629422,57.89473684210527,164.0,70.0,27,,
2025-07-28,1046,226,820,253,448,545,23,86,30,6,10,5,1,318815548108.6,551393325985.32,28,7,24.586977648202136,44.051130776794494,56.24355005159959,75.0,209.0,5,0.5781998676514413,-594.0,-89.01814232816318,0.4766686599515239,18.75,34.04255319148936,62.22222222222222,23.809523809523807,47.94520547945205,65.46762589928058,24.193548387096776,43.44262295081967,56.70995670995672,26.022304832713758,45.0281425891182,52.455795677799614,139.0,55.0,25,,
2025-07-29,1045,759,284,347,520,575,99,13,34,4,12,2,3,677696462604.07,226617682237.36,31,7,33.59148112294289,51.130776794493606,59.33952528379773,138.0,186.0,10,2.9904836017793563,475.0,-50.72123122394699,0.8936799418252721,30.20833333333333,38.297872340425535,64.83516483516483,32.432432432432435,53.42465753424658,68.84057971014492,34.13654618473896,51.63934426229508,59.74025974025974,34.25925925925926,52.5328330206379,55.5992141453831,127.0,42.0,38,,
2025-07-30,1039,519,517,399,535,579,55,23,34,6,20,1,1,480370306238.62,353013561549.3,6,4,38.737864077669904,52.91790306627102,60.12461059190031,177.0,122.0,19,1.360770119228221,2.0,-41.37376607372242,0.7377208374644026,38.775510204081634,40.42553191489361,63.73626373626373,29.72972972972973,47.26027397260274,67.62589928057554,38.95582329317269,54.50819672131148,61.73913043478261,41.1214953271028,55.97722960151803,56.66003976143141,113.0,35.0,40,,
2025-07-31,1032,298,729,328,477,554,32,47,34,6,15,3,1,390396290877.25,631392018533.56,7,3,32.093933463796475,47.60479041916168,58.07127882599581,186.0,83.0,12,0.6183104623082901,-431.0,-54.8248145399118,0.6611228087485808,32.98969072164948,40.42553191489361,64.83516483516483,25.850340136054424,41.66666666666667,63.503649635036496,33.33333333333333,47.540983606557376,58.07860262008734,33.0812854442344,50.57692307692307,55.33199195171026,99.0,28.0,33,,
2025-08-01,1037,185,849,247,393,500,22,107,27,7,5,2,2,286555309450.96,604514588159.29,15,4,24.09756097560976,39.1044776119403,52.2466039707419,109.0,177.0,3,0.4740254661570756,-664.0,-77.70133690580417,0.4596871504601164,21.649484536082475,35.1063829787234,62.63736263736264,17.80821917808219,31.46853146853147,50.73529411764706,26.10441767068273,41.80327868852459,53.27510917030568,25.328330206378983,40.64885496183206,50.29940119760479,87.0,25.0,23,,
2025-08-04,1038,694,336,314,432,532,77,23,29,10,9,4,4,614397780970.44,178695601620.25,21,3,30.6640625,43.02788844621514,55.53235908141963,131.0,177.0,5,3.4382367299454315,358.0,-45.7722568441131,0.6007370500369741,29.166666666666668,37.634408602150536,63.33333333333333,33.33333333333333,42.36111111111111,60.58394160583942,32.66129032258064,44.44444444444444,56.76855895196506,29.268292682926827,43.51145038167939,52.19123505976096,80.0,21.0,33,,
2025-08-05,1038,376,660,324,412,526,26,23,30,7,7,4,2,390966260929.91,430951781183.24,13,4,31.640625,40.99502487562189,54.96342737722048,125.0,153.0,3,0.9072157907236305,-284.0,-50.34403210714669,0.6279619198895969,31.25,38.70967741935484,64.44444444444444,30.2013422818792,40.41095890410959,59.71223021582733,34.959349593495936,42.38683127572017,57.826086956521735,30.58161350844278,40.91778202676864,50.60240963855421,62.0,18.0,25,,
2025-08-06,1043,229,812,251,363,498,17,77,28,11,5,6,2,334249761839.93,491764942109.26,9,1,24.44011684518014,36.01190476190476,51.87500000000001,120.0,123.0,-1,0.6796941652779848,-583.0,-68.95117979650468,0.414921473274904,32.98969072164948,38.70967741935484,64.44444444444444,25.0,35.61643835616438,56.52173913043478,26.93877551020408,41.32231404958678,55.84415584415584,21.601489757914337,33.2068311195446,46.50698602794412,65.0,15.0,18,,
2025-08-07,1037,477,556,255,357,495,36,32,19,7,3,7,3,550530341784.04,376613926995.97,14,8,24.975514201762977,35.66433566433567,51.886792452830186,79.0,132.0,-4,1.4617896533335877,-79.0,-59.31553517192325,0.5868926949293217,32.98969072164948,38.297872340425535,63.73626373626373,31.08108108108108,40.689655172413794,56.20437956204379,27.86885245901639,42.738589211618255,54.58515283842795,20.48872180451128,30.518234165067177,47.28370221327968,72.0,20.0,23,,
2025-08-08,1036,244,790,200,309,449,24,50,18,12,2,1,5,220358715538.18,730212082990.45,11,4,19.607843137254903,30.9,47.114375655823714,77.0,159.0,1,0.3017735814994203,-546.0,-74.13048134204647,1.0234850842775454,19.587628865979383,34.04255319148936,57.14285714285714,20.27027027027027,31.03448275862069,46.71532846715328,22.131147540983605,36.21399176954733,53.04347826086957,18.26741996233521,27.7992277992278,42.62626262626263,68.0,20.0,14,,
2025-08-11,1032,599,428,240,342,460,55,35,19,10,5,5,1,562424464125.23,192276159807.4,4,2,23.575638506876228,34.23423423423424,48.42105263157895,115.0,117.0,0,2.9250868370192213,171.0,-50.57660791079164,0.4784585170492076,29.166666666666668,39.784946236559136,61.11111111111112,28.37837837837838,37.93103448275862,48.92086330935252,26.01626016260163,40.16393442622951,54.58515283842795,20.07575757575757,29.40038684719536,43.08943089430895,51.0,19.0,21,,
2025-08-12,1033,492,535,268,344,456,38,34,18,14,10,5,0,347206483082.83,397785532717.91,8,4,26.326129666011788,34.4,48.05057955742888,117.0,119.0,5,0.8728484435080043,-43.0,-40.88516308751477,1.0535920354377832,32.29166666666667,38.70967741935484,56.17977528089888,27.027027027027028,35.86206896551724,48.57142857142857,30.48780487804878,42.44897959183673,55.65217391304348,23.10606060606061,29.40038684719536,42.85714285714285,46.0,19.0,18,,
2025-08-13,1033,603,425,310,379,466,73,30,21,14,13,9,2,636501381814.35,201747348100.37,7,2,30.48180924287119,37.9,49.15611814345991,166.0,99.0,4,3.154942990862454,178.0,-21.344551948175464,0.4497144745629482,46.39175257731959,44.680851063829785,61.11111111111112,31.29251700680272,38.88888888888889,52.51798561151079,34.285714285714285,45.49180327868852,55.021834061135365,25.568181818181817,32.818532818532816,43.26530612244898,44.0,20.0,31,,
2025-08-14,1018,329,684,279,342,448,17,46,17,17,7,8,3,385785537859.37,372359234528.88,7,3,27.78884462151394,34.650455927051674,47.86324786324786,128.0,110.0,-1,1.0360573931984722,-355.0,-31.18060666429949,0.4642543503906468,39.175257731958766,44.680851063829785,61.11111111111112,31.97278911564626,38.88888888888889,49.64028776978417,33.198380566801625,40.81632653061224,53.91304347826087,21.832358674463936,28.57142857142857,41.92872117400419,37.0,15.0,17,,
2025-08-18,1028,768,255,413,433,500,123,14,23,15,15,1,6,811508016272.35,202567733565.88,5,3,40.81027667984189,43.517587939698494,52.9100529100529,213.0,90.0,14,4.006107004245213,513.0,3.965469586735949,0.7517933751372167,54.736842105263165,52.17391304347826,69.66292134831461,42.17687074829932,45.13888888888889,53.956834532374096,47.368421052631575,48.16326530612245,60.43478260869565,34.79923518164436,39.29961089494164,45.9958932238193,31.0,14.0,45,,
2025-08-19,1025,752,269,519,483,531,86,8,28,11,13,0,9,641867040994.61,193407798034.68,13,8,51.33531157270029,48.6404833836858,56.30965005302227,226.0,68.0,13,3.318723689101288,483.0,32.49553743343757,0.8423536562076015,58.333333333333336,55.434782608695656,70.78651685393258,60.544217687074834,52.083333333333336,61.15107913669065,53.62903225806451,52.4390243902439,61.471861471861466,46.34615384615385,44.61839530332681,49.79338842975206,40.0,20.0,53,,
2025-08-20,1019,535,481,542,501,528,59,11,29,11,16,0,5,602457267378.46,307901396758.1,5,3,53.93034825870647,50.75987841945289,56.35005336179295,268.0,33.0,16,1.9566564936753927,54.0,35.27626775520027,0.5684524165899074,64.21052631578948,54.94505494505495,69.31818181818183,63.26530612244898,57.24137931034483,62.142857142857146,51.012145748987855,53.278688524590166,62.44541484716157,50.775193798449614,46.94280078895464,49.375,37.0,19.0,56,,
2025-08-21,1019,480,534,544,509,528,40,14,23,9,12,0,6,488500065413.68,427166757930.26,31,20,54.23728813559322,51.57041540020263,56.47058823529412,185.0,33.0,12,1.1435816489574158,-54.0,32.07741084153139,0.7860185630941809,62.10526315789474,59.34065934065934,69.31818181818183,60.544217687074834,54.48275862068965,61.87050359712231,54.25101214574899,54.91803278688525,62.28070175438597,50.97276264591439,47.73175542406312,49.79166666666666,61.0,37.0,64,,
2025-08-22,1018,370,644,483,469,514,29,14,23,8,12,1,4,352211437830.6,396847500856.86,18,7,48.20359281437126,47.5659229208925,55.0321199143469,128.0,39.0,11,0.8875233863640736,-274.0,18.182001126136825,0.647345377392683,56.25,56.52173913043478,70.78651685393258,49.6551724137931,46.85314685314685,56.934306569343065,46.58634538152611,51.6260162601626,60.86956521739131,47.0703125,44.15841584158416,48.74476987447699,72.0,41.0,51,,
2025-08-25,1010,462,543,498,466,514,39,20,22,4,10,0,5,491756177062.43,276188924574.81,9,1,50.15105740181269,47.69703172978505,55.50755939524839,108.0,48.0,10,1.7805065058980318,-81.0,15.86051581384379,0.4778576918777595,60.41666666666666,57.60869565217392,69.66292134831461,53.79310344827586,49.65034965034965,57.66423357664233,51.80722891566265,52.84552845528455,61.471861471861466,46.3220675944334,42.74193548387097,49.25373134328358,76.0,39.0,48,,
2025-08-26,1010,155,855,343,383,470,10,59,20,6,5,8,0,450922906480.65,927387944828.58,12,4,34.50704225352113,39.16155419222903,50.646551724137936,78.0,93.0,-3,0.4862289929421062,-700.0,-17.153656707235967,0.3728419167492703,44.329896907216494,46.236559139784944,62.92134831460674,35.41666666666667,40.140845070422536,52.55474452554745,36.94779116465863,43.08943089430895,56.70995670995672,31.15079365079365,35.61368209255533,44.79830148619958,75.0,35.0,23,,
2025-08-28,1008,243,761,293,336,431,18,50,23,5,4,12,0,265053792870.61,703945438842.33,7,1,29.655870445344128,34.53237410071942,46.5945945945946,67.0,129.0,-8,0.3765260462607769,-518.0,-36.19500592922299,0.8480600259630369,38.297872340425535,41.11111111111111,60.46511627906976,23.61111111111111,32.16783216783217,41.6058394160584,30.120481927710845,36.3265306122449,53.01724137931034,29.540918163672654,33.131313131313135,42.340425531914896,77.0,33.0,13,,
2025-08-29,1005,397,605,284,320,420,24,15,15,8,5,14,1,369291519988.09,478947461580.3,15,2,28.80324543610548,33.02373581011352,45.5531453362256,52.0,124.0,-9,0.7710480785712962,-208.0,-36.7943844843758,0.8510472502873393,35.41666666666667,36.95652173913043,60.22727272727273,25.694444444444443,29.577464788732392,40.44117647058824,26.720647773279357,34.5679012345679,51.30434782608696,29.458917835671343,32.52032520325203,41.452991452991455,61.0,15.0,11,,
2025-09-01,1000,790,206,404,388,468,87,4,23,6,10,2,5,656638323844.82,135195709360.17,10,6,41.18246687054026,40.24896265560166,51.14754098360656,129.0,69.0,8,4.856946473763406,584.0,2.4771187733904583,0.7895807534685814,44.329896907216494,41.48936170212766,63.33333333333333,47.55244755244755,42.25352112676056,54.81481481481482,36.43724696356275,40.49586776859504,55.70175438596491,41.093117408906885,39.30041152263375,45.45454545454545,53.0,14.0,38,,
2025-09-02,999,642,353,470,435,495,78,13,22,3,13,2,1,523834234173.06,327358219056.71,3,2,47.81281790437436,45.03105590062112,54.03930131004366,189.0,32.0,11,1.6001865958413997,289.0,21.291868464913648,1.1365530048677828,48.45360824742268,44.680851063829785,65.55555555555556,50.349650349650354,49.29577464788733,59.25925925925925,40.32258064516129,42.79835390946502,57.45614035087719,50.70707070707071,44.969199178644764,48.59611231101512,47.0,15.0,46,,
2025-09-03,997,689,303,545,486,512,78,6,32,1,14,0,4,711003687352.3201,191998134772.18,2,1,55.55555555555556,50.36269430051813,55.89519650655021,243.0,23.0,14,3.703180180349036,386.0,42.12202010884141,0.6140471924120499,55.67010309278351,48.93617021276596,64.04494382022472,61.11111111111112,53.14685314685315,60.29411764705882,48.58299595141701,49.58677685950413,60.0,57.40365111561866,50.20576131687243,50.97613882863341,37.0,12.0,55,,
2025-09-04,994,296,698,469,446,496,24,17,30,2,14,1,4,423867072376.05,538238845226.76,12,10,47.906026557711954,46.409989594172735,54.26695842450766,180.0,36.0,13,0.7875073977566127,-402.0,20.32118966385545,0.5384949641315906,45.36082474226804,49.46236559139785,65.55555555555556,46.57534246575342,48.27586206896552,56.20437956204379,44.71544715447154,45.83333333333333,59.388646288209614,50.40816326530613,45.54865424430642,48.90829694323144,42.0,21.0,45,,
2025-09-05,997,473,521,462,461,491,53,10,37,2,15,0,1,494912647839.54,269344831408.91,29,15,47.14285714285714,47.92099792099792,53.54416575790621,155.0,33.0,15,1.8374685166621247,-48.0,19.27987368507317,0.4940870951166204,48.45360824742268,48.38709677419355,63.33333333333333,49.65986394557823,49.6551724137931,56.934306569343065,42.91497975708502,46.88796680497925,58.951965065502186,48.26175869120655,47.82608695652174,47.93926247288504,56.0,34.0,73,,
2025-09-08,999,543,452,495,467,514,65,11,50,2,22,2,6,529550153206.42,213565256769.31,25,15,50.45871559633027,48.494288681204566,55.99128540305011,142.0,38.0,20,2.479570699921627,91.0,25.24314915478896,0.4844900908315659,51.546391752577314,46.236559139784944,65.55555555555556,52.702702702702695,51.36986301369864,60.86956521739131,43.08943089430895,45.83333333333333,60.526315789473685,53.265306122448976,49.3801652892562,50.43290043290043,71.0,43.0,76,,
2025-09-09,1001,465,532,510,474,513,43,17,47,2,16,2,6,439694805107.46,294763406242.44,29,18,51.88199389623601,49.1701244813278,55.76086956521738,161.0,38.0,14,1.4916872169193736,-67.0,22.315533935622007,0.5859540394675,54.63917525773196,50.0,65.21739130434783,61.07382550335571,55.55555555555556,58.82352941176471,46.12244897959184,46.02510460251046,60.526315789473685,51.42276422764228,48.65979381443299,50.646551724137936,97.0,59.0,74,,
2025-09-10,1000,615,380,607,545,543,63,13,48,0,4,0,4,627088700936.45,253776274700.5,18,8,61.74974567650051,56.59397715472482,59.08596300326442,171.0,41.0,4,2.471029656639587,235.0,34.800845253556155,0.6549581662376764,72.16494845360825,59.375,69.56521739130434,75.16778523489933,65.97222222222221,62.96296296296296,57.55102040816327,55.64853556485355,65.06550218340611,57.72357723577236,53.71900826446281,52.915766738660906,113.0,66.0,71,,
2025-09-11,997,457,533,617,560,539,40,13,48,1,7,0,2,466677877553.56,421973343186.22,27,13,62.89500509683996,58.15160955347872,58.65070729053319,146.0,43.0,7,1.105941607661249,-76.0,29.751782204122065,0.7752768101512205,69.0721649484536,58.333333333333336,65.59139784946237,76.51006711409396,71.52777777777779,64.17910447761194,60.40816326530612,56.66666666666666,63.04347826086957,58.77551020408164,54.865424430641816,53.46320346320347,128.0,69.0,61,,
2025-09-12,999,468,525,620,562,550,36,7,48,2,6,1,2,566916964087.11,277492077656.46,24,13,63.072227873855546,58.05785123966943,59.78260869565217,139.0,33.0,5,2.0430023403729853,-57.0,26.23607438583531,0.4363326237138944,72.16494845360825,65.625,69.89247311827957,76.51006711409396,69.86301369863014,67.91044776119402,62.44897959183674,54.16666666666666,63.75545851528385,57.52032520325203,54.93827160493827,53.44827586206896,123.0,67.0,64,,
2025-09-15,1000,606,391,682,610,575,54,7,51,3,21,0,1,529368520306.75,252769856883.33,35,19,69.23857868020305,62.95149638802889,62.43213897937026,130.0,27.0,21,2.094270760105263,215.0,36.69896382927096,0.7400533647732579,74.48979591836735,63.54166666666666,70.96774193548387,81.20805369127517,77.3972602739726,71.64179104477611,67.07317073170732,61.66666666666667,68.5589519650655,65.65040650406505,59.13757700205339,55.053763440860216,133.0,71.0,70,,
2025-09-16,1003,617,377,717,659,604,43,4,46,1,17,0,2,621038279190.85,216489065178.66,22,13,72.57085020242914,67.79835390946502,65.29729729729729,133.0,18.0,17,2.8686819755923065,240.0,46.71123948426208,0.5705075670501585,78.57142857142857,70.83333333333334,74.19354838709677,84.56375838926175,79.45205479452055,75.55555555555556,74.39024390243902,70.0,70.86956521739131,66.86868686868686,62.65306122448979,57.81584582441114,126.0,66.0,69,,
2025-09-17,1010,575,432,761,687,619,39,7,44,1,15,1,5,614969323852.19,285711832865.45,25,18,76.40562248995984,70.17364657814096,66.48764769065521,136.0,18.0,14,2.152411111869479,143.0,50.188178971858186,0.61838489458571,77.55102040816327,75.0,75.26881720430107,84.66666666666667,81.5068493150685,77.37226277372264,78.86178861788618,69.58333333333333,71.05263157894737,72.50996015936255,66.19718309859155,59.40803382663847,133.0,76.0,75,,
2025-09-18,1019,468,540,750,698,621,30,16,38,1,10,1,7,603901172880.58,306990205529.69,42,20,74.7011952191235,70.86294416243655,66.34615384615384,112.0,27.0,9,1.9671675578007155,-72.0,42.16002133889357,0.440565758229358,84.375,77.6595744680851,74.72527472527473,88.0,85.61643835616438,78.26086956521739,74.79674796747967,71.96652719665272,69.60352422907489,68.9453125,64.82213438735178,59.79166666666666,148.0,83.0,68,,
2025-09-19,1023,504,512,724,688,624,47,17,36,2,10,1,7,793491510875.88,526607511639.19,37,18,71.96819085487077,69.63562753036437,66.45367412140575,116.0,40.0,9,1.5067986941658895,-8.0,38.285146456014346,0.6532889919611427,77.08333333333334,76.59574468085107,75.82417582417582,86.0,82.99319727891157,79.85611510791367,72.46963562753037,70.0,70.92511013215858,66.66666666666666,64.29980276134121,58.713692946058096,161.0,88.0,64,,
2025-09-22,1030,324,705,608,629,609,34,27,39,2,14,3,3,484106032455.83,484855975695.06,47,15,60.01974333662389,63.15261044176707,64.37632135306553,111.0,60.0,11,0.9984532659659296,-381.0,16.13070269887254,0.4602864087389229,62.5,65.26315789473685,72.82608695652173,68.66666666666667,76.71232876712328,78.41726618705036,61.1336032388664,65.0,68.58407079646017,56.53846153846154,58.05825242718446,56.85071574642127,173.0,84.0,47,,
2025-09-23,1027,353,670,562,603,582,33,16,40,2,16,2,3,450206258403.38,528694725901.08,37,13,55.64356435643565,60.72507552870091,61.78343949044586,114.0,60.0,14,0.8515429346038429,-317.0,0.3079997730219332,0.6187188575369966,58.76288659793815,65.97938144329896,74.46808510638297,61.74496644295302,72.22222222222221,70.28985507246377,56.2753036437247,61.41078838174274,65.929203539823,52.9980657640232,56.16438356164384,54.958677685950406,188.0,84.0,42,,
2025-09-24,1033,288,744,488,560,563,23,21,35,3,15,5,0,347173430554.38,518928643385.21,61,24,47.8900883218842,56.00000000000001,59.5137420718816,90.0,64.0,10,0.6690195944660294,-456.0,-20.171951227445447,0.5786030445079944,53.608247422680414,64.58333333333334,70.96774193548387,51.006711409395976,62.5,65.94202898550725,46.1847389558233,57.02479338842975,64.60176991150442,46.75572519083969,52.12355212355212,53.16973415132924,224.0,90.0,37,,
2025-09-25,1041,250,788,398,492,538,16,31,41,3,8,11,0,339188134497.96,570009342807.62,35,8,38.79142300194932,48.9065606361829,56.51260504201681,72.0,68.0,-3,0.5950571491113912,-538.0,-41.68144957670782,0.5331569979833012,44.89795918367347,56.70103092783505,69.14893617021278,41.891891891891895,56.64335664335665,62.77372262773723,35.34136546184739,49.79253112033195,63.11111111111111,38.4180790960452,44.95238095238096,49.39516129032258,217.0,78.0,29,,
2025-09-26,1047,107,940,236,353,464,6,104,37,3,5,18,0,179581468465.09,715905369653.07,26,8,22.890397672162948,34.91592482690405,48.38373305526591,45.0,156.0,-13,0.2508452598310804,-833.0,-74.61366341744363,0.4537848843972403,34.02061855670103,45.83333333333333,61.29032258064516,20.27027027027027,39.16083916083916,49.63503649635037,18.8,35.53719008264463,53.53982300884957,23.50746268656717,31.50943396226415,43.33996023856859,206.0,68.0,18,,
2025-09-29,1051,456,591,235,353,456,43,37,40,2,7,11,0,710759740973.71,535567614939.8,19,2,22.771317829457363,34.846989141164855,47.5,65.0,172.0,-4,1.3271148612180412,-135.0,-67.49763793418555,0.5813917292379309,37.11340206185567,48.95833333333333,62.36559139784946,28.57142857142857,42.95774647887324,50.0,16.06425702811245,32.780082987551864,52.654867256637175,21.70686456400742,31.086142322097377,41.78217821782178,178.0,55.0,18,,
2025-09-30,1056,500,552,252,352,463,18,20,30,3,7,5,0,510873282028.09,408462014200.62,10,3,24.347826086956523,34.645669291338585,48.07892004153687,67.0,161.0,2,1.2507240924909355,-52.0,-56.92594795632894,0.7242181604140163,41.23711340206185,47.91666666666667,62.76595744680851,28.965517241379317,37.5886524822695,51.49253731343284,20.48192771084337,34.024896265560166,55.70175438596491,21.875,31.78438661710037,41.02564102564102,151.0,45.0,18,,
2025-10-01,1054,808,244,362,436,506,87,2,32,2,11,2,2,745786816543.01,163216403718.78,2,1,35.11154219204656,43.125618199802176,52.81837160751566,148.0,59.0,9,4.569312884922965,564.0,-16.802523285479893,0.7247206512740032,50.0,59.13978494623656,70.0,38.775510204081634,44.05594405594406,56.20437956204379,30.76923076923077,44.35146443514644,57.9646017699115,33.51749539594843,39.55223880597015,46.53465346534654,92.0,22.0,38,,
2025-10-03,1055,734,317,480,509,535,91,9,36,1,21,3,3,662690201375.89,371468085346.34,10,8,46.55674102812803,50.3960396039604,55.90386624869383,196.0,31.0,18,1.7839761409328816,417.0,10.237017424523444,1.2979194957385507,58.94736842105262,61.70212765957447,71.42857142857143,49.6551724137931,51.77304964539007,58.51851851851851,41.86991869918699,50.84033613445378,59.55555555555555,45.68807339449542,47.8584729981378,50.790513833992094,67.0,22.0,51,,
2025-10-06,1057,439,615,486,510,527,50,23,37,1,17,5,3,544796345083.58,319730200611.56,6,4,47.093023255813954,50.44510385756677,55.01043841336117,228.0,34.0,12,1.703925197061546,-176.0,3.654639644453667,0.4189275089319539,63.1578947368421,64.8936170212766,71.73913043478261,53.79310344827586,56.33802816901409,62.22222222222222,45.90163934426229,51.271186440677965,58.744394618834086,43.06569343065693,46.01113172541744,48.4251968503937,47.0,18.0,49,,
2025-10-07,1060,430,627,490,511,529,35,27,34,1,10,8,5,523762537895.53,375348883100.76,13,8,47.38878143133462,50.444225074037504,55.16162669447341,176.0,59.0,2,1.395401882026992,-197.0,-3.0415665557282523,0.4914752025784225,68.08510638297872,69.89247311827957,74.72527472527473,56.84931506849316,61.53846153846154,63.503649635036496,48.36065573770492,48.72881355932204,59.45945945945946,40.909090909090914,44.91682070240296,47.54420432220039,41.0,24.0,53,,
2025-10-08,1061,350,705,432,470,524,33,22,28,3,8,12,1,375077732162.69,435708088940.17,30,4,41.77949709864603,46.396841066140176,54.413291796469366,118.0,72.0,-4,0.8608463824370138,-355.0,-16.651615024105155,0.5767044049180798,60.63829787234043,61.29032258064516,74.19354838709677,43.53741496598639,48.61111111111111,57.2463768115942,40.909090909090914,48.71794871794872,60.36036036036037,38.47549909255898,42.25092250922509,47.45098039215686,61.0,25.0,23,,
2025-10-09,1062,550,508,472,484,526,50,21,30,1,11,6,5,594598984998.4,226726382346.37,28,11,45.69215876089061,47.77887462981244,54.56431535269709,118.0,70.0,5,2.622539904024186,42.0,-8.354948389446875,0.4128353447331743,67.36842105263158,68.08510638297872,76.34408602150538,52.77777777777778,55.00000000000001,62.5,49.38271604938272,50.0,60.44444444444444,38.47549909255898,41.43646408839779,45.88235294117647,87.0,35.0,33,,
2025-10-10,1066,664,397,535,518,548,51,16,34,1,12,1,3,585818737856.43,269045987533.46,21,11,51.59112825458052,50.93411996066863,56.553147574819405,134.0,59.0,11,2.177392583428045,267.0,10.030476325133192,0.7681407998420352,71.57894736842105,70.2127659574468,77.41935483870968,57.93103448275863,56.73758865248227,64.23357664233576,55.371900826446286,52.96610169491526,62.94642857142857,44.86486486486487,45.23809523809524,47.96116504854369,98.0,38.0,40,,
2025-10-13,1064,320,743,449,479,520,21,24,28,1,9,7,2,389777693826.82,403788217635.57,16,10,43.38164251207729,47.19211822660099,53.8860103626943,122.0,61.0,2,0.9653022966078844,-423.0,-8.800137925526514,0.4461673902297212,60.41666666666666,66.3157894736842,74.19354838709677,49.30555555555556,57.44680851063831,63.76811594202898,48.7603305785124,52.54237288135594,59.64125560538116,36.52802893309223,38.85819521178637,45.00978473581213,108.0,44.0,25,,
2025-10-14,1058,227,827,344,407,482,19,47,19,1,6,13,1,355543957828.39,484933643714.21,17,6,33.46303501945525,40.33696729435084,50.2606882168926,91.0,87.0,-7,0.7331806370562437,-600.0,-33.70631242021295,0.3743771731600591,56.84210526315789,61.70212765957447,72.3404255319149,38.62068965517241,47.88732394366197,59.12408759124088,34.97942386831276,45.9915611814346,57.14285714285714,27.33944954128441,32.08955223880597,40.67460317460318,112.0,42.0,16,,
2025-10-15,1060,764,295,439,467,511,74,15,19,2,15,4,2,714633668209.56,185045314290.81,20,7,42.70428015564202,46.23762376237624,53.28467153284672,114.0,86.0,11,3.8619387415909903,469.0,-1.3825600510687792,0.6706037256840724,65.95744680851064,69.89247311827957,72.82608695652173,55.86206896551724,59.15492957746479,64.96350364963503,41.56378600823045,48.31932773109244,58.849557522123895,35.714285714285715,37.80260707635009,44.04761904761904,102.0,45.0,31,,
2025-10-16,1055,635,418,505,490,527,43,16,19,2,10,1,7,677721820594.7,295629359913.29,18,14,49.26829268292683,48.75621890547264,55.01043841336117,136.0,78.0,9,2.292471291733271,217.0,13.66116102480484,0.6626642442411066,75.25773195876289,76.84210526315789,76.59574468085107,58.04195804195804,60.0,65.44117647058823,53.086419753086425,49.37238493723849,60.26200873362445,40.59040590405904,40.48964218455744,45.69138276553106,92.0,48.0,38,,
2025-10-17,1049,303,742,444,455,517,27,30,19,2,11,1,1,508272408823.25,504072058746.2,13,5,43.57212953876349,45.36390827517448,54.02298850574713,144.0,61.0,10,1.008332836554158,-439.0,-6.3447632604472375,0.4049811533895386,73.68421052631578,76.34408602150538,80.64516129032258,53.14685314685315,60.0,65.18518518518519,42.38683127572017,43.333333333333336,55.89519650655021,36.2453531598513,36.9811320754717,45.2,84.0,42.0,28,,
2025-10-20,1050,606,440,494,493,530,65,16,19,3,26,4,3,642466259532.46,273194847147.13,22,14,48.47890088321884,49.10358565737052,55.208333333333336,135.0,62.0,22,2.351677808866057,166.0,6.831895291964472,0.5856553657479241,68.08510638297872,72.82608695652173,79.34782608695652,60.83916083916085,62.85714285714285,66.66666666666666,51.229508196721305,48.7603305785124,56.95652173913044,40.52044609665428,41.50943396226416,46.91848906560636,90.0,46.0,45,,
2025-10-21,1045,825,215,584,551,543,24,0,19,2,17,0,5,128606098192.01,43739648802.950005,19,12,57.59368836291914,55.1,56.68058455114823,116.0,46.0,17,2.940263621488799,610.0,40.263778877816655,1.305056211382371,72.3404255319149,77.17391304347827,79.12087912087912,67.13286713286713,67.14285714285714,68.38235294117648,60.65573770491803,54.54545454545454,58.44155844155844,51.03189493433396,48.28897338403042,48.6,92.0,52.0,56,,
2025-10-23,1023,391,632,532,530,532,35,41,13,2,12,0,5,601364166429.5,469317019919.92,18,10,53.57502517623364,54.19222903885481,56.71641791044776,124.0,57.0,12,1.281360233924845,-241.0,26.096720449331187,0.4828235414961658,64.8936170212766,72.82608695652173,78.02197802197803,59.02777777777778,65.24822695035462,66.42335766423358,58.60655737704919,58.26446280991735,60.17316017316018,47.55381604696673,45.72564612326044,48.22546972860125,90.0,55.0,60,,
2025-10-24,1023,357,660,492,504,530,28,13,14,3,11,2,8,416644217623.56,394222911081.53,34,19,49.447236180904525,51.37614678899083,56.3230605738576,87.0,54.0,9,1.056874691733462,-303.0,10.75340189072945,0.5118005901171728,63.1578947368421,69.89247311827957,75.82417582417582,54.54545454545454,62.4113475177305,68.11594202898551,56.55737704918032,57.26141078838174,59.56521739130435,42.10526315789473,42.094861660079054,47.71784232365145,106.0,60.0,49,,
2025-10-27,1022,544,476,526,522,539,47,14,21,3,21,3,5,625062489923.93,266424391898.73,5,2,52.91750503018109,53.3197139938713,57.401490947816825,110.0,68.0,18,2.346115854743214,68.0,16.13109751367132,0.4871273260212592,62.76595744680851,71.73913043478261,80.0,64.33566433566433,64.53900709219859,69.56521739130434,56.326530612244895,60.16597510373444,61.30434782608696,46.2890625,43.56435643564357,47.81704781704782,98.0,57.0,66,,
2025-10-28,1020,453,565,516,526,537,44,18,22,3,22,3,1,587843274919.98,489003823271.71,31,19,51.85929648241206,53.72829417773238,57.12765957446808,119.0,45.0,19,1.2021240876747723,-112.0,11.64837178371826,0.6669610231796127,60.215053763440864,71.42857142857143,79.7752808988764,61.37931034482759,66.90140845070422,69.7841726618705,56.734693877551024,57.49999999999999,58.69565217391305,45.3125,45.059288537549406,48.54771784232365,107.0,62.0,65,,
2025-10-29,1019,666,351,614,576,562,47,19,27,3,18,1,0,715551770307.26,339427393514.82,25,14,61.64658634538153,58.83554647599591,59.97865528281751,138.0,51.0,17,2.1081143831604674,315.0,29.10739942568981,0.9000630670672041,63.82978723404256,76.08695652173914,83.33333333333334,76.02739726027397,74.64788732394366,72.66187050359713,65.3061224489796,63.07053941908713,63.20346320346321,55.38160469667319,49.2063492063492,50.31446540880504,113.0,64.0,68,,
2025-10-30,1017,384,631,588,560,550,31,13,31,2,11,1,2,471184485756.25,489904515440.02,37,18,58.91783567134269,57.31832139201638,58.82352941176471,122.0,50.0,10,0.9617884116316908,-247.0,15.789331062447026,0.6327356800427006,54.25531914893617,70.65217391304348,81.11111111111111,73.46938775510205,67.13286713286713,72.14285714285714,61.943319838056674,61.82572614107884,61.90476190476191,54.11764705882353,49.9001996007984,49.15611814345991,132.0,72.0,54,,
2025-10-31,1017,310,704,506,515,536,32,24,34,2,13,8,0,487917754592.05,554337363618.51,37,19,50.49900199600798,52.55102040816326,57.20384204909285,110.0,56.0,5,0.8801819733151356,-394.0,-3.026564043437787,0.5002839440489789,50.51546391752577,63.44086021505376,76.92307692307693,63.6986301369863,65.03496503496503,69.06474820143885,50.20242914979757,54.958677685950406,59.05172413793104,46.875,45.81673306772908,49.05263157894737,135.0,72.0,48,,
2025-11-03,1021,643,375,579,567,557,77,21,43,1,28,5,5,669762556439.96,265253841423.97,57,27,57.44047619047619,57.56345177664974,59.25531914893617,140.0,58.0,23,2.5249872078928397,268.0,14.000978461247882,0.6790793479296855,55.67010309278351,65.95744680851064,78.26086956521739,65.75342465753424,67.6056338028169,71.73913043478261,59.2741935483871,59.50413223140496,59.91379310344828,54.54545454545454,52.26824457593688,51.67364016736402,187.0,97.0,66,,
2025-11-04,1024,304,718,490,507,531,23,19,30,1,18,7,2,427895730946.47,553443971861.7,32,16,48.418972332015805,51.2639029322548,56.19047619047619,132.0,64.0,11,0.773150946982212,-414.0,-5.610477589552104,0.5476269935947566,47.42268041237113,55.319148936170215,75.0,59.18367346938776,60.56338028169014,70.28985507246377,47.58064516129033,54.54545454545454,57.75862068965517,45.96153846153846,46.37964774951076,47.82608695652174,188.0,94.0,45,,
2025-11-06,1010,164,844,344,402,459,21,128,27,2,6,18,2,352155233271.82,711977093397.37,29,13,34.43443443443444,41.23076923076923,49.24892703862661,121.0,168.0,-12,0.4946159596110411,-680.0,-35.65022012503832,0.3928558964440525,39.175257731958766,51.06382978723404,72.82608695652173,43.91891891891892,52.77777777777778,62.142857142857146,31.17408906882591,40.833333333333336,52.17391304347826,32.34714003944773,36.21730382293762,39.361702127659576,192.0,93.0,19,,
2025-11-07,1012,524,487,368,408,467,45,27,29,2,17,21,4,653910710594.4401,475524419922.36,53,18,36.72654690618762,41.80327868852459,50.0,89.0,174.0,-4,1.375135919836053,37.0,-25.30594889225384,0.7824501882484431,42.70833333333333,53.76344086021505,70.32967032967034,49.32432432432432,54.86111111111112,67.14285714285714,32.244897959183675,41.596638655462186,51.73913043478261,34.1130604288499,35.92814371257485,40.169133192389005,208.0,93.0,18,,
2025-11-10,1017,449,565,377,409,467,47,58,33,5,18,23,3,553046345220.66,341098832889.78,31,13,37.51243781094528,41.69215086646279,49.94652406417112,113.0,213.0,-5,1.6213668646569863,-116.0,-23.98506724376186,0.4901359974781826,51.578947368421055,61.95652173913043,72.22222222222221,54.054054054054056,58.620689655172406,67.14285714285714,34.01639344262295,42.616033755274266,53.7117903930131,31.85328185328185,32.74161735700197,38.8655462184874,202.0,87.0,16,,
2025-11-11,1021,477,543,359,409,471,39,41,27,1,14,20,4,675060724137.35,299877966038.22,16,7,35.57978196233896,41.52284263959391,50.15974440894568,131.0,126.0,-6,2.2511181233345843,-66.0,-20.235788098082395,0.3902296505759455,53.68421052631579,65.21739130434783,76.92307692307693,51.70068027210885,60.0,67.62589928057554,33.46938775510204,41.10169491525424,53.30396475770925,28.735632183908045,32.2265625,38.58921161825727,161.0,67.0,21,,
2025-11-12,1026,651,373,436,457,496,64,16,31,2,14,2,4,751053833433.6,272262354482.29,20,9,42.95566502463054,46.16161616161616,52.54237288135594,150.0,115.0,12,2.758566585019576,278.0,0.2710245119639438,0.6326866715742414,60.824742268041234,69.89247311827957,81.52173913043478,61.64383561643836,65.73426573426573,69.34306569343066,44.71544715447154,46.63865546218487,55.89519650655021,33.65019011406844,36.240310077519375,40.74074074074074,149.0,60.0,32,,
2025-11-13,1031,387,638,425,436,493,39,33,34,4,8,9,5,526180792874.62,502988266845.61,13,9,41.66666666666667,43.95161290322581,52.11416490486258,142.0,90.0,-1,1.0461094772139663,-251.0,-8.647005829006247,0.5798466463718365,56.25,69.23076923076923,80.0,60.273972602739725,61.53846153846154,69.34306569343066,37.80487804878049,42.01680672268908,55.21739130434783,35.714285714285715,35.57692307692308,40.695296523517385,133.0,56.0,25,,
2025-11-14,1036,485,546,439,443,483,59,18,43,4,13,10,4,693914718077.68,351245507843.3,18,9,42.829268292682926,44.43329989969909,50.78864353312302,162.0,67.0,3,1.9755831820837235,-61.0,-6.728686741390732,0.4496284420388145,54.16666666666666,64.83516483516483,80.0,59.863945578231295,64.58333333333334,69.56521739130434,39.75409836065574,43.03797468354431,53.50877192982456,37.54646840148699,36.0,38.98989898989899,98.0,47.0,40,,
2025-11-17,1044,617,426,500,472,505,71,15,42,5,24,11,9,680717172818.09,257041152657.0,31,16,48.44961240310077,47.05882352941176,52.82426778242678,169.0,66.0,13,2.6482808911398337,191.0,7.545119512227494,0.5469045267657981,64.58333333333334,71.42857142857143,81.11111111111111,65.54054054054053,62.5,67.3913043478261,46.53061224489796,47.89915966386555,55.70175438596491,41.804788213628,38.301886792452834,42.4,98.0,50.0,50,,
2025-11-18,1042,254,786,415,427,472,19,28,33,7,11,14,2,392869097720.95,546974497655.12,19,13,40.252182347235696,42.57228315054836,49.47589098532495,149.0,61.0,-3,0.7182585283320887,-532.0,-16.43850173849009,0.4499149032527402,55.208333333333336,62.63736263736264,81.11111111111111,51.67785234899329,57.24137931034483,65.71428571428571,39.59183673469388,43.459915611814345,50.4424778761062,34.750462107208875,34.71698113207547,38.75502008032129,101.0,56.0,34,,
2025-11-19,1048,423,622,410,431,478,39,33,42,7,15,20,4,517828239827.61,359416649165.76,15,5,39.61352657004831,42.80039721946376,49.89561586638831,129.0,76.0,-5,1.440746390100565,-199.0,-20.212305399161156,0.4720222194235052,53.191489361702125,68.53932584269663,80.68181818181817,52.702702702702695,56.55172413793104,67.85714285714286,40.81632653061224,44.91525423728814,51.10132158590308,33.21167883211679,33.89199255121043,38.9662027833002,96.0,52.0,33,,
2025-11-20,1049,431,615,400,427,468,32,18,31,6,12,14,1,457733192976.61,442441339998.84,28,10,38.64734299516908,42.40317775571003,48.75,90.0,79.0,-2,1.034562441605954,-184.0,-22.587846002039115,0.6774003964827946,54.83870967741935,71.5909090909091,79.3103448275862,54.36241610738255,58.21917808219178,65.95744680851064,38.9344262295082,44.680851063829785,51.54185022026432,31.51183970856102,32.34200743494424,37.42574257425743,111.0,53.0,14,,
2025-11-21,1059,160,893,307,346,451,11,50,22,9,3,29,0,269255392085.87,564515793567.57,10,2,29.40613026819923,34.05511811023622,46.54282765737874,82.0,101.0,-26,0.4769669779905659,-733.0,-51.95599398748959,0.3756472478275634,47.82608695652174,57.47126436781609,77.90697674418605,36.91275167785235,48.63013698630137,64.53900709219859,29.508196721311474,35.319148936170215,48.89867841409692,24.329159212880143,25.91240875912409,35.33980582524272,103.0,46.0,5,,
2025-11-24,1055,273,781,276,321,416,28,101,23,15,4,46,0,497912891361.99,986915139442.0,18,5,26.53846153846154,31.75074183976261,43.19833852544133,71.0,169.0,-42,0.504514391828571,-508.0,-65.5559805451123,0.6928481372497384,42.391304347826086,50.57471264367817,70.93023255813954,35.374149659863946,45.13888888888889,60.431654676258994,26.42276422764228,33.33333333333333,45.85152838427948,21.62162162162162,24.49355432780847,32.61296660117878,90.0,35.0,7,,
2025-11-25,1053,571,478,290,335,430,47,7,24,12,6,15,1,453503098826.24,368019030964.79,15,6,27.99227799227799,33.201189296333,44.74505723204995,86.0,158.0,-9,1.232281650319406,93.0,-46.806189149154136,0.9693893187052148,42.391304347826086,52.87356321839081,75.29411764705883,33.78378378378378,44.13793103448276,58.45070422535211,29.38775510204082,35.59322033898305,48.89867841409692,23.41197822141561,26.062846580406656,33.92504930966469,86.0,28.0,12,,
2025-11-26,1044,827,213,403,399,463,61,7,21,9,14,2,0,680839785927.2,208148004152.06,3,1,39.24050632911392,39.900000000000006,48.634453781512605,136.0,115.0,12,3.270940736139947,614.0,-4.491086559864144,1.1870068647477636,59.78260869565217,66.66666666666666,77.64705882352942,48.64864864864865,53.79310344827586,65.95744680851064,40.65040650406504,42.19409282700422,51.52838427947598,32.53234750462107,30.69679849340866,37.42454728370221,74.0,24.0,22,,
2025-11-27,1040,376,662,378,389,447,20,12,22,11,8,6,0,411208341305.34,376832903402.6,14,9,36.98630136986301,39.09547738693468,47.10221285563752,128.0,26.0,2,1.0912219649408217,-286.0,-13.289218413221874,0.5204952329258805,59.34065934065934,66.66666666666666,78.82352941176471,47.2972972972973,56.25,64.08450704225352,38.61788617886179,41.77215189873418,49.77973568281938,29.60893854748604,28.6527514231499,35.55555555555556,60.0,23.0,15,,
2025-11-28,1039,428,608,375,392,459,30,13,20,14,8,6,3,373352368327.97,367232783758.42,12,7,36.76470588235294,39.47633434038268,48.41772151898734,111.0,32.0,2,1.016664047547497,-180.0,-15.44517505577663,0.6924090313994951,58.24175824175825,65.51724137931035,77.64705882352942,46.62162162162162,54.16666666666666,64.7887323943662,37.39837398373984,40.50632911392405,50.43859649122807,30.093457943925237,30.666666666666664,37.72819472616633,62.0,28.0,15,,
2025-12-01,1039,439,593,357,383,453,30,24,23,14,11,17,1,414443633737.94,365366358229.88,13,4,35.03434739941119,38.56998992950655,47.83526927138332,80.0,49.0,-6,1.1343234657559296,-154.0,-15.911292109882057,0.6526388315717305,52.22222222222223,63.95348837209303,75.0,46.97986577181208,58.21917808219178,64.33566433566433,33.06122448979592,41.10169491525424,50.4424778761062,29.719626168224305,27.80952380952381,37.24696356275304,57.0,27.0,15,,
2025-12-02,1036,317,716,324,363,438,19,16,21,15,7,22,1,354964360102.1,520038430100.52,8,5,31.92118226600985,36.70374115267948,46.34920634920635,79.0,53.0,-15,0.682573324501206,-399.0,-28.480265730592777,0.6486298457255569,52.74725274725275,57.47126436781609,76.47058823529412,41.891891891891895,51.36986301369864,60.13986013986013,30.08130081300813,38.81856540084388,49.33920704845815,26.41509433962264,28.13102119460501,35.714285714285715,50.0,26.0,20,,
2025-12-03,1032,295,735,278,329,426,14,28,17,23,2,31,1,295496456013.06,533317324036.98,8,3,27.497527200791293,33.401015228426395,45.27098831030818,63.0,68.0,-29,0.5540724868569438,-440.0,-41.13433684764752,0.7243827364438591,43.333333333333336,59.77011494252874,76.47058823529412,29.33333333333333,38.775510204081634,59.72222222222222,30.20408163265306,36.440677966101696,49.77777777777778,23.00380228136882,26.01941747572816,33.47022587268994,55.0,28.0,12,,
2025-12-04,1024,391,627,273,326,413,16,25,14,22,4,15,1,453024263220.94,364481316130.19,8,3,27.218344965104684,33.40163934426229,44.2658092175777,49.0,69.0,-11,1.242928630830347,-236.0,-41.54789596849105,0.5017218609672911,46.66666666666666,56.32183908045977,74.11764705882354,31.333333333333336,44.89795918367347,61.80555555555556,29.67479674796748,36.59574468085106,47.55555555555556,21.47001934235977,24.65483234714004,32.150313152400834,49.0,22.0,11,,
2025-12-05,1016,353,660,255,309,401,20,41,10,17,4,29,0,503345435087.87,317679592262.84,11,3,25.57673019057172,31.88854489164087,43.35135135135136,50.0,94.0,-25,1.5844437204874489,-307.0,-45.24374953696983,0.3375623115751567,50.0,58.620689655172406,75.29411764705883,34.66666666666667,44.89795918367347,60.41666666666666,24.193548387096776,35.319148936170215,46.66666666666666,19.25343811394892,21.8,30.78556263269639,48.0,18.0,7,,
2025-12-08,1007,97,910,150,225,347,11,151,9,31,4,65,0,132745260471.04,763420912015.76,6,2,15.166835187057634,23.4375,37.79956427015251,47.0,217.0,-61,0.1738821381255267,-813.0,-73.47748559033434,0.613021025290453,36.26373626373626,54.02298850574713,67.05882352941175,16.0,27.7027027027027,54.48275862068965,14.112903225806454,25.213675213675213,40.17857142857143,11.6,15.885947046843176,26.07758620689655,41.0,16.0,0,,
2025-12-09,1004,740,262,219,269,362,89,6,9,13,6,13,1,653095970575.12,356020224814.69,11,0,22.233502538071065,28.079331941544883,39.51965065502184,120.0,198.0,-7,1.834435026591703,478.0,-32.69994248800933,1.539671582789001,32.967032967032964,52.87356321839081,67.05882352941175,20.666666666666668,30.405405405405407,55.86206896551724,23.387096774193548,31.48936170212766,42.66666666666667,20.161290322580644,21.311475409836063,27.765726681127983,44.0,11.0,9,,
2025-12-10,1008,320,685,196,238,358,18,20,9,12,2,4,0,256396706732.72,504399113639.48,6,2,19.7979797979798,24.688796680497926,38.91304347826087,118.0,177.0,-2,0.5083210889937843,-365.0,-39.82164342308141,0.9190122046603604,29.03225806451613,45.97701149425287,64.70588235294117,20.666666666666668,27.7027027027027,54.48275862068965,18.548387096774192,28.270042194092827,42.85714285714285,18.43687374749499,18.29268292682927,27.467811158798284,42.0,10.0,5,,
2025-12-11,1007,632,372,251,283,362,32,10,10,11,4,3,0,579167459144.59,164151745116.91998,3,3,25.430597771023304,29.448491155046824,39.51965065502184,139.0,36.0,1,3.528244300613848,260.0,-14.461589505452622,0.4815212854980634,38.46153846153847,55.294117647058826,68.67469879518072,28.85906040268457,34.01360544217687,55.86206896551724,26.10441767068273,32.63598326359833,42.22222222222222,21.686746987951807,22.040816326530614,27.86177105831533,37.0,10.0,21,,
2025-12-12,995,668,325,333,327,390,49,5,9,11,10,2,0,629452177411.38,168432561079.57,5,0,34.04907975460122,34.24083769633508,42.951541850220266,99.0,35.0,8,3.73711694091036,343.0,11.443564541647248,0.5499920521309469,47.82608695652174,58.13953488372093,73.80952380952381,43.62416107382551,41.0958904109589,59.02777777777778,35.7429718875502,38.75,46.017699115044245,27.66393442622951,25.672877846790893,30.616740088105725,31.0,7.0,25,,
2025-12-15,990,533,452,360,338,398,45,9,10,6,15,3,0,413708510799.48,284741672419.5,5,4,37.03703703703704,35.54153522607781,44.12416851441242,126.0,24.0,12,1.4529257599849228,81.0,20.43525342920941,0.8116061895930907,48.91304347826087,59.09090909090909,71.76470588235294,39.59731543624161,43.15068493150685,56.94444444444444,39.75903614457831,39.58333333333333,48.660714285714285,32.572614107883815,26.83438155136269,32.516703786191535,30.0,9.0,26,,
2025-12-16,985,259,723,329,313,379,24,23,9,8,8,14,2,309185395847.44,466715600127.79,5,1,34.05797101449276,33.15677966101695,42.39373601789709,118.0,37.0,-6,0.6624706689958143,-464.0,0.7709711609289798,0.5407478635039202,40.21739130434783,51.72413793103448,67.85714285714286,35.57046979865772,41.37931034482759,55.94405594405595,35.7429718875502,35.833333333333336,46.90265486725664,31.512605042016805,25.847457627118644,30.839002267573694,24.0,10.0,15,,
2025-12-17,978,256,719,250,280,361,13,34,8,8,5,24,1,370392697932.06,389504707663.7,14,6,26.01456815816857,29.818956336528224,40.607424071991,82.0,66.0,-19,0.9509325321219444,-463.0,-15.99584503425541,0.3744220094632018,35.483870967741936,48.27586206896552,65.47619047619048,28.85906040268457,38.62068965517241,55.24475524475524,24.09638554216868,31.40495867768595,44.73684210526316,24.25531914893617,22.795698924731184,28.80184331797235,32.0,14.0,10,,
2025-12-18,974,373,597,248,257,348,27,13,10,8,5,24,2,517346931612.79,287564580067.76,7,4,25.94142259414226,27.45726495726496,39.27765237020316,64.0,70.0,-19,1.7990634712066604,-224.0,-18.301493655966823,0.3472865909207956,32.967032967032964,48.23529411764706,67.07317073170732,31.543624161073826,37.93103448275862,51.74825174825175,28.4,31.68724279835391,44.29824561403509,21.45922746781116,18.142548596112317,27.25173210161663,36.0,15.0,14,,
2025-12-19,966,742,223,361,317,372,65,8,10,6,11,4,1,884812493724.64,200613082526.86,8,4,38.04004214963119,34.1227125941873,42.32081911262799,105.0,55.0,7,4.41054233642102,519.0,16.968684240749795,0.7544093234551517,44.56521739130434,50.588235294117645,65.85365853658537,46.97986577181208,45.51724137931035,55.94405594405595,41.6,37.86008230452675,48.90829694323144,31.877729257641924,25.438596491228072,29.64705882352941,39.0,19.0,36,,
2025-12-22,963,704,254,497,365,391,75,10,15,5,20,1,2,680953602289.9,185258682557.69,5,2,52.53699788583509,39.45945945945946,44.68571428571428,167.0,31.0,19,3.675690622909668,450.0,43.58984292123874,0.7540497358597205,65.21739130434783,52.32558139534884,72.28915662650603,58.78378378378378,51.048951048951054,58.15602836879432,56.39999999999999,45.67901234567901,50.21834061135371,45.83333333333333,30.022075055187635,31.753554502369667,39.0,17.0,47,,
2025-12-23,966,521,442,540,399,400,31,12,19,3,8,3,4,490690755019.88,310948291428.94,6,4,56.902002107481565,42.94940796555436,45.50625711035267,171.0,30.0,5,1.5780461528344367,79.0,47.5829843784506,0.7469572607600894,67.36842105263158,58.42696629213483,69.76744186046511,60.689655172413794,51.06382978723404,58.27338129496403,61.84738955823293,47.71784232365145,50.22026431718062,50.8695652173913,34.93449781659388,33.957845433255265,40.0,20.0,48,,
2025-12-24,970,342,627,505,392,391,31,16,15,4,17,4,1,465793914684.26,315227114510.07,22,15,52.99055613850997,42.01500535905681,44.28086070215176,137.0,38.0,13,1.477645460188927,-285.0,32.55920540247449,0.3691376315566288,66.3157894736842,57.30337078651685,69.76744186046511,53.79310344827586,50.35460992907801,55.79710144927537,57.42971887550201,48.55967078189301,50.43478260869565,47.62931034482759,33.04347826086956,32.16783216783217,48.0,29.0,58,,
2025-12-26,965,328,630,438,376,384,29,14,14,7,11,10,1,409503656546.02,302950491547.86,26,13,46.15384615384615,40.43010752688172,43.68600682593857,91.0,42.0,1,1.351718079260244,-302.0,18.701078351002536,0.3851653156254661,58.94736842105262,53.93258426966292,66.27906976744185,51.72413793103448,53.52112676056338,58.69565217391305,51.00401606425703,46.50205761316872,49.130434782608695,39.130434782608695,30.48245614035088,31.294117647058822,67.0,38.0,43,,
2025-12-29,966,283,681,378,344,371,15,23,13,7,4,13,1,366265155698.63,468619630246.66,25,10,39.74763406940063,36.94951664876477,42.11123723041998,75.0,53.0,-9,0.7815830410387306,-398.0,1.9588743302389984,0.5316969832514197,46.875,51.68539325842697,66.27906976744185,43.83561643835616,49.65034965034965,58.27338129496403,44.354838709677416,39.25619834710744,48.03493449781659,34.490238611713664,28.88402625820569,28.805620608899297,84.0,44.0,26,,
2025-12-30,962,371,588,390,334,368,33,17,16,6,9,10,1,656688277373.75,651584962879.92,21,6,41.13924050632912,35.913978494623656,41.91343963553531,77.0,54.0,-1,1.0078321551057194,-217.0,-3.3155044791650283,0.6260490675515263,50.0,52.80898876404494,65.11627906976744,41.78082191780822,46.15384615384615,55.39568345323741,46.37096774193548,39.34426229508197,48.03493449781659,36.24454148471616,27.53303964757709,29.4811320754717,100.0,48.0,24,,
2025-12-31,957,745,208,499,387,398,49,10,11,5,20,3,0,661794578004.17,231481954858.82,28,13,53.028692879914985,41.88311688311688,45.58991981672394,97.0,50.0,17,2.858946730460248,537.0,29.89147916119036,1.2528147975160642,54.736842105263165,57.95454545454546,68.6046511627907,60.95890410958904,54.54545454545454,58.69565217391305,57.0281124497992,46.53061224489796,52.17391304347826,47.89356984478936,32.142857142857146,32.93556085918855,122.0,57.0,39,,
2026-01-01,955,465,486,508,403,403,38,10,12,4,17,4,1,413938038163.44,311920132070.3,14,10,54.04255319148936,43.66197183098591,46.16265750286369,120.0,37.0,13,1.3270641924136766,-21.0,30.233992777888268,0.7209825484904174,63.91752577319587,59.34065934065934,70.78651685393258,59.589041095890416,55.633802816901415,56.52173913043478,58.2995951417004,47.73662551440329,51.96506550218341,47.77777777777778,34.45190156599553,34.2925659472422,114.0,52.0,41,,
2026-01-02,960,688,270,610,474,423,64,8,18,3,29,4,5,698760555676.09,227629923119.82,20,18,64.55026455026454,51.07758620689656,48.23261117445838,151.0,28.0,25,3.069721880581912,418.0,52.325671956275535,0.8300908835640538,72.16494845360825,68.13186813186813,73.03370786516854,65.75342465753424,65.49295774647888,63.76811594202898,69.63562753036437,57.20164609053497,54.54545454545454,59.78021978021978,39.823008849557525,34.36754176610978,108.0,57.0,64,,
2026-01-05,966,388,578,568,475,424,38,24,22,2,26,5,1,499987647792.08,451661595758.64,26,16,59.66386554621849,50.80213903743316,47.963800904977376,140.0,42.0,21,1.1069961504082906,-190.0,40.55242929401527,0.6063980227655014,73.19587628865979,67.03296703296702,71.91011235955057,70.74829931972789,64.33566433566433,65.46762589928058,66.26016260162602,57.85123966942148,53.67965367965368,49.78354978354979,39.65141612200436,34.11764705882353,109.0,63.0,66,,
2026-01-06,964,327,634,514,439,418,24,19,20,2,24,9,4,503495226125.18,486146196381.65,27,15,54.10526315789473,46.95187165775401,47.33861834654587,126.0,51.0,15,1.0356868569016018,-307.0,24.433544671312674,0.4980007878109657,71.1340206185567,67.03296703296702,71.91011235955057,66.8918918918919,63.888888888888886,65.0,60.0,53.30578512396694,53.91304347826087,43.26086956521739,34.27947598253275,32.78301886792453,115.0,72.0,63,,
2026-01-07,959,490,462,536,458,426,41,8,33,2,16,5,2,549068727909.43,403111591845.97,53,20,56.71957671957672,49.24731182795699,48.51936218678816,103.0,51.0,11,1.362076256341521,28.0,27.27973059554538,0.7786686359652164,71.1340206185567,70.32967032967034,71.91011235955057,67.78523489932886,66.20689655172414,64.28571428571429,63.52459016393443,56.01659751037344,56.52173913043478,46.37362637362637,35.98233995584989,33.89021479713604,140.0,79.0,57,,
2026-01-08,955,105,849,345,349,380,7,102,13,4,6,19,0,134902066406.91,807216289195.12,43,8,36.54661016949153,37.6889848812095,43.47826086956522,72.0,129.0,-13,0.1671200993000545,-744.0,-9.023179092213368,0.7400361307751868,44.44444444444444,54.94505494505495,68.53932584269663,46.30872483221477,51.72413793103448,57.85714285714286,39.18367346938776,41.90871369294606,48.48484848484848,30.15521064301552,27.39420935412027,30.434782608695656,169.0,77.0,19,,
2026-01-09,959,156,803,235,277,333,8,75,11,6,1,42,1,266470514438.88,691900945640.94,36,6,24.78902953586498,29.78494623655914,37.8839590443686,56.0,185.0,-41,0.3851281258071355,-647.0,-35.16705097978604,0.5044333792437743,38.38383838383838,45.05494505494506,64.04494382022472,22.14765100671141,40.689655172413794,50.71428571428571,29.38775510204082,34.024896265560166,42.85714285714285,20.21978021978022,20.97130242825607,25.29832935560859,185.0,65.0,8,,
2026-01-12,952,345,604,237,260,320,25,26,12,8,0,36,1,517369258848.6,390574118845.2,47,2,25.185972369819343,28.169014084507044,36.69724770642202,40.0,203.0,-36,1.3246378443566402,-259.0,-37.94422618876175,0.4312062013127468,44.44444444444444,49.45054945054945,67.77777777777779,32.21476510067114,39.310344827586206,48.20143884892087,27.346938775510203,33.057851239669425,42.672413793103445,17.410714285714285,17.528089887640448,22.62773722627737,206.0,51.0,10,,
2026-01-13,961,478,480,262,279,329,43,7,12,5,5,13,0,468918238886.4,434614525418.54,7,1,27.521008403361343,29.935622317596568,37.3439273552781,76.0,108.0,-8,1.0789290542805146,-2.0,-27.278989861492164,0.9229831464659244,47.474747474747474,48.35164835164835,66.66666666666666,30.666666666666664,35.86206896551724,49.28571428571429,34.552845528455286,37.4485596707819,43.96551724137931,18.38074398249453,20.30905077262693,23.389021479713605,186.0,37.0,15,,
2026-01-14,968,444,523,288,299,332,32,15,9,5,11,18,1,592413211999.81,378636778057.27,2,1,30.031282586027118,31.842385516506923,37.429537767756486,100.0,48.0,-7,1.5645950059035356,-79.0,-21.87381785236923,0.5425994404671747,40.4040404040404,45.65217391304348,64.83516483516483,33.33333333333333,39.58333333333333,48.92086330935252,34.69387755102041,38.01652892561984,42.42424242424242,24.301075268817204,23.42733188720173,25.11737089201878,135.0,18.0,20,,
2026-01-16,976,360,616,298,290,328,41,33,12,6,9,30,1,582764490427.03,540974217798.15,4,1,30.753353973168213,30.623020063357977,36.68903803131991,116.0,55.0,-21,1.077250026441136,-256.0,-25.993026695307265,0.5425069111822561,43.43434343434344,46.73913043478261,65.93406593406593,40.0,44.44444444444444,50.71428571428571,34.41295546558704,35.12396694214876,41.92139737991266,23.25581395348837,20.8955223880597,23.27188940092166,96.0,11.0,19,,
2026-01-19,978,213,763,234,251,295,15,56,12,5,7,54,1,358133751438.95,579413540505.46,7,2,24.09886714727085,26.421052631578945,32.887402452619845,88.0,104.0,-47,0.6180969659882762,-550.0,-44.08498512254275,0.451646296823928,40.4040404040404,45.65217391304348,60.43956043956044,27.33333333333333,35.41666666666667,46.42857142857143,29.959514170040485,32.231404958677686,38.26086956521739,16.63157894736842,16.94915254237288,19.95412844036697,67.0,7.0,10,,
2026-01-20,980,67,913,124,156,246,6,263,7,9,2,108,1,137877808656.43,857300235181.68,17,0,12.744090441932167,16.369359916054567,27.363737486095665,62.0,352.0,-106,0.1608279141871584,-846.0,-74.13318465221639,0.4562917280206963,25.252525252525253,31.868131868131865,53.333333333333336,16.0,20.13888888888889,40.0,15.789473684210526,23.045267489711936,33.33333333333333,7.547169811320755,8.842105263157894,14.840182648401823,37.0,5.0,4,,
2026-01-21,981,292,689,112,151,242,25,83,5,18,1,99,0,432464553536.31,662894753363.69,14,3,11.510791366906476,15.828092243186584,26.978818283166117,46.0,402.0,-98,0.6523879565223275,-397.0,-77.00372932682626,0.6496174680185921,26.262626262626267,30.434782608695656,49.45054945054945,10.666666666666668,20.0,39.285714285714285,12.195121951219512,17.842323651452283,32.01754385964912,8.368200836820083,10.714285714285714,15.753424657534246,44.0,7.0,3,,
2026-01-22,985,746,238,178,178,264,100,20,9,15,5,14,1,664947010383.02,344389263032.61,6,4,18.219037871033777,18.59979101358412,29.36596218020022,131.0,366.0,-9,1.9308006426438928,508.0,-33.82302637698356,1.6233958660903076,34.69387755102041,38.46153846153847,54.44444444444444,20.666666666666668,25.517241379310345,42.142857142857146,18.951612903225808,19.00826446280992,34.93449781659388,13.721413721413722,12.526096033402922,17.272727272727273,48.0,10.0,10,,
2026-01-23,985,136,848,116,138,226,13,172,7,22,3,76,1,243018654709.35,749527075844.44,3,1,11.87308085977482,14.389989572471324,25.13904338153504,138.0,275.0,-73,0.3242293207827854,-712.0,-57.73441022298317,0.4946417495597489,24.489795918367346,34.40860215053764,48.888888888888886,13.333333333333334,19.310344827586206,37.85714285714285,10.887096774193548,14.049586776859504,29.955947136563875,9.355509355509357,9.18580375782881,13.800904977375566,47.0,10.0,2,,
2026-01-27,978,471,503,147,158,229,64,53,7,30,6,63,0,756388431047.52,490016907620.11,3,1,15.154639175257731,16.596638655462183,25.64389697648376,177.0,245.0,-57,1.5435965969441956,-32.0,-43.889971360197904,0.6066233312481207,30.612244897959183,39.361702127659576,50.54945054945055,16.666666666666664,22.916666666666664,37.410071942446045,17.408906882591094,19.00826446280992,31.71806167400881,10.31578947368421,8.898305084745763,13.53211009174312,43.0,9.0,8,,
2026-01-28,982,779,200,261,223,258,227,15,6,22,15,7,1,929277929351.57,254153835906.46,8,4,26.796714579055443,23.301985370950888,28.762541806020064,304.0,240.0,8,3.65636003893951,579.0,-1.2835262757155022,1.065267084892905,44.89795918367347,43.61702127659575,52.74725274725275,28.666666666666668,29.86111111111111,42.44604316546763,27.125506072874494,25.102880658436217,35.24229074889868,22.33820459290188,16.386554621848738,16.136363636363637,34.0,13.0,26,,
2026-01-29,988,365,618,261,212,264,51,43,8,21,21,13,1,822505473693.66,482408840392.82,4,2,26.605504587155966,22.06035379812695,29.2358803986711,342.0,111.0,8,1.7049966850190872,-253.0,-6.44859809710448,0.346402366597434,48.45360824742268,41.935483870967744,54.44444444444444,31.333333333333336,27.77777777777778,42.44604316546763,26.720647773279357,24.793388429752067,34.95575221238938,20.739219712525667,15.145228215767634,17.1875,24.0,12.0,36,,
2026-01-30,987,646,333,341,263,285,108,42,7,17,4,4,2,682385871605.75,667562215672.2,7,3,34.79591836734694,27.31048805815161,31.56146179401993,386.0,100.0,0,1.0222056545225875,313.0,17.46750848609348,1.8977980911737105,44.89795918367347,46.31578947368421,54.34782608695652,33.557046979865774,31.03448275862069,45.65217391304348,33.33333333333333,30.0,36.888888888888886,33.88090349075976,21.11801242236025,19.866071428571427,25.0,11.0,23,,
2026-02-01,989,252,736,216,180,237,26,160,4,22,0,12,0,198788629919.96,834307386876.62,16,2,21.9959266802444,18.633540372670808,26.158940397350992,185.0,245.0,-12,0.2382678531280432,-484.0,-2.0215579277027302,1.4370016762766056,21.21212121212121,36.45833333333333,47.31182795698925,16.89189189189189,16.666666666666664,38.68613138686132,22.35772357723577,21.57676348547718,30.666666666666664,23.517382413087933,14.22680412371134,15.74279379157428,38.0,12.0,7,,
2026-02-02,984,532,447,262,201,262,56,20,5,23,2,19,1,770904136337.29,282507098925.91,19,3,26.816786079836238,20.89397089397089,29.11111111111111,190.0,222.0,-17,2.728795627678958,85.0,9.77539807814,0.4361472099560965,29.29292929292929,39.175257731958766,51.578947368421055,28.37837837837838,22.22222222222222,45.588235294117645,27.125506072874494,22.82157676348548,33.77777777777778,25.672877846790893,15.833333333333332,16.89189189189189,54.0,14.0,17,,
2026-02-03,985,876,107,551,365,342,296,8,5,22,11,2,2,1377295492221.47,113665403649.31,8,5,56.33946830265849,37.86307053941909,37.95782463928968,378.0,188.0,9,12.117103780063257,769.0,54.01291847274486,0.6756495641574615,71.71717171717171,59.79381443298969,64.21052631578948,56.75675675675676,42.465753424657535,52.55474452554745,52.22672064777328,36.25,41.517857142857146,55.16528925619835,32.84823284823285,26.06741573033708,54.0,15.0,35,,
2026-02-04,999,683,313,638,407,352,126,33,6,15,9,1,3,795553454395.4,364089934724.4,2,2,64.24974823766365,41.57303370786517,38.59649122807017,478.0,61.0,8,2.185046546254015,370.0,71.61593381776828,0.998655442804654,70.70707070707071,56.70103092783505,62.10526315789474,62.83783783783784,51.70068027210885,54.34782608695652,59.91902834008097,40.41666666666666,43.80530973451327,65.53106212424849,36.16161616161616,26.269315673289185,52.0,15.0,38,,
2026-02-05,1009,310,697,556,387,332,31,58,8,14,2,4,2,360167234872.6,607180605621.19,2,0,55.43369890329013,39.09090909090909,35.969664138678226,453.0,99.0,-2,0.5931797418070076,-387.0,48.45843226867448,0.7497951123671855,60.60606060606061,57.73195876288659,62.10526315789474,62.16216216216216,48.29931972789115,52.17391304347826,49.59349593495935,38.333333333333336,41.150442477876105,55.294117647058826,33.201581027667984,23.27586206896552,47.0,12.0,22,,
2026-02-06,1008,398,609,534,392,327,38,34,10,18,5,14,2,516634653702.58,437284561503.9,27,10,53.293413173652695,39.5959595959596,35.50488599348534,195.0,125.0,-9,1.181460996303599,-211.0,37.21647628285588,0.5531544246597978,63.63636363636363,56.70103092783505,60.0,59.73154362416108,49.32432432432432,51.42857142857142,45.71428571428572,38.333333333333336,42.15246636771301,53.04518664047151,34.05940594059406,22.4622030237581,58.0,20.0,23,,
2026-02-09,1008,846,162,738,517,391,235,11,19,7,18,2,4,829232897829.34,197763701003.11,13,8,73.57926221335993,52.22222222222223,42.40780911062907,304.0,103.0,16,4.193049046024374,684.0,72.16852153356672,1.2454474452603066,69.6969696969697,62.88659793814433,64.21052631578948,73.8255033557047,59.45945945945946,59.285714285714285,74.79674796747967,52.47933884297521,48.44444444444444,73.6738703339882,47.91252485089464,29.87012987012987,52.0,25.0,60,,
2026-02-10,1018,580,436,754,554,400,75,21,25,6,15,1,4,672593176642.46,393848616263.83,14,10,74.43237907206318,55.344655344655344,43.01075268817204,348.0,66.0,14,1.7077454353474368,144.0,74.69167761525664,0.7789657649339035,69.6969696969697,61.855670103092784,63.1578947368421,73.15436241610739,61.48648648648649,60.71428571428571,75.20325203252033,53.30578512396694,47.34513274336283,75.33718689788054,53.30739299610895,31.556503198294244,58.0,30.0,63,,
2026-02-11,1022,417,602,714,537,400,52,42,30,5,20,3,7,583787628219.6901,441689117088.07,5,4,70.20648967551622,53.48605577689243,42.82655246252677,362.0,74.0,17,1.3217161248355742,-185.0,60.02551767702525,0.5240845722348324,66.66666666666666,61.855670103092784,63.1578947368421,73.8255033557047,63.51351351351351,62.4113475177305,70.44534412955466,53.71900826446281,45.08928571428572,69.73180076628353,48.93617021276596,31.856540084388183,61.0,32.0,63,,
2026-02-12,1027,318,708,629,498,384,40,50,31,7,20,14,5,543464215379.37,560911977045.14,30,22,61.54598825831703,49.35579781962339,40.93816631130064,167.0,113.0,6,0.968893939905359,-390.0,36.93582334145226,0.4635724550168559,68.68686868686868,58.76288659793815,61.05263157894737,67.11409395973155,56.75675675675676,57.44680851063831,58.2995951417004,49.58677685950413,46.42857142857143,60.151802656546494,45.40229885057471,29.4979079497908,89.0,54.0,60,,
2026-02-13,1035,180,854,485,415,354,17,110,27,15,5,28,1,263797063512.65,854771489331.38,42,13,47.0873786407767,40.8062930186824,37.46031746031746,109.0,202.0,-23,0.3086170594190004,-674.0,2.809455567830128,0.6829591148345862,51.51515151515152,47.42268041237113,56.84210526315789,52.348993288590606,52.702702702702695,53.90070921985816,46.15384615384615,41.735537190082646,40.17857142857143,45.23364485981308,35.84905660377358,27.628865979381445,104.0,57.0,37,,
2026-02-16,1040,478,561,485,417,359,35,52,29,14,10,22,2,510745717207.52,291202925105.53,31,10,46.76952748312439,40.76246334310851,37.74973711882229,92.0,212.0,-12,1.753916850328441,-83.0,3.1673638435440523,0.4857983493994508,52.0,49.48453608247423,58.94736842105262,58.38926174496645,56.75675675675676,56.02836879432624,50.20242914979757,43.20987654320987,42.22222222222222,41.0351201478743,33.64485981308411,26.3265306122449,122.0,59.0,34,,
2026-02-17,1046,730,312,550,464,377,66,9,46,6,15,4,3,539011356018.32,313297466338.07,18,10,52.833813640730064,45.18013631937682,39.55928646379853,118.0,171.0,11,1.720445946526388,418.0,28.50753860006173,1.359963441145928,51.51515151515152,50.0,58.51063829787234,63.51351351351351,62.16216216216216,56.73758865248227,55.6910569105691,47.71784232365145,44.0,48.9051094890511,38.56088560885609,29.006085192697768,126.0,59.0,45,,
2026-02-18,1050,573,468,591,502,386,44,6,74,3,14,3,3,589726849152.57,252008356965.45,9,4,56.55502392344498,48.737864077669904,40.334378265412745,145.0,67.0,11,2.340108305350448,105.0,34.38085032388403,0.523206114674089,59.59595959595959,59.375,61.70212765957447,69.5945945945946,66.8918918918919,56.02836879432624,58.2995951417004,51.45228215767634,45.08928571428572,51.72413793103448,40.73394495412844,29.71887550200803,130.0,59.0,51,,
2026-02-19,1039,170,868,445,422,355,14,48,74,3,3,15,4,240165833488.86,603955037480.22,9,4,43.0784123910939,41.45383104125737,37.52642706131078,124.0,63.0,-12,0.3976551540837601,-698.0,-0.919372403867314,0.4925185366035984,42.42424242424242,48.95833333333333,58.51063829787234,60.13513513513513,56.08108108108109,52.816901408450704,44.12955465587044,43.62139917695473,40.70796460176992,38.03339517625232,35.02824858757062,27.479338842975203,109.0,41.0,31,,
2026-02-20,1049,468,575,450,424,356,19,20,59,6,8,21,3,547278647467.63,290555761818.94,6,4,43.18618042226488,41.16504854368932,37.27748691099477,77.0,74.0,-13,1.883558061425287,-107.0,-1.546465974075403,0.432114655845742,46.464646464646464,49.48453608247423,57.44680851063831,63.51351351351351,61.48648648648649,54.22535211267606,42.91497975708502,42.21311475409836,40.96916299559472,37.22627737226277,33.64140480591497,26.82926829268293,73.0,32.0,35,,
2026-02-23,1050,522,527,475,435,369,38,34,84,2,18,17,3,488693199647.01,410750118882.47,14,8,45.58541266794626,42.23300970873786,38.67924528301887,71.0,102.0,1,1.1897579019005524,-5.0,3.0251013532670754,0.8325326794498044,47.474747474747474,51.546391752577314,59.57446808510638,61.74496644295302,60.40268456375839,54.54545454545454,47.368421052631575,43.90243902439025,42.10526315789473,40.036563071297984,34.75836431226766,28.425357873210636,56.0,30.0,50,,
2026-02-24,1050,300,747,407,390,352,12,67,78,8,14,49,1,430287481859.01,578647889245.52,5,3,39.02205177372963,37.86407766990291,36.85863874345549,69.0,121.0,-35,0.7436084877455402,-447.0,-15.181334088621457,0.5400777859870789,45.0,47.95918367346938,55.78947368421052,56.08108108108109,56.75675675675676,54.22535211267606,40.08097165991903,39.18367346938776,40.174672489082965,32.846715328467155,30.24118738404453,26.58486707566462,43.0,23.0,39,,
2026-02-25,1046,567,472,462,432,361,43,23,52,12,19,34,0,658961667065.23,340062188595.77,14,8,44.46583253128008,42.023346303501945,38.0,93.0,124.0,-15,1.9377681176090236,95.0,-3.5719297209930403,0.6199251476605491,52.0,50.505050505050505,52.57731958762887,66.21621621621621,63.94557823129252,60.71428571428571,46.96356275303644,42.04081632653061,40.0,36.02941176470589,34.45065176908753,27.536231884057973,48.0,27.0,51,,
2026-02-26,1040,546,491,463,428,361,42,9,62,6,19,11,1,629507374080.19,364824544290.76,9,6,44.90785645004849,41.96078431372549,38.32271762208068,97.0,99.0,8,1.7255071895011578,55.0,4.371970661934228,0.6444576412344621,56.99999999999999,53.535353535353536,55.67010309278351,64.86486486486487,63.26530612244898,57.85714285714286,45.74898785425101,42.04081632653061,40.43478260869565,36.75373134328358,33.83742911153119,28.000000000000004,48.0,29.0,64,,
2026-02-27,1035,254,778,378,382,335,22,53,44,10,9,44,3,365973140458.46,992350472268.98,17,10,36.84210526315789,37.56145526057031,35.79059829059829,107.0,85.0,-35,0.368794242241527,-524.0,-17.807854363972652,0.8852582597708867,40.0,46.464646464646464,53.608247422680414,51.35135135135135,54.421768707483,55.71428571428572,34.81781376518219,37.55102040816327,36.52173913043478,33.14500941619586,31.1787072243346,25.79957356076759,59.0,35.0,47,,
2026-03-02,1038,117,921,247,287,291,12,170,43,11,2,89,1,288757235627.59,870570252413.0599,17,4,24.00388726919339,28.164867517173697,30.957446808510635,76.0,232.0,-87,0.3316874598313097,-804.0,-50.68256548930316,0.3829985935660656,32.0,38.38383838383838,50.51546391752577,37.83783783783784,44.21768707482993,50.71428571428571,21.45748987854251,27.346938775510203,32.03463203463203,19.850187265917604,22.15909090909091,20.55084745762712,62.0,31.0,27,,
2026-03-04,1041,123,918,140,223,252,21,220,25,16,0,83,1,283883920419.25,981980151236.21,17,1,13.592233009708735,21.84133202742409,26.80851063829787,55.0,443.0,-83,0.2890933386605319,-795.0,-78.08703067401424,0.4634729002244822,15.151515151515152,36.734693877551024,50.0,18.24324324324324,33.108108108108105,44.680851063829785,15.040650406504067,20.49180327868853,28.38427947598253,11.359404096834265,16.57250470809793,16.033755274261605,74.0,29.0,8,,
2026-03-05,1032,730,298,214,258,272,72,11,18,23,6,26,0,860812778535.66,264722789389.08,16,3,20.980392156862745,25.51928783382789,29.184549356223176,105.0,401.0,-20,3.251751692864147,432.0,-39.77741325357215,0.7533368660669579,25.252525252525253,37.755102040816325,51.04166666666666,27.2108843537415,38.775510204081634,45.71428571428572,23.387096774193548,26.01626016260163,30.303030303030305,17.300380228136884,19.230769230769237,19.13978494623656,76.0,24.0,16,,
2026-03-06,1028,370,658,212,247,267,37,29,15,23,7,27,2,433004302417.6,578072439201.34,4,2,20.88669950738916,24.52830188679245,28.77155172413793,130.0,260.0,-20,0.749048515469506,-288.0,-42.82380329282629,0.750699078607317,22.0,35.35353535353536,51.546391752577314,30.82191780821918,37.67123287671233,46.043165467625904,24.291497975708506,26.93877551020408,30.869565217391305,16.28352490421456,17.60154738878143,17.74891774891775,71.0,20.0,7,,
2026-03-09,1018,128,890,147,175,224,17,200,16,25,1,119,0,204646164410.21,847282171079.28,3,2,14.626865671641792,17.552657973921765,24.321389793702497,126.0,240.0,-118,0.241532480436274,-762.0,-68.91434775992445,0.595448796200504,20.0,21.0,44.89795918367347,18.24324324324324,25.170068027210885,40.0,17.551020408163264,20.98765432098765,25.877192982456144,11.1328125,13.017751479289942,14.285714285714285,57.0,12.0,6,,
2026-03-10,1022,882,138,227,245,260,192,8,16,18,6,3,1,867950210890.25,182428285020.81,9,5,22.51984126984127,24.5,28.13852813852814,246.0,237.0,3,4.757761170595015,744.0,-15.577191540493772,1.343342828414142,25.0,35.0,47.95918367346938,28.37837837837838,37.41496598639456,44.285714285714285,25.71428571428571,28.39506172839506,30.26315789473684,18.83495145631068,16.862745098039216,17.903930131004365,49.0,13.0,27,,
2026-03-11,1014,364,643,221,236,253,47,35,14,23,6,15,1,338219582574.34,661965873444.77,9,4,22.1,23.790322580645164,27.58996728462377,256.0,243.0,-9,0.5109320527571861,-279.0,-21.046037015178054,1.1079681142771,21.0,25.0,43.87755102040816,23.64864864864865,36.054421768707485,45.32374100719424,21.81069958847737,24.896265560165972,29.955947136563875,22.00392927308448,19.444444444444446,17.439293598233995,41.0,16.0,10,,
2026-03-12,1015,378,635,228,235,244,44,39,9,27,7,37,0,481387505755.57,664936501124.77,1,1,22.8,23.64185110663984,26.608505997818977,283.0,82.0,-30,0.7239601149001166,-257.0,-24.516669710957245,0.8222491519899686,21.21212121212121,24.24242424242424,43.29896907216495,29.054054054054053,34.01360544217687,43.26241134751773,24.489795918367346,26.337448559670783,29.51541850220265,20.47244094488189,19.207920792079207,16.371681415929203,26.0,14.0,29,,
2026-03-13,1010,87,923,114,143,193,11,306,7,45,0,81,0,136903016091.71,946689601238.2,4,0,11.468812877263582,14.473684210526317,21.162280701754383,102.0,380.0,-81,0.1446123585942541,-836.0,-56.31147731729368,0.6517966772514854,11.11111111111111,18.181818181818183,38.144329896907216,14.864864864864863,23.12925170068027,34.04255319148936,12.601626016260164,15.983606557377051,24.12280701754386,9.98003992015968,10.441767068273093,11.883408071748878,26.0,12.0,7,,
2026-03-16,1014,392,620,108,136,194,27,55,7,42,1,88,0,705840363000.94,446280632458.37,7,1,10.832497492477431,13.723511604439958,21.202185792349727,82.0,400.0,-87,1.58160653110301,-228.0,-52.81448043412482,0.3997568624575627,10.0,16.0,37.755102040816325,14.285714285714285,19.863013698630137,35.714285714285715,12.550607287449392,16.73469387755102,22.844827586206897,9.145129224652088,10.0,12.134831460674157,30.0,11.0,10,,
2026-03-17,1011,629,380,142,169,209,63,8,7,30,4,17,1,731956152939.16,262193448536.3,13,3,14.24272818455366,17.087967644084934,22.916666666666664,101.0,369.0,-13,2.791664540152774,249.0,-25.71047569684481,0.5929305380667809,19.0,24.0,41.83673469387755,15.436241610738255,23.12925170068027,36.61971830985916,17.813765182186234,20.49180327868853,26.521739130434785,11.177644710578845,12.248995983935744,12.44343891402715,34.0,9.0,13,,
2026-03-18,1004,868,133,281,218,233,202,7,6,11,1,2,1,820361023033.1,173670764962.36,0,0,28.355196770938445,22.177009155645983,25.66079295154185,292.0,70.0,-1,4.723656415119139,735.0,21.8920007320138,1.3816237287252144,27.0,28.000000000000004,44.89795918367347,26.174496644295303,28.57142857142857,40.845070422535215,33.87096774193548,25.30612244897959,27.705627705627705,26.518218623481783,17.515274949083505,15.331807780320366,25.0,5.0,28,,
2026-03-19,999,62,935,139,145,186,8,255,6,28,0,47,0,92571502655.88,875127492424.24,3,0,14.083080040526848,14.79591836734694,20.417124039517017,273.0,270.0,-47,0.1057805902079964,-873.0,-17.917341924972163,0.6268651015977676,13.0,17.0,35.714285714285715,11.409395973154362,19.047619047619047,30.28169014084507,18.951612903225808,19.18367346938776,24.675324675324678,12.653061224489797,10.860655737704915,11.59090909090909,27.0,4.0,8,,
2026-03-20,1002,618,380,216,194,202,83,13,7,23,4,25,2,859217162202.4401,434567421698.68,3,0,21.840242669362997,19.77573904179409,22.149122807017545,293.0,275.0,-21,1.9771780379758963,238.0,3.685256812929708,0.8225439278794531,19.0,21.0,39.795918367346935,21.62162162162162,25.34246575342466,33.33333333333333,27.82258064516129,25.30612244897959,27.155172413793103,19.47261663286004,15.10204081632653,12.01814058956916,26.0,4.0,18,,
2026-03-23,999,40,959,74,102,148,6,578,3,47,0,203,0,135095690077.80002,975074885806.2,4,0,7.497467071935157,10.408163265306122,16.245883644346872,97.0,846.0,-203,0.1385490407396779,-919.0,-35.71294755022882,0.3010494658074554,6.0,12.0,33.6734693877551,8.0,11.486486486486488,20.833333333333336,9.34959349593496,14.814814814814811,20.52401746724891,6.720977596741344,7.566462167689162,8.636363636363637,23.0,3.0,2,,
2026-03-24,1004,901,103,162,153,182,207,11,8,25,2,11,2,1013148796972.13,124840859338.52,0,0,16.347124117053482,15.548780487804878,19.978046103183317,296.0,602.0,-9,8.115522452668026,798.0,16.63015245702175,1.0778816603061905,11.11111111111111,18.181818181818183,38.144329896907216,14.000000000000002,19.463087248322147,26.20689655172414,21.138211382113823,20.24793388429752,24.45414847161572,15.725806451612904,11.538461538461538,11.59090909090909,10.0,0.0,15,,
2026-03-25,1014,884,129,314,213,208,152,3,5,15,5,1,3,1043778186347.37,104356975886.47,1,0,31.4,21.471774193548388,22.608695652173918,365.0,592.0,4,10.0019972549118,755.0,59.150352200935885,0.6851344790091128,27.27272727272727,24.24242424242424,39.175257731958766,32.88590604026846,28.37837837837838,32.63888888888889,37.142857142857146,26.55601659751037,29.257641921397383,28.99408284023669,16.46825396825397,12.444444444444445,11.0,0.0,26,,
2026-03-27,1024,133,891,185,164,189,23,274,6,21,2,66,3,299786006868.08,1148452954338.23,0,0,18.280632411067195,16.334661354581673,20.30075187969925,382.0,288.0,-64,0.2610346429391397,-758.0,19.559371220977795,0.5718416564295581,12.0,17.0,35.714285714285715,22.972972972972972,21.08843537414966,25.874125874125877,21.22448979591837,21.99170124481328,26.200873362445414,16.76300578034682,12.209302325581394,12.364425162689804,8.0,0.0,14,,
2026-03-30,1041,110,930,123,137,165,15,394,5,61,0,221,0,181741364071.75,1152081769124.83,0,0,11.964980544747082,13.431372549019608,17.478813559322035,190.0,671.0,-221,0.1577504036105079,-820.0,-17.488714372991268,0.7497893329294427,9.0,14.000000000000002,30.612244897959183,9.45945945945946,15.54054054054054,23.776223776223777,15.10204081632653,18.25726141078838,22.270742358078603,11.775700934579438,10.546139359698682,10.548523206751057,5.0,0.0,3,,
2026-04-01,1051,974,76,289,200,203,556,4,11,25,2,2,2,1026720775728.31,156329562065.48,5,1,27.86885245901639,19.43634596695821,21.30115424973767,594.0,672.0,0,6.567668726010114,898.0,36.82261601603014,1.9513452959235744,17.0,20.0,34.69387755102041,28.187919463087248,22.14765100671141,31.944444444444443,30.165289256198346,24.369747899159663,25.55066079295154,28.754578754578752,16.420664206642066,13.429752066115702,6.0,1.0,20,,
2026-04-02,1049,604,442,348,226,199,60,16,11,17,2,6,2,633176922302.22,461983514692.63,1,0,33.59073359073359,21.98443579766537,20.92534174553102,631.0,414.0,-4,1.370561723882051,162.0,46.274690418563296,0.9970480083403184,22.0,23.0,29.59183673469388,28.666666666666668,24.666666666666668,31.03448275862069,35.390946502057616,25.10460251046025,25.55066079295154,36.27992633517496,19.666048237476808,13.92931392931393,7.0,1.0,25,,
2026-04-06,1050,813,237,461,266,213,84,7,15,10,4,0,3,921952096981.6,166392667914.83002,2,1,44.54106280193237,25.90068159688413,22.444678609062173,700.0,27.0,4,5.540821651189051,576.0,74.82484058063633,0.6191102985780619,38.38383838383838,25.252525252525253,35.051546391752574,40.26845637583892,32.88590604026846,33.793103448275865,46.88796680497925,27.42616033755274,25.44642857142857,45.78754578754579,23.43173431734317,15.113871635610764,8.0,2.0,40,,
2026-04-07,1053,563,488,501,281,215,41,10,16,7,2,4,0,676090453401.73,358130822781.55,5,3,48.26589595375722,27.28155339805825,22.63157894736842,185.0,33.0,-2,1.8878309556006203,75.0,73.8110947663056,0.6111185544275143,40.0,28.000000000000004,37.755102040816325,45.63758389261745,34.22818791946309,33.793103448275865,50.0,29.831932773109244,24.88888888888889,49.72577696526509,24.12523020257827,15.145228215767634,13.0,5.0,31,,
2026-04-08,1055,979,76,899,520,287,555,11,18,3,7,1,5,1430493734594.19,119884504269.14,6,6,86.4423076923077,50.3875968992248,30.17875920084122,680.0,28.0,6,11.932265502660291,903.0,113.9752866212213,1.079558525118007,88.0,56.00000000000001,47.95918367346938,78.52348993288591,54.36241610738255,43.05555555555556,86.77685950413223,50.84033613445378,33.77777777777778,88.16029143897997,48.07339449541285,21.074380165289256,19.0,11.0,88,,
2026-04-09,1066,471,591,872,510,290,47,16,26,3,8,1,9,647995598172.37,599674847071.77,8,5,82.88973384030417,48.897411313518695,30.14553014553015,643.0,37.0,7,1.0805782522587892,-120.0,96.59579422406811,0.7375257766431046,86.0,56.00000000000001,47.95918367346938,78.52348993288591,53.02013422818792,46.52777777777778,81.81818181818183,52.94117647058824,32.589285714285715,83.9572192513369,44.7841726618705,20.766129032258064,22.0,15.0,91,,
2026-04-10,1065,925,136,942,650,327,143,4,57,2,13,1,11,1080455545989.26,167642877254.46,6,4,89.62892483349191,62.38003838771593,33.95638629283489,745.0,31.0,12,6.444983310261788,789.0,126.7033492533818,1.0553123663494834,89.0,65.0,51.02040816326531,87.33333333333333,62.0,47.94520547945205,86.30705394190872,64.55696202531645,35.874439461883405,91.78571428571428,61.08108108108108,25.60483870967742,27.0,19.0,100,,
2026-04-13,1065,379,681,891,619,342,48,23,45,4,9,1,8,559260172190.02,661497804191.51,18,15,84.77640342530923,59.40499040307101,35.47717842323652,238.0,43.0,8,0.8454452435765135,-302.0,97.26179205717808,0.6582738649306641,78.0,56.00000000000001,47.95918367346938,85.90604026845638,60.40268456375839,49.31506849315068,81.89300411522635,60.08403361344538,35.714285714285715,86.94096601073346,59.45945945945946,28.830645161290324,43.0,33.0,89,,
2026-04-15,1062,963,99,985,775,389,251,6,67,3,24,0,10,1203759803112.83,140242282996.33,16,13,93.89895138226882,74.51923076923077,40.35269709543569,442.0,33.0,24,8.583429885723776,864.0,129.902951694138,1.133261744637936,94.0,66.0,52.04081632653062,91.33333333333331,74.66666666666667,53.74149659863946,92.9460580912863,74.15254237288136,39.91031390134529,94.9820788530466,76.17328519855594,34.274193548387096,54.0,43.0,100,,
2026-04-16,1073,737,334,991,841,417,88,4,79,2,33,0,7,961589659687.15,479209735436.32,18,16,93.40245051837888,80.01902949571836,42.81314168377824,387.0,33.0,33,2.0066154516072667,403.0,134.1116284252681,1.0996560524737635,91.0,70.0,53.06122448979592,91.33333333333331,78.0,56.4625850340136,91.73553719008264,79.74683544303798,45.08928571428572,95.07908611599298,82.4468085106383,35.84158415841584,66.0,53.0,100,,
2026-04-17,1079,815,263,1023,886,461,115,5,168,1,29,0,11,1134327894554.07,270467688558.63,18,17,95.8762886597938,83.8221381267739,47.04081632653061,454.0,15.0,29,4.193949749040646,552.0,144.489488888258,0.7388880413500922,94.0,75.0,60.204081632653065,94.66666666666669,82.0,57.82312925170068,95.4732510288066,82.35294117647058,48.23008849557522,96.68989547038328,86.46748681898066,40.86444007858546,76.0,65.0,100,,
2026-04-20,1086,399,686,1005,853,450,48,29,163,1,21,0,14,622228986274.9,585594631112.14,31,18,93.66262814538676,80.24459078080903,45.59270516717325,251.0,38.0,21,1.0625592401576247,-287.0,110.69011213967303,0.5473884477019301,94.0,75.0,61.224489795918366,92.66666666666666,82.66666666666667,55.78231292517006,93.00411522633745,81.09243697478992,49.55752212389381,94.13793103448276,80.17391304347827,37.98449612403101,101.0,79.0,99,,
2026-04-21,1165,759,403,1007,881,471,91,18,160,1,12,0,18,895777514972.16,314676350460.18,36,26,93.84902143522834,82.87864534336784,47.81725888324873,254.0,52.0,12,2.846662971850864,356.0,113.38819445893454,0.6616078926272597,94.0,77.0,62.24489795918368,90.0,83.33333333333334,59.18367346938776,94.23868312757202,83.61344537815127,51.32743362831859,94.6551724137931,83.47826086956522,40.27237354085603,119.0,90.0,100,,
2026-04-22,1173,759,408,997,898,505,113,20,134,1,30,1,20,799819320541.57,500298897156.78,57,39,92.4860853432282,84.16119962511715,51.16514690982776,252.0,67.0,29,1.59868295750196,351.0,114.87811386960846,1.1636416769925928,88.0,77.0,64.28571428571429,86.66666666666667,80.66666666666666,62.58503401360544,93.87755102040816,84.58333333333333,52.19298245614035,94.16809605488852,86.13518197573656,44.94163424124514,160.0,116.0,100,,
2026-04-23,1178,407,764,963,867,495,64,28,193,2,23,1,20,546491294568.7,733650251897.78,35,23,88.9196675900277,80.8768656716418,49.74874371859296,268.0,66.0,22,0.7448934872646142,-357.0,80.17760439638661,0.7151660233267177,80.0,69.0,62.24489795918368,82.66666666666667,76.0,61.37931034482759,89.02439024390245,82.57261410788381,51.94805194805194,91.9931856899489,83.47676419965576,43.18618042226488,177.0,123.0,95,,
2026-04-24,1186,249,933,867,795,467,21,79,141,2,10,3,11,416367676229.72,811350358462.08,27,12,79.3956043956044,73.61111111111111,46.37537239324728,198.0,127.0,7,0.5131786433408961,-684.0,33.75778077479998,0.5200548237967535,76.0,64.0,58.16326530612245,76.66666666666667,73.33333333333333,60.0,79.75708502024291,74.68879668049793,46.75324675324675,80.50420168067227,74.87266553480475,40.33771106941838,186.0,118.0,72,,
2026-04-27,1190,1006,181,967,876,520,208,11,332,0,34,0,18,1030674273840.46,229765551075.24,42,16,88.22992700729927,80.88642659279779,51.536174430128845,293.0,118.0,34,4.4857650288182285,825.0,69.35004267446942,1.239033033165362,80.0,68.0,63.26530612244898,81.33333333333333,78.0,63.44827586206897,87.90322580645162,80.99173553719008,50.0,91.47157190635453,83.75634517766497,46.81647940074906,197.0,116.0,91,,
2026-04-28,1190,483,705,910,846,519,62,29,260,0,32,2,13,755592306390.72,554811785744.27,41,22,83.10502283105022,78.18853974121997,51.488095238095234,291.0,119.0,30,1.3618894295425006,-222.0,47.08467638531447,0.5030558047644669,73.0,66.0,62.24489795918368,80.0,76.66666666666667,62.75862068965517,81.85483870967742,78.099173553719,51.08225108225109,86.09715242881072,80.67796610169492,46.62921348314607,202.0,112.0,80,,
2026-04-29,1181,560,618,904,855,519,55,31,199,0,22,0,9,879488023540.49,414136865775.03,16,11,83.08823529411765,79.53488372093022,51.74476570289133,325.0,71.0,22,2.1236651363905645,-58.0,36.012364826160386,0.4266910313619546,75.0,72.0,62.24489795918368,78.66666666666666,75.33333333333333,60.0,83.06451612903226,79.42386831275721,51.08225108225109,85.59322033898306,81.95876288659794,47.82608695652174,161.0,84.0,78,,
2026-04-30,1174,361,812,830,803,516,37,41,276,0,8,0,6,507139112289.24,830318596732.56,46,15,76.63896583564174,75.11693171188027,51.6,154.0,101.0,8,0.6107765311832297,-451.0,6.715476618952842,0.7278951598335157,64.0,64.0,63.26530612244898,70.66666666666667,70.66666666666667,57.24137931034483,76.70682730923694,73.66255144032921,49.35064935064935,80.3082191780822,78.81944444444444,48.85931558935361,172.0,76.0,51,,
2026-05-04,1166,789,374,862,841,540,144,25,423,0,38,2,9,956658094950.61,339757191964.87,34,20,80.18604651162791,79.26484448633366,54.43548387096774,236.0,97.0,36,2.815711094791265,415.0,24.933059818695632,0.7492337095065463,66.0,69.0,64.28571428571429,75.33333333333333,74.0,57.93103448275863,79.91967871485943,79.01234567901234,53.24675324675325,84.02777777777779,82.57042253521126,52.12355212355212,179.0,84.0,69,,
2026-05-05,1175,532,639,840,829,549,62,32,272,0,22,1,7,695727610164.76,528362134043.3501,31,12,77.27690892364305,77.26001863932899,54.900000000000006,243.0,98.0,21,1.316762813490488,-107.0,14.284428155382244,0.6322709391473023,64.0,66.0,66.3265306122449,72.0,74.66666666666667,56.16438356164384,76.8,76.32653061224491,54.14847161572053,81.09028960817717,80.27681660899654,52.75142314990512,168.0,80.0,65,,
2026-05-06,1181,904,274,945,921,590,154,22,293,1,32,0,16,1132605519428.57,309409706649.98,20,15,86.38025594149909,85.35681186283595,58.64811133200796,360.0,79.0,32,3.660536483135712,630.0,41.95842594247239,0.9013077968742056,81.0,79.0,68.04123711340206,84.0,81.33333333333333,63.26530612244898,88.75502008032129,85.24590163934425,56.33187772925764,86.89075630252101,87.52136752136752,56.66041275797373,147.0,73.0,77,,
2026-05-07,1195,819,373,980,949,628,142,14,308,0,55,1,19,938447670936.75,515712574326.34,56,40,88.4476534296029,86.74588665447898,61.68958742632613,358.0,68.0,54,1.819710663759976,446.0,56.20990192072209,1.2066261408982404,82.0,77.0,70.10309278350515,84.66666666666667,80.66666666666666,65.54054054054053,90.36144578313254,88.9344262295082,62.28070175438597,89.65517241379311,89.0,58.89908256880734,187.0,102.0,83,,
2026-05-08,1210,501,706,945,945,643,90,39,311,0,40,0,20,695803078303.5,627851977779.62,33,23,84.22459893048129,85.21190261496844,62.3666343355965,386.0,75.0,40,1.1082278991366517,-205.0,35.56386437252199,0.6403301420205662,77.0,78.0,71.1340206185567,78.66666666666666,78.66666666666666,62.83783783783784,84.0,86.53061224489797,63.31877729257642,86.81672025723472,87.45928338762215,60.32315978456014,174.0,110.0,89,,
2026-05-11,1215,304,909,799,864,591,50,135,173,0,23,0,9,488099964469.08,802559129370.49,58,30,71.02222222222223,77.6978417266187,57.26744186046512,282.0,188.0,23,0.6081794432416899,-605.0,-2.266317053051708,0.5498927118643682,58.58585858585859,62.62626262626263,61.458333333333336,62.66666666666667,68.66666666666667,56.16438356164384,74.4,82.0408163265306,59.91379310344828,73.64217252396166,80.58252427184466,55.7347670250896,198.0,120.0,78,,
2026-05-12,1216,110,1105,481,697,506,20,404,114,0,3,7,4,198097595152.64,1099376343385.6,70,19,42.604074402125775,62.45519713261649,48.84169884169884,160.0,578.0,-4,0.1801908839902683,-995.0,-54.09979058665196,0.5524558685088282,28.28282828282828,50.505050505050505,56.25,38.0,57.99999999999999,53.74149659863946,46.0,65.71428571428571,50.21645021645021,44.60317460317461,64.14790996784566,45.72953736654805,237.0,127.0,40,,
2026-05-13,1223,728,490,556,719,528,86,32,87,0,6,8,3,807457810514.72,437055815445.18,55,8,48.98678414096917,64.08199643493762,50.72046109510087,156.0,571.0,-2,1.847493574000961,238.0,-36.49691150494693,0.8041783238773598,41.41414141414141,53.535353535353536,59.375,46.0,61.33333333333333,52.73972602739726,48.8,67.88617886178862,52.1551724137931,50.943396226415096,64.91228070175438,48.14814814814815,272.0,120.0,39,,
2026-05-14,1222,615,603,576,710,537,62,45,91,1,15,8,3,885155301659.48,398798568218.93,34,4,50.83848190644306,63.39285714285714,51.63461538461539,168.0,481.0,7,2.2195548635308864,12.0,-32.56396533256439,0.4595067751062353,48.48484848484848,56.56565656565656,61.458333333333336,52.66666666666666,63.08724832214765,54.7945205479452,49.2,64.37246963562752,54.741379310344826,51.419558359621455,64.16,47.879858657243815,250.0,84.0,47,,
2026-05-15,1212,421,791,512,698,514,53,62,64,2,10,2,2,550424117621.67,672438910088.99,5,3,45.47069271758437,62.713387241689134,49.61389961389961,201.0,139.0,8,0.8185488813382726,-370.0,-48.1384765285145,0.6502210020254638,43.43434343434344,58.58585858585859,58.333333333333336,44.66666666666666,57.71812080536913,55.47945205479452,44.0,63.30645161290322,50.21459227467812,46.57097288676236,64.34359805510535,46.3458110516934,222.0,64.0,39,,
2026-05-18,1205,271,932,408,601,471,46,115,48,4,11,8,1,471399163579.54,642448902225.76,9,2,36.42857142857142,54.33996383363472,45.728155339805824,161.0,222.0,3,0.733753551366312,-661.0,-75.76399121840926,0.3962809197276085,36.36363636363637,49.494949494949495,55.208333333333336,38.0,55.033557046979865,52.05479452054794,34.0,54.43548387096774,46.3519313304721,37.03703703703704,54.91803278688525,42.16216216216216,173.0,36.0,27,,
2026-05-19,1134,769,364,506,657,507,96,22,45,4,10,3,1,821107351388.66,407224621876.37,17,9,45.01779359430605,59.34959349593496,49.17555771096024,195.0,199.0,7,2.016349963332869,405.0,-45.70498632217724,1.047753317159953,43.43434343434344,53.535353535353536,55.208333333333336,48.0,56.375838926174495,55.47945205479452,42.8,59.2741935483871,50.64377682403433,45.440000000000005,61.04746317512275,45.86330935251798,120.0,26.0,43,,
2026-05-20,1130,557,567,538,658,507,69,15,49,2,10,2,4,665387127930.05,398710794472.83,13,5,47.73735581188998,59.33273219116321,49.127906976744185,211.0,152.0,8,1.668846535268291,-10.0,-40.52601220428798,0.5886480841323855,43.0,55.00000000000001,55.67010309278351,48.99328859060403,56.75675675675676,55.55555555555556,44.8,60.483870967741936,50.85470085470085,49.36305732484077,60.1957585644372,45.601436265709154,78.0,23.0,44,,
2026-05-21,1129,663,461,588,694,517,85,23,53,2,20,2,1,665940925112.95,428942647776.74,5,3,52.31316725978648,62.63537906137184,50.19417475728155,250.0,60.0,18,1.5525174019524517,202.0,-25.29535927247122,0.92635217639293,48.48484848484848,53.535353535353536,58.333333333333336,52.0,59.73154362416108,56.55172413793104,50.0,62.24899598393574,51.70940170940172,53.92,64.97545008183306,46.48648648648649,49.0,22.0,50,,
2026-05-22,1130,560,564,603,700,528,60,36,48,6,9,5,4,637991758430.21,388597879337.48,11,8,53.504880212954745,63.06306306306306,51.11326234269119,214.0,74.0,4,1.641778795905735,-4.0,-22.446674219405537,0.604775627444179,46.0,54.0,58.76288659793815,55.70469798657718,62.16216216216216,55.94405594405595,51.2,61.6,53.813559322033896,55.09554140127389,65.359477124183,47.3967684021544,55.0,27.0,58,,
2026-05-25,1136,817,315,719,760,569,123,26,65,3,28,1,2,868230762451.72,211931615043.48,7,5,63.572060123784254,68.16143497757847,54.81695568400771,268.0,85.0,27,4.0967496155474175,502.0,5.401184872062654,0.633099661206467,61.0,65.0,63.91752577319587,69.79865771812081,70.94594594594594,60.83916083916085,63.05220883534136,69.07630522088354,58.97435897435898,62.7172195892575,67.63754045307444,50.0,53.0,30.0,78,,
2026-05-26,1148,570,571,730,783,576,71,27,77,3,25,1,4,691514576425.83,495361282272.56,16,8,63.81118881118881,69.4764862466726,54.96183206106871,254.0,89.0,24,1.3959802697000885,-1.0,4.034098470907642,0.7150879623315517,64.0,64.0,62.88659793814433,71.81208053691275,70.94594594594594,60.83916083916085,63.05220883534136,69.87951807228916,59.40170940170941,62.22910216718266,69.84126984126983,50.34843205574913,52.0,29.0,73,,
2026-05-27,1152,591,557,724,783,583,94,29,63,3,39,3,7,905191873594.17,384137033242.63,12,9,63.06620209059234,69.1696113074205,55.3656220322887,288.0,82.0,36,2.356429594806678,34.0,4.595069105565568,0.4502749816831197,67.0,65.0,64.94845360824742,73.15436241610739,75.0,61.53846153846154,61.44578313253012,68.67469879518072,57.5107296137339,60.76923076923077,68.66141732283465,51.37931034482759,51.0,33.0,85,,
2026-05-29,1156,307,849,599,708,544,71,119,63,3,26,14,9,834501815567.53,1915295420458.37,9,2,52.04170286707212,62.37885462555066,51.46641438032167,236.0,175.0,12,0.4357039685125005,-542.0,-23.748276347329732,0.8299256162494834,50.0,57.99999999999999,58.76288659793815,62.41610738255034,66.21621621621621,61.11111111111112,48.59437751004016,60.24096385542169,52.81385281385281,51.301684532924966,63.00940438871473,47.35042735042735,55.0,32.0,59,,
2026-06-01,1166,365,800,512,638,528,58,107,65,6,13,7,6,433776590223.35,799616743205.73,17,2,44.02407566638005,55.67190226876091,49.43820224719101,223.0,255.0,6,0.5424806245105669,-435.0,-42.513095327818576,0.841043862924385,48.0,54.0,60.824742268041234,44.29530201342282,57.43243243243244,57.04225352112676,38.55421686746988,54.21686746987952,52.118644067796616,45.41353383458647,56.08628659476117,44.68802698145025,61.0,26.0,28,,
2026-06-02,1166,753,408,572,674,546,105,17,77,4,15,7,4,911577927102.08,437016033553.37,30,8,49.18314703353396,58.813263525305416,51.0757717492984,234.0,243.0,8,2.0859141475658345,345.0,-19.34445007949744,0.8847862877999241,48.0,55.00000000000001,62.88659793814433,48.99328859060403,60.810810810810814,56.64335664335665,47.389558232931726,59.036144578313255,53.61702127659574,50.07518796992482,58.85978428351309,46.8013468013468,84.0,29.0,44,,
2026-06-03,1165,488,675,575,655,538,63,29,63,8,20,6,4,670793751894.4,570673414895.02,12,3,49.48364888123925,57.15532286212914,50.32740879326474,226.0,153.0,14,1.1754424411338629,-187.0,-26.03853614178538,0.6150560313830201,44.0,49.0,60.824742268041234,51.006711409395976,57.43243243243244,57.04225352112676,49.39759036144578,57.0281124497992,52.56410256410257,50.0,58.39753466872111,46.14093959731543,80.0,24.0,43,,
2026-06-04,1165,616,546,597,656,551,100,20,79,7,25,4,8,786349692415.69,438380302207.75,12,6,51.37693631669536,57.24258289703316,51.54349859681946,268.0,66.0,21,1.793761463404065,70.0,-18.78178704433264,0.6289605118754785,47.0,54.0,62.88659793814433,54.36241610738255,57.43243243243244,57.34265734265735,52.20883534136546,58.23293172690763,52.78969957081545,51.05421686746988,57.31895223420646,47.81879194630873,80.0,21.0,50,,
2026-06-05,1148,526,621,577,654,551,51,34,67,6,14,3,1,594953109522.13,541243775332.18,16,3,50.39301310043668,57.876106194690266,52.32668566001899,214.0,83.0,11,1.0992331674521092,-95.0,-20.733357630788888,0.7705562014115247,44.0,51.0,61.855670103092784,53.02013422818792,58.38926174496645,57.638888888888886,49.596774193548384,57.89473684210527,53.91304347826087,51.080246913580254,58.83280757097792,48.797250859106526,87.0,22.0,44,,
2026-06-08,1143,164,979,427,551,517,19,151,45,15,13,15,1,238468618685.32,751984983250.44,9,3,37.42331288343559,49.02135231316726,49.33206106870229,170.0,205.0,-2,0.3171188574199237,-815.0,-58.29828369405502,0.5282494921493092,31.0,42.0,59.79381443298969,35.333333333333336,49.66442953020135,53.47222222222222,39.3574297188755,50.403225806451616,51.94805194805194,38.161993769470406,49.441786283891545,45.48611111111111,79.0,23.0,19,,
2026-06-09,1139,915,223,564,633,549,156,8,59,12,20,1,5,857649512228.79,258605537868.1,11,4,49.6042216358839,56.417112299465245,52.43553008595988,226.0,193.0,19,3.316439080535964,692.0,-14.774804059677308,1.2372122369242535,45.0,51.0,61.855670103092784,49.333333333333336,57.04697986577181,59.02777777777778,50.0,57.0281124497992,54.310344827586206,50.23547880690737,56.89102564102564,48.43205574912892,60.0,19.0,46,,
2026-06-10,1139,251,888,472,564,521,29,93,58,12,7,7,2,408481207851.52,687281165533.59,8,2,41.512752858399296,50.22261798753339,49.85645933014354,204.0,252.0,0,0.594343666517304,-637.0,-43.93835495198597,0.4755794897486776,38.0,45.0,57.73195876288659,41.333333333333336,51.006711409395976,56.25,44.0,51.80722891566265,51.931330472103,41.13029827315541,50.24,46.05954465849387,56.0,18.0,26,,
2026-06-11,1136,265,869,381,526,491,21,66,68,6,4,19,1,390855280560.21,609664818377.09,5,1,33.627537511032656,46.96428571428572,47.166186359269936,206.0,167.0,-15,0.641098631212894,-604.0,-67.00349919014994,0.4756650560362141,27.27272727272727,43.43434343434344,55.208333333333336,36.0,46.97986577181208,54.16666666666666,35.7429718875502,46.774193548387096,49.56896551724138,33.22834645669291,47.59615384615385,43.05799648506151,49.0,13.0,22,,
2026-06-12,1134,1028,104,659,667,566,308,3,85,6,14,0,5,1000337866285.88,93207105740.69,12,9,58.267020335985855,59.60679177837355,54.31861804222648,358.0,162.0,14,10.73242064901043,924.0,-9.989180017829383,0.921005214748714,51.51515151515152,54.54545454545454,62.5,58.66666666666666,62.16216216216216,58.74125874125874,59.83935742971887,60.6425702811245,54.506437768240346,58.60979462875198,59.3900481540931,51.75438596491229,45.0,19.0,59,,
2026-06-15,1130,861,268,811,782,600,151,8,93,4,29,0,3,1012175736388.05,249603238124.91,8,7,71.89716312056737,70.00895255147717,57.692307692307686,480.0,77.0,29,4.055138643199503,593.0,22.258008774593836,0.7922507341523027,65.65656565656566,61.61616161616161,67.70833333333334,68.66666666666667,69.79865771812081,62.23776223776224,74.8,72.8,58.54700854700855,72.49602543720191,70.27463651050081,54.4973544973545,44.0,23.0,75,,
2026-06-16,1142,667,471,847,813,608,77,17,102,4,15,0,4,753481258784.99,359092382328.89,5,4,74.55985915492957,72.26666666666667,58.12619502868069,536.0,28.0,15,2.098293631010201,196.0,29.868065148242717,0.6748988130999809,69.0721649484536,65.97938144329896,67.02127659574468,67.78523489932886,70.94594594594594,61.97183098591549,81.12449799196787,75.90361445783132,59.2274678111588,74.41497659906396,72.10776545166404,55.28596187175043,38.0,23.0,84,,
2026-06-17,1143,650,489,867,837,624,89,16,119,3,28,0,4,896111863517.64,338412269318.82,17,12,76.2532981530343,74.20212765957447,59.54198473282442,317.0,41.0,28,2.6479886953312803,161.0,34.4753230219713,0.501982261528097,76.53061224489795,67.3469387755102,71.27659574468085,72.2972972972973,72.78911564625851,62.676056338028175,79.91967871485943,76.70682730923694,60.94420600858369,75.70093457943925,74.60567823343848,56.303972366148535,47.0,33.0,88,,
2026-06-18,1143,646,493,891,840,639,80,19,116,2,28,0,3,816054270315.51,411629734695.08,41,27,78.3641160949868,74.46808510638297,61.03151862464183,246.0,52.0,28,1.982495921777888,153.0,37.84215188889939,0.660957136502505,73.46938775510205,69.38775510204081,73.40425531914893,76.19047619047619,73.97260273972603,64.28571428571429,82.8,76.4,62.82051282051282,77.88161993769471,74.60567823343848,57.51295336787565,83.0,59.0,86,,
2026-06-19,1148,633,510,886,856,652,91,15,112,2,30,2,6,838231474095.18,643689984151.36,22,16,77.5831873905429,75.61837455830388,61.8595825426945,260.0,50.0,28,1.3022285490433774,123.0,39.0315798106784,0.9531172323783016,75.51020408163265,68.36734693877551,75.53191489361703,74.82993197278913,73.28767123287672,64.28571428571429,77.60000000000001,76.0,63.559322033898304,78.516228748068,77.11598746081505,58.390410958904106,93.0,66.0,84,,
2026-06-22,1166,756,410,934,899,691,115,16,110,3,35,1,8,809899711901.36,296035672486.66,39,27,80.51724137931035,78.24194952132288,64.57943925233644,286.0,50.0,34,2.735817967808781,346.0,51.00338278474607,0.6739857917159747,73.46938775510205,70.40816326530613,74.46808510638297,81.63265306122449,76.02739726027397,70.0,83.6,80.0,65.67796610169492,80.15037593984962,79.23664122137404,61.33333333333333,124.0,86.0,89,,
2026-06-23,1164,284,880,836,841,658,31,49,92,3,12,4,5,375599109787.18,837692213110.91,43,19,72.19343696027633,73.32170880557977,61.61048689138576,237.0,80.0,8,0.4483736435752816,-596.0,13.884257413650191,0.7197730672879907,65.65656565656566,64.64646464646465,72.63157894736842,73.97260273972603,72.41379310344827,65.46762589928058,74.0,75.6,62.97872340425532,72.09653092006033,73.96630934150078,58.43071786310517,162.0,101.0,74,,
2026-06-24,1162,596,565,825,844,677,55,29,83,4,19,0,2,738430733035.92,402247063758.52,48,20,71.36678200692042,73.7117903930131,63.33021515434986,201.0,94.0,19,1.8357641349477205,31.0,13.427983934294964,0.5746202557046954,65.65656565656566,63.63636363636363,68.08510638297872,76.71232876712328,74.48275862068967,68.57142857142857,71.2,76.8,64.1025641025641,71.10438729198184,73.8863287250384,61.0648918469218,193.0,109.0,75,,
2026-06-25,1156,349,806,732,812,651,30,55,77,3,13,2,2,593590246782.92,632237900318.21,50,14,63.65217391304348,71.29060579455663,61.18421052631579,116.0,133.0,11,0.9388716596777285,-457.0,-11.42926981022523,0.4611945380673307,61.61616161616161,68.68686868686868,65.95744680851064,64.38356164383562,72.41379310344827,65.0,65.60000000000001,72.8,62.82051282051282,63.05343511450382,70.85271317829456,58.89261744966443,202.0,96.0,48,,
2026-06-29,1160,433,725,638,745,635,56,59,64,7,27,8,3,877594064640.61,870929078982.28,19,10,55.28596187175043,65.23642732049036,59.40130963517306,141.0,143.0,19,1.007652730651867,-292.0,-24.375075412738877,0.5927055632787097,48.48484848484848,60.60606060606061,63.82978723404256,55.47945205479452,66.89655172413794,64.28571428571429,59.6,68.67469879518072,61.80257510729614,54.62822458270106,64.25269645608628,56.644518272425245,199.0,90.0,46,,
2026-06-30,1156,705,450,708,767,649,87,17,76,2,34,10,6,753062681018.86,569919367604.23,23,12,61.61879895561357,67.51760563380282,60.88180112570356,173.0,131.0,24,1.321349516835179,255.0,-7.971863825824347,1.1856565176025926,53.535353535353536,61.61616161616161,65.95744680851064,63.44827586206897,70.13888888888889,65.46762589928058,67.60000000000001,71.8875502008032,62.66094420600859,60.1526717557252,66.14906832298136,58.333333333333336,183.0,75.0,51,,
2026-07-01,1157,623,529,742,798,664,88,31,85,3,32,9,8,719595016499.95,399408206297.31,22,9,64.46568201563856,70.06145741878841,62.114125350795135,231.0,107.0,23,1.8016530585861332,94.0,-1.9572585998833023,0.6536740002200826,62.62626262626263,67.67676767676768,69.14893617021278,61.64383561643836,69.6551724137931,70.0,67.8714859437751,74.19354838709677,65.08620689655173,64.07914764079148,68.93353941267388,58.043117744610285,162.0,65.0,55,,
2026-07-02,1160,802,353,818,862,690,95,11,83,3,32,1,13,814989455188.6901,326392925849.12,19,11,71.06863596872284,74.95652173913044,64.54630495790458,270.0,59.0,31,2.496958085315339,449.0,20.94501516129571,0.9098889915623232,62.62626262626263,68.68686868686868,69.14893617021278,69.6551724137931,75.0,75.53956834532374,75.0,76.61290322580645,65.80086580086581,71.16843702579666,75.26555386949924,60.82644628099173,133.0,56.0,61,,
2026-07-03,1173,552,618,806,864,704,56,40,86,3,36,2,5,674817707443.05,543936107528.79,30,20,69.30352536543423,74.35456110154905,65.3061224489796,239.0,82.0,34,1.2406194369204155,-66.0,14.671734151297288,0.7199660564019067,59.79381443298969,64.94845360824742,69.56521739130434,62.58503401360544,71.91780821917808,74.46808510638297,72.98387096774194,77.01612903225806,64.93506493506493,70.78986587183309,75.26080476900148,62.70358306188925,113.0,62.0,72,,
2026-07-06,1182,539,641,794,857,703,54,31,72,4,30,1,1,659158137386.14,386647911003.16,33,23,67.80529461998293,73.24786324786324,64.67341306347745,205.0,82.0,29,1.7048020139975693,-102.0,7.434720216992146,0.4932382927995513,56.25,65.625,71.42857142857143,66.21621621621621,70.06802721088435,73.94366197183099,72.28915662650603,76.70682730923694,64.65517241379311,68.14159292035397,73.74631268436578,61.57556270096463,127.0,75.0,77,,
2026-07-07,1188,356,828,698,813,687,23,66,66,4,17,2,0,544816037998.27,656129896303.52,37,17,59.35374149659864,69.19148936170212,62.96975252062328,133.0,137.0,15,0.8303478336646968,-472.0,-17.290100297923708,0.5177970886293359,47.91666666666667,60.41666666666666,70.32967032967034,60.13513513513513,66.66666666666666,71.12676056338029,62.5,72.58064516129032,66.23376623376623,59.64912280701754,69.73684210526315,58.85167464114832,141.0,80.0,61,,
2026-07-08,1194,164,1029,478,662,627,21,152,59,3,5,4,2,333705539461.66,934786577176.34,40,7,40.4399323181049,56.05419136325148,57.103825136612016,98.0,249.0,1,0.3569858057543643,-865.0,-57.99337133668714,0.4464548291836639,32.29166666666667,46.875,61.53846153846154,42.567567567567565,55.78231292517006,63.38028169014085,44.17670682730924,60.6425702811245,58.620689655172406,39.7677793904209,55.73294629898403,54.502369668246445,159.0,78.0,40,,
2026-07-09,1196,995,200,636,756,662,152,8,66,3,18,3,2,922739568756.49,260643386959.14,30,8,53.71621621621622,63.95939086294417,60.18181818181818,196.0,226.0,15,3.5402377920340027,795.0,-9.504701218146453,1.405272835399475,33.33333333333333,53.125,63.73626373626373,54.054054054054056,61.64383561643836,67.85714285714286,56.8,68.4,60.68376068376068,55.3623188405797,64.34782608695652,57.79527559055118,170.0,75.0,50,,
2026-07-10,1199,935,261,779,851,700,114,6,97,2,27,0,6,964608227384.82,191784530734.82,19,9,65.62763268744735,71.81434599156118,63.40579710144928,287.0,166.0,27,5.029645632465432,674.0,25.95063523929658,0.7122520632077202,52.63157894736842,61.05263157894737,68.88888888888889,68.45637583892618,69.38775510204081,71.63120567375887,71.2,78.4,65.38461538461539,64.79076479076478,71.42857142857143,60.093896713615024,159.0,64.0,59,,
2026-07-13,1205,627,576,807,868,718,81,13,124,2,28,0,4,690529334803.94,458529245675.97,7,4,67.70134228187919,72.94117647058823,64.6846846846847,347.0,27.0,28,1.5059657400608162,51.0,24.98519473421389,0.7228196749168461,54.736842105263165,62.10526315789474,66.66666666666666,63.758389261744966,68.02721088435374,71.63120567375887,71.6,75.2,68.51063829787233,68.91117478510029,74.64183381088824,61.49068322981367,133.0,45.0,59,,
2026-07-14,1212,285,926,694,792,701,29,47,71,4,13,1,3,494627614016.06,645389560787.58,19,9,57.68911055694098,66.16541353383458,62.81362007168458,224.0,66.0,12,0.7664016340959364,-641.0,-10.56518287130288,0.4015849709569327,49.494949494949495,54.736842105263165,63.33333333333333,56.375838926174495,64.62585034013605,68.08510638297872,59.2,70.8,67.23404255319149,58.58156028368794,66.38297872340425,60.0,115.0,37.0,45,,
2026-07-15,1203,672,527,726,819,712,62,23,65,5,17,3,2,748460181849.42,395750659644.27,34,12,60.80402010050251,68.93939393939394,64.25992779783394,172.0,83.0,14,1.891241779665488,145.0,-1.6079298096632098,0.6742354831099662,53.535353535353536,60.41666666666666,63.73626373626373,65.77181208053692,70.27027027027027,70.4225352112676,66.0,72.98387096774194,67.09401709401709,58.90804597701149,68.39080459770115,61.93447737909516,109.0,42.0,51,,
2026-07-16,1204,512,686,700,808,705,45,24,56,5,12,3,4,600374257374.01,556598157385.81,42,14,58.62646566164153,68.01346801346801,63.51351351351351,136.0,94.0,9,1.0786493800011925,-174.0,-9.891438792912972,0.6919353952907017,49.494949494949495,57.29166666666666,62.63736263736264,58.78378378378378,67.3469387755102,69.50354609929079,61.6,71.37096774193549,67.52136752136752,58.82352941176471,68.4361549497848,60.86956521739131,121.0,48.0,44,,
2026-07-17,1204,374,822,625,770,701,21,55,43,5,5,4,3,637682082471.18,452306494500.71,17,5,52.43288590604027,64.92411467116358,63.26714801444043,128.0,102.0,1,1.4098450723664748,-448.0,-30.62438177962696,0.3227218674362319,55.10204081632652,60.41666666666666,63.73626373626373,52.348993288590606,68.02721088435374,68.79432624113475,55.42168674698795,70.04048582995951,66.09442060085837,51.00574712643679,63.07471264367817,60.9642301710731,119.0,44.0,41,,
2026-07-20,1200,675,516,668,790,706,69,20,50,5,21,2,2,649426282414.11,380133476341.35,27,13,56.22895622895623,66.83587140439933,63.94927536231884,135.0,99.0,19,1.708416445361792,159.0,-17.847926124369284,0.7657029633700908,53.06122448979592,59.375,65.93406593406593,58.38926174496645,68.02721088435374,71.83098591549296,61.44578313253012,70.44534412955466,66.09442060085837,54.33526011560693,66.32947976878613,61.12852664576802,139.0,53.0,47,,
2026-07-21,1192,601,582,665,780,708,49,23,42,6,21,4,4,655364150081.52,356309314094.28,21,9,56.35593220338984,66.38297872340425,64.53965360072927,139.0,98.0,17,1.8393124292791,19.0,-13.834816908502123,0.5614304735137907,54.08163265306123,56.25,64.83516483516483,59.06040268456376,70.74829931972789,75.35211267605634,59.43775100401606,70.56451612903226,66.52360515021459,54.97076023391813,65.35087719298247,61.33122028526149,141.0,53.0,42,,
2026-07-22,1190,243,944,529,703,664,20,87,35,6,8,8,1,343107379624.45,703304919608.99,13,8,44.98299319727892,60.03415883859948,60.52871467639015,138.0,130.0,0,0.4878501060609732,-701.0,-46.3344344443932,0.527652348619384,45.36082474226804,52.63157894736842,62.22222222222222,45.63758389261745,61.224489795918366,69.01408450704226,48.59437751004016,64.91935483870968,65.23605150214593,43.4654919236417,59.03083700440529,56.64556962025317,120.0,49.0,25,,
2026-07-23,1189,301,885,421,635,638,32,50,39,7,5,6,4,374178003952.42,682942613010.58,21,7,35.82978723404256,54.27350427350427,58.1056466302368,101.0,160.0,-1,0.5478908429845237,-584.0,-68.03993526535808,0.6207678020271086,36.08247422680412,47.368421052631575,61.11111111111112,33.557046979865774,57.14285714285714,66.90140845070422,40.562248995983936,60.88709677419355,62.231759656652365,34.55882352941176,52.20588235294118,54.18641390205371,99.0,42.0,22,,
2026-07-24,1176,597,579,431,636,643,43,24,36,4,5,3,3,459543013197.06,566926835802.4,22,7,37.123169681309214,55.017301038062286,59.04499540863177,95.0,161.0,2,0.8105861006679032,18.0,-56.15793879095629,1.27202783523177,37.37373737373738,46.39175257731959,61.95652173913043,29.931972789115648,58.620689655172406,67.85714285714286,38.30645161290322,59.91902834008097,62.06896551724138,38.23088455772114,53.67316341829086,55.52,104.0,44.0,25,,
2026-07-27,1174,854,315,589,704,662,94,26,43,3,23,2,4,804588190919.81,203091766433.38,15,7,50.81967213114754,61.05810928013877,60.84558823529412,169.0,100.0,21,3.961697734229607,539.0,-19.66804211138796,0.6843306312055921,51.02040816326531,53.125,65.93406593406593,46.93877551020408,57.93103448275863,66.42857142857143,51.20967741935484,64.37246963562752,64.95726495726495,51.5015015015015,61.65413533834586,57.30337078651685,92.0,38.0,49,,
2026-07-28,1165,328,835,492,645,645,25,78,42,4,13,5,0,578414260345.2,600119144769.29,13,6,42.78260869565217,56.38111888111889,59.7775718257646,162.0,128.0,8,0.9638323745988236,-507.0,-40.670840239800114,0.4075546553631656,47.95918367346938,51.04166666666666,64.83516483516483,42.85714285714285,55.86206896551724,65.71428571428571,46.37096774193548,62.34817813765182,65.8119658119658,40.63926940639269,55.03048780487805,55.37459283387622,84.0,35.0,30,,
2026-07-29,1162,789,368,578,704,673,86,23,46,5,17,1,1,941724561187.36,265500158096.93,4,3,50.26086956521739,61.70026292725679,62.430426716141,205.0,127.0,16,3.54698305243024,421.0,-12.024878438393491,0.6044634855702069,56.12244897959183,58.333333333333336,67.03296703296702,50.0,60.273972602739725,68.08510638297872,53.62903225806451,69.10569105691057,70.08547008547008,48.170731707317074,59.724349157733535,57.51633986928104,75.0,30.0,49,,
2026-07-30,1158,330,822,511,648,652,20,56,44,4,14,4,1,559998866943.55,555535250115.69,25,13,44.55100261551874,56.94200351493849,60.70763500931099,131.0,157.0,10,1.0080348039605598,-492.0,-33.12245670599887,0.3982599136828077,58.16326530612245,56.70103092783505,68.47826086956522,47.2972972972973,57.93103448275863,66.90647482014388,45.564516129032256,63.82113821138211,67.23404255319149,41.50076569678408,54.15384615384615,55.5921052631579,79.0,36.0,35,,
2026-07-31,1150,731,415,569,676,665,86,25,34,7,18,1,4,888501264468.21,369382481553.15,20,11,50.04397537379067,59.9290780141844,62.441314553990615,192.0,104.0,17,2.405369255012611,316.0,-10.59527384127147,0.7322974547304153,60.41666666666666,61.05263157894737,70.32967032967034,62.16216216216216,66.20689655172414,71.42857142857143,49.193548387096776,61.382113821138205,67.81115879828327,46.04651162790698,57.78816199376947,57.07154742096506,77.0,40.0,53,,
2026-08-03,1138,849,287,742,754,700,135,19,38,7,45,0,1,861123815653.41,286799914128.52,27,17,65.89698046181172,67.56272401433692,66.47673314339981,241.0,100.0,45,3.0025246634750578,562.0,21.018443877276816,0.9852335900169962,73.95833333333334,68.42105263157895,74.72527472527473,68.91891891891892,67.58620689655173,75.71428571428571,64.65863453815261,70.73170731707317,71.36752136752136,64.45497630331754,66.19047619047619,61.05442176870748,89.0,50.0,72,,
2026-08-04,1137,491,638,702,738,696,54,33,40,8,24,2,1,551199189896.87,548871863822.96,24,15,62.4,66.24775583482945,66.0968660968661,275.0,77.0,22,1.0042401992656351,-147.0,12.493080307249215,0.766343029338801,72.91666666666666,70.52631578947368,73.62637362637363,65.54054054054053,65.51724137931035,74.28571428571429,59.43775100401606,68.69918699186992,70.94017094017094,61.23417721518988,64.80891719745223,61.05442176870748,100.0,59.0,70,,
2026-08-05,1148,641,500,732,770,705,80,21,45,8,47,2,4,768968228706.08,432869408747.43,26,19,64.43661971830986,68.44444444444444,66.38418079096046,269.0,73.0,45,1.776443918573965,141.0,19.54142905333937,0.721666463317976,73.95833333333334,73.68421052631578,73.62637362637363,66.21621621621621,66.89655172413794,73.57142857142858,64.4,70.73170731707317,73.19148936170212,62.61682242990653,67.13615023474179,60.90604026845637,122.0,75.0,78,,
2026-08-06,1156,502,644,723,762,697,49,32,53,7,28,1,4,633623783181.77,578734306379.17,47,26,63.25459317585301,67.31448763250883,65.07936507936508,183.0,86.0,27,1.0948440004291675,-142.0,11.320060085979756,0.7119764142512586,71.57894736842105,70.2127659574468,71.11111111111111,66.8918918918919,72.41379310344827,73.57142857142858,62.0,69.51219512195121,69.91525423728814,61.69230769230769,64.91499227202473,60.33057851239669,144.0,88.0,73,,
2026-08-07,1164,518,640,687,735,700,46,57,46,9,26,4,1,646998081812.91,436855436086.25,32,21,59.73913043478261,64.64379947229551,65.05576208178438,175.0,110.0,22,1.481034750555721,-122.0,5.2341893184573856,0.5464929163183392,67.74193548387096,72.82608695652173,70.45454545454545,64.1891891891892,72.41379310344827,74.28571428571429,57.2,65.4471544715447,70.2127659574468,58.573596358118365,61.46788990825688,60.1957585644372,156.0,98.0,71,,
2026-08-10,1167,559,601,667,734,698,75,51,45,11,32,6,5,664369197698.14,449085437558.61,48,30,57.84908933217693,64.3859649122807,64.56984273820537,170.0,140.0,26,1.4793826344267362,-42.0,4.004598865633476,0.6287193393385877,72.3404255319149,74.19354838709677,73.03370786516854,61.224489795918366,68.75,72.66187050359713,53.2,66.26016260162602,68.77637130801688,56.797583081571,61.339421613394215,59.9025974025974,177.0,111.0,65,,
2026-08-11,1175,457,714,626,702,691,65,44,54,11,28,6,9,610258806605.45,530295806417.68,45,17,53.91903531438415,61.14982578397212,63.45270890725436,186.0,152.0,22,1.1507894258639266,-257.0,-7.81672396585914,0.5561886545216188,67.02127659574468,74.19354838709677,71.91011235955057,59.18367346938776,66.66666666666666,72.66187050359713,52.8,61.78861788617886,68.08510638297872,51.34328358208955,57.89473684210527,58.46645367412141,198.0,113.0,63,,
2026-08-12,1174,456,709,598,679,681,55,61,62,9,28,11,3,648054052803.36,554918770691.72,26,12,51.50732127476314,59.19790758500436,62.6494940202392,195.0,156.0,17,1.1678358834312716,-253.0,-17.68487136695603,0.550727536747647,72.3404255319149,77.17391304347827,71.5909090909091,58.108108108108105,64.13793103448275,73.57142857142858,54.0,62.19512195121951,64.25531914893618,46.18834080717489,54.51807228915663,58.333333333333336,198.0,106.0,52,,
2026-08-13,1185,608,567,615,699,694,64,30,57,9,24,4,4,581866657033.94,443131261983.57,32,13,52.474402730375424,60.41486603284356,63.32116788321168,184.0,135.0,20,1.3130796830477598,41.0,-11.333713038059088,0.816637725408121,68.81720430107528,79.12087912087912,73.5632183908046,60.40268456375839,65.51724137931035,71.42857142857143,52.0,62.19512195121951,65.53191489361701,48.67647058823529,56.14814814814815,59.305993690851736,183.0,93.0,49,,
2026-08-14,1184,442,737,581,674,691,48,39,54,12,15,6,1,487391058258.38,480225560521.53,30,9,49.65811965811966,58.3044982698962,63.10502283105023,167.0,130.0,9,1.01492110859128,-295.0,-22.646804101661907,0.5909115738185846,67.74193548387096,77.17391304347827,74.71264367816092,55.70469798657718,63.888888888888886,70.0,49.2,59.51417004048582,65.67796610169492,46.017699115044245,54.08618127786033,59.01898734177215,181.0,81.0,34,,
2026-08-17,1199,550,645,560,663,696,77,43,70,11,30,9,7,529901218576.97,411143157201.94,31,14,47.37732656514383,56.763698630136986,62.87262872628726,189.0,112.0,21,1.2888484443794352,-95.0,-22.206262940534018,0.6616085715998552,62.63736263736264,74.44444444444444,72.94117647058823,53.02013422818792,61.37931034482759,70.92198581560284,46.400000000000006,60.56910569105691,65.95744680851064,44.50867052023121,52.11062590975255,58.6687306501548,164.0,65.0,40,,
2026-08-18,1336,590,740,553,667,690,97,36,68,10,28,8,34,547325604981.37,449881678209.81,24,8,46.50967199327166,56.81431005110733,62.05035971223022,222.0,118.0,20,1.216599011454108,-150.0,-24.46856893306699,0.6553492891173309,52.68817204301075,68.13186813186813,72.09302325581395,47.94520547945205,60.56338028169014,69.56521739130434,47.6,60.97560975609756,65.2542372881356,45.0,53.09352517985612,57.97546012269939,143.0,56.0,40,,
2026-08-19,1347,456,883,532,640,683,65,46,62,8,18,19,25,412015321816.05,584092997229.3,21,13,44.55611390284757,54.28329092451229,61.145926589077895,239.0,125.0,-1,0.7053933599109788,-427.0,-40.13049771201736,0.7321039868002165,51.08695652173913,65.55555555555556,71.76470588235294,45.89041095890411,57.74647887323944,65.94202898550725,44.0,57.08502024291497,64.9789029535865,43.626062322946176,51.142857142857146,57.3820395738204,138.0,57.0,33,,
2026-08-20,1358,790,555,587,682,700,107,28,81,6,25,3,21,713016986974.2,293871246443.47,27,12,48.91666666666667,57.50421585160203,62.27758007117438,269.0,110.0,22,2.426290409842319,235.0,-20.220794329459835,0.5866665497457617,58.69565217391305,68.88888888888889,74.11764705882354,48.61111111111111,61.42857142857143,68.38235294117648,48.19277108433735,62.19512195121951,66.94915254237289,47.972027972027966,53.66197183098591,57.87106446776612,133.0,56.0,52,,
2026-08-21,1357,652,688,604,685,701,97,15,88,5,18,5,26,644588175387.0701,368928252220.86,32,14,50.45948203842941,57.95262267343486,62.53345227475469,269.0,89.0,13,1.7471911449090796,-36.0,-16.64689396572585,0.5423988218838909,56.52173913043478,66.66666666666666,72.94117647058823,50.3448275862069,61.42857142857143,69.85294117647058,50.60240963855421,59.7560975609756,66.38297872340425,49.648382559774966,55.52407932011332,58.34586466165413,135.0,61.0,51,,
2026-08-24,1357,595,752,605,677,707,87,45,82,8,20,8,12,561996152343.17,425099401560.21,25,15,50.37468776019983,57.08263069139966,62.84444444444445,291.0,88.0,12,1.3220346824307874,-157.0,-19.557974684904664,0.5984891431142482,52.17391304347826,64.44444444444444,71.76470588235294,51.72413793103448,62.142857142857146,69.11764705882352,53.41365461847389,63.00813008130082,69.36170212765957,48.81118881118881,53.09859154929577,58.14648729446936,129.0,62.0,54,,
2026-08-25,1357,561,789,608,683,711,42,40,63,9,14,11,12,609159301224.7,365939173501.43,34,14,50.54031587697423,57.25062866722548,63.03191489361703,226.0,100.0,3,1.664646327410256,-228.0,-25.49915882637802,0.4271337426225237,63.04347826086957,71.42857142857143,75.29411764705883,55.86206896551724,62.93706293706294,70.07299270072993,52.610441767068274,63.41463414634146,68.93617021276596,47.14086471408648,52.17391304347826,57.97317436661699,139.0,68.0,50,,
2026-08-26,1352,746,599,628,698,719,94,21,87,8,29,5,17,585303200228.89,477862185183.77,27,19,52.289758534554544,58.60621326616289,63.85435168738899,223.0,106.0,24,1.2248368219464818,147.0,-11.701375473205845,1.0167958643224548,57.60869565217392,67.03296703296702,76.47058823529412,54.48275862068965,61.53846153846154,69.34306569343066,54.61847389558233,63.82113821138211,70.2127659574468,50.349650349650354,55.13361462728551,58.893871449925264,145.0,74.0,59,,
2026-08-27,1365,484,869,581,667,702,54,50,74,9,23,10,9,494003361884.42,557605680434.24,42,14,48.09602649006622,55.86264656616415,62.28926353149957,190.0,111.0,13,0.8859367456581698,-385.0,-26.445763828877617,0.6286701934941009,58.69565217391305,68.88888888888889,74.11764705882354,48.61111111111111,58.45070422535211,70.37037037037037,51.20967741935484,64.34426229508196,68.6695278969957,45.58011049723757,50.83565459610028,56.97329376854599,160.0,76.0,44,,
2026-08-28,1372,704,659,599,675,703,105,20,97,9,31,10,21,628155271286.91,351088334289.4,26,12,49.50413223140496,56.438127090301,62.267493356953054,253.0,91.0,21,1.7891658877196568,45.0,-17.4199870538326,0.5970856520688177,60.43956043956044,70.78651685393258,73.80952380952381,46.57534246575342,57.93103448275863,69.34306569343066,49.392712550607285,62.8099173553719,67.81115879828327,48.7603305785124,52.22222222222223,57.48148148148148,154.0,74.0,51,,
2026-08-31,1370,541,824,587,659,681,84,81,94,9,31,29,13,822559856920.66,900201309704.1901,39,16,48.63297431648716,55.23889354568316,60.42590949423248,243.0,151.0,2,0.9137510110832394,-283.0,-26.015847975899945,0.7185254955613316,54.44444444444444,63.63636363636363,69.41176470588235,52.38095238095239,63.013698630136986,68.61313868613139,50.0,58.8477366255144,66.66666666666666,46.67590027700831,51.39664804469274,55.43964232488823,168.0,75.0,33,,
2026-09-01,1379,493,874,515,610,673,56,63,75,13,23,17,11,519410853673.26,608893943744.27,20,8,42.77408637873754,51.30361648444071,59.92876224398932,245.0,164.0,6,0.8530399407148774,-381.0,-38.13522982438802,0.6612506632126853,43.18181818181818,52.32558139534884,67.46987951807229,35.374149659863946,52.05479452054794,67.88321167883211,45.9349593495935,56.84647302904564,66.8103448275862,43.15352697095436,49.162011173184354,54.992548435171386,154.0,69.0,31,,
2026-09-02,1375,501,864,473,591,662,59,36,65,14,15,20,6,487108734257.38,594494747818.11,36,13,39.515455304928985,50.042337002540215,59.15996425379804,199.0,180.0,-5,0.8193659171004392,-363.0,-47.40662515572339,0.7076949370351109,37.5,47.05882352941176,67.85714285714286,37.67123287671233,51.03448275862069,65.44117647058823,40.89068825910931,54.54545454545454,66.95278969957081,39.66480446927375,48.66008462623414,54.054054054054056,163.0,63.0,23,,
2026-09-03,1358,829,522,549,621,666,109,15,70,15,31,7,10,673299108633.81,332994989925.26,27,7,46.17325483599664,53.03159692570453,60.054102795311096,224.0,114.0,24,2.0219496659241947,307.0,-21.596635038236528,0.7854412165290396,40.0,47.674418604651166,69.04761904761905,37.93103448275862,56.64335664335665,66.17647058823529,48.79032258064516,55.96707818930041,66.95278969957081,47.73371104815864,51.931330472103,55.1829268292683,148.0,56.0,43,,
2026-09-04,1353,673,672,543,622,669,94,27,68,11,24,5,14,676479766804.95,407653156952.23,16,9,45.977984758679085,53.482373172828886,60.59782608695652,262.0,78.0,19,1.6594493511655102,1.0,-14.721110312594064,0.6035062742557962,41.57303370786517,51.76470588235295,70.23809523809523,36.98630136986301,53.47222222222222,62.77372262773723,48.98785425101215,58.26446280991735,68.10344827586206,47.35336194563662,52.02312138728323,56.22119815668203,138.0,53.0,41,,
2026-09-07,1352,545,800,535,611,662,82,44,75,12,34,12,20,550091242820.92,401542878394.81,10,5,45.45454545454545,52.717860224331325,60.18181818181818,285.0,86.0,22,1.3699439646892515,-255.0,-21.56893112060679,0.4972831134407237,33.70786516853933,47.05882352941176,66.66666666666666,35.172413793103445,51.74825174825175,62.5,49.392712550607285,56.19834710743802,66.37931034482759,47.70114942528736,52.39477503628447,56.6358024691358,109.0,42.0,43,,
2026-09-08,1366,631,724,548,601,667,99,37,73,12,29,13,13,566737291220.05,436515362483.27,20,11,46.678023850085175,51.98961937716263,60.69153776160145,275.0,108.0,16,1.2983215252630906,-93.0,-19.215973255854635,0.6712874618244948,38.63636363636363,46.42857142857143,66.26506024096386,37.24137931034483,51.048951048951054,64.4927536231884,47.368421052631575,54.73251028806584,66.09442060085837,49.42363112391931,51.89504373177842,57.20930232558139,109.0,45.0,39,,
2026-09-09,1366,473,884,510,597,652,60,44,66,12,18,25,13,530172779061.34,612371981695.32,26,12,43.40425531914894,51.509922346850736,59.32666060054596,241.0,125.0,-7,0.8657691646727277,-411.0,-33.00811441521226,0.6180260225662232,43.82022471910113,48.23529411764706,64.28571428571429,34.72222222222222,47.183098591549296,62.77372262773723,43.7246963562753,54.77178423236515,65.94827586206897,45.03597122302158,51.6642547033285,55.57275541795666,99.0,44.0,26,,
2026-09-10,1361,518,832,505,592,650,85,51,60,12,15,16,20,524871763387.88,456166396786.92,27,13,43.12553373185312,51.25541125541125,59.41499085923218,244.0,132.0,-1,1.1506147035048988,-314.0,-39.785354534387,0.5410987291833292,38.63636363636363,48.23529411764706,66.66666666666666,38.19444444444444,46.09929078014184,61.02941176470589,41.70040485829959,53.94190871369295,64.65517241379311,45.23121387283237,51.74418604651163,56.230529595015575,99.0,50.0,38,,
2026-09-11,1352,488,855,472,557,632,62,36,64,12,16,28,12,522627082445.22,546669715814.54,29,10,40.51502145922747,48.56146469049695,58.195211786372006,207.0,131.0,-12,0.9560198184135802,-367.0,-48.03096806360944,0.5970171568882835,35.95505617977528,43.02325581395349,64.70588235294117,37.5,40.71428571428572,60.74074074074074,40.08097165991903,51.45228215767634,63.36206896551724,41.8978102189781,49.85294117647059,54.889589905362776,112.0,51.0,26,,
2026-09-15,1248,136,1108,267,426,573,22,339,45,15,4,42,5,264412316706.32,786597352992.92,21,3,22.85958904109589,37.10801393728223,52.8110599078341,169.0,426.0,-38,0.3361469698572707,-972.0,-85.09081279077662,0.36514885843709,21.73913043478261,25.287356321839084,59.30232558139535,18.620689655172416,31.690140845070424,55.79710144927537,18.775510204081638,37.81512605042017,56.57894736842105,25.364431486880463,39.50073421439061,49.92101105845181,123.0,49.0,14,,
2026-09-16,1258,552,697,281,422,581,52,46,43,13,3,18,3,502010396626.66,512759899128.28,23,8,23.996584116140053,36.69565217391305,53.49907918968693,136.0,421.0,-15,0.9790359922453086,-145.0,-75.00152596855068,0.8089238526340661,22.82608695652174,26.744186046511626,58.82352941176471,18.367346938775512,31.25,59.285714285714285,18.59504132231405,37.4468085106383,57.333333333333336,27.246376811594203,38.83211678832117,50.15723270440253,126.0,46.0,14,,
2026-09-17,1253,889,363,362,458,584,108,15,46,12,8,4,6,642433416074.27,235094378885.24,20,3,30.88737201365188,39.89547038327526,53.92428439519852,182.0,400.0,4,2.7326617468292183,526.0,-32.45017810570474,0.8962089126156427,24.17582417582417,31.76470588235294,60.71428571428571,27.89115646258503,35.91549295774648,59.42028985507246,30.04115226337449,42.79661016949153,58.849557522123895,32.70622286541244,40.72992700729928,50.07874015748032,120.0,37.0,27,,
2026-09-18,1261,889,365,502,538,620,169,21,53,13,26,14,16,998108262417.96,380989493317.6,5,2,42.83276450511945,46.86411149825784,57.24838411819021,329.0,82.0,12,2.619778970088076,524.0,3.993475207557069,0.9297030269214964,30.23255813953488,32.5,62.0253164556962,43.15068493150685,45.39007092198582,61.31386861313869,46.72131147540984,52.10084033613446,64.47368421052632,42.95977011494253,47.02467343976778,53.20813771517997,98.0,26.0,40,,
2026-09-21,1260,568,686,504,539,613,108,25,53,15,26,5,15,569469799738.88,390437027890.72,4,3,43.00341296928328,46.95121951219512,56.602031394275166,385.0,61.0,21,1.4585445515128492,-118.0,3.0328314143581565,0.567681211611674,31.868131868131865,35.294117647058826,62.65060240963856,42.25352112676056,43.79562043795621,64.17910447761194,49.79423868312757,55.69620253164557,61.67400881057269,42.241379310344826,46.00870827285922,52.42566510172144,73.0,19.0,40,,
2026-09-22,1261,565,693,526,542,607,83,22,46,15,16,11,12,560310260426.61,421281804563.38,6,5,44.804088586030666,47.130434782608695,55.996309963099634,360.0,68.0,5,1.3300129612939733,-128.0,1.69631681410128,0.6129983985288472,31.868131868131865,37.64705882352941,63.85542168674698,41.95804195804196,43.47826086956522,62.22222222222222,51.2396694214876,55.50847457627118,60.61946902654868,44.84240687679083,46.16497829232996,52.03124999999999,58.0,21.0,34,,
2026-09-23,1271,876,394,626,596,636,116,16,49,12,27,4,15,700164994406.06,276608569065.99,21,8,53.5958904109589,52.09790209790209,58.94346617238183,307.0,63.0,23,2.53124838746056,482.0,31.045115246811164,0.8783611536589074,43.95604395604396,42.35294117647059,65.06024096385542,51.048951048951054,49.275362318840585,65.18518518518519,55.60165975103735,57.87234042553191,62.22222222222222,54.689754689754686,51.89504373177842,55.66037735849056,56.0,21.0,45,,
2026-09-24,1272,213,1055,471,517,597,38,107,44,13,8,20,12,267384671694.77,786480211549.43,18,9,39.91525423728813,44.87847222222222,54.92180312787488,237.0,145.0,-12,0.3399763500317451,-842.0,-10.216887669455955,0.5938522917205991,30.0,28.915662650602407,59.25925925925925,39.16083916083916,38.40579710144928,55.55555555555556,37.95918367346939,50.0,59.03083700440529,42.02279202279202,46.33093525179856,52.79503105590062,54.0,27.0,30,,
2026-09-25,1265,639,623,476,522,593,67,20,41,14,19,11,7,543335958904.41,389944538313.98,21,8,40.47619047619048,45.391304347826086,54.75530932594644,221.0,143.0,8,1.3933672753916624,16.0,-2.544815724517079,0.7361176059608865,31.868131868131865,40.0,63.85542168674698,36.61971830985916,36.95652173913043,54.07407407407408,42.04081632653061,52.118644067796616,60.61946902654868,41.83381088825215,45.441389290882775,51.64319248826291,70.0,33.0,33,,
2026-09-28,1262,205,1053,339,431,561,28,107,36,14,9,34,1,187755938876.48,719199127907.65,30,8,28.87563884156729,37.60907504363002,51.89639222941721,133.0,234.0,-25,0.2610625230076601,-848.0,-39.17247013297174,0.7457288740859048,21.978021978021975,25.882352941176475,53.01204819277109,22.22222222222222,30.714285714285715,51.09489051094891,34.5679012345679,44.87179487179488,58.66666666666666,29.166666666666668,37.99126637554585,49.528301886792455,96.0,38.0,14,,
2026-09-29,1252,525,723,366,425,561,74,47,39,13,14,57,5,760004680200.53,743797065461.83,14,6,31.096006796941374,37.08551483420594,51.94444444444445,169.0,174.0,-43,1.0217903719862576,-198.0,-37.79325230153563,0.7106556283424643,23.07692307692308,25.882352941176475,50.60240963855421,23.64864864864865,29.577464788732392,51.798561151079134,35.80246913580247,42.48927038626609,57.847533632287,32.0863309352518,38.19241982507289,50.07874015748032,104.0,39.0,19,,
2026-09-30,1274,571,695,364,428,553,61,45,45,10,13,22,10,623844633167.78,534999826031.93,17,5,30.76923076923077,37.185056472632496,50.967741935483865,163.0,199.0,-9,1.1660651140670606,-124.0,-32.72505479415008,0.7045770634089138,24.17582417582417,25.0,50.0,20.945945945945947,28.169014084507044,50.35971223021583,30.20408163265306,42.12765957446808,55.60538116591929,33.90557939914164,38.84057971014493,49.609984399375975,100.0,36.0,20,,
2026-10-01,1277,269,1005,277,358,519,38,92,44,12,9,68,10,427474051052.42,764360883090.38,7,1,23.336141533277168,30.99567099567099,47.527472527472526,173.0,184.0,-59,0.5592568386337404,-736.0,-58.828120651364685,0.4786024471264111,15.730337078651685,18.29268292682927,43.20987654320987,16.89189189189189,21.12676056338028,44.60431654676259,27.346938775510203,38.983050847457626,54.66666666666666,24.25531914893617,31.79856115107913,46.21329211746523,89.0,28.0,10,,
2026-10-05,1276,596,678,309,383,527,79,50,46,11,12,24,9,692918330218.63,382729441505.28,7,2,25.988225399495374,33.13148788927336,48.26007326007326,178.0,187.0,-12,1.810465187871027,-82.0,-48.15210135602632,0.4855415354499828,23.59550561797753,23.456790123456788,47.5,25.170068027210885,29.07801418439716,46.3768115942029,32.6530612244898,40.25423728813559,57.07964601769911,24.15254237288136,32.664756446991404,45.67901234567901,75.0,22.0,17,,
2026-10-06,1276,956,318,438,456,549,173,11,50,12,14,7,11,772672118712.27,256945834456.35,10,6,36.8376787216148,39.51473136915078,50.45955882352941,290.0,153.0,7,3.007140085952752,638.0,-2.7833443517318983,0.9997170807636712,34.065934065934066,28.04878048780488,46.913580246913575,39.72602739726028,37.142857142857146,51.82481751824818,45.30612244897959,49.15254237288136,58.849557522123895,33.663366336633665,38.07471264367816,47.67080745341615,55.0,20.0,34,,
2026-10-07,1283,482,798,448,445,535,86,25,49,14,16,20,19,597144425965.78,501425940359.83,4,0,37.64705882352941,38.62847222222222,49.17279411764706,338.0,86.0,-4,1.1908925683766205,-316.0,-11.679140391301502,0.5071910272192061,38.46153846153847,29.761904761904763,43.373493975903614,39.310344827586206,37.95620437956204,49.25373134328358,42.38683127572017,45.53191489361702,56.44444444444444,35.58368495077356,37.5,47.368421052631575,45.0,14.0,24,,
2026-10-08,1273,94,1179,244,318,467,15,312,34,19,3,91,5,200307245493.67,885187029685.27,5,3,20.677966101694917,27.845884413309985,43.2808155699722,274.0,348.0,-88,0.2262880484872102,-1085.0,-57.67665030317701,0.3523322777247057,24.17582417582417,25.0,38.55421686746988,20.833333333333336,25.735294117647054,41.35338345864661,23.045267489711936,34.8936170212766,52.44444444444445,19.37321937321937,26.200873362445414,41.06583072100313,33.0,12.0,7,,
2026-10-09,1263,779,481,277,330,477,29,9,32,15,2,16,3,234508751495.08002,79630799208.74,11,4,23.614663256606992,29.074889867841406,44.372093023255815,130.0,346.0,-14,2.944950368768133,298.0,-27.56613802631469,0.5499388501477772,29.67032967032967,25.882352941176475,42.857142857142854,26.20689655172414,27.205882352941174,46.26865671641791,28.512396694214875,38.034188034188034,55.15695067264574,20.575539568345324,26.764705882352942,40.37854889589905,37.0,15.0,17,10.0,3.0
