Model,Features,Threshold,Folds,TotalTrades,AverageSuccessPct,AverageStopPct,AverageRuleBasedReturnPct,Average20DayReturnPct,QualityScore
Mix_LargePct50EMA_PctAbove200EMA_SmallPct200EMA,LargePct50EMA | PctAbove200EMA | SmallPct200EMA,75,2,14346,30.103,44.247,2.164,3.526,2.342
Mix_LargePct50EMA_MicroPct200EMA_SmallPct200EMA,LargePct50EMA | MicroPct200EMA | SmallPct200EMA,75,2,14186,29.988,44.636,2.113,3.462,2.274
Mix_MidPct50EMA_PctAbove200EMA_SmallPct200EMA,MidPct50EMA | PctAbove200EMA | SmallPct200EMA,75,2,12432,30.037,44.483,2.084,3.585,2.252
Mix_MidPct50EMA_MicroPct200EMA_SmallPct200EMA,MidPct50EMA | MicroPct200EMA | SmallPct200EMA,75,2,12516,29.986,44.555,2.071,3.534,2.234
Mix_LargePct50EMA_PctAbove200EMA_MicroPct200EMA_SmallPct200EMA,LargePct50EMA | PctAbove200EMA | MicroPct200EMA | SmallPct200EMA,75,2,14054,29.659,44.717,2.056,3.394,2.197
Mix_MidPct50EMA_SmallPct50EMA_PctAbove200EMA_SmallPct200EMA,MidPct50EMA | SmallPct50EMA | PctAbove200EMA | SmallPct200EMA,80,2,9629,29.943,44.735,2.034,3.546,2.189
Mix_MidPct50EMA_LargePct50EMA_PctAbove200EMA_SmallPct200EMA,MidPct50EMA | LargePct50EMA | PctAbove200EMA | SmallPct200EMA,80,2,8538,29.964,44.869,2.034,3.517,2.186
Mix_MidPct50EMA_LargePct50EMA_MicroPct200EMA_SmallPct200EMA,MidPct50EMA | LargePct50EMA | MicroPct200EMA | SmallPct200EMA,80,2,8505,29.915,44.934,2.025,3.523,2.173
Mix_SmallPct50EMA_LargePct50EMA_PctAbove200EMA_MicroPct200EMA_SmallPct200EMA,SmallPct50EMA | LargePct50EMA | PctAbove200EMA | MicroPct200EMA | SmallPct200EMA,75,2,13463,29.737,45.078,2.016,3.459,2.15
Mix_MidPct50EMA_SmallPct50EMA_LargePct50EMA_PctAbove200EMA_MicroPct200EMA,MidPct50EMA | SmallPct50EMA | LargePct50EMA | PctAbove200EMA | MicroPct200EMA,80,2,8692,29.893,44.997,1.997,3.536,2.141
Mix_MidPct50EMA_SmallPct50EMA_LargePct50EMA_MicroPct200EMA_SmallPct200EMA,MidPct50EMA | SmallPct50EMA | LargePct50EMA | MicroPct200EMA | SmallPct200EMA,80,2,8931,29.709,44.998,1.992,3.455,2.127
Mix_MidPct50EMA_SmallPct50EMA_LargePct50EMA_PctAbove200EMA_SmallPct200EMA,MidPct50EMA | SmallPct50EMA | LargePct50EMA | PctAbove200EMA | SmallPct200EMA,80,2,8931,29.709,44.998,1.992,3.455,2.127
Mix_MidPct50EMA_SmallPct50EMA_MicroPct200EMA_SmallPct200EMA,MidPct50EMA | SmallPct50EMA | MicroPct200EMA | SmallPct200EMA,80,2,9517,29.68,45.004,1.967,3.449,2.101
Mix_MidPct50EMA_LargePct50EMA_PctAbove200EMA_MicroPct200EMA,MidPct50EMA | LargePct50EMA | PctAbove200EMA | MicroPct200EMA,80,2,8254,29.708,45.367,1.965,3.512,2.089
Mix_MidPct50EMA_SmallPct50EMA_PctAbove200EMA_MicroPct200EMA_SmallPct200EMA,MidPct50EMA | SmallPct50EMA | PctAbove200EMA | MicroPct200EMA | SmallPct200EMA,75,2,12419,29.574,45.163,1.965,3.51,2.089
Mix_SmallPct50EMA_LargePct50EMA_SmallPct200EMA,SmallPct50EMA | LargePct50EMA | SmallPct200EMA,80,2,10164,28.655,44.213,1.926,3.338,2.033
Mix_MidPct50EMA_PctAbove200EMA_SmallPct200EMA,MidPct50EMA | PctAbove200EMA | SmallPct200EMA,80,2,9294,29.242,45.441,1.891,3.458,1.99
Mix_MidPct50EMA_PctAbove200EMA_MicroPct200EMA_SmallPct200EMA,MidPct50EMA | PctAbove200EMA | MicroPct200EMA | SmallPct200EMA,75,2,13341,29.251,45.569,1.894,3.315,1.989
Mix_LargePct50EMA_PctAbove200EMA_SmallPct200EMA,LargePct50EMA | PctAbove200EMA | SmallPct200EMA,80,2,9998,29.189,46.02,1.885,3.376,1.964
Mix_LargePct50EMA_MicroPct200EMA_SmallPct200EMA,LargePct50EMA | MicroPct200EMA | SmallPct200EMA,80,2,9895,29.12,45.985,1.881,3.368,1.958
Mix_MidPct50EMA_LargePct50EMA_PctAbove200EMA_MicroPct200EMA_SmallPct200EMA,MidPct50EMA | LargePct50EMA | PctAbove200EMA | MicroPct200EMA | SmallPct200EMA,80,2,8787,29.262,45.835,1.86,3.353,1.948
Mix_MidPct50EMA_SmallPct50EMA_PctAbove200EMA_PctAbove50EMA_SmallPct200EMA,MidPct50EMA | SmallPct50EMA | PctAbove200EMA | PctAbove50EMA | SmallPct200EMA,80,2,8747,29.309,45.699,1.832,3.328,1.926
Mix_MidPct50EMA_SmallPct50EMA_PctAbove50EMA_MicroPct200EMA_SmallPct200EMA,MidPct50EMA | SmallPct50EMA | PctAbove50EMA | MicroPct200EMA | SmallPct200EMA,80,2,8503,29.363,45.773,1.828,3.351,1.923
Mix_MidPct50EMA_MicroPct200EMA_SmallPct200EMA,MidPct50EMA | MicroPct200EMA | SmallPct200EMA,80,2,9115,29.061,45.817,1.832,3.343,1.911
Mix_MidPct50EMA_PctAbove200EMA_MicroPct200EMA,MidPct50EMA | PctAbove200EMA | MicroPct200EMA,75,2,11833,28.993,45.932,1.822,3.289,1.893
Mix_MidPct50EMA_SmallPct50EMA_PctAbove200EMA_MicroPct200EMA,MidPct50EMA | SmallPct50EMA | PctAbove200EMA | MicroPct200EMA,80,2,8985,29.141,45.831,1.81,3.288,1.892
Mix_SmallPct50EMA_LargePct50EMA_MicroPct200EMA_SmallPct200EMA,SmallPct50EMA | LargePct50EMA | MicroPct200EMA | SmallPct200EMA,80,2,9259,29.135,46.204,1.814,3.27,1.885
Mix_SmallPct50EMA_LargePct50EMA_PctAbove200EMA_SmallPct200EMA,SmallPct50EMA | LargePct50EMA | PctAbove200EMA | SmallPct200EMA,80,2,9259,29.135,46.204,1.814,3.27,1.885
Mix_SmallPct50EMA_PctAbove200EMA_PctAbove50EMA_MicroPct200EMA_SmallPct200EMA,SmallPct50EMA | PctAbove200EMA | PctAbove50EMA | MicroPct200EMA | SmallPct200EMA,75,2,12313,29.054,46.178,1.811,3.36,1.878
Mix_SmallPct50EMA_MicroPct200EMA_SmallPct200EMA,SmallPct50EMA | MicroPct200EMA | SmallPct200EMA,75,2,13462,29.127,46.292,1.804,3.323,1.872
Mix_MidPct50EMA_PctAbove200EMA_MicroPct200EMA,MidPct50EMA | PctAbove200EMA | MicroPct200EMA,80,2,8789,28.929,46.066,1.79,3.364,1.855
Mix_SmallPct50EMA_PctAbove200EMA_SmallPct200EMA,SmallPct50EMA | PctAbove200EMA | SmallPct200EMA,75,2,13681,29.035,46.485,1.776,3.272,1.833
Mix_SmallPct50EMA_LargePct50EMA_PctAbove200EMA_MicroPct200EMA,SmallPct50EMA | LargePct50EMA | PctAbove200EMA | MicroPct200EMA,80,2,8693,28.959,46.36,1.774,3.275,1.832
Mix_SmallPct50EMA_LargePct50EMA_PctAbove200EMA_MicroPct200EMA_SmallPct200EMA,SmallPct50EMA | LargePct50EMA | PctAbove200EMA | MicroPct200EMA | SmallPct200EMA,80,2,9238,28.892,46.447,1.778,3.287,1.83
Mix_SmallPct50EMA_PctAbove200EMA_MicroPct200EMA,SmallPct50EMA | PctAbove200EMA | MicroPct200EMA,75,2,13047,28.93,46.447,1.767,3.308,1.82
Mix_MidPct50EMA_SmallPct50EMA_PctAbove200EMA_MicroPct200EMA_SmallPct200EMA,MidPct50EMA | SmallPct50EMA | PctAbove200EMA | MicroPct200EMA | SmallPct200EMA,80,2,9348,28.832,46.27,1.741,3.242,1.794
Mix_MidPct50EMA_PctAbove200EMA_PctAbove50EMA_SmallPct200EMA,MidPct50EMA | PctAbove200EMA | PctAbove50EMA | SmallPct200EMA,80,2,8271,28.908,46.457,1.717,3.309,1.769
Mix_PctAbove200EMA_PctAbove50EMA_SmallPct200EMA,PctAbove200EMA | PctAbove50EMA | SmallPct200EMA,75,2,12037,28.676,46.278,1.72,3.266,1.765
Mix_MidPct50EMA_PctAbove50EMA_MicroPct200EMA_SmallPct200EMA,MidPct50EMA | PctAbove50EMA | MicroPct200EMA | SmallPct200EMA,80,2,8164,28.834,46.551,1.7,3.312,1.745
Mix_MidPct50EMA_PctAbove200EMA_PctAbove50EMA_MicroPct200EMA,MidPct50EMA | PctAbove200EMA | PctAbove50EMA | MicroPct200EMA,80,2,7904,28.798,46.8,1.685,3.287,1.721
Mix_MidPct50EMA_PctAbove200EMA_MicroPct200EMA_SmallPct200EMA,MidPct50EMA | PctAbove200EMA | MicroPct200EMA | SmallPct200EMA,80,2,9492,28.486,46.718,1.685,3.303,1.708
Mix_SmallPct50EMA_LargePct50EMA_PctAbove200EMA_PctAbove50EMA_SmallPct200EMA,SmallPct50EMA | LargePct50EMA | PctAbove200EMA | PctAbove50EMA | SmallPct200EMA,80,2,8591,28.691,46.872,1.669,3.171,1.698
Mix_PctAbove50EMA_MicroPct200EMA_SmallPct200EMA,PctAbove50EMA | MicroPct200EMA | SmallPct200EMA,75,2,11781,28.465,46.621,1.656,3.25,1.68
Mix_SmallPct50EMA_PctAbove200EMA_SmallPct200EMA,SmallPct50EMA | PctAbove200EMA | SmallPct200EMA,80,2,11005,28.731,47.164,1.656,3.256,1.678
Mix_SmallPct50EMA_MicroPct200EMA_SmallPct200EMA,SmallPct50EMA | MicroPct200EMA | SmallPct200EMA,80,2,10945,28.648,47.168,1.641,3.226,1.658
Mix_SmallPct50EMA_PctAbove50EMA_MicroPct200EMA_SmallPct200EMA,SmallPct50EMA | PctAbove50EMA | MicroPct200EMA | SmallPct200EMA,80,2,9283,28.465,46.917,1.626,3.124,1.642
Mix_SmallPct50EMA_PctAbove200EMA_PctAbove50EMA_SmallPct200EMA,SmallPct50EMA | PctAbove200EMA | PctAbove50EMA | SmallPct200EMA,80,2,9283,28.465,46.917,1.626,3.124,1.642
Mix_LargePct50EMA_PctAbove200EMA_MicroPct200EMA,LargePct50EMA | PctAbove200EMA | MicroPct200EMA,80,2,9347,28.306,47.381,1.645,3.16,1.638
Mix_LargePct50EMA_PctAbove200EMA_PctAbove50EMA_MicroPct200EMA_SmallPct200EMA,LargePct50EMA | PctAbove200EMA | PctAbove50EMA | MicroPct200EMA | SmallPct200EMA,80,2,8666,28.492,47.408,1.631,3.237,1.633
Mix_LargePct50EMA_PctAbove200EMA_PctAbove50EMA_SmallPct200EMA,LargePct50EMA | PctAbove200EMA | PctAbove50EMA | SmallPct200EMA,80,2,8343,28.345,47.268,1.601,3.156,1.6
Mix_MidPct50EMA_PctAbove200EMA_PctAbove50EMA_MicroPct200EMA_SmallPct200EMA,MidPct50EMA | PctAbove200EMA | PctAbove50EMA | MicroPct200EMA | SmallPct200EMA,80,2,8525,28.295,47.155,1.593,3.163,1.593
Mix_SmallPct50EMA_PctAbove200EMA_MicroPct200EMA_SmallPct200EMA,SmallPct50EMA | PctAbove200EMA | MicroPct200EMA | SmallPct200EMA,75,2,14282,28.432,47.27,1.589,3.08,1.592
Mix_PctAbove200EMA_PctAbove50EMA_MicroPct200EMA_SmallPct200EMA,PctAbove200EMA | PctAbove50EMA | MicroPct200EMA | SmallPct200EMA,75,2,12659,28.087,47.052,1.558,3.185,1.551
Mix_PctAbove200EMA_MicroPct200EMA_SmallPct200EMA,PctAbove200EMA | MicroPct200EMA | SmallPct200EMA,70,2,20510,28.298,47.292,1.552,2.588,1.548
Mix_LargePct50EMA_PctAbove200EMA_PctAbove50EMA_MicroPct200EMA,LargePct50EMA | PctAbove200EMA | PctAbove50EMA | MicroPct200EMA,80,2,7811,28.425,47.733,1.55,3.215,1.54
Mix_LargePct50EMA_PctAbove50EMA_MicroPct200EMA_SmallPct200EMA,LargePct50EMA | PctAbove50EMA | MicroPct200EMA | SmallPct200EMA,80,2,8100,28.108,47.552,1.547,3.155,1.526
Mix_MidPct50EMA_SmallPct50EMA_LargePct50EMA,MidPct50EMA | SmallPct50EMA | LargePct50EMA,55,4,27758,26.403,44.824,1.543,2.233,1.518
Top_3_Equal,MidPct50EMA | SmallPct50EMA | LargePct50EMA,55,4,27758,26.403,44.824,1.543,2.233,1.518
Mix_LargePct50EMA_PctAbove200EMA_MicroPct200EMA_SmallPct200EMA,LargePct50EMA | PctAbove200EMA | MicroPct200EMA | SmallPct200EMA,80,2,10522,28.03,47.914,1.552,3.099,1.516
Mix_MidPct50EMA_LargePct50EMA_PctAbove50EMA,MidPct50EMA | LargePct50EMA | PctAbove50EMA,50,4,29517,26.331,44.8,1.529,2.244,1.501
Mix_SmallPct50EMA_PctAbove200EMA_PctAbove50EMA_MicroPct200EMA,SmallPct50EMA | PctAbove200EMA | PctAbove50EMA | MicroPct200EMA,80,2,8611,28.081,47.513,1.516,3.132,1.495
Mix_MidPct50EMA_SmallPct50EMA_LargePct50EMA,MidPct50EMA | SmallPct50EMA | LargePct50EMA,50,4,29638,26.204,44.757,1.521,2.256,1.489
Top_3_Equal,MidPct50EMA | SmallPct50EMA | LargePct50EMA,50,4,29638,26.204,44.757,1.521,2.256,1.489
Mix_MidPct50EMA_SmallPct50EMA_LargePct50EMA_PctAbove50EMA,MidPct50EMA | SmallPct50EMA | LargePct50EMA | PctAbove50EMA,50,4,29844,26.239,44.809,1.52,2.251,1.488
Mix_MidPct50EMA_SmallPct50EMA_LargePct50EMA,MidPct50EMA | SmallPct50EMA | LargePct50EMA,65,4,20510,26.605,45.029,1.497,2.392,1.477
Top_3_Equal,MidPct50EMA | SmallPct50EMA | LargePct50EMA,65,4,20510,26.605,45.029,1.497,2.392,1.477
Mix_MidPct50EMA_LargePct50EMA_PctAbove50EMA,MidPct50EMA | LargePct50EMA | PctAbove50EMA,60,4,24408,26.458,45.085,1.486,2.236,1.456
Mix_MidPct50EMA_LargePct50EMA_PctAbove50EMA,MidPct50EMA | LargePct50EMA | PctAbove50EMA,55,4,27678,26.193,45.009,1.479,2.208,1.438
Mix_MidPct50EMA_LargePct50EMA_PctAbove50EMA,MidPct50EMA | LargePct50EMA | PctAbove50EMA,65,4,20073,26.442,45.395,1.446,2.274,1.406
Mix_SmallPct50EMA_PctAbove200EMA_PctAbove50EMA_MicroPct200EMA_SmallPct200EMA,SmallPct50EMA | PctAbove200EMA | PctAbove50EMA | MicroPct200EMA | SmallPct200EMA,80,2,9054,27.91,48.113,1.448,3.092,1.4
Mix_MidPct50EMA_SmallPct50EMA_PctAbove50EMA,MidPct50EMA | SmallPct50EMA | PctAbove50EMA,50,4,29766,26.068,45.541,1.459,2.144,1.396
Mix_SmallPct50EMA_LargePct50EMA_PctAbove50EMA,SmallPct50EMA | LargePct50EMA | PctAbove50EMA,60,4,23742,26.368,45.21,1.426,2.262,1.389
Mix_SmallPct50EMA_PctAbove200EMA_MicroPct200EMA_SmallPct200EMA,SmallPct50EMA | PctAbove200EMA | MicroPct200EMA | SmallPct200EMA,80,2,10501,27.806,48.237,1.438,3.093,1.381
Mix_MidPct50EMA_SmallPct50EMA_LargePct50EMA_PctAbove50EMA,MidPct50EMA | SmallPct50EMA | LargePct50EMA | PctAbove50EMA,55,4,26857,26.315,45.524,1.43,2.188,1.38
Mix_PctAbove200EMA_MicroPct200EMA_SmallPct200EMA,PctAbove200EMA | MicroPct200EMA | SmallPct200EMA,75,2,17485,27.778,47.868,1.426,2.483,1.379
Mix_SmallPct50EMA_LargePct50EMA_PctAbove50EMA,SmallPct50EMA | LargePct50EMA | PctAbove50EMA,50,4,29775,26.199,45.578,1.435,2.186,1.378
Mix_MidPct50EMA_SmallPct50EMA_LargePct50EMA_PctAbove50EMA,MidPct50EMA | SmallPct50EMA | LargePct50EMA | PctAbove50EMA,65,4,20479,26.33,45.563,1.424,2.24,1.374
Top_3_Equal,MidPct50EMA | SmallPct50EMA | LargePct50EMA,60,4,24054,26.238,45.42,1.415,2.229,1.364
Mix_MidPct50EMA_SmallPct50EMA_LargePct50EMA,MidPct50EMA | SmallPct50EMA | LargePct50EMA,60,4,24054,26.238,45.42,1.415,2.229,1.364
Mix_MidPct50EMA_SmallPct50EMA_PctAbove50EMA,MidPct50EMA | SmallPct50EMA | PctAbove50EMA,55,4,26158,26.149,45.539,1.422,2.14,1.363
Mix_MidPct50EMA_SmallPct50EMA_LargePct50EMA_PctAbove50EMA,MidPct50EMA | SmallPct50EMA | LargePct50EMA | PctAbove50EMA,60,4,24096,26.291,45.62,1.402,2.16,1.348
Mix_SmallPct50EMA_PctAbove200EMA_MicroPct200EMA,SmallPct50EMA | PctAbove200EMA | MicroPct200EMA,80,2,9622,27.711,48.371,1.41,3.065,1.345
Mix_PctAbove200EMA_PctAbove50EMA_SmallPct200EMA,PctAbove200EMA | PctAbove50EMA | SmallPct200EMA,80,2,9166,27.676,48.446,1.394,3.081,1.324
Mix_PctAbove50EMA_MicroPct200EMA_SmallPct200EMA,PctAbove50EMA | MicroPct200EMA | SmallPct200EMA,80,2,9061,27.665,48.532,1.386,3.089,1.313
Mix_SmallPct50EMA_LargePct50EMA_PctAbove50EMA,SmallPct50EMA | LargePct50EMA | PctAbove50EMA,55,4,27046,26.234,45.908,1.374,2.187,1.308
Mix_MidPct50EMA_SmallPct50EMA_PctAbove50EMA,MidPct50EMA | SmallPct50EMA | PctAbove50EMA,60,4,23229,25.989,45.987,1.357,1.937,1.277
Mix_MidPct50EMA_SmallPct50EMA_PctAbove50EMA,MidPct50EMA | SmallPct50EMA | PctAbove50EMA,65,4,20811,25.928,46.128,1.351,1.999,1.264
Mix_MidPct50EMA_LargePct50EMA_PctAbove50EMA,MidPct50EMA | LargePct50EMA | PctAbove50EMA,70,4,17433,25.924,45.969,1.344,2.159,1.261
Mix_PctAbove200EMA_PctAbove50EMA_MicroPct200EMA,PctAbove200EMA | PctAbove50EMA | MicroPct200EMA,80,2,9085,27.559,48.918,1.332,3.051,1.243
Mix_MidPct50EMA_SmallPct50EMA_LargePct50EMA_PctAbove50EMA_SmallPct200EMA,MidPct50EMA | SmallPct50EMA | LargePct50EMA | PctAbove50EMA | SmallPct200EMA,50,4,30089,25.893,46.197,1.333,2.038,1.242
Mix_PctAbove200EMA_PctAbove50EMA_MicroPct200EMA_SmallPct200EMA,PctAbove200EMA | PctAbove50EMA | MicroPct200EMA | SmallPct200EMA,80,2,9425,27.353,48.911,1.307,3.015,1.208
Mix_MidPct50EMA_LargePct50EMA_PctAbove200EMA_PctAbove50EMA,MidPct50EMA | LargePct50EMA | PctAbove200EMA | PctAbove50EMA,55,4,27681,26.02,46.509,1.3,2.06,1.205
Mix_MidPct50EMA_LargePct50EMA_PctAbove50EMA_MicroPct200EMA,MidPct50EMA | LargePct50EMA | PctAbove50EMA | MicroPct200EMA,55,4,27658,26.01,46.523,1.297,2.057,1.202
Mix_MidPct50EMA_SmallPct50EMA_LargePct50EMA_PctAbove50EMA_SmallPct200EMA,MidPct50EMA | SmallPct50EMA | LargePct50EMA | PctAbove50EMA | SmallPct200EMA,55,4,27221,25.925,46.733,1.286,1.955,1.18
Mix_MidPct50EMA_SmallPct50EMA_LargePct50EMA_PctAbove200EMA_PctAbove50EMA,MidPct50EMA | SmallPct50EMA | LargePct50EMA | PctAbove200EMA | PctAbove50EMA,50,4,30042,25.88,46.505,1.279,1.999,1.178
Top_5_Equal,MidPct50EMA | SmallPct50EMA | LargePct50EMA | PctAbove200EMA | PctAbove50EMA,50,4,30042,25.88,46.505,1.279,1.999,1.178
Mix_MidPct50EMA_LargePct50EMA_PctAbove50EMA_SmallPct200EMA,MidPct50EMA | LargePct50EMA | PctAbove50EMA | SmallPct200EMA,55,4,28069,25.806,46.641,1.284,1.966,1.175
Mix_MidPct50EMA_SmallPct50EMA_LargePct50EMA_PctAbove50EMA_MicroPct200EMA,MidPct50EMA | SmallPct50EMA | LargePct50EMA | PctAbove50EMA | MicroPct200EMA,55,4,27513,25.943,46.718,1.269,2.02,1.165
Mix_MidPct50EMA_LargePct50EMA_PctAbove50EMA_SmallPct200EMA,MidPct50EMA | LargePct50EMA | PctAbove50EMA | SmallPct200EMA,50,4,31031,25.72,46.665,1.278,2.147,1.164
Top_5_Equal,MidPct50EMA | SmallPct50EMA | LargePct50EMA | PctAbove200EMA | PctAbove50EMA,55,4,27302,25.921,46.817,1.267,1.987,1.159
Mix_MidPct50EMA_SmallPct50EMA_LargePct50EMA_PctAbove200EMA_PctAbove50EMA,MidPct50EMA | SmallPct50EMA | LargePct50EMA | PctAbove200EMA | PctAbove50EMA,55,4,27302,25.921,46.817,1.267,1.987,1.159
Mix_MidPct50EMA_SmallPct50EMA_LargePct50EMA_PctAbove50EMA_MicroPct200EMA,MidPct50EMA | SmallPct50EMA | LargePct50EMA | PctAbove50EMA | MicroPct200EMA,50,4,30083,25.827,46.599,1.262,1.961,1.156
Mix_SmallPct50EMA_LargePct50EMA_PctAbove50EMA,SmallPct50EMA | LargePct50EMA | PctAbove50EMA,65,4,20254,25.953,46.449,1.247,2.127,1.151
Top_3_Equal,MidPct50EMA | SmallPct50EMA | LargePct50EMA,70,4,17244,25.648,46.518,1.241,2.394,1.128
Mix_MidPct50EMA_SmallPct50EMA_LargePct50EMA,MidPct50EMA | SmallPct50EMA | LargePct50EMA,70,4,17244,25.648,46.518,1.241,2.394,1.128
Mix_MidPct50EMA_LargePct50EMA_PctAbove50EMA_MicroPct200EMA,MidPct50EMA | LargePct50EMA | PctAbove50EMA | MicroPct200EMA,50,4,31080,25.631,46.86,1.231,2.026,1.107
Mix_MidPct50EMA_SmallPct50EMA_LargePct50EMA_MicroPct200EMA,MidPct50EMA | SmallPct50EMA | LargePct50EMA | MicroPct200EMA,55,4,26998,25.77,47.12,1.225,2.025,1.1
Top_4_Equal,MidPct50EMA | SmallPct50EMA | LargePct50EMA | PctAbove200EMA,55,4,27273,25.754,47.085,1.224,1.999,1.099
Mix_MidPct50EMA_SmallPct50EMA_LargePct50EMA_PctAbove200EMA,MidPct50EMA | SmallPct50EMA | LargePct50EMA | PctAbove200EMA,55,4,27273,25.754,47.085,1.224,1.999,1.099
Mix_MidPct50EMA_SmallPct50EMA_LargePct50EMA_PctAbove50EMA,MidPct50EMA | SmallPct50EMA | LargePct50EMA | PctAbove50EMA,70,4,17155,25.542,46.674,1.209,2.087,1.085
Mix_MidPct50EMA_SmallPct50EMA_LargePct50EMA_SmallPct200EMA,MidPct50EMA | SmallPct50EMA | LargePct50EMA | SmallPct200EMA,55,4,27601,25.513,47.305,1.191,1.873,1.047
Mix_PctAbove200EMA_MicroPct200EMA_SmallPct200EMA,PctAbove200EMA | MicroPct200EMA | SmallPct200EMA,80,2,13947,26.816,49.234,1.168,2.386,1.031
Mix_MidPct50EMA_LargePct50EMA_PctAbove200EMA_PctAbove50EMA,MidPct50EMA | LargePct50EMA | PctAbove200EMA | PctAbove50EMA,50,4,31327,25.397,47.207,1.168,2.012,1.021
Mix_MidPct50EMA_PctAbove50EMA_SmallPct200EMA,MidPct50EMA | PctAbove50EMA | SmallPct200EMA,50,4,30814,25.26,47.552,1.156,1.668,0.992
Mix_MidPct50EMA_SmallPct50EMA_PctAbove200EMA_PctAbove50EMA,MidPct50EMA | SmallPct50EMA | PctAbove200EMA | PctAbove50EMA,55,4,27660,25.361,47.613,1.133,1.638,0.972
Mix_MidPct50EMA_SmallPct50EMA_PctAbove50EMA_SmallPct200EMA,MidPct50EMA | SmallPct50EMA | PctAbove50EMA | SmallPct200EMA,50,4,30859,25.334,47.54,1.132,1.758,0.972
Mix_MidPct50EMA_SmallPct50EMA_PctAbove50EMA,MidPct50EMA | SmallPct50EMA | PctAbove50EMA,70,4,17508,25.279,47.65,1.13,1.753,0.965
Mix_MidPct50EMA_SmallPct50EMA_PctAbove50EMA_SmallPct200EMA,MidPct50EMA | SmallPct50EMA | PctAbove50EMA | SmallPct200EMA,55,4,27541,25.305,47.682,1.121,1.622,0.956
Mix_MidPct50EMA_SmallPct50EMA_LargePct50EMA_MicroPct200EMA,MidPct50EMA | SmallPct50EMA | LargePct50EMA | MicroPct200EMA,50,4,31160,25.359,47.697,1.111,1.939,0.948
Mix_SmallPct50EMA_LargePct50EMA_PctAbove200EMA_PctAbove50EMA,SmallPct50EMA | LargePct50EMA | PctAbove200EMA | PctAbove50EMA,55,4,27227,25.507,47.659,1.099,1.875,0.945
Mix_MidPct50EMA_LargePct50EMA_SmallPct200EMA,MidPct50EMA | LargePct50EMA | SmallPct200EMA,50,4,31309,25.309,47.808,1.114,1.995,0.945
Mix_MidPct50EMA_SmallPct50EMA_LargePct50EMA_PctAbove50EMA_SmallPct200EMA,MidPct50EMA | SmallPct50EMA | LargePct50EMA | PctAbove50EMA | SmallPct200EMA,60,4,23522,25.445,47.515,1.097,1.856,0.944
Mix_SmallPct50EMA_LargePct50EMA_PctAbove50EMA_SmallPct200EMA,SmallPct50EMA | LargePct50EMA | PctAbove50EMA | SmallPct200EMA,55,4,27334,25.54,47.771,1.086,1.851,0.93
Mix_MidPct50EMA_SmallPct50EMA_LargePct50EMA_SmallPct200EMA,MidPct50EMA | SmallPct50EMA | LargePct50EMA | SmallPct200EMA,50,4,31513,25.217,47.74,1.098,1.886,0.927
Mix_SmallPct50EMA_LargePct50EMA_PctAbove200EMA_PctAbove50EMA,SmallPct50EMA | LargePct50EMA | PctAbove200EMA | PctAbove50EMA,50,4,31147,25.478,47.807,1.084,1.787,0.924
Top_4_Equal,MidPct50EMA | SmallPct50EMA | LargePct50EMA | PctAbove200EMA,50,4,31259,25.3,47.842,1.089,1.898,0.919
Mix_MidPct50EMA_SmallPct50EMA_LargePct50EMA_PctAbove200EMA,MidPct50EMA | SmallPct50EMA | LargePct50EMA | PctAbove200EMA,50,4,31259,25.3,47.842,1.089,1.898,0.919
Mix_MidPct50EMA_SmallPct50EMA_PctAbove200EMA_PctAbove50EMA,MidPct50EMA | SmallPct50EMA | PctAbove200EMA | PctAbove50EMA,50,4,30724,25.384,47.918,1.085,1.699,0.917
Mix_MidPct50EMA_SmallPct50EMA_PctAbove50EMA_MicroPct200EMA,MidPct50EMA | SmallPct50EMA | PctAbove50EMA | MicroPct200EMA,55,4,27619,25.232,47.853,1.09,1.566,0.916
Mix_MidPct50EMA_PctAbove50EMA_SmallPct200EMA,MidPct50EMA | PctAbove50EMA | SmallPct200EMA,55,4,27804,25.022,47.784,1.095,1.632,0.913
Mix_MidPct50EMA_LargePct50EMA_PctAbove50EMA_MicroPct200EMA,MidPct50EMA | LargePct50EMA | PctAbove50EMA | MicroPct200EMA,60,4,23358,25.406,48.008,1.079,1.872,0.909
Mix_SmallPct50EMA_LargePct50EMA_PctAbove50EMA_MicroPct200EMA,SmallPct50EMA | LargePct50EMA | PctAbove50EMA | MicroPct200EMA,50,4,31109,25.434,47.903,1.068,1.743,0.902
Mix_MidPct50EMA_PctAbove200EMA_PctAbove50EMA,MidPct50EMA | PctAbove200EMA | PctAbove50EMA,50,4,30944,25.227,48.005,1.08,1.639,0.901
Mix_MidPct50EMA_SmallPct50EMA_PctAbove50EMA_MicroPct200EMA,MidPct50EMA | SmallPct50EMA | PctAbove50EMA | MicroPct200EMA,50,4,30803,25.326,48.019,1.068,1.686,0.894
Mix_SmallPct50EMA_LargePct50EMA_PctAbove50EMA_SmallPct200EMA,SmallPct50EMA | LargePct50EMA | PctAbove50EMA | SmallPct200EMA,50,4,31054,25.365,47.956,1.063,1.806,0.892
Mix_MidPct50EMA_PctAbove50EMA_MicroPct200EMA,MidPct50EMA | PctAbove50EMA | MicroPct200EMA,50,4,31009,25.309,48.093,1.067,1.667,0.89
Mix_MidPct50EMA_LargePct50EMA_PctAbove200EMA,MidPct50EMA | LargePct50EMA | PctAbove200EMA,55,4,27378,25.153,47.755,1.056,2.053,0.881
Mix_MidPct50EMA_PctAbove200EMA_PctAbove50EMA,MidPct50EMA | PctAbove200EMA | PctAbove50EMA,55,4,27374,25.166,48.051,1.063,1.527,0.88
Mix_MidPct50EMA_LargePct50EMA_SmallPct200EMA,MidPct50EMA | LargePct50EMA | SmallPct200EMA,55,4,26789,25.033,47.728,1.06,2.038,0.88
Top_5_Equal,MidPct50EMA | SmallPct50EMA | LargePct50EMA | PctAbove200EMA | PctAbove50EMA,60,4,23543,25.423,48.056,1.042,1.81,0.872
Mix_MidPct50EMA_SmallPct50EMA_LargePct50EMA_PctAbove200EMA_PctAbove50EMA,MidPct50EMA | SmallPct50EMA | LargePct50EMA | PctAbove200EMA | PctAbove50EMA,60,4,23543,25.423,48.056,1.042,1.81,0.872
Mix_SmallPct50EMA_LargePct50EMA_PctAbove50EMA_MicroPct200EMA,SmallPct50EMA | LargePct50EMA | PctAbove50EMA | MicroPct200EMA,55,4,26938,25.423,48.003,1.04,1.832,0.871
Mix_MidPct50EMA_SmallPct50EMA_LargePct50EMA_SmallPct200EMA,MidPct50EMA | SmallPct50EMA | LargePct50EMA | SmallPct200EMA,60,4,23394,25.178,47.87,1.036,1.967,0.858
Mix_MidPct50EMA_SmallPct50EMA_LargePct50EMA_PctAbove50EMA_MicroPct200EMA,MidPct50EMA | SmallPct50EMA | LargePct50EMA | PctAbove50EMA | MicroPct200EMA,60,4,23415,25.393,48.115,1.032,1.798,0.858
Mix_MidPct50EMA_PctAbove50EMA_MicroPct200EMA,MidPct50EMA | PctAbove50EMA | MicroPct200EMA,55,4,27086,25.157,48.246,1.043,1.524,0.853
Mix_MidPct50EMA_LargePct50EMA_MicroPct200EMA,MidPct50EMA | LargePct50EMA | MicroPct200EMA,55,4,27143,25.226,47.938,1.028,2.05,0.851
Mix_MidPct50EMA_LargePct50EMA_PctAbove200EMA_PctAbove50EMA,MidPct50EMA | LargePct50EMA | PctAbove200EMA | PctAbove50EMA,60,4,23361,25.205,48.195,1.024,1.866,0.838
Mix_MidPct50EMA_SmallPct50EMA_SmallPct200EMA,MidPct50EMA | SmallPct50EMA | SmallPct200EMA,50,4,31421,24.986,48.224,1.034,1.536,0.837
Mix_MidPct50EMA_SmallPct50EMA_PctAbove50EMA,MidPct50EMA | SmallPct50EMA | PctAbove50EMA,75,4,14815,24.885,48.168,1.036,1.693,0.835
Mix_MidPct50EMA_SmallPct50EMA_PctAbove50EMA_SmallPct200EMA,MidPct50EMA | SmallPct50EMA | PctAbove50EMA | SmallPct200EMA,60,4,22152,24.969,48.308,1.0,1.664,0.799
Mix_MidPct50EMA_PctAbove200EMA_PctAbove50EMA,MidPct50EMA | PctAbove200EMA | PctAbove50EMA,60,4,23399,24.946,48.477,1.003,1.602,0.796
Mix_MidPct50EMA_SmallPct50EMA_LargePct50EMA_PctAbove200EMA,MidPct50EMA | SmallPct50EMA | LargePct50EMA | PctAbove200EMA,60,4,23238,25.037,48.293,0.989,1.881,0.792
Top_4_Equal,MidPct50EMA | SmallPct50EMA | LargePct50EMA | PctAbove200EMA,60,4,23238,25.037,48.293,0.989,1.881,0.792
Mix_MidPct50EMA_LargePct50EMA_PctAbove200EMA,MidPct50EMA | LargePct50EMA | PctAbove200EMA,50,4,31868,24.888,48.559,0.997,1.867,0.784
Top_6_Equal,MidPct50EMA | SmallPct50EMA | LargePct50EMA | PctAbove200EMA | PctAbove50EMA | MicroPct200EMA,50,4,31319,25.099,48.558,0.971,1.711,0.77
Mix_MidPct50EMA_LargePct50EMA_PctAbove50EMA_SmallPct200EMA,MidPct50EMA | LargePct50EMA | PctAbove50EMA | SmallPct200EMA,60,4,23350,25.06,48.357,0.967,1.898,0.77
Mix_LargePct50EMA_PctAbove50EMA_SmallPct200EMA,LargePct50EMA | PctAbove50EMA | SmallPct200EMA,50,4,32166,24.998,48.515,0.975,1.796,0.769
Mix_LargePct50EMA_PctAbove50EMA_MicroPct200EMA,LargePct50EMA | PctAbove50EMA | MicroPct200EMA,55,4,26771,25.157,48.51,0.962,1.976,0.764
Mix_LargePct50EMA_PctAbove200EMA_PctAbove50EMA,LargePct50EMA | PctAbove200EMA | PctAbove50EMA,55,4,26676,25.148,48.523,0.962,1.997,0.763
Top_6_Equal,MidPct50EMA | SmallPct50EMA | LargePct50EMA | PctAbove200EMA | PctAbove50EMA | MicroPct200EMA,55,4,27124,25.1,48.594,0.962,1.711,0.76
Mix_SmallPct50EMA_LargePct50EMA_PctAbove200EMA_PctAbove50EMA,SmallPct50EMA | LargePct50EMA | PctAbove200EMA | PctAbove50EMA,60,4,23924,25.057,48.621,0.963,1.798,0.757
Mix_MidPct50EMA_SmallPct50EMA_MicroPct200EMA,MidPct50EMA | SmallPct50EMA | MicroPct200EMA,50,4,31123,25.074,48.727,0.965,1.552,0.757
Mix_MidPct50EMA_SmallPct50EMA_PctAbove200EMA,MidPct50EMA | SmallPct50EMA | PctAbove200EMA,50,4,31191,24.917,48.633,0.969,1.528,0.756
Mix_SmallPct50EMA_LargePct50EMA_PctAbove50EMA_MicroPct200EMA,SmallPct50EMA | LargePct50EMA | PctAbove50EMA | MicroPct200EMA,60,4,23672,25.199,49.013,0.963,1.782,0.753
Mix_MidPct50EMA_LargePct50EMA_MicroPct200EMA,MidPct50EMA | LargePct50EMA | MicroPct200EMA,50,4,31865,24.796,48.761,0.967,1.834,0.744
Mix_MidPct50EMA_SmallPct50EMA_PctAbove50EMA_MicroPct200EMA,MidPct50EMA | SmallPct50EMA | PctAbove50EMA | MicroPct200EMA,60,4,22393,24.985,48.841,0.957,1.569,0.742
Mix_MidPct50EMA_SmallPct50EMA_PctAbove200EMA_PctAbove50EMA,MidPct50EMA | SmallPct50EMA | PctAbove200EMA | PctAbove50EMA,60,4,22389,24.985,48.822,0.954,1.607,0.739
Mix_LargePct50EMA_PctAbove50EMA_MicroPct200EMA,LargePct50EMA | PctAbove50EMA | MicroPct200EMA,50,4,31950,24.95,48.776,0.928,1.727,0.712
Mix_MidPct50EMA_SmallPct50EMA_LargePct50EMA_MicroPct200EMA,MidPct50EMA | SmallPct50EMA | LargePct50EMA | MicroPct200EMA,60,4,23406,24.849,48.808,0.931,1.817,0.709
Mix_MidPct50EMA_LargePct50EMA_PctAbove200EMA,MidPct50EMA | LargePct50EMA | PctAbove200EMA,60,4,22813,24.977,48.301,0.906,2.078,0.706
Top_5_Equal,MidPct50EMA | SmallPct50EMA | LargePct50EMA | PctAbove200EMA | PctAbove50EMA,65,4,19353,24.728,48.99,0.937,1.853,0.704
Mix_MidPct50EMA_SmallPct50EMA_LargePct50EMA_PctAbove200EMA_PctAbove50EMA,MidPct50EMA | SmallPct50EMA | LargePct50EMA | PctAbove200EMA | PctAbove50EMA,65,4,19353,24.728,48.99,0.937,1.853,0.704
Mix_SmallPct50EMA_PctAbove50EMA_SmallPct200EMA,SmallPct50EMA | PctAbove50EMA | SmallPct200EMA,50,4,31263,24.876,48.929,0.925,1.485,0.701
Mix_MidPct50EMA_SmallPct50EMA_LargePct50EMA_PctAbove50EMA_MicroPct200EMA,MidPct50EMA | SmallPct50EMA | LargePct50EMA | PctAbove50EMA | MicroPct200EMA,65,4,19290,24.724,49.053,0.932,1.859,0.696
Mix_LargePct50EMA_PctAbove200EMA_PctAbove50EMA,LargePct50EMA | PctAbove200EMA | PctAbove50EMA,50,4,32253,24.875,48.831,0.912,1.731,0.691
Mix_MidPct50EMA_LargePct50EMA_PctAbove50EMA,MidPct50EMA | LargePct50EMA | PctAbove50EMA,75,4,14185,24.568,48.148,0.904,2.21,0.688
Mix_MidPct50EMA_LargePct50EMA_MicroPct200EMA,MidPct50EMA | LargePct50EMA | MicroPct200EMA,60,4,22606,24.936,48.396,0.889,2.068,0.684
Mix_MidPct50EMA_SmallPct50EMA_LargePct50EMA_PctAbove200EMA_SmallPct200EMA,MidPct50EMA | SmallPct50EMA | LargePct50EMA | PctAbove200EMA | SmallPct200EMA,50,4,31817,24.66,49.252,0.9,1.641,0.655
Mix_MidPct50EMA_SmallPct50EMA_LargePct50EMA_MicroPct200EMA_SmallPct200EMA,MidPct50EMA | SmallPct50EMA | LargePct50EMA | MicroPct200EMA | SmallPct200EMA,50,4,32047,24.68,49.275,0.888,1.661,0.643
Mix_SmallPct50EMA_LargePct50EMA_PctAbove50EMA,SmallPct50EMA | LargePct50EMA | PctAbove50EMA,70,4,17237,24.504,48.781,0.879,1.629,0.64
Mix_MidPct50EMA_SmallPct50EMA_PctAbove200EMA,MidPct50EMA | SmallPct50EMA | PctAbove200EMA,55,4,27047,24.685,49.455,0.876,1.385,0.626
Mix_MidPct50EMA_PctAbove50EMA_MicroPct200EMA,MidPct50EMA | PctAbove50EMA | MicroPct200EMA,60,4,23221,24.623,49.18,0.857,1.46,0.613
Mix_MidPct50EMA_SmallPct50EMA_LargePct50EMA,MidPct50EMA | SmallPct50EMA | LargePct50EMA,75,4,14721,24.503,49.05,0.851,2.109,0.604
Top_3_Equal,MidPct50EMA | SmallPct50EMA | LargePct50EMA,75,4,14721,24.503,49.05,0.851,2.109,0.604
Mix_SmallPct50EMA_PctAbove50EMA_MicroPct200EMA,SmallPct50EMA | PctAbove50EMA | MicroPct200EMA,50,4,31646,24.721,49.416,0.847,1.372,0.601
Mix_MidPct50EMA_LargePct50EMA_PctAbove200EMA_PctAbove50EMA_SmallPct200EMA,MidPct50EMA | LargePct50EMA | PctAbove200EMA | PctAbove50EMA | SmallPct200EMA,50,4,32238,24.575,49.517,0.856,1.666,0.599
Mix_MidPct50EMA_LargePct50EMA_PctAbove200EMA_PctAbove50EMA_MicroPct200EMA,MidPct50EMA | LargePct50EMA | PctAbove200EMA | PctAbove50EMA | MicroPct200EMA,55,4,26480,24.899,49.493,0.837,1.687,0.597
Mix_SmallPct50EMA_LargePct50EMA_MicroPct200EMA,SmallPct50EMA | LargePct50EMA | MicroPct200EMA,55,4,27954,24.804,49.313,0.833,1.825,0.594
Mix_MidPct50EMA_SmallPct50EMA_SmallPct200EMA,MidPct50EMA | SmallPct50EMA | SmallPct200EMA,55,4,27343,24.448,49.242,0.846,1.454,0.592
Mix_MidPct50EMA_LargePct50EMA_PctAbove50EMA_MicroPct200EMA_SmallPct200EMA,MidPct50EMA | LargePct50EMA | PctAbove50EMA | MicroPct200EMA | SmallPct200EMA,50,4,32156,24.523,49.622,0.838,1.648,0.576
Mix_SmallPct50EMA_LargePct50EMA_PctAbove50EMA_SmallPct200EMA,SmallPct50EMA | LargePct50EMA | PctAbove50EMA | SmallPct200EMA,60,4,23372,24.531,49.08,0.82,1.642,0.574
Mix_MidPct50EMA_LargePct50EMA_PctAbove50EMA_MicroPct200EMA,MidPct50EMA | LargePct50EMA | PctAbove50EMA | MicroPct200EMA,65,4,19215,24.464,48.812,0.812,1.905,0.57
Mix_MidPct50EMA_LargePct50EMA_PctAbove200EMA_PctAbove50EMA_SmallPct200EMA,MidPct50EMA | LargePct50EMA | PctAbove200EMA | PctAbove50EMA | SmallPct200EMA,55,4,27225,24.675,49.555,0.816,1.65,0.563
Mix_SmallPct50EMA_LargePct50EMA_PctAbove200EMA,SmallPct50EMA | LargePct50EMA | PctAbove200EMA,55,4,28044,24.691,49.524,0.809,1.761,0.558
Mix_SmallPct50EMA_LargePct50EMA_PctAbove200EMA,SmallPct50EMA | LargePct50EMA | PctAbove200EMA,50,4,31503,24.754,49.664,0.808,1.676,0.556
Mix_MidPct50EMA_LargePct50EMA_SmallPct200EMA,MidPct50EMA | LargePct50EMA | SmallPct200EMA,60,4,23313,24.154,48.84,0.812,1.967,0.555
Mix_SmallPct50EMA_LargePct50EMA_SmallPct200EMA,SmallPct50EMA | LargePct50EMA | SmallPct200EMA,50,4,31491,24.693,49.6,0.803,1.68,0.55
Mix_SmallPct50EMA_PctAbove200EMA_PctAbove50EMA,SmallPct50EMA | PctAbove200EMA | PctAbove50EMA,50,4,31664,24.584,49.632,0.809,1.348,0.55
Mix_MidPct50EMA_LargePct50EMA_PctAbove50EMA_MicroPct200EMA_SmallPct200EMA,MidPct50EMA | LargePct50EMA | PctAbove50EMA | MicroPct200EMA | SmallPct200EMA,55,4,27095,24.69,49.676,0.805,1.646,0.549
Mix_MidPct50EMA_SmallPct50EMA_PctAbove200EMA_PctAbove50EMA_SmallPct200EMA,MidPct50EMA | SmallPct50EMA | PctAbove200EMA | PctAbove50EMA | SmallPct200EMA,50,4,31384,24.463,49.705,0.809,1.304,0.541
Mix_SmallPct50EMA_LargePct50EMA_MicroPct200EMA,SmallPct50EMA | LargePct50EMA | MicroPct200EMA,50,4,31259,24.8,49.766,0.793,1.693,0.54
Mix_LargePct50EMA_PctAbove50EMA_SmallPct200EMA,LargePct50EMA | PctAbove50EMA | SmallPct200EMA,55,4,27010,24.532,49.55,0.774,1.754,0.514
Mix_MidPct50EMA_SmallPct50EMA_PctAbove50EMA_MicroPct200EMA_SmallPct200EMA,MidPct50EMA | SmallPct50EMA | PctAbove50EMA | MicroPct200EMA | SmallPct200EMA,50,4,31365,24.402,49.822,0.787,1.257,0.512
Mix_MidPct50EMA_SmallPct50EMA_LargePct50EMA_PctAbove200EMA_MicroPct200EMA,MidPct50EMA | SmallPct50EMA | LargePct50EMA | PctAbove200EMA | MicroPct200EMA,55,4,26946,24.769,49.929,0.767,1.604,0.507
Mix_MidPct50EMA_SmallPct50EMA_LargePct50EMA_PctAbove50EMA_SmallPct200EMA,MidPct50EMA | SmallPct50EMA | LargePct50EMA | PctAbove50EMA | SmallPct200EMA,65,4,18894,24.033,49.259,0.771,1.804,0.495
Mix_MidPct50EMA_SmallPct50EMA_MicroPct200EMA,MidPct50EMA | SmallPct50EMA | MicroPct200EMA,55,4,26828,24.446,50.019,0.768,1.334,0.489
Mix_MidPct50EMA_SmallPct50EMA_LargePct50EMA_PctAbove200EMA_MicroPct200EMA,MidPct50EMA | SmallPct50EMA | LargePct50EMA | PctAbove200EMA | MicroPct200EMA,50,4,31772,24.489,50.055,0.764,1.586,0.487
Mix_MidPct50EMA_SmallPct50EMA_LargePct50EMA_MicroPct200EMA_SmallPct200EMA,MidPct50EMA | SmallPct50EMA | LargePct50EMA | MicroPct200EMA | SmallPct200EMA,55,4,27304,24.55,49.92,0.748,1.554,0.478
Mix_MidPct50EMA_SmallPct50EMA_PctAbove200EMA_PctAbove50EMA_MicroPct200EMA,MidPct50EMA | SmallPct50EMA | PctAbove200EMA | PctAbove50EMA | MicroPct200EMA,50,4,31336,24.371,50.048,0.758,1.196,0.476
Mix_MidPct50EMA_LargePct50EMA_PctAbove200EMA_PctAbove50EMA_MicroPct200EMA,MidPct50EMA | LargePct50EMA | PctAbove200EMA | PctAbove50EMA | MicroPct200EMA,50,4,31909,24.481,50.268,0.75,1.575,0.466
Mix_MidPct50EMA_SmallPct50EMA_LargePct50EMA_PctAbove200EMA_SmallPct200EMA,MidPct50EMA | SmallPct50EMA | LargePct50EMA | PctAbove200EMA | SmallPct200EMA,55,4,27382,24.521,49.963,0.739,1.54,0.466
Mix_MidPct50EMA_SmallPct50EMA_LargePct50EMA_MicroPct200EMA,MidPct50EMA | SmallPct50EMA | LargePct50EMA | MicroPct200EMA,65,4,19039,24.392,50.078,0.714,1.819,0.431
Mix_SmallPct50EMA_PctAbove50EMA_MicroPct200EMA,SmallPct50EMA | PctAbove50EMA | MicroPct200EMA,55,4,27653,24.493,50.527,0.708,1.189,0.417
Mix_SmallPct50EMA_LargePct50EMA_SmallPct200EMA,SmallPct50EMA | LargePct50EMA | SmallPct200EMA,55,4,27432,24.252,50.052,0.694,1.677,0.405
Top_4_Equal,MidPct50EMA | SmallPct50EMA | LargePct50EMA | PctAbove200EMA,65,4,19013,24.206,49.947,0.691,1.913,0.403
Mix_MidPct50EMA_SmallPct50EMA_LargePct50EMA_PctAbove200EMA,MidPct50EMA | SmallPct50EMA | LargePct50EMA | PctAbove200EMA,65,4,19013,24.206,49.947,0.691,1.913,0.403
Mix_SmallPct50EMA_LargePct50EMA_PctAbove200EMA_PctAbove50EMA_SmallPct200EMA,SmallPct50EMA | LargePct50EMA | PctAbove200EMA | PctAbove50EMA | SmallPct200EMA,50,4,31931,24.331,50.406,0.695,1.474,0.4
Mix_MidPct50EMA_SmallPct50EMA_PctAbove50EMA_SmallPct200EMA,MidPct50EMA | SmallPct50EMA | PctAbove50EMA | SmallPct200EMA,65,4,18526,23.882,50.3,0.694,1.332,0.379
Mix_MidPct50EMA_SmallPct50EMA_MicroPct200EMA,MidPct50EMA | SmallPct50EMA | MicroPct200EMA,60,4,22151,24.284,50.876,0.686,1.383,0.374
Mix_MidPct50EMA_SmallPct50EMA_PctAbove200EMA_PctAbove50EMA_MicroPct200EMA,MidPct50EMA | SmallPct50EMA | PctAbove200EMA | PctAbove50EMA | MicroPct200EMA,55,4,26711,24.361,50.903,0.675,1.191,0.366
Mix_MidPct50EMA_SmallPct50EMA_PctAbove50EMA_MicroPct200EMA,MidPct50EMA | SmallPct50EMA | PctAbove50EMA | MicroPct200EMA,65,4,18604,23.968,50.722,0.682,1.243,0.359
Mix_MidPct50EMA_SmallPct50EMA_PctAbove200EMA,MidPct50EMA | SmallPct50EMA | PctAbove200EMA,60,4,22537,24.134,50.725,0.671,1.398,0.356
Mix_MidPct50EMA_SmallPct50EMA_PctAbove200EMA_PctAbove50EMA,MidPct50EMA | SmallPct50EMA | PctAbove200EMA | PctAbove50EMA,65,4,18499,23.902,50.669,0.679,1.272,0.354
Mix_SmallPct50EMA_LargePct50EMA_PctAbove200EMA_PctAbove50EMA_MicroPct200EMA,SmallPct50EMA | LargePct50EMA | PctAbove200EMA | PctAbove50EMA | MicroPct200EMA,50,4,32172,24.298,50.557,0.655,1.434,0.354
Mix_MidPct50EMA_LargePct50EMA_MicroPct200EMA_SmallPct200EMA,MidPct50EMA | LargePct50EMA | MicroPct200EMA | SmallPct200EMA,50,4,31592,24.209,50.548,0.658,1.5,0.352
Mix_SmallPct50EMA_LargePct50EMA_PctAbove50EMA_MicroPct200EMA_SmallPct200EMA,SmallPct50EMA | LargePct50EMA | PctAbove50EMA | MicroPct200EMA | SmallPct200EMA,50,4,31897,24.24,50.74,0.638,1.427,0.327
Mix_MidPct50EMA_PctAbove200EMA_PctAbove50EMA_SmallPct200EMA,MidPct50EMA | PctAbove200EMA | PctAbove50EMA | SmallPct200EMA,50,4,31837,23.945,51.009,0.647,1.157,0.314
Mix_MidPct50EMA_LargePct50EMA_PctAbove200EMA_SmallPct200EMA,MidPct50EMA | LargePct50EMA | PctAbove200EMA | SmallPct200EMA,50,4,31681,24.096,50.677,0.63,1.446,0.314
Mix_SmallPct50EMA_PctAbove200EMA_PctAbove50EMA,SmallPct50EMA | PctAbove200EMA | PctAbove50EMA,60,4,22819,24.081,51.073,0.636,1.068,0.307
Mix_SmallPct50EMA_PctAbove50EMA_MicroPct200EMA,SmallPct50EMA | PctAbove50EMA | MicroPct200EMA,60,4,22746,24.074,51.072,0.635,1.071,0.306
Mix_MidPct50EMA_PctAbove50EMA_MicroPct200EMA_SmallPct200EMA,MidPct50EMA | PctAbove50EMA | MicroPct200EMA | SmallPct200EMA,50,4,31874,23.917,51.09,0.635,1.112,0.298
Mix_MidPct50EMA_SmallPct50EMA_SmallPct200EMA,MidPct50EMA | SmallPct50EMA | SmallPct200EMA,60,4,22012,23.632,50.97,0.631,1.183,0.283
Mix_MidPct50EMA_PctAbove50EMA_SmallPct200EMA,MidPct50EMA | PctAbove50EMA | SmallPct200EMA,60,4,22535,23.76,50.756,0.617,1.308,0.282
Top_6_Equal,MidPct50EMA | SmallPct50EMA | LargePct50EMA | PctAbove200EMA | PctAbove50EMA | MicroPct200EMA,60,4,22527,23.975,51.083,0.602,1.306,0.269
Mix_MidPct50EMA_LargePct50EMA_PctAbove200EMA_PctAbove50EMA,MidPct50EMA | LargePct50EMA | PctAbove200EMA | PctAbove50EMA,65,4,18817,23.612,49.706,0.578,1.747,0.268
Mix_SmallPct50EMA_PctAbove50EMA_SmallPct200EMA,SmallPct50EMA | PctAbove50EMA | SmallPct200EMA,55,4,26992,24.029,51.114,0.599,1.075,0.267
Mix_LargePct50EMA_PctAbove50EMA_MicroPct200EMA,LargePct50EMA | PctAbove50EMA | MicroPct200EMA,60,4,22817,24.011,50.696,0.585,1.63,0.265
Mix_MidPct50EMA_SmallPct50EMA_LargePct50EMA_PctAbove50EMA,MidPct50EMA | SmallPct50EMA | LargePct50EMA | PctAbove50EMA,75,4,14232,23.654,50.361,0.586,1.687,0.258
Mix_SmallPct50EMA_LargePct50EMA_PctAbove50EMA_MicroPct200EMA_SmallPct200EMA,SmallPct50EMA | LargePct50EMA | PctAbove50EMA | MicroPct200EMA | SmallPct200EMA,55,4,27264,24.087,51.063,0.579,1.241,0.252
Mix_SmallPct50EMA_LargePct50EMA_PctAbove200EMA_PctAbove50EMA_MicroPct200EMA,SmallPct50EMA | LargePct50EMA | PctAbove200EMA | PctAbove50EMA | MicroPct200EMA,55,4,26947,24.133,51.241,0.575,1.302,0.244
Mix_SmallPct50EMA_PctAbove50EMA_SmallPct200EMA,SmallPct50EMA | PctAbove50EMA | SmallPct200EMA,60,4,22629,23.723,51.08,0.586,1.091,0.24
Mix_SmallPct50EMA_PctAbove200EMA_PctAbove50EMA,SmallPct50EMA | PctAbove200EMA | PctAbove50EMA,55,4,27476,24.0,51.235,0.565,1.034,0.228
Mix_SmallPct50EMA_LargePct50EMA_PctAbove200EMA_PctAbove50EMA_SmallPct200EMA,SmallPct50EMA | LargePct50EMA | PctAbove200EMA | PctAbove50EMA | SmallPct200EMA,55,4,27217,23.965,51.071,0.559,1.261,0.225
Mix_MidPct50EMA_LargePct50EMA_PctAbove200EMA_MicroPct200EMA,MidPct50EMA | LargePct50EMA | PctAbove200EMA | MicroPct200EMA,50,4,31385,24.029,51.289,0.549,1.359,0.211
Mix_SmallPct50EMA_LargePct50EMA_MicroPct200EMA,SmallPct50EMA | LargePct50EMA | MicroPct200EMA,60,4,22409,23.91,51.516,0.555,1.54,0.205
Mix_MidPct50EMA_SmallPct50EMA_PctAbove200EMA_PctAbove50EMA_SmallPct200EMA,MidPct50EMA | SmallPct50EMA | PctAbove200EMA | PctAbove50EMA | SmallPct200EMA,55,4,26966,23.791,51.242,0.541,1.094,0.193
Mix_MidPct50EMA_SmallPct50EMA_PctAbove50EMA_MicroPct200EMA_SmallPct200EMA,MidPct50EMA | SmallPct50EMA | PctAbove50EMA | MicroPct200EMA | SmallPct200EMA,55,4,26957,23.772,51.301,0.533,1.094,0.183
Mix_MidPct50EMA_SmallPct50EMA_SmallPct200EMA,MidPct50EMA | SmallPct50EMA | SmallPct200EMA,80,3,10938,23.203,51.226,0.555,2.526,0.178
Mix_SmallPct50EMA_LargePct50EMA_PctAbove200EMA_SmallPct200EMA,SmallPct50EMA | LargePct50EMA | PctAbove200EMA | SmallPct200EMA,75,3,12835,24.602,53.779,0.537,1.427,0.154
Mix_SmallPct50EMA_LargePct50EMA_SmallPct200EMA,SmallPct50EMA | LargePct50EMA | SmallPct200EMA,60,4,22818,23.696,51.351,0.497,1.562,0.141
Mix_LargePct50EMA_PctAbove50EMA_SmallPct200EMA,LargePct50EMA | PctAbove50EMA | SmallPct200EMA,60,4,22595,23.538,51.109,0.484,1.422,0.127
Mix_MidPct50EMA_SmallPct50EMA_MicroPct200EMA_SmallPct200EMA,MidPct50EMA | SmallPct50EMA | MicroPct200EMA | SmallPct200EMA,50,4,31262,23.658,51.855,0.493,1.076,0.12
Mix_MidPct50EMA_SmallPct50EMA_PctAbove200EMA_SmallPct200EMA,MidPct50EMA | SmallPct50EMA | PctAbove200EMA | SmallPct200EMA,50,4,31172,23.645,51.875,0.49,1.073,0.116
Mix_MidPct50EMA_LargePct50EMA_MicroPct200EMA,MidPct50EMA | LargePct50EMA | MicroPct200EMA,80,3,8827,24.609,54.139,0.504,1.448,0.11
Mix_SmallPct50EMA_LargePct50EMA_PctAbove200EMA,SmallPct50EMA | LargePct50EMA | PctAbove200EMA,60,4,22430,23.676,52.005,0.485,1.458,0.108
Mix_MidPct50EMA_PctAbove200EMA_PctAbove50EMA_MicroPct200EMA,MidPct50EMA | PctAbove200EMA | PctAbove50EMA | MicroPct200EMA,50,4,31634,23.661,52.052,0.485,0.989,0.107
Mix_LargePct50EMA_PctAbove200EMA_PctAbove50EMA,LargePct50EMA | PctAbove200EMA | PctAbove50EMA,60,4,22572,23.63,51.453,0.466,1.496,0.104
Mix_MidPct50EMA_LargePct50EMA_SmallPct200EMA,MidPct50EMA | LargePct50EMA | SmallPct200EMA,65,4,19589,23.238,50.653,0.45,1.656,0.092
Mix_SmallPct50EMA_LargePct50EMA_PctAbove200EMA_MicroPct200EMA,SmallPct50EMA | LargePct50EMA | PctAbove200EMA | MicroPct200EMA,50,4,31571,23.823,51.973,0.459,1.289,0.091
Mix_MidPct50EMA_LargePct50EMA_PctAbove200EMA_MicroPct200EMA_SmallPct200EMA,MidPct50EMA | LargePct50EMA | PctAbove200EMA | MicroPct200EMA | SmallPct200EMA,75,3,12495,24.357,54.166,0.477,1.312,0.07
Mix_MidPct50EMA_LargePct50EMA_PctAbove200EMA_MicroPct200EMA,MidPct50EMA | LargePct50EMA | PctAbove200EMA | MicroPct200EMA,55,4,26669,23.78,51.657,0.426,1.476,0.065
Mix_MidPct50EMA_LargePct50EMA_PctAbove200EMA,MidPct50EMA | LargePct50EMA | PctAbove200EMA,80,3,9038,24.364,54.163,0.457,1.434,0.05
Mix_LargePct50EMA_MicroPct200EMA_SmallPct200EMA,LargePct50EMA | MicroPct200EMA | SmallPct200EMA,70,3,17146,24.273,54.379,0.445,1.0,0.028
Mix_MidPct50EMA_SmallPct50EMA_PctAbove200EMA_MicroPct200EMA,MidPct50EMA | SmallPct50EMA | PctAbove200EMA | MicroPct200EMA,75,3,12945,24.315,54.198,0.438,1.079,0.028
Mix_SmallPct50EMA_LargePct50EMA_MicroPct200EMA_SmallPct200EMA,SmallPct50EMA | LargePct50EMA | MicroPct200EMA | SmallPct200EMA,75,3,12709,24.477,54.533,0.433,1.066,0.021
Mix_LargePct50EMA_PctAbove200EMA_MicroPct200EMA,LargePct50EMA | PctAbove200EMA | MicroPct200EMA,75,3,13563,24.189,54.577,0.436,1.279,0.008
Mix_MidPct50EMA_LargePct50EMA_PctAbove200EMA,MidPct50EMA | LargePct50EMA | PctAbove200EMA,65,4,19652,23.238,50.982,0.362,1.61,-0.006
Mix_SmallPct50EMA_LargePct50EMA_PctAbove200EMA,SmallPct50EMA | LargePct50EMA | PctAbove200EMA,80,3,9585,24.139,54.419,0.417,1.26,-0.008
Mix_MidPct50EMA_SmallPct50EMA_MicroPct200EMA_SmallPct200EMA,MidPct50EMA | SmallPct50EMA | MicroPct200EMA | SmallPct200EMA,75,3,12894,24.291,54.465,0.41,1.038,-0.009
Mix_SmallPct50EMA_LargePct50EMA_PctAbove200EMA_SmallPct200EMA,SmallPct50EMA | LargePct50EMA | PctAbove200EMA | SmallPct200EMA,50,4,30925,23.602,52.417,0.374,1.13,-0.019
Mix_SmallPct50EMA_LargePct50EMA_PctAbove200EMA_PctAbove50EMA,SmallPct50EMA | LargePct50EMA | PctAbove200EMA | PctAbove50EMA,65,4,19417,23.205,52.346,0.381,1.254,-0.029
Mix_MidPct50EMA_PctAbove200EMA_PctAbove50EMA_MicroPct200EMA,MidPct50EMA | PctAbove200EMA | PctAbove50EMA | MicroPct200EMA,55,4,26041,23.411,52.294,0.369,0.861,-0.03
Mix_MidPct50EMA_SmallPct50EMA_PctAbove200EMA_SmallPct200EMA,MidPct50EMA | SmallPct50EMA | PctAbove200EMA | SmallPct200EMA,75,3,13323,24.075,54.288,0.393,1.054,-0.032
Mix_SmallPct50EMA_LargePct50EMA_MicroPct200EMA_SmallPct200EMA,SmallPct50EMA | LargePct50EMA | MicroPct200EMA | SmallPct200EMA,50,4,30829,23.54,52.486,0.359,1.115,-0.038
Mix_MidPct50EMA_PctAbove200EMA_MicroPct200EMA_SmallPct200EMA,MidPct50EMA | PctAbove200EMA | MicroPct200EMA | SmallPct200EMA,70,3,18756,23.945,54.317,0.393,1.162,-0.04
Mix_MidPct50EMA_SmallPct50EMA_PctAbove200EMA_MicroPct200EMA,MidPct50EMA | SmallPct50EMA | PctAbove200EMA | MicroPct200EMA,50,4,30736,23.491,52.86,0.371,0.91,-0.04
Mix_MidPct50EMA_LargePct50EMA_PctAbove200EMA_MicroPct200EMA,MidPct50EMA | LargePct50EMA | PctAbove200EMA | MicroPct200EMA,75,3,11724,24.159,54.514,0.385,0.965,-0.042
Mix_MidPct50EMA_PctAbove50EMA_SmallPct200EMA,MidPct50EMA | PctAbove50EMA | SmallPct200EMA,65,4,17821,22.932,52.208,0.377,1.017,-0.043
Mix_LargePct50EMA_PctAbove200EMA_MicroPct200EMA,LargePct50EMA | PctAbove200EMA | MicroPct200EMA,70,3,17066,23.95,54.167,0.383,1.089,-0.045
Mix_MidPct50EMA_LargePct50EMA_PctAbove200EMA_PctAbove50EMA_MicroPct200EMA,MidPct50EMA | LargePct50EMA | PctAbove200EMA | PctAbove50EMA | MicroPct200EMA,60,4,22202,23.039,51.489,0.344,1.307,-0.049
Mix_LargePct50EMA_PctAbove200EMA_PctAbove50EMA_MicroPct200EMA,LargePct50EMA | PctAbove200EMA | PctAbove50EMA | MicroPct200EMA,50,4,31787,23.484,52.631,0.354,1.155,-0.05
Mix_SmallPct50EMA_LargePct50EMA_PctAbove200EMA_MicroPct200EMA,SmallPct50EMA | LargePct50EMA | PctAbove200EMA | MicroPct200EMA,75,3,12555,24.26,54.79,0.38,1.033,-0.051
Mix_LargePct50EMA_PctAbove50EMA_MicroPct200EMA_SmallPct200EMA,LargePct50EMA | PctAbove50EMA | MicroPct200EMA | SmallPct200EMA,50,4,31169,23.473,52.661,0.351,1.049,-0.055
Mix_MidPct50EMA_SmallPct50EMA_LargePct50EMA_PctAbove200EMA_SmallPct200EMA,MidPct50EMA | SmallPct50EMA | LargePct50EMA | PctAbove200EMA | SmallPct200EMA,60,4,21929,22.913,51.359,0.34,1.493,-0.055
Mix_SmallPct50EMA_MicroPct200EMA_SmallPct200EMA,SmallPct50EMA | MicroPct200EMA | SmallPct200EMA,70,3,17448,24.168,54.396,0.366,1.291,-0.057
Mix_SmallPct50EMA_LargePct50EMA_MicroPct200EMA,SmallPct50EMA | LargePct50EMA | MicroPct200EMA,80,3,9207,24.079,54.68,0.378,1.239,-0.058
Mix_MidPct50EMA_SmallPct50EMA_PctAbove200EMA,MidPct50EMA | SmallPct50EMA | PctAbove200EMA,80,3,9586,24.343,54.639,0.364,0.802,-0.058
Mix_MidPct50EMA_LargePct50EMA_PctAbove200EMA_PctAbove50EMA_SmallPct200EMA,MidPct50EMA | LargePct50EMA | PctAbove200EMA | PctAbove50EMA | SmallPct200EMA,60,4,22139,22.831,51.205,0.334,1.437,-0.06
Mix_LargePct50EMA_PctAbove200EMA_PctAbove50EMA,LargePct50EMA | PctAbove200EMA | PctAbove50EMA,65,4,19626,23.055,52.004,0.346,1.39,-0.061
Mix_MidPct50EMA_LargePct50EMA_PctAbove200EMA_PctAbove50EMA_SmallPct200EMA,MidPct50EMA | LargePct50EMA | PctAbove200EMA | PctAbove50EMA | SmallPct200EMA,80,3,8403,24.259,54.891,0.372,1.321,-0.062
Mix_MidPct50EMA_LargePct50EMA_PctAbove50EMA_MicroPct200EMA_SmallPct200EMA,MidPct50EMA | LargePct50EMA | PctAbove50EMA | MicroPct200EMA | SmallPct200EMA,80,3,8403,24.259,54.891,0.372,1.321,-0.062
Mix_MidPct50EMA_SmallPct50EMA_PctAbove200EMA_PctAbove50EMA_MicroPct200EMA,MidPct50EMA | SmallPct50EMA | PctAbove200EMA | PctAbove50EMA | MicroPct200EMA,60,4,22281,23.277,52.97,0.363,0.872,-0.063
Mix_SmallPct50EMA_PctAbove50EMA_MicroPct200EMA_SmallPct200EMA,SmallPct50EMA | PctAbove50EMA | MicroPct200EMA | SmallPct200EMA,50,4,31279,23.366,52.707,0.341,0.785,-0.072
Mix_SmallPct50EMA_LargePct50EMA_PctAbove50EMA_MicroPct200EMA,SmallPct50EMA | LargePct50EMA | PctAbove50EMA | MicroPct200EMA,65,4,19240,23.088,52.529,0.349,1.222,-0.072
Mix_MidPct50EMA_SmallPct50EMA_MicroPct200EMA,MidPct50EMA | SmallPct50EMA | MicroPct200EMA,80,3,9455,24.32,54.725,0.351,0.8,-0.075
Mix_SmallPct50EMA_PctAbove200EMA_SmallPct200EMA,SmallPct50EMA | PctAbove200EMA | SmallPct200EMA,70,3,17755,24.107,54.496,0.349,1.258,-0.081
Mix_LargePct50EMA_PctAbove50EMA_MicroPct200EMA,LargePct50EMA | PctAbove50EMA | MicroPct200EMA,65,4,19309,23.251,52.577,0.333,1.268,-0.082
Mix_SmallPct50EMA_LargePct50EMA_PctAbove50EMA,SmallPct50EMA | LargePct50EMA | PctAbove50EMA,75,4,13716,22.77,52.075,0.339,1.486,-0.085
Mix_MidPct50EMA_LargePct50EMA_MicroPct200EMA,MidPct50EMA | LargePct50EMA | MicroPct200EMA,65,4,19325,23.044,51.333,0.295,1.561,-0.093
Mix_LargePct50EMA_PctAbove200EMA_PctAbove50EMA_SmallPct200EMA,LargePct50EMA | PctAbove200EMA | PctAbove50EMA | SmallPct200EMA,50,4,31291,23.364,52.898,0.317,1.078,-0.101
Mix_MidPct50EMA_LargePct50EMA_PctAbove50EMA_SmallPct200EMA,MidPct50EMA | LargePct50EMA | PctAbove50EMA | SmallPct200EMA,65,4,18073,22.713,51.291,0.301,1.557,-0.102
Mix_MidPct50EMA_SmallPct50EMA_LargePct50EMA_MicroPct200EMA_SmallPct200EMA,MidPct50EMA | SmallPct50EMA | LargePct50EMA | MicroPct200EMA | SmallPct200EMA,60,4,21918,23.043,52.565,0.312,1.303,-0.113
Mix_MidPct50EMA_PctAbove200EMA_MicroPct200EMA,MidPct50EMA | PctAbove200EMA | MicroPct200EMA,70,3,17667,23.816,54.641,0.335,1.035,-0.114
Mix_MidPct50EMA_LargePct50EMA_PctAbove50EMA_MicroPct200EMA_SmallPct200EMA,MidPct50EMA | LargePct50EMA | PctAbove50EMA | MicroPct200EMA | SmallPct200EMA,60,4,22100,22.836,51.712,0.295,1.317,-0.115
Mix_SmallPct50EMA_PctAbove200EMA_PctAbove50EMA,SmallPct50EMA | PctAbove200EMA | PctAbove50EMA,80,3,9244,24.115,54.719,0.318,1.296,-0.118
Mix_MidPct50EMA_PctAbove200EMA_PctAbove50EMA_MicroPct200EMA,MidPct50EMA | PctAbove200EMA | PctAbove50EMA | MicroPct200EMA,75,3,11446,23.843,54.714,0.328,0.962,-0.121
Mix_MidPct50EMA_LargePct50EMA_PctAbove200EMA_PctAbove50EMA_MicroPct200EMA,MidPct50EMA | LargePct50EMA | PctAbove200EMA | PctAbove50EMA | MicroPct200EMA,80,3,8128,24.146,55.202,0.325,1.309,-0.123
Mix_MidPct50EMA_SmallPct50EMA_PctAbove50EMA,MidPct50EMA | SmallPct50EMA | PctAbove50EMA,80,4,11348,22.733,52.51,0.311,1.108,-0.127
Mix_SmallPct50EMA_PctAbove200EMA_PctAbove50EMA_SmallPct200EMA,SmallPct50EMA | PctAbove200EMA | PctAbove50EMA | SmallPct200EMA,50,4,31390,23.214,52.992,0.295,0.773,-0.134
Mix_MidPct50EMA_SmallPct50EMA_LargePct50EMA_SmallPct200EMA,MidPct50EMA | SmallPct50EMA | LargePct50EMA | SmallPct200EMA,65,4,18608,22.528,51.679,0.286,1.527,-0.138
Mix_SmallPct50EMA_PctAbove200EMA_MicroPct200EMA,SmallPct50EMA | PctAbove200EMA | MicroPct200EMA,70,3,18303,23.885,54.629,0.306,1.103,-0.139
Mix_MidPct50EMA_SmallPct50EMA_LargePct50EMA_PctAbove200EMA_MicroPct200EMA,MidPct50EMA | SmallPct50EMA | LargePct50EMA | PctAbove200EMA | MicroPct200EMA,60,4,22244,23.048,52.583,0.282,1.158,-0.143
Mix_MidPct50EMA_LargePct50EMA_PctAbove200EMA_SmallPct200EMA,MidPct50EMA | LargePct50EMA | PctAbove200EMA | SmallPct200EMA,55,4,26736,22.982,52.12,0.271,1.224,-0.144
Mix_MidPct50EMA_PctAbove200EMA_PctAbove50EMA_MicroPct200EMA_SmallPct200EMA,MidPct50EMA | PctAbove200EMA | PctAbove50EMA | MicroPct200EMA | SmallPct200EMA,75,3,11205,23.953,55.172,0.313,1.3,-0.144
Mix_MidPct50EMA_SmallPct50EMA_PctAbove200EMA_PctAbove50EMA_SmallPct200EMA,MidPct50EMA | SmallPct50EMA | PctAbove200EMA | PctAbove50EMA | SmallPct200EMA,60,4,22470,22.69,53.104,0.303,0.833,-0.155
Mix_MidPct50EMA_LargePct50EMA_MicroPct200EMA_SmallPct200EMA,MidPct50EMA | LargePct50EMA | MicroPct200EMA | SmallPct200EMA,55,4,26888,22.927,52.216,0.26,1.186,-0.16
Mix_MidPct50EMA_PctAbove200EMA_PctAbove50EMA_SmallPct200EMA,MidPct50EMA | PctAbove200EMA | PctAbove50EMA | SmallPct200EMA,55,4,26549,22.915,52.838,0.278,0.726,-0.162
Mix_MidPct50EMA_SmallPct50EMA_PctAbove50EMA_MicroPct200EMA_SmallPct200EMA,MidPct50EMA | SmallPct50EMA | PctAbove50EMA | MicroPct200EMA | SmallPct200EMA,60,4,22369,22.677,53.143,0.296,0.829,-0.164
Mix_SmallPct50EMA_LargePct50EMA_PctAbove200EMA_PctAbove50EMA_MicroPct200EMA,SmallPct50EMA | LargePct50EMA | PctAbove200EMA | PctAbove50EMA | MicroPct200EMA,60,4,22450,22.983,52.905,0.259,1.036,-0.179
Top_6_Equal,MidPct50EMA | SmallPct50EMA | LargePct50EMA | PctAbove200EMA | PctAbove50EMA | MicroPct200EMA,80,3,8775,23.985,55.239,0.276,0.982,-0.182
Mix_SmallPct50EMA_PctAbove50EMA_MicroPct200EMA,SmallPct50EMA | PctAbove50EMA | MicroPct200EMA,80,3,9049,23.985,55.067,0.261,1.256,-0.191
Mix_MidPct50EMA_PctAbove50EMA_MicroPct200EMA_SmallPct200EMA,MidPct50EMA | PctAbove50EMA | MicroPct200EMA | SmallPct200EMA,55,4,26213,22.885,53.008,0.254,0.711,-0.192
Mix_SmallPct50EMA_LargePct50EMA_MicroPct200EMA,SmallPct50EMA | LargePct50EMA | MicroPct200EMA,65,4,19374,23.08,53.678,0.26,1.239,-0.196
Mix_SmallPct50EMA_PctAbove200EMA_PctAbove50EMA_MicroPct200EMA,SmallPct50EMA | PctAbove200EMA | PctAbove50EMA | MicroPct200EMA,75,3,11797,23.8,55.194,0.254,1.278,-0.211
Mix_PctAbove200EMA_PctAbove50EMA_MicroPct200EMA,PctAbove200EMA | PctAbove50EMA | MicroPct200EMA,70,3,17395,23.562,54.838,0.246,1.138,-0.221
Mix_SmallPct50EMA_LargePct50EMA_PctAbove200EMA_PctAbove50EMA_SmallPct200EMA,SmallPct50EMA | LargePct50EMA | PctAbove200EMA | PctAbove50EMA | SmallPct200EMA,60,4,22662,22.795,53.166,0.232,0.993,-0.223
Mix_SmallPct50EMA_LargePct50EMA_PctAbove50EMA_MicroPct200EMA_SmallPct200EMA,SmallPct50EMA | LargePct50EMA | PctAbove50EMA | MicroPct200EMA | SmallPct200EMA,60,4,22485,22.808,53.209,0.229,0.998,-0.227
Mix_LargePct50EMA_PctAbove200EMA_PctAbove50EMA_MicroPct200EMA,LargePct50EMA | PctAbove200EMA | PctAbove50EMA | MicroPct200EMA,55,4,27168,23.171,53.221,0.208,1.007,-0.23
Mix_SmallPct50EMA_PctAbove200EMA_MicroPct200EMA_SmallPct200EMA,SmallPct50EMA | PctAbove200EMA | MicroPct200EMA | SmallPct200EMA,70,3,19256,23.744,55.089,0.234,0.981,-0.231
Mix_MidPct50EMA_SmallPct50EMA_PctAbove200EMA_MicroPct200EMA,MidPct50EMA | SmallPct50EMA | PctAbove200EMA | MicroPct200EMA,55,4,26046,23.119,53.539,0.217,0.607,-0.233
Mix_SmallPct50EMA_LargePct50EMA_PctAbove50EMA_SmallPct200EMA,SmallPct50EMA | LargePct50EMA | PctAbove50EMA | SmallPct200EMA,65,4,18978,22.562,53.048,0.228,1.349,-0.236
Mix_SmallPct50EMA_PctAbove200EMA_PctAbove50EMA_MicroPct200EMA,SmallPct50EMA | PctAbove200EMA | PctAbove50EMA | MicroPct200EMA,50,4,30912,23.032,53.698,0.216,0.633,-0.243
Mix_SmallPct50EMA_LargePct50EMA_PctAbove200EMA,SmallPct50EMA | LargePct50EMA | PctAbove200EMA,65,4,19136,22.849,53.508,0.219,1.4,-0.244
Mix_LargePct50EMA_PctAbove200EMA_PctAbove50EMA_MicroPct200EMA_SmallPct200EMA,LargePct50EMA | PctAbove200EMA | PctAbove50EMA | MicroPct200EMA | SmallPct200EMA,75,3,11991,23.582,55.687,0.233,1.137,-0.258
Mix_LargePct50EMA_PctAbove200EMA_PctAbove50EMA_MicroPct200EMA,LargePct50EMA | PctAbove200EMA | PctAbove50EMA | MicroPct200EMA,60,4,22942,22.904,53.31,0.196,1.125,-0.258
Mix_PctAbove200EMA_PctAbove50EMA_MicroPct200EMA_SmallPct200EMA,PctAbove200EMA | PctAbove50EMA | MicroPct200EMA | SmallPct200EMA,70,3,18367,23.671,55.202,0.211,1.062,-0.262
Mix_LargePct50EMA_PctAbove50EMA_SmallPct200EMA,LargePct50EMA | PctAbove50EMA | SmallPct200EMA,65,4,19563,22.503,53.098,0.2,1.399,-0.268
Mix_LargePct50EMA_PctAbove200EMA_PctAbove50EMA_MicroPct200EMA,LargePct50EMA | PctAbove200EMA | PctAbove50EMA | MicroPct200EMA,75,3,11081,23.571,55.501,0.215,0.91,-0.272
Mix_MidPct50EMA_LargePct50EMA_PctAbove200EMA_MicroPct200EMA,MidPct50EMA | LargePct50EMA | PctAbove200EMA | MicroPct200EMA,60,4,22439,22.447,52.002,0.164,1.43,-0.274
Mix_MidPct50EMA_SmallPct50EMA_MicroPct200EMA_SmallPct200EMA,MidPct50EMA | SmallPct50EMA | MicroPct200EMA | SmallPct200EMA,55,4,26171,22.77,53.84,0.185,0.595,-0.292
Mix_SmallPct50EMA_PctAbove200EMA_PctAbove50EMA_MicroPct200EMA,SmallPct50EMA | PctAbove200EMA | PctAbove50EMA | MicroPct200EMA,55,4,26455,22.98,54.37,0.19,0.468,-0.293
Mix_MidPct50EMA_SmallPct50EMA_PctAbove200EMA_SmallPct200EMA,MidPct50EMA | SmallPct50EMA | PctAbove200EMA | SmallPct200EMA,55,4,26189,22.67,53.763,0.184,0.588,-0.295
Mix_SmallPct50EMA_LargePct50EMA_PctAbove50EMA_MicroPct200EMA_SmallPct200EMA,SmallPct50EMA | LargePct50EMA | PctAbove50EMA | MicroPct200EMA | SmallPct200EMA,80,3,8695,23.615,55.927,0.19,1.111,-0.307
Mix_MidPct50EMA_LargePct50EMA_PctAbove50EMA_SmallPct200EMA,MidPct50EMA | LargePct50EMA | PctAbove50EMA | SmallPct200EMA,70,4,15442,22.195,53.177,0.177,1.173,-0.309
Mix_LargePct50EMA_PctAbove200EMA_PctAbove50EMA_SmallPct200EMA,LargePct50EMA | PctAbove200EMA | PctAbove50EMA | SmallPct200EMA,55,4,27224,22.776,53.234,0.147,1.054,-0.311
Mix_LargePct50EMA_PctAbove200EMA_PctAbove50EMA_MicroPct200EMA_SmallPct200EMA,LargePct50EMA | PctAbove200EMA | PctAbove50EMA | MicroPct200EMA | SmallPct200EMA,50,4,30672,22.973,53.795,0.148,0.89,-0.318
Mix_SmallPct50EMA_LargePct50EMA_PctAbove50EMA_SmallPct200EMA,SmallPct50EMA | LargePct50EMA | PctAbove50EMA | SmallPct200EMA,70,4,15636,22.228,53.966,0.187,1.119,-0.32
Mix_LargePct50EMA_PctAbove50EMA_MicroPct200EMA_SmallPct200EMA,LargePct50EMA | PctAbove50EMA | MicroPct200EMA | SmallPct200EMA,55,4,27030,22.757,53.278,0.138,1.042,-0.322
Mix_LargePct50EMA_PctAbove50EMA_MicroPct200EMA_SmallPct200EMA,LargePct50EMA | PctAbove50EMA | MicroPct200EMA | SmallPct200EMA,60,4,23353,22.644,53.609,0.153,0.982,-0.323
Mix_SmallPct50EMA_LargePct50EMA_PctAbove200EMA_PctAbove50EMA_MicroPct200EMA,SmallPct50EMA | LargePct50EMA | PctAbove200EMA | PctAbove50EMA | MicroPct200EMA,80,3,8530,23.622,56.053,0.177,1.133,-0.324
Mix_SmallPct50EMA_LargePct50EMA_SmallPct200EMA,SmallPct50EMA | LargePct50EMA | SmallPct200EMA,65,4,19568,22.22,53.167,0.159,1.412,-0.325
Mix_MidPct50EMA_SmallPct50EMA_LargePct50EMA_PctAbove50EMA_SmallPct200EMA,MidPct50EMA | SmallPct50EMA | LargePct50EMA | PctAbove50EMA | SmallPct200EMA,70,4,15555,22.193,53.584,0.169,1.126,-0.329
Mix_LargePct50EMA_PctAbove200EMA_PctAbove50EMA_SmallPct200EMA,LargePct50EMA | PctAbove200EMA | PctAbove50EMA | SmallPct200EMA,60,4,23129,22.32,53.305,0.14,1.119,-0.343
Mix_MidPct50EMA_LargePct50EMA_MicroPct200EMA_SmallPct200EMA,MidPct50EMA | LargePct50EMA | MicroPct200EMA | SmallPct200EMA,60,4,22749,22.056,52.389,0.117,1.493,-0.352
Mix_MidPct50EMA_LargePct50EMA_PctAbove200EMA_SmallPct200EMA,MidPct50EMA | LargePct50EMA | PctAbove200EMA | SmallPct200EMA,60,4,22868,22.041,52.38,0.117,1.465,-0.352
Mix_MidPct50EMA_PctAbove200EMA_PctAbove50EMA_MicroPct200EMA_SmallPct200EMA,MidPct50EMA | PctAbove200EMA | PctAbove50EMA | MicroPct200EMA | SmallPct200EMA,50,4,31018,22.787,54.136,0.129,0.701,-0.355
Mix_LargePct50EMA_PctAbove50EMA_MicroPct200EMA,LargePct50EMA | PctAbove50EMA | MicroPct200EMA,80,3,7539,23.672,56.262,0.141,0.93,-0.364
Mix_LargePct50EMA_PctAbove200EMA_MicroPct200EMA_SmallPct200EMA,LargePct50EMA | PctAbove200EMA | MicroPct200EMA | SmallPct200EMA,70,3,18843,23.293,55.953,0.149,0.868,-0.365
Mix_MidPct50EMA_SmallPct50EMA_PctAbove200EMA_MicroPct200EMA_SmallPct200EMA,MidPct50EMA | SmallPct50EMA | PctAbove200EMA | MicroPct200EMA | SmallPct200EMA,50,4,30603,22.627,53.948,0.117,0.675,-0.37
Mix_MidPct50EMA_LargePct50EMA_PctAbove200EMA_MicroPct200EMA_SmallPct200EMA,MidPct50EMA | LargePct50EMA | PctAbove200EMA | MicroPct200EMA | SmallPct200EMA,50,4,30250,22.689,53.798,0.104,0.931,-0.376
Mix_MidPct50EMA_SmallPct50EMA_PctAbove200EMA_PctAbove50EMA_MicroPct200EMA,MidPct50EMA | SmallPct50EMA | PctAbove200EMA | PctAbove50EMA | MicroPct200EMA,80,3,8569,23.652,56.073,0.115,0.565,-0.385
Mix_SmallPct50EMA_PctAbove200EMA_PctAbove50EMA_SmallPct200EMA,SmallPct50EMA | PctAbove200EMA | PctAbove50EMA | SmallPct200EMA,55,4,27116,22.604,54.505,0.117,0.397,-0.388
Mix_LargePct50EMA_PctAbove200EMA_MicroPct200EMA,LargePct50EMA | PctAbove200EMA | MicroPct200EMA,50,4,30722,22.946,53.88,0.076,1.05,-0.393
Mix_SmallPct50EMA_PctAbove50EMA_MicroPct200EMA_SmallPct200EMA,SmallPct50EMA | PctAbove50EMA | MicroPct200EMA | SmallPct200EMA,55,4,27015,22.592,54.541,0.111,0.393,-0.396
Mix_SmallPct50EMA_LargePct50EMA_PctAbove200EMA_PctAbove50EMA_SmallPct200EMA,SmallPct50EMA | LargePct50EMA | PctAbove200EMA | PctAbove50EMA | SmallPct200EMA,65,4,18875,22.144,54.427,0.125,1.176,-0.401
Mix_SmallPct50EMA_LargePct50EMA_PctAbove50EMA_MicroPct200EMA_SmallPct200EMA,SmallPct50EMA | LargePct50EMA | PctAbove50EMA | MicroPct200EMA | SmallPct200EMA,65,4,18875,22.144,54.427,0.125,1.176,-0.401
Mix_SmallPct50EMA_LargePct50EMA_PctAbove200EMA_MicroPct200EMA,SmallPct50EMA | LargePct50EMA | PctAbove200EMA | MicroPct200EMA,55,4,26573,22.72,54.239,0.088,1.024,-0.403
Mix_SmallPct50EMA_LargePct50EMA_MicroPct200EMA_SmallPct200EMA,SmallPct50EMA | LargePct50EMA | MicroPct200EMA | SmallPct200EMA,60,4,23040,22.244,53.695,0.089,1.024,-0.41
Mix_SmallPct50EMA_LargePct50EMA_PctAbove200EMA_SmallPct200EMA,SmallPct50EMA | LargePct50EMA | PctAbove200EMA | SmallPct200EMA,60,4,23315,22.223,53.715,0.089,1.058,-0.412
Mix_LargePct50EMA_PctAbove50EMA_SmallPct200EMA,LargePct50EMA | PctAbove50EMA | SmallPct200EMA,70,4,15778,21.855,53.588,0.096,1.07,-0.419
Mix_LargePct50EMA_MicroPct200EMA_SmallPct200EMA,LargePct50EMA | MicroPct200EMA | SmallPct200EMA,50,4,29853,22.787,53.848,0.045,1.046,-0.431
Mix_LargePct50EMA_PctAbove200EMA_SmallPct200EMA,LargePct50EMA | PctAbove200EMA | SmallPct200EMA,55,4,27200,22.167,53.109,0.041,1.262,-0.444
Mix_MidPct50EMA_PctAbove200EMA_SmallPct200EMA,MidPct50EMA | PctAbove200EMA | SmallPct200EMA,50,4,30711,22.259,54.4,0.074,0.597,-0.445
Mix_MidPct50EMA_SmallPct50EMA_LargePct50EMA_PctAbove50EMA_MicroPct200EMA,MidPct50EMA | SmallPct50EMA | LargePct50EMA | PctAbove50EMA | MicroPct200EMA,70,4,15078,22.109,54.758,0.089,1.039,-0.448
Mix_PctAbove200EMA_PctAbove50EMA_MicroPct200EMA,PctAbove200EMA | PctAbove50EMA | MicroPct200EMA,75,3,11253,23.031,56.201,0.084,1.111,-0.451
Mix_MidPct50EMA_PctAbove50EMA_SmallPct200EMA,MidPct50EMA | PctAbove50EMA | SmallPct200EMA,70,4,15454,22.077,54.377,0.073,1.133,-0.455
Mix_SmallPct50EMA_LargePct50EMA_MicroPct200EMA_SmallPct200EMA,SmallPct50EMA | LargePct50EMA | MicroPct200EMA | SmallPct200EMA,55,4,27274,22.536,54.603,0.049,0.813,-0.463
Mix_SmallPct50EMA_LargePct50EMA_PctAbove200EMA_SmallPct200EMA,SmallPct50EMA | LargePct50EMA | PctAbove200EMA | SmallPct200EMA,55,4,27274,22.536,54.603,0.049,0.813,-0.463
Mix_MidPct50EMA_LargePct50EMA_PctAbove200EMA_MicroPct200EMA_SmallPct200EMA,MidPct50EMA | LargePct50EMA | PctAbove200EMA | MicroPct200EMA | SmallPct200EMA,55,4,26693,22.346,53.641,0.029,0.892,-0.463
Top_5_Equal,MidPct50EMA | SmallPct50EMA | LargePct50EMA | PctAbove200EMA | PctAbove50EMA,70,4,15150,21.994,54.398,0.067,1.082,-0.465
Mix_MidPct50EMA_SmallPct50EMA_LargePct50EMA_PctAbove200EMA_PctAbove50EMA,MidPct50EMA | SmallPct50EMA | LargePct50EMA | PctAbove200EMA | PctAbove50EMA,70,4,15150,21.994,54.398,0.067,1.082,-0.465
Mix_MidPct50EMA_LargePct50EMA_PctAbove200EMA_PctAbove50EMA_SmallPct200EMA,MidPct50EMA | LargePct50EMA | PctAbove200EMA | PctAbove50EMA | SmallPct200EMA,65,4,19431,21.77,53.962,0.052,1.033,-0.479
Mix_MidPct50EMA_MicroPct200EMA_SmallPct200EMA,MidPct50EMA | MicroPct200EMA | SmallPct200EMA,50,4,30574,22.167,54.554,0.046,0.545,-0.482
Mix_MidPct50EMA_LargePct50EMA_PctAbove50EMA_MicroPct200EMA_SmallPct200EMA,MidPct50EMA | LargePct50EMA | PctAbove50EMA | MicroPct200EMA | SmallPct200EMA,65,4,19459,21.762,53.981,0.049,1.026,-0.483
Mix_PctAbove200EMA_MicroPct200EMA_SmallPct200EMA,PctAbove200EMA | MicroPct200EMA | SmallPct200EMA,65,3,23309,23.101,56.56,0.058,0.723,-0.483
Mix_LargePct50EMA_PctAbove200EMA_SmallPct200EMA,LargePct50EMA | PctAbove200EMA | SmallPct200EMA,50,4,29763,22.49,53.787,0.006,0.99,-0.483
Mix_MidPct50EMA_SmallPct50EMA_PctAbove50EMA_SmallPct200EMA,MidPct50EMA | SmallPct50EMA | PctAbove50EMA | SmallPct200EMA,70,4,15559,21.94,54.681,0.059,1.006,-0.484
Mix_SmallPct50EMA_LargePct50EMA_PctAbove200EMA_MicroPct200EMA_SmallPct200EMA,SmallPct50EMA | LargePct50EMA | PctAbove200EMA | MicroPct200EMA | SmallPct200EMA,50,4,30444,22.71,54.666,0.018,0.846,-0.487
Mix_MidPct50EMA_LargePct50EMA_PctAbove200EMA,MidPct50EMA | LargePct50EMA | PctAbove200EMA,70,4,15939,21.876,53.319,0.017,1.643,-0.489
Mix_MidPct50EMA_PctAbove50EMA_MicroPct200EMA,MidPct50EMA | PctAbove50EMA | MicroPct200EMA,65,4,17674,22.223,54.888,0.043,0.632,-0.492
Mix_LargePct50EMA_MicroPct200EMA_SmallPct200EMA,LargePct50EMA | MicroPct200EMA | SmallPct200EMA,55,4,27014,22.36,54.481,0.016,1.053,-0.501
Mix_MidPct50EMA_LargePct50EMA_MicroPct200EMA,MidPct50EMA | LargePct50EMA | MicroPct200EMA,70,4,15896,21.846,53.374,0.008,1.625,-0.501
Mix_MidPct50EMA_SmallPct50EMA_LargePct50EMA_SmallPct200EMA,MidPct50EMA | SmallPct50EMA | LargePct50EMA | SmallPct200EMA,70,4,15775,21.771,53.894,0.017,1.015,-0.511
Mix_MidPct50EMA_PctAbove200EMA_PctAbove50EMA,MidPct50EMA | PctAbove200EMA | PctAbove50EMA,65,4,17482,22.057,54.879,0.023,0.719,-0.52
Mix_LargePct50EMA_PctAbove200EMA_MicroPct200EMA,LargePct50EMA | PctAbove200EMA | MicroPct200EMA,55,4,27132,22.651,54.827,-0.015,0.943,-0.528
Mix_SmallPct50EMA_PctAbove50EMA_SmallPct200EMA,SmallPct50EMA | PctAbove50EMA | SmallPct200EMA,65,4,18604,21.942,54.917,0.02,0.664,-0.53
Mix_SmallPct50EMA_PctAbove200EMA_PctAbove50EMA_MicroPct200EMA_SmallPct200EMA,SmallPct50EMA | PctAbove200EMA | PctAbove50EMA | MicroPct200EMA | SmallPct200EMA,50,4,30378,22.453,55.406,0.007,0.396,-0.533
Mix_MidPct50EMA_LargePct50EMA_SmallPct200EMA,MidPct50EMA | LargePct50EMA | SmallPct200EMA,70,4,16053,21.692,54.025,-0.003,0.941,-0.54
Mix_SmallPct50EMA_PctAbove200EMA_PctAbove50EMA,SmallPct50EMA | PctAbove200EMA | PctAbove50EMA,65,4,18397,22.008,55.106,0.011,0.674,-0.541
Top_6_Equal,MidPct50EMA | SmallPct50EMA | LargePct50EMA | PctAbove200EMA | PctAbove50EMA | MicroPct200EMA,65,4,18413,21.851,54.875,0.011,1.043,-0.542
Mix_MidPct50EMA_PctAbove200EMA_MicroPct200EMA,MidPct50EMA | PctAbove200EMA | MicroPct200EMA,50,4,30248,22.447,55.193,-0.033,0.652,-0.567
Mix_LargePct50EMA_PctAbove200EMA_PctAbove50EMA_MicroPct200EMA_SmallPct200EMA,LargePct50EMA | PctAbove200EMA | PctAbove50EMA | MicroPct200EMA | SmallPct200EMA,55,4,26979,22.242,54.8,-0.051,0.711,-0.583
Mix_MidPct50EMA_SmallPct50EMA_SmallPct200EMA,MidPct50EMA | SmallPct50EMA | SmallPct200EMA,65,4,17739,21.797,54.688,-0.037,0.736,-0.588
Mix_MidPct50EMA_PctAbove50EMA_MicroPct200EMA_SmallPct200EMA,MidPct50EMA | PctAbove50EMA | MicroPct200EMA | SmallPct200EMA,60,4,22323,21.918,54.829,-0.042,0.517,-0.591
Mix_SmallPct50EMA_LargePct50EMA_PctAbove200EMA_MicroPct200EMA,SmallPct50EMA | LargePct50EMA | PctAbove200EMA | MicroPct200EMA,60,4,23023,22.08,55.227,-0.041,0.929,-0.594
Mix_SmallPct50EMA_PctAbove50EMA_MicroPct200EMA,SmallPct50EMA | PctAbove50EMA | MicroPct200EMA,65,4,18314,21.958,55.461,-0.033,0.605,-0.599
Mix_MidPct50EMA_PctAbove200EMA_PctAbove50EMA_MicroPct200EMA,MidPct50EMA | PctAbove200EMA | PctAbove50EMA | MicroPct200EMA,60,4,22101,22.34,55.514,-0.052,0.292,-0.6
Mix_MidPct50EMA_PctAbove200EMA_PctAbove50EMA_SmallPct200EMA,MidPct50EMA | PctAbove200EMA | PctAbove50EMA | SmallPct200EMA,60,4,22312,21.799,54.739,-0.054,0.558,-0.606
Mix_MidPct50EMA_SmallPct50EMA_LargePct50EMA_PctAbove200EMA,MidPct50EMA | SmallPct50EMA | LargePct50EMA | PctAbove200EMA,70,4,15335,21.28,55.104,-0.054,1.402,-0.643
Mix_MidPct50EMA_SmallPct50EMA_LargePct50EMA_MicroPct200EMA,MidPct50EMA | SmallPct50EMA | LargePct50EMA | MicroPct200EMA,70,4,15335,21.28,55.104,-0.054,1.402,-0.643
Top_4_Equal,MidPct50EMA | SmallPct50EMA | LargePct50EMA | PctAbove200EMA,70,4,15335,21.28,55.104,-0.054,1.402,-0.643
Mix_PctAbove200EMA_MicroPct200EMA_SmallPct200EMA,PctAbove200EMA | MicroPct200EMA | SmallPct200EMA,60,3,26474,22.82,57.106,-0.076,0.668,-0.648
Mix_MidPct50EMA_SmallPct50EMA_PctAbove200EMA_PctAbove50EMA_SmallPct200EMA,MidPct50EMA | SmallPct50EMA | PctAbove200EMA | PctAbove50EMA | SmallPct200EMA,65,4,18175,21.807,55.704,-0.076,0.699,-0.657
Mix_MidPct50EMA_SmallPct50EMA_SmallPct200EMA,MidPct50EMA | SmallPct50EMA | SmallPct200EMA,70,4,15579,21.199,55.007,-0.07,1.424,-0.66
Mix_MidPct50EMA_LargePct50EMA_PctAbove200EMA_PctAbove50EMA,MidPct50EMA | LargePct50EMA | PctAbove200EMA | PctAbove50EMA,70,4,15090,21.256,54.401,-0.094,1.165,-0.664
Mix_MidPct50EMA_LargePct50EMA_PctAbove50EMA_MicroPct200EMA,MidPct50EMA | LargePct50EMA | PctAbove50EMA | MicroPct200EMA,70,4,15090,21.256,54.401,-0.094,1.165,-0.664
Mix_SmallPct50EMA_LargePct50EMA_PctAbove200EMA_MicroPct200EMA_SmallPct200EMA,SmallPct50EMA | LargePct50EMA | PctAbove200EMA | MicroPct200EMA | SmallPct200EMA,55,4,27369,22.067,55.321,-0.11,0.532,-0.667
Mix_MidPct50EMA_SmallPct50EMA_LargePct50EMA_PctAbove200EMA_SmallPct200EMA,MidPct50EMA | SmallPct50EMA | LargePct50EMA | PctAbove200EMA | SmallPct200EMA,65,4,19268,21.473,54.779,-0.102,0.887,-0.672
Mix_MidPct50EMA_SmallPct50EMA_PctAbove50EMA_MicroPct200EMA_SmallPct200EMA,MidPct50EMA | SmallPct50EMA | PctAbove50EMA | MicroPct200EMA | SmallPct200EMA,65,4,17967,21.888,56.018,-0.091,0.704,-0.677
Top_3_Equal,MidPct50EMA | SmallPct50EMA | LargePct50EMA,80,4,10993,20.956,54.388,-0.099,1.431,-0.683
Mix_MidPct50EMA_SmallPct50EMA_LargePct50EMA,MidPct50EMA | SmallPct50EMA | LargePct50EMA,80,4,10993,20.956,54.388,-0.099,1.431,-0.683
Mix_MidPct50EMA_SmallPct50EMA_LargePct50EMA_MicroPct200EMA_SmallPct200EMA,MidPct50EMA | SmallPct50EMA | LargePct50EMA | MicroPct200EMA | SmallPct200EMA,65,4,19235,21.441,54.861,-0.116,0.879,-0.69
Mix_MidPct50EMA_SmallPct50EMA_MicroPct200EMA,MidPct50EMA | SmallPct50EMA | MicroPct200EMA,65,4,17663,21.818,56.127,-0.098,0.639,-0.69
Mix_PctAbove200EMA_PctAbove50EMA_MicroPct200EMA,PctAbove200EMA | PctAbove50EMA | MicroPct200EMA,50,4,29804,22.299,56.261,-0.126,0.341,-0.699
Mix_PctAbove50EMA_MicroPct200EMA_SmallPct200EMA,PctAbove50EMA | MicroPct200EMA | SmallPct200EMA,50,4,30312,22.028,56.24,-0.114,0.215,-0.7
Mix_PctAbove200EMA_PctAbove50EMA_SmallPct200EMA,PctAbove200EMA | PctAbove50EMA | SmallPct200EMA,50,4,30661,21.932,56.208,-0.124,0.263,-0.713
Mix_MidPct50EMA_LargePct50EMA_PctAbove200EMA_SmallPct200EMA,MidPct50EMA | LargePct50EMA | PctAbove200EMA | SmallPct200EMA,65,4,19636,21.289,54.928,-0.132,1.147,-0.716
Mix_SmallPct50EMA_PctAbove200EMA_PctAbove50EMA_MicroPct200EMA_SmallPct200EMA,SmallPct50EMA | PctAbove200EMA | PctAbove50EMA | MicroPct200EMA | SmallPct200EMA,55,4,26482,22.02,56.271,-0.13,0.149,-0.718
Mix_LargePct50EMA_PctAbove200EMA_MicroPct200EMA_SmallPct200EMA,LargePct50EMA | PctAbove200EMA | MicroPct200EMA | SmallPct200EMA,50,4,29955,22.008,55.372,-0.16,0.708,-0.721
Mix_MidPct50EMA_LargePct50EMA_MicroPct200EMA_SmallPct200EMA,MidPct50EMA | LargePct50EMA | MicroPct200EMA | SmallPct200EMA,65,4,19734,21.252,54.988,-0.142,1.143,-0.729
Mix_SmallPct50EMA_LargePct50EMA_PctAbove50EMA,SmallPct50EMA | LargePct50EMA | PctAbove50EMA,80,4,11048,21.17,55.718,-0.117,0.796,-0.73
Mix_SmallPct50EMA_PctAbove200EMA_PctAbove50EMA_MicroPct200EMA,SmallPct50EMA | PctAbove200EMA | PctAbove50EMA | MicroPct200EMA,60,4,23106,21.957,56.186,-0.143,0.181,-0.73
Mix_MidPct50EMA_LargePct50EMA_PctAbove200EMA_MicroPct200EMA,MidPct50EMA | LargePct50EMA | PctAbove200EMA | MicroPct200EMA,65,4,19459,21.313,56.002,-0.121,1.334,-0.736
Mix_MidPct50EMA_SmallPct50EMA_PctAbove200EMA,MidPct50EMA | SmallPct50EMA | PctAbove200EMA,65,4,17473,21.512,56.168,-0.133,0.752,-0.742
Mix_MidPct50EMA_SmallPct50EMA_LargePct50EMA_PctAbove50EMA,MidPct50EMA | SmallPct50EMA | LargePct50EMA | PctAbove50EMA,80,4,11084,20.993,55.645,-0.129,0.942,-0.748
Mix_SmallPct50EMA_LargePct50EMA_PctAbove200EMA_PctAbove50EMA,SmallPct50EMA | LargePct50EMA | PctAbove200EMA | PctAbove50EMA,70,4,15350,21.166,55.969,-0.129,0.964,-0.75
Mix_MidPct50EMA_SmallPct50EMA_MicroPct200EMA,MidPct50EMA | SmallPct50EMA | MicroPct200EMA,70,4,15279,21.099,55.648,-0.14,1.365,-0.754
Mix_MidPct50EMA_SmallPct50EMA_PctAbove200EMA,MidPct50EMA | SmallPct50EMA | PctAbove200EMA,70,4,15279,21.099,55.648,-0.14,1.365,-0.754
Mix_MidPct50EMA_LargePct50EMA_PctAbove200EMA_PctAbove50EMA_SmallPct200EMA,MidPct50EMA | LargePct50EMA | PctAbove200EMA | PctAbove50EMA | SmallPct200EMA,70,4,15879,21.119,55.778,-0.147,1.342,-0.764
Mix_SmallPct50EMA_LargePct50EMA_PctAbove50EMA_MicroPct200EMA,SmallPct50EMA | LargePct50EMA | PctAbove50EMA | MicroPct200EMA,70,4,15223,21.123,56.034,-0.14,0.95,-0.764
Mix_SmallPct50EMA_LargePct50EMA_PctAbove200EMA_PctAbove50EMA_MicroPct200EMA,SmallPct50EMA | LargePct50EMA | PctAbove200EMA | PctAbove50EMA | MicroPct200EMA,65,4,19034,21.128,55.759,-0.15,1.244,-0.767
Mix_MidPct50EMA_SmallPct50EMA_PctAbove200EMA_SmallPct200EMA,MidPct50EMA | SmallPct50EMA | PctAbove200EMA | SmallPct200EMA,65,4,19623,21.555,56.528,-0.154,0.779,-0.772
Mix_SmallPct50EMA_LargePct50EMA_SmallPct200EMA,SmallPct50EMA | LargePct50EMA | SmallPct200EMA,70,4,16055,21.026,54.952,-0.181,1.101,-0.778
Mix_MidPct50EMA_LargePct50EMA_PctAbove200EMA_MicroPct200EMA_SmallPct200EMA,MidPct50EMA | LargePct50EMA | PctAbove200EMA | MicroPct200EMA | SmallPct200EMA,65,4,20566,21.132,55.975,-0.156,1.332,-0.779
Mix_MidPct50EMA_SmallPct50EMA_LargePct50EMA_SmallPct200EMA,MidPct50EMA | SmallPct50EMA | LargePct50EMA | SmallPct200EMA,75,4,13064,20.996,55.739,-0.158,1.243,-0.78
Mix_MidPct50EMA_SmallPct50EMA_PctAbove200EMA_PctAbove50EMA_SmallPct200EMA,MidPct50EMA | SmallPct50EMA | PctAbove200EMA | PctAbove50EMA | SmallPct200EMA,70,4,15309,21.049,55.82,-0.161,1.345,-0.783
Mix_MidPct50EMA_SmallPct50EMA_PctAbove200EMA_MicroPct200EMA_SmallPct200EMA,MidPct50EMA | SmallPct50EMA | PctAbove200EMA | MicroPct200EMA | SmallPct200EMA,55,4,26553,21.79,56.214,-0.188,0.099,-0.785
Mix_SmallPct50EMA_PctAbove50EMA_MicroPct200EMA_SmallPct200EMA,SmallPct50EMA | PctAbove50EMA | MicroPct200EMA | SmallPct200EMA,60,4,23115,21.629,56.455,-0.176,0.292,-0.788
Mix_MidPct50EMA_PctAbove200EMA_PctAbove50EMA_MicroPct200EMA_SmallPct200EMA,MidPct50EMA | PctAbove200EMA | PctAbove50EMA | MicroPct200EMA | SmallPct200EMA,55,4,26374,21.726,56.107,-0.193,0.1,-0.79
Mix_SmallPct50EMA_PctAbove200EMA_PctAbove50EMA_SmallPct200EMA,SmallPct50EMA | PctAbove200EMA | PctAbove50EMA | SmallPct200EMA,60,4,23000,21.495,56.269,-0.178,0.334,-0.792
Mix_MidPct50EMA_LargePct50EMA_PctAbove200EMA_PctAbove50EMA_MicroPct200EMA,MidPct50EMA | LargePct50EMA | PctAbove200EMA | PctAbove50EMA | MicroPct200EMA,70,4,15476,21.191,56.151,-0.168,1.29,-0.793
Mix_MidPct50EMA_LargePct50EMA_PctAbove200EMA_PctAbove50EMA_MicroPct200EMA,MidPct50EMA | LargePct50EMA | PctAbove200EMA | PctAbove50EMA | MicroPct200EMA,65,4,19139,21.035,55.924,-0.173,1.199,-0.799
Mix_MidPct50EMA_SmallPct50EMA_PctAbove50EMA_MicroPct200EMA_SmallPct200EMA,MidPct50EMA | SmallPct50EMA | PctAbove50EMA | MicroPct200EMA | SmallPct200EMA,70,4,15360,21.023,55.927,-0.176,1.34,-0.803
Mix_MidPct50EMA_PctAbove200EMA_PctAbove50EMA_SmallPct200EMA,MidPct50EMA | PctAbove200EMA | PctAbove50EMA | SmallPct200EMA,70,4,15452,21.227,56.2,-0.178,1.351,-0.803
Top_6_Equal,MidPct50EMA | SmallPct50EMA | LargePct50EMA | PctAbove200EMA | PctAbove50EMA | MicroPct200EMA,70,4,15242,21.014,55.966,-0.182,1.317,-0.81
Mix_MidPct50EMA_SmallPct50EMA_LargePct50EMA_PctAbove200EMA_MicroPct200EMA,MidPct50EMA | SmallPct50EMA | LargePct50EMA | PctAbove200EMA | MicroPct200EMA,70,4,15607,21.125,56.139,-0.183,1.264,-0.81
Mix_MidPct50EMA_LargePct50EMA_PctAbove50EMA_MicroPct200EMA_SmallPct200EMA,MidPct50EMA | LargePct50EMA | PctAbove50EMA | MicroPct200EMA | SmallPct200EMA,70,4,15696,20.979,56.008,-0.187,1.29,-0.818
Mix_SmallPct50EMA_LargePct50EMA_PctAbove200EMA_MicroPct200EMA_SmallPct200EMA,SmallPct50EMA | LargePct50EMA | PctAbove200EMA | MicroPct200EMA | SmallPct200EMA,70,4,17373,21.202,56.443,-0.186,1.243,-0.819
Mix_LargePct50EMA_PctAbove200EMA_PctAbove50EMA_MicroPct200EMA,LargePct50EMA | PctAbove200EMA | PctAbove50EMA | MicroPct200EMA,65,4,19886,20.922,55.854,-0.196,1.16,-0.826
Mix_MidPct50EMA_PctAbove50EMA_MicroPct200EMA_SmallPct200EMA,MidPct50EMA | PctAbove50EMA | MicroPct200EMA | SmallPct200EMA,70,4,15612,21.154,56.334,-0.201,1.341,-0.833
Mix_MidPct50EMA_SmallPct50EMA_PctAbove200EMA_SmallPct200EMA,MidPct50EMA | SmallPct50EMA | PctAbove200EMA | SmallPct200EMA,70,4,15936,21.086,56.267,-0.203,1.303,-0.837
Mix_MidPct50EMA_SmallPct50EMA_LargePct50EMA_PctAbove200EMA,MidPct50EMA | SmallPct50EMA | LargePct50EMA | PctAbove200EMA,75,4,12891,20.936,56.038,-0.203,1.254,-0.837
Top_4_Equal,MidPct50EMA | SmallPct50EMA | LargePct50EMA | PctAbove200EMA,75,4,12891,20.936,56.038,-0.203,1.254,-0.837
Mix_MidPct50EMA_SmallPct50EMA_PctAbove200EMA_PctAbove50EMA,MidPct50EMA | SmallPct50EMA | PctAbove200EMA | PctAbove50EMA,75,4,13203,20.875,55.988,-0.207,1.271,-0.843
Mix_MidPct50EMA_SmallPct50EMA_LargePct50EMA_MicroPct200EMA,MidPct50EMA | SmallPct50EMA | LargePct50EMA | MicroPct200EMA,75,4,12811,20.932,56.081,-0.208,1.254,-0.844
Mix_MidPct50EMA_SmallPct50EMA_PctAbove200EMA_PctAbove50EMA_MicroPct200EMA,MidPct50EMA | SmallPct50EMA | PctAbove200EMA | PctAbove50EMA | MicroPct200EMA,65,4,17956,21.304,56.675,-0.21,0.743,-0.845
Mix_MidPct50EMA_SmallPct50EMA_LargePct50EMA_PctAbove200EMA_SmallPct200EMA,MidPct50EMA | SmallPct50EMA | LargePct50EMA | PctAbove200EMA | SmallPct200EMA,70,4,16105,20.894,56.055,-0.208,1.266,-0.845
Mix_MidPct50EMA_SmallPct50EMA_PctAbove50EMA_MicroPct200EMA,MidPct50EMA | SmallPct50EMA | PctAbove50EMA | MicroPct200EMA,75,4,12929,20.892,56.007,-0.209,1.283,-0.845
Mix_SmallPct50EMA_LargePct50EMA_MicroPct200EMA,SmallPct50EMA | LargePct50EMA | MicroPct200EMA,75,4,12532,21.171,56.552,-0.21,1.208,-0.848
Mix_MidPct50EMA_SmallPct50EMA_MicroPct200EMA,MidPct50EMA | SmallPct50EMA | MicroPct200EMA,75,4,12871,21.173,56.477,-0.216,1.222,-0.851
Mix_MidPct50EMA_PctAbove50EMA_SmallPct200EMA,MidPct50EMA | PctAbove50EMA | SmallPct200EMA,75,4,12892,20.848,56.03,-0.215,1.282,-0.854
Mix_MidPct50EMA_SmallPct50EMA_LargePct50EMA_MicroPct200EMA_SmallPct200EMA,MidPct50EMA | SmallPct50EMA | LargePct50EMA | MicroPct200EMA | SmallPct200EMA,70,4,15984,20.877,56.109,-0.217,1.259,-0.857
Mix_MidPct50EMA_SmallPct50EMA_LargePct50EMA_PctAbove50EMA_SmallPct200EMA,MidPct50EMA | SmallPct50EMA | LargePct50EMA | PctAbove50EMA | SmallPct200EMA,75,4,12749,20.737,55.954,-0.216,1.202,-0.857
Mix_MidPct50EMA_PctAbove200EMA_PctAbove50EMA_SmallPct200EMA,MidPct50EMA | PctAbove200EMA | PctAbove50EMA | SmallPct200EMA,65,4,19603,21.251,56.715,-0.22,0.683,-0.858
Mix_MidPct50EMA_SmallPct50EMA_SmallPct200EMA,MidPct50EMA | SmallPct50EMA | SmallPct200EMA,75,4,13302,20.844,56.075,-0.22,1.258,-0.86
Mix_MidPct50EMA_SmallPct50EMA_PctAbove200EMA_PctAbove50EMA_MicroPct200EMA,MidPct50EMA | SmallPct50EMA | PctAbove200EMA | PctAbove50EMA | MicroPct200EMA,70,4,15236,21.042,56.429,-0.224,1.32,-0.864
Mix_SmallPct50EMA_LargePct50EMA_PctAbove200EMA,SmallPct50EMA | LargePct50EMA | PctAbove200EMA,70,4,15721,20.797,56.144,-0.221,1.218,-0.866
Mix_MidPct50EMA_SmallPct50EMA_PctAbove50EMA_SmallPct200EMA,MidPct50EMA | SmallPct50EMA | PctAbove50EMA | SmallPct200EMA,75,4,13127,20.697,55.953,-0.223,1.219,-0.866
Mix_MidPct50EMA_SmallPct50EMA_MicroPct200EMA_SmallPct200EMA,MidPct50EMA | SmallPct50EMA | MicroPct200EMA | SmallPct200EMA,70,4,15725,21.012,56.4,-0.226,1.288,-0.868
Mix_MidPct50EMA_PctAbove200EMA_SmallPct200EMA,MidPct50EMA | PctAbove200EMA | SmallPct200EMA,55,4,27248,21.063,56.072,-0.239,0.188,-0.868
Mix_MidPct50EMA_LargePct50EMA_SmallPct200EMA,MidPct50EMA | LargePct50EMA | SmallPct200EMA,75,4,12872,20.907,55.524,-0.253,0.792,-0.873
Mix_MidPct50EMA_SmallPct50EMA_PctAbove200EMA_MicroPct200EMA,MidPct50EMA | SmallPct50EMA | PctAbove200EMA | MicroPct200EMA,70,4,15828,21.048,56.519,-0.231,1.317,-0.874
Mix_MidPct50EMA_PctAbove50EMA_MicroPct200EMA_SmallPct200EMA,MidPct50EMA | PctAbove50EMA | MicroPct200EMA | SmallPct200EMA,65,4,19609,21.215,56.789,-0.232,0.678,-0.875
Mix_LargePct50EMA_PctAbove200EMA_PctAbove50EMA_MicroPct200EMA_SmallPct200EMA,LargePct50EMA | PctAbove200EMA | PctAbove50EMA | MicroPct200EMA | SmallPct200EMA,70,4,17045,21.034,56.566,-0.231,1.207,-0.876
Mix_MidPct50EMA_LargePct50EMA_PctAbove200EMA_SmallPct200EMA,MidPct50EMA | LargePct50EMA | PctAbove200EMA | SmallPct200EMA,70,4,16971,20.918,56.499,-0.228,1.073,-0.877
Mix_MidPct50EMA_PctAbove200EMA_PctAbove50EMA_MicroPct200EMA_SmallPct200EMA,MidPct50EMA | PctAbove200EMA | PctAbove50EMA | MicroPct200EMA | SmallPct200EMA,70,4,16614,21.048,56.559,-0.236,1.273,-0.881
Mix_SmallPct50EMA_LargePct50EMA_MicroPct200EMA,SmallPct50EMA | LargePct50EMA | MicroPct200EMA,70,4,15725,20.752,56.255,-0.236,1.21,-0.886
Mix_MidPct50EMA_LargePct50EMA_MicroPct200EMA_SmallPct200EMA,MidPct50EMA | LargePct50EMA | MicroPct200EMA | SmallPct200EMA,70,4,16893,20.895,56.558,-0.238,1.066,-0.889
Mix_SmallPct50EMA_LargePct50EMA_PctAbove200EMA_MicroPct200EMA,SmallPct50EMA | LargePct50EMA | PctAbove200EMA | MicroPct200EMA,70,4,16903,20.934,56.585,-0.24,1.24,-0.891
Mix_MidPct50EMA_SmallPct50EMA_PctAbove200EMA,MidPct50EMA | SmallPct50EMA | PctAbove200EMA,75,4,12934,21.006,56.531,-0.249,1.25,-0.894
Mix_MidPct50EMA_SmallPct50EMA_PctAbove200EMA_MicroPct200EMA_SmallPct200EMA,MidPct50EMA | SmallPct50EMA | PctAbove200EMA | MicroPct200EMA | SmallPct200EMA,70,4,16744,21.032,56.74,-0.248,1.232,-0.899
Mix_MidPct50EMA_LargePct50EMA_MicroPct200EMA_SmallPct200EMA,MidPct50EMA | LargePct50EMA | MicroPct200EMA | SmallPct200EMA,75,4,12103,21.0,56.884,-0.245,1.159,-0.901
Mix_MidPct50EMA_SmallPct50EMA_PctAbove200EMA_PctAbove50EMA,MidPct50EMA | SmallPct50EMA | PctAbove200EMA | PctAbove50EMA,70,4,15221,20.615,56.127,-0.249,1.183,-0.902
Mix_MidPct50EMA_SmallPct50EMA_PctAbove50EMA_MicroPct200EMA,MidPct50EMA | SmallPct50EMA | PctAbove50EMA | MicroPct200EMA,70,4,15221,20.615,56.127,-0.249,1.183,-0.902
Mix_MidPct50EMA_LargePct50EMA_PctAbove200EMA_MicroPct200EMA,MidPct50EMA | LargePct50EMA | PctAbove200EMA | MicroPct200EMA,70,4,16588,20.832,56.623,-0.245,1.023,-0.902
Mix_MidPct50EMA_SmallPct50EMA_PctAbove200EMA_MicroPct200EMA,MidPct50EMA | SmallPct50EMA | PctAbove200EMA | MicroPct200EMA,65,4,19699,21.304,57.115,-0.255,0.651,-0.903
Mix_MidPct50EMA_PctAbove200EMA_MicroPct200EMA,MidPct50EMA | PctAbove200EMA | MicroPct200EMA,65,4,20625,20.922,56.532,-0.253,1.191,-0.903
Mix_MidPct50EMA_SmallPct50EMA_PctAbove200EMA_SmallPct200EMA,MidPct50EMA | SmallPct50EMA | PctAbove200EMA | SmallPct200EMA,60,4,22664,21.263,56.234,-0.281,0.31,-0.905
Mix_SmallPct50EMA_PctAbove50EMA_MicroPct200EMA,SmallPct50EMA | PctAbove50EMA | MicroPct200EMA,70,4,15580,20.815,56.652,-0.247,0.95,-0.906
Mix_SmallPct50EMA_PctAbove200EMA_PctAbove50EMA,SmallPct50EMA | PctAbove200EMA | PctAbove50EMA,70,4,15648,20.811,56.637,-0.248,0.95,-0.906
Mix_PctAbove200EMA_PctAbove50EMA_SmallPct200EMA,PctAbove200EMA | PctAbove50EMA | SmallPct200EMA,55,4,26958,21.445,56.615,-0.282,0.098,-0.909
Mix_MidPct50EMA_LargePct50EMA_PctAbove200EMA,MidPct50EMA | LargePct50EMA | PctAbove200EMA,75,4,12215,20.795,56.535,-0.254,0.986,-0.91
Mix_MidPct50EMA_SmallPct50EMA_PctAbove200EMA_MicroPct200EMA,MidPct50EMA | SmallPct50EMA | PctAbove200EMA | MicroPct200EMA,60,4,22131,21.382,56.766,-0.281,0.257,-0.915
Mix_SmallPct50EMA_LargePct50EMA_PctAbove200EMA_SmallPct200EMA,SmallPct50EMA | LargePct50EMA | PctAbove200EMA | SmallPct200EMA,65,4,19591,20.698,56.509,-0.257,1.19,-0.917
Mix_MidPct50EMA_PctAbove200EMA_MicroPct200EMA,MidPct50EMA | PctAbove200EMA | MicroPct200EMA,55,4,26583,21.693,57.097,-0.291,0.023,-0.919
Mix_SmallPct50EMA_PctAbove200EMA_MicroPct200EMA,SmallPct50EMA | PctAbove200EMA | MicroPct200EMA,50,4,29304,21.765,57.558,-0.281,0.031,-0.92
Mix_MidPct50EMA_SmallPct50EMA_MicroPct200EMA_SmallPct200EMA,MidPct50EMA | SmallPct50EMA | MicroPct200EMA | SmallPct200EMA,65,4,19619,21.157,57.09,-0.266,0.616,-0.921
Mix_PctAbove50EMA_MicroPct200EMA_SmallPct200EMA,PctAbove50EMA | MicroPct200EMA | SmallPct200EMA,55,4,26939,21.497,56.789,-0.293,-0.001,-0.922
Mix_MidPct50EMA_LargePct50EMA_MicroPct200EMA,MidPct50EMA | LargePct50EMA | MicroPct200EMA,75,4,11944,20.787,56.608,-0.265,0.984,-0.924
Mix_SmallPct50EMA_PctAbove200EMA_PctAbove50EMA_MicroPct200EMA,SmallPct50EMA | PctAbove200EMA | PctAbove50EMA | MicroPct200EMA,65,4,19869,21.171,57.022,-0.273,0.647,-0.925
Mix_SmallPct50EMA_LargePct50EMA_PctAbove200EMA_PctAbove50EMA_MicroPct200EMA,SmallPct50EMA | LargePct50EMA | PctAbove200EMA | PctAbove50EMA | MicroPct200EMA,70,4,15495,20.764,56.553,-0.271,1.247,-0.929
Mix_SmallPct50EMA_LargePct50EMA_PctAbove200EMA_SmallPct200EMA,SmallPct50EMA | LargePct50EMA | PctAbove200EMA | SmallPct200EMA,70,4,17025,20.702,56.534,-0.271,1.225,-0.932
Mix_MidPct50EMA_PctAbove200EMA_PctAbove50EMA,MidPct50EMA | PctAbove200EMA | PctAbove50EMA,75,4,11599,20.896,56.66,-0.277,1.266,-0.932
Mix_MidPct50EMA_PctAbove50EMA_MicroPct200EMA,MidPct50EMA | PctAbove50EMA | MicroPct200EMA,75,4,11599,20.896,56.66,-0.277,1.266,-0.932
Mix_MidPct50EMA_SmallPct50EMA_MicroPct200EMA_SmallPct200EMA,MidPct50EMA | SmallPct50EMA | MicroPct200EMA | SmallPct200EMA,60,4,22311,21.237,56.414,-0.302,0.285,-0.933
Mix_SmallPct50EMA_LargePct50EMA_MicroPct200EMA_SmallPct200EMA,SmallPct50EMA | LargePct50EMA | MicroPct200EMA | SmallPct200EMA,70,4,17069,20.695,56.546,-0.273,1.216,-0.935
Mix_MidPct50EMA_LargePct50EMA_SmallPct200EMA,MidPct50EMA | LargePct50EMA | SmallPct200EMA,80,4,9670,20.861,56.935,-0.27,1.197,-0.935
Mix_MidPct50EMA_LargePct50EMA_PctAbove200EMA_MicroPct200EMA_SmallPct200EMA,MidPct50EMA | LargePct50EMA | PctAbove200EMA | MicroPct200EMA | SmallPct200EMA,70,4,17385,20.868,56.965,-0.271,1.033,-0.936
Mix_LargePct50EMA_PctAbove200EMA_PctAbove50EMA_SmallPct200EMA,LargePct50EMA | PctAbove200EMA | PctAbove50EMA | SmallPct200EMA,70,4,17098,20.653,56.563,-0.277,1.188,-0.941
Mix_MidPct50EMA_MicroPct200EMA_SmallPct200EMA,MidPct50EMA | MicroPct200EMA | SmallPct200EMA,65,4,20698,20.794,56.634,-0.283,1.176,-0.942
Top_5_Equal,MidPct50EMA | SmallPct50EMA | LargePct50EMA | PctAbove200EMA | PctAbove50EMA,75,4,12353,20.555,56.334,-0.28,1.172,-0.943
Mix_MidPct50EMA_SmallPct50EMA_LargePct50EMA_PctAbove200EMA_PctAbove50EMA,MidPct50EMA | SmallPct50EMA | LargePct50EMA | PctAbove200EMA | PctAbove50EMA,75,4,12353,20.555,56.334,-0.28,1.172,-0.943
Mix_SmallPct50EMA_PctAbove200EMA_PctAbove50EMA_SmallPct200EMA,SmallPct50EMA | PctAbove200EMA | PctAbove50EMA | SmallPct200EMA,65,4,19318,21.135,57.138,-0.286,0.645,-0.944
Mix_MidPct50EMA_LargePct50EMA_PctAbove50EMA_SmallPct200EMA,MidPct50EMA | LargePct50EMA | PctAbove50EMA | SmallPct200EMA,75,4,12314,20.431,56.285,-0.278,1.03,-0.945
Mix_MidPct50EMA_LargePct50EMA_PctAbove50EMA,MidPct50EMA | LargePct50EMA | PctAbove50EMA,80,4,10337,20.181,55.826,-0.281,0.954,-0.947
Mix_LargePct50EMA_PctAbove200EMA_MicroPct200EMA_SmallPct200EMA,LargePct50EMA | PctAbove200EMA | MicroPct200EMA | SmallPct200EMA,55,4,27242,21.203,56.328,-0.32,0.523,-0.95
Mix_SmallPct50EMA_PctAbove50EMA_SmallPct200EMA,SmallPct50EMA | PctAbove50EMA | SmallPct200EMA,70,4,15779,20.743,57.02,-0.277,0.728,-0.95
Mix_MidPct50EMA_SmallPct50EMA_LargePct50EMA_PctAbove50EMA_MicroPct200EMA,MidPct50EMA | SmallPct50EMA | LargePct50EMA | PctAbove50EMA | MicroPct200EMA,75,4,12294,20.535,56.385,-0.29,1.164,-0.955
Mix_SmallPct50EMA_LargePct50EMA_SmallPct200EMA,SmallPct50EMA | LargePct50EMA | SmallPct200EMA,75,4,12958,20.593,56.677,-0.286,0.949,-0.957
Mix_MidPct50EMA_LargePct50EMA_PctAbove200EMA_SmallPct200EMA,MidPct50EMA | LargePct50EMA | PctAbove200EMA | SmallPct200EMA,75,4,12511,20.735,56.958,-0.287,1.123,-0.959
Mix_MidPct50EMA_PctAbove200EMA_PctAbove50EMA_MicroPct200EMA,MidPct50EMA | PctAbove200EMA | PctAbove50EMA | MicroPct200EMA,70,4,15231,20.806,56.819,-0.295,1.252,-0.959
Mix_MidPct50EMA_SmallPct50EMA_LargePct50EMA_PctAbove200EMA_MicroPct200EMA,MidPct50EMA | SmallPct50EMA | LargePct50EMA | PctAbove200EMA | MicroPct200EMA,65,4,19128,20.608,56.662,-0.291,1.136,-0.96
Mix_MidPct50EMA_PctAbove200EMA_SmallPct200EMA,MidPct50EMA | PctAbove200EMA | SmallPct200EMA,65,4,21049,20.735,56.752,-0.296,1.094,-0.962
Mix_MidPct50EMA_SmallPct50EMA_LargePct50EMA_PctAbove200EMA_MicroPct200EMA,MidPct50EMA | SmallPct50EMA | LargePct50EMA | PctAbove200EMA | MicroPct200EMA,75,4,12170,20.912,57.185,-0.297,0.923,-0.967
Mix_SmallPct50EMA_PctAbove200EMA_PctAbove50EMA_SmallPct200EMA,SmallPct50EMA | PctAbove200EMA | PctAbove50EMA | SmallPct200EMA,70,4,16259,20.664,56.705,-0.3,1.262,-0.968
Mix_MidPct50EMA_PctAbove200EMA_PctAbove50EMA_MicroPct200EMA,MidPct50EMA | PctAbove200EMA | PctAbove50EMA | MicroPct200EMA,65,4,19321,20.659,56.707,-0.3,1.16,-0.968
Mix_MidPct50EMA_SmallPct50EMA_PctAbove200EMA_PctAbove50EMA_SmallPct200EMA,MidPct50EMA | SmallPct50EMA | PctAbove200EMA | PctAbove50EMA | SmallPct200EMA,75,4,12877,20.753,56.821,-0.304,1.196,-0.971
Mix_MidPct50EMA_PctAbove50EMA_MicroPct200EMA,MidPct50EMA | PctAbove50EMA | MicroPct200EMA,70,4,14959,20.445,56.421,-0.303,1.146,-0.973
Mix_MidPct50EMA_PctAbove200EMA_PctAbove50EMA,MidPct50EMA | PctAbove200EMA | PctAbove50EMA,70,4,14959,20.445,56.421,-0.303,1.146,-0.973
Mix_LargePct50EMA_PctAbove50EMA_MicroPct200EMA_SmallPct200EMA,LargePct50EMA | PctAbove50EMA | MicroPct200EMA | SmallPct200EMA,65,4,19686,20.533,56.609,-0.304,1.135,-0.976
Mix_LargePct50EMA_PctAbove200EMA_PctAbove50EMA_SmallPct200EMA,LargePct50EMA | PctAbove200EMA | PctAbove50EMA | SmallPct200EMA,65,4,19700,20.532,56.608,-0.305,1.139,-0.976
Mix_PctAbove200EMA_PctAbove50EMA_MicroPct200EMA,PctAbove200EMA | PctAbove50EMA | MicroPct200EMA,55,4,26444,21.532,57.585,-0.327,-0.124,-0.978
Mix_MidPct50EMA_SmallPct50EMA_PctAbove50EMA_MicroPct200EMA_SmallPct200EMA,MidPct50EMA | SmallPct50EMA | PctAbove50EMA | MicroPct200EMA | SmallPct200EMA,75,4,12778,20.729,56.832,-0.31,1.189,-0.978
Mix_SmallPct50EMA_MicroPct200EMA_SmallPct200EMA,SmallPct50EMA | MicroPct200EMA | SmallPct200EMA,50,4,29667,21.346,57.345,-0.325,0.127,-0.978
Mix_SmallPct50EMA_PctAbove200EMA_SmallPct200EMA,SmallPct50EMA | PctAbove200EMA | SmallPct200EMA,50,4,29782,21.342,57.355,-0.326,0.134,-0.98
Mix_LargePct50EMA_PctAbove200EMA_PctAbove50EMA,LargePct50EMA | PctAbove200EMA | PctAbove50EMA,70,4,15520,20.546,56.662,-0.308,1.111,-0.981
Mix_SmallPct50EMA_PctAbove50EMA_MicroPct200EMA_SmallPct200EMA,SmallPct50EMA | PctAbove50EMA | MicroPct200EMA | SmallPct200EMA,65,4,19226,21.035,57.309,-0.316,0.612,-0.983
Mix_LargePct50EMA_PctAbove200EMA_PctAbove50EMA_MicroPct200EMA,LargePct50EMA | PctAbove200EMA | PctAbove50EMA | MicroPct200EMA,70,4,16505,20.672,56.984,-0.308,1.137,-0.983
Mix_MidPct50EMA_SmallPct50EMA_PctAbove200EMA_MicroPct200EMA_SmallPct200EMA,MidPct50EMA | SmallPct50EMA | PctAbove200EMA | MicroPct200EMA | SmallPct200EMA,65,4,20386,20.728,56.934,-0.318,1.118,-0.99
Mix_SmallPct50EMA_LargePct50EMA_PctAbove50EMA_SmallPct200EMA,SmallPct50EMA | LargePct50EMA | PctAbove50EMA | SmallPct200EMA,75,4,12868,20.48,56.633,-0.315,1.131,-0.99
Mix_MidPct50EMA_SmallPct50EMA_PctAbove50EMA_MicroPct200EMA,MidPct50EMA | SmallPct50EMA | PctAbove50EMA | MicroPct200EMA,80,4,9254,20.949,57.172,-0.328,1.2,-0.995
Mix_MidPct50EMA_LargePct50EMA_PctAbove50EMA_MicroPct200EMA,MidPct50EMA | LargePct50EMA | PctAbove50EMA | MicroPct200EMA,75,4,12088,20.437,56.56,-0.322,1.135,-0.997
Mix_MidPct50EMA_LargePct50EMA_PctAbove200EMA_PctAbove50EMA,MidPct50EMA | LargePct50EMA | PctAbove200EMA | PctAbove50EMA,75,4,12088,20.437,56.56,-0.322,1.135,-0.997
Mix_SmallPct50EMA_PctAbove50EMA_MicroPct200EMA_SmallPct200EMA,SmallPct50EMA | PctAbove50EMA | MicroPct200EMA | SmallPct200EMA,70,4,16142,20.594,56.833,-0.321,1.23,-0.997
Mix_SmallPct50EMA_LargePct50EMA_PctAbove200EMA_MicroPct200EMA,SmallPct50EMA | LargePct50EMA | PctAbove200EMA | MicroPct200EMA,65,4,20034,20.465,56.739,-0.318,1.118,-0.997
Mix_SmallPct50EMA_PctAbove200EMA_MicroPct200EMA_SmallPct200EMA,SmallPct50EMA | PctAbove200EMA | MicroPct200EMA | SmallPct200EMA,50,4,29458,21.417,57.435,-0.351,0.022,-1.003
Mix_MidPct50EMA_MicroPct200EMA_SmallPct200EMA,MidPct50EMA | MicroPct200EMA | SmallPct200EMA,70,4,17490,20.713,57.245,-0.322,0.867,-1.004
Mix_MidPct50EMA_SmallPct50EMA_LargePct50EMA_PctAbove200EMA_SmallPct200EMA,MidPct50EMA | SmallPct50EMA | LargePct50EMA | PctAbove200EMA | SmallPct200EMA,75,4,12648,20.765,57.228,-0.325,0.908,-1.004
Mix_LargePct50EMA_PctAbove50EMA_MicroPct200EMA,LargePct50EMA | PctAbove50EMA | MicroPct200EMA,70,4,15377,20.474,56.773,-0.326,1.096,-1.005
Mix_MidPct50EMA_SmallPct50EMA_PctAbove200EMA_PctAbove50EMA_MicroPct200EMA,MidPct50EMA | SmallPct50EMA | PctAbove200EMA | PctAbove50EMA | MicroPct200EMA,75,4,12259,20.7,57.064,-0.331,1.122,-1.008
Mix_MidPct50EMA_SmallPct50EMA_LargePct50EMA_MicroPct200EMA_SmallPct200EMA,MidPct50EMA | SmallPct50EMA | LargePct50EMA | MicroPct200EMA | SmallPct200EMA,75,4,12561,20.741,57.245,-0.33,0.895,-1.01
Mix_LargePct50EMA_PctAbove50EMA_MicroPct200EMA_SmallPct200EMA,LargePct50EMA | PctAbove50EMA | MicroPct200EMA | SmallPct200EMA,70,4,16547,20.484,56.897,-0.328,1.137,-1.011
Mix_PctAbove200EMA_PctAbove50EMA_SmallPct200EMA,PctAbove200EMA | PctAbove50EMA | SmallPct200EMA,60,4,24155,21.095,57.262,-0.348,0.145,-1.011
Mix_SmallPct50EMA_LargePct50EMA_PctAbove200EMA_PctAbove50EMA_SmallPct200EMA,SmallPct50EMA | LargePct50EMA | PctAbove200EMA | PctAbove50EMA | SmallPct200EMA,70,4,15880,20.515,56.849,-0.332,1.174,-1.012
Mix_LargePct50EMA_PctAbove200EMA_SmallPct200EMA,LargePct50EMA | PctAbove200EMA | SmallPct200EMA,60,4,24835,20.919,56.534,-0.363,0.551,-1.013
Mix_SmallPct50EMA_MicroPct200EMA_SmallPct200EMA,SmallPct50EMA | MicroPct200EMA | SmallPct200EMA,55,4,26851,21.367,57.743,-0.351,-0.03,-1.015
Mix_MidPct50EMA_PctAbove200EMA_MicroPct200EMA_SmallPct200EMA,MidPct50EMA | PctAbove200EMA | MicroPct200EMA | SmallPct200EMA,50,4,30083,21.319,57.45,-0.358,0.087,-1.015
Mix_SmallPct50EMA_PctAbove200EMA_SmallPct200EMA,SmallPct50EMA | PctAbove200EMA | SmallPct200EMA,55,4,26977,21.298,57.681,-0.351,0.004,-1.017
Mix_SmallPct50EMA_LargePct50EMA_PctAbove200EMA_PctAbove50EMA_MicroPct200EMA,SmallPct50EMA | LargePct50EMA | PctAbove200EMA | PctAbove50EMA | MicroPct200EMA,75,4,12408,20.703,57.17,-0.338,1.135,-1.018
Top_6_Equal,MidPct50EMA | SmallPct50EMA | LargePct50EMA | PctAbove200EMA | PctAbove50EMA | MicroPct200EMA,75,4,12428,20.598,57.011,-0.341,1.132,-1.021
Mix_SmallPct50EMA_LargePct50EMA_PctAbove50EMA_MicroPct200EMA_SmallPct200EMA,SmallPct50EMA | LargePct50EMA | PctAbove50EMA | MicroPct200EMA | SmallPct200EMA,70,4,15712,20.477,56.917,-0.343,1.165,-1.026
Mix_SmallPct50EMA_PctAbove200EMA_PctAbove50EMA_MicroPct200EMA_SmallPct200EMA,SmallPct50EMA | PctAbove200EMA | PctAbove50EMA | MicroPct200EMA | SmallPct200EMA,70,4,16755,20.679,57.169,-0.35,1.14,-1.031
Mix_MidPct50EMA_MicroPct200EMA_SmallPct200EMA,MidPct50EMA | MicroPct200EMA | SmallPct200EMA,55,4,27141,21.087,57.112,-0.373,0.046,-1.032
Mix_LargePct50EMA_PctAbove200EMA_MicroPct200EMA,LargePct50EMA | PctAbove200EMA | MicroPct200EMA,60,4,24481,20.62,56.974,-0.354,0.926,-1.032
Mix_LargePct50EMA_MicroPct200EMA_SmallPct200EMA,LargePct50EMA | MicroPct200EMA | SmallPct200EMA,60,4,24691,20.892,56.635,-0.378,0.542,-1.032
Mix_SmallPct50EMA_LargePct50EMA_PctAbove200EMA,SmallPct50EMA | LargePct50EMA | PctAbove200EMA,75,4,13028,20.432,56.983,-0.345,0.913,-1.033
Mix_MidPct50EMA_SmallPct50EMA_LargePct50EMA_MicroPct200EMA,MidPct50EMA | SmallPct50EMA | LargePct50EMA | MicroPct200EMA,80,4,9527,20.765,57.415,-0.353,0.879,-1.038
Mix_PctAbove200EMA_PctAbove50EMA_MicroPct200EMA_SmallPct200EMA,PctAbove200EMA | PctAbove50EMA | MicroPct200EMA | SmallPct200EMA,50,4,29809,21.396,57.591,-0.381,0.06,-1.039
Mix_SmallPct50EMA_PctAbove200EMA_MicroPct200EMA,SmallPct50EMA | PctAbove200EMA | MicroPct200EMA,55,4,26693,21.479,57.927,-0.383,-0.244,-1.047
Mix_SmallPct50EMA_PctAbove50EMA_SmallPct200EMA,SmallPct50EMA | PctAbove50EMA | SmallPct200EMA,75,4,13376,20.353,56.889,-0.358,1.129,-1.047
Mix_SmallPct50EMA_LargePct50EMA_PctAbove200EMA_PctAbove50EMA,SmallPct50EMA | LargePct50EMA | PctAbove200EMA | PctAbove50EMA,75,4,12409,20.366,56.883,-0.36,1.111,-1.048
Mix_SmallPct50EMA_LargePct50EMA_PctAbove200EMA_PctAbove50EMA_SmallPct200EMA,SmallPct50EMA | LargePct50EMA | PctAbove200EMA | PctAbove50EMA | SmallPct200EMA,75,4,12884,20.381,56.969,-0.363,1.08,-1.053
Mix_SmallPct50EMA_LargePct50EMA_PctAbove50EMA_MicroPct200EMA,SmallPct50EMA | LargePct50EMA | PctAbove50EMA | MicroPct200EMA,75,4,12286,20.373,56.929,-0.364,1.112,-1.053
Mix_LargePct50EMA_PctAbove50EMA_MicroPct200EMA,LargePct50EMA | PctAbove50EMA | MicroPct200EMA,75,4,12100,20.466,57.138,-0.367,1.126,-1.058
Mix_SmallPct50EMA_LargePct50EMA_MicroPct200EMA_SmallPct200EMA,SmallPct50EMA | LargePct50EMA | MicroPct200EMA | SmallPct200EMA,65,4,19727,20.309,57.05,-0.365,1.025,-1.061
Mix_MidPct50EMA_PctAbove200EMA_MicroPct200EMA_SmallPct200EMA,MidPct50EMA | PctAbove200EMA | MicroPct200EMA | SmallPct200EMA,55,4,27055,21.173,57.376,-0.399,0.063,-1.061
Mix_MidPct50EMA_PctAbove200EMA_PctAbove50EMA_MicroPct200EMA_SmallPct200EMA,MidPct50EMA | PctAbove200EMA | PctAbove50EMA | MicroPct200EMA | SmallPct200EMA,65,4,20508,20.451,57.097,-0.376,1.037,-1.066
Mix_PctAbove200EMA_PctAbove50EMA_MicroPct200EMA_SmallPct200EMA,PctAbove200EMA | PctAbove50EMA | MicroPct200EMA | SmallPct200EMA,55,4,27353,21.136,57.806,-0.392,-0.063,-1.069
Mix_MidPct50EMA_SmallPct50EMA_PctAbove200EMA_PctAbove50EMA,MidPct50EMA | SmallPct50EMA | PctAbove200EMA | PctAbove50EMA,80,4,9488,20.561,57.225,-0.381,1.154,-1.069
Mix_SmallPct50EMA_PctAbove50EMA_MicroPct200EMA_SmallPct200EMA,SmallPct50EMA | PctAbove50EMA | MicroPct200EMA | SmallPct200EMA,75,4,12930,20.666,57.546,-0.377,1.155,-1.071
Mix_LargePct50EMA_PctAbove200EMA_PctAbove50EMA_MicroPct200EMA_SmallPct200EMA,LargePct50EMA | PctAbove200EMA | PctAbove50EMA | MicroPct200EMA | SmallPct200EMA,60,4,23563,20.455,57.076,-0.381,0.891,-1.071
Mix_MidPct50EMA_PctAbove200EMA_MicroPct200EMA,MidPct50EMA | PctAbove200EMA | MicroPct200EMA,60,4,23948,20.943,57.719,-0.388,0.277,-1.072
Mix_SmallPct50EMA_LargePct50EMA_PctAbove50EMA_MicroPct200EMA_SmallPct200EMA,SmallPct50EMA | LargePct50EMA | PctAbove50EMA | MicroPct200EMA | SmallPct200EMA,75,4,12659,20.336,57.06,-0.378,1.071,-1.073
Mix_PctAbove200EMA_PctAbove50EMA_MicroPct200EMA,PctAbove200EMA | PctAbove50EMA | MicroPct200EMA,60,4,24268,21.328,57.699,-0.41,-0.195,-1.075
Mix_MidPct50EMA_PctAbove200EMA_SmallPct200EMA,MidPct50EMA | PctAbove200EMA | SmallPct200EMA,70,4,17616,20.475,57.432,-0.378,0.814,-1.077
Mix_SmallPct50EMA_PctAbove200EMA_PctAbove50EMA_SmallPct200EMA,SmallPct50EMA | PctAbove200EMA | PctAbove50EMA | SmallPct200EMA,75,4,13163,20.499,57.468,-0.4,1.147,-1.099
Mix_MidPct50EMA_LargePct50EMA_PctAbove200EMA_MicroPct200EMA_SmallPct200EMA,MidPct50EMA | LargePct50EMA | PctAbove200EMA | MicroPct200EMA | SmallPct200EMA,60,4,23570,20.588,56.883,-0.422,0.592,-1.099
Mix_SmallPct50EMA_PctAbove200EMA_PctAbove50EMA_MicroPct200EMA,SmallPct50EMA | PctAbove200EMA | PctAbove50EMA | MicroPct200EMA,70,4,15995,20.442,57.378,-0.4,1.108,-1.1
Mix_MidPct50EMA_LargePct50EMA_PctAbove200EMA_PctAbove50EMA_MicroPct200EMA,MidPct50EMA | LargePct50EMA | PctAbove200EMA | PctAbove50EMA | MicroPct200EMA,75,4,11856,20.363,57.385,-0.4,0.949,-1.103
Top_4_Equal,MidPct50EMA | SmallPct50EMA | LargePct50EMA | PctAbove200EMA,80,4,9860,20.41,57.471,-0.402,0.843,-1.106
Mix_MidPct50EMA_SmallPct50EMA_LargePct50EMA_PctAbove200EMA,MidPct50EMA | SmallPct50EMA | LargePct50EMA | PctAbove200EMA,80,4,9860,20.41,57.471,-0.402,0.843,-1.106
Mix_LargePct50EMA_PctAbove200EMA_SmallPct200EMA,LargePct50EMA | PctAbove200EMA | SmallPct200EMA,70,4,17570,20.367,57.619,-0.398,0.787,-1.108
Mix_SmallPct50EMA_PctAbove50EMA_MicroPct200EMA,SmallPct50EMA | PctAbove50EMA | MicroPct200EMA,75,4,11951,20.479,57.475,-0.408,1.066,-1.109
Mix_MidPct50EMA_PctAbove200EMA_PctAbove50EMA_MicroPct200EMA_SmallPct200EMA,MidPct50EMA | PctAbove200EMA | PctAbove50EMA | MicroPct200EMA | SmallPct200EMA,60,4,22912,20.923,57.612,-0.428,0.121,-1.11
Mix_MidPct50EMA_SmallPct50EMA_LargePct50EMA_PctAbove50EMA_SmallPct200EMA,MidPct50EMA | SmallPct50EMA | LargePct50EMA | PctAbove50EMA | SmallPct200EMA,80,4,10339,20.104,57.125,-0.402,0.853,-1.11
Mix_MidPct50EMA_PctAbove50EMA_MicroPct200EMA_SmallPct200EMA,MidPct50EMA | PctAbove50EMA | MicroPct200EMA | SmallPct200EMA,75,4,11874,20.429,57.699,-0.411,0.86,-1.121
Mix_MidPct50EMA_PctAbove200EMA_PctAbove50EMA_SmallPct200EMA,MidPct50EMA | PctAbove200EMA | PctAbove50EMA | SmallPct200EMA,75,4,12358,20.339,57.54,-0.414,0.885,-1.123
Mix_LargePct50EMA_PctAbove200EMA_PctAbove50EMA,LargePct50EMA | PctAbove200EMA | PctAbove50EMA,75,4,11999,20.282,57.479,-0.416,0.946,-1.127
Top_5_Equal,MidPct50EMA | SmallPct50EMA | LargePct50EMA | PctAbove200EMA | PctAbove50EMA,80,4,9674,20.439,57.613,-0.42,0.893,-1.127
Mix_MidPct50EMA_SmallPct50EMA_LargePct50EMA_PctAbove200EMA_PctAbove50EMA,MidPct50EMA | SmallPct50EMA | LargePct50EMA | PctAbove200EMA | PctAbove50EMA,80,4,9674,20.439,57.613,-0.42,0.893,-1.127
Mix_MidPct50EMA_LargePct50EMA_PctAbove50EMA_MicroPct200EMA_SmallPct200EMA,MidPct50EMA | LargePct50EMA | PctAbove50EMA | MicroPct200EMA | SmallPct200EMA,75,4,11820,20.284,57.493,-0.419,0.843,-1.13
Mix_MidPct50EMA_SmallPct50EMA_LargePct50EMA_PctAbove50EMA_MicroPct200EMA,MidPct50EMA | SmallPct50EMA | LargePct50EMA | PctAbove50EMA | MicroPct200EMA,80,4,9645,20.401,57.569,-0.423,0.897,-1.13
Mix_SmallPct50EMA_PctAbove200EMA_PctAbove50EMA,SmallPct50EMA | PctAbove200EMA | PctAbove50EMA,75,4,12457,20.32,57.394,-0.425,1.064,-1.131
Mix_PctAbove200EMA_PctAbove50EMA_SmallPct200EMA,PctAbove200EMA | PctAbove50EMA | SmallPct200EMA,70,4,17641,20.377,57.47,-0.428,1.046,-1.134
Mix_MidPct50EMA_LargePct50EMA_PctAbove200EMA_PctAbove50EMA_SmallPct200EMA,MidPct50EMA | LargePct50EMA | PctAbove200EMA | PctAbove50EMA | SmallPct200EMA,75,4,11901,20.256,57.49,-0.422,0.836,-1.134
Mix_MidPct50EMA_LargePct50EMA_PctAbove50EMA_MicroPct200EMA,MidPct50EMA | LargePct50EMA | PctAbove50EMA | MicroPct200EMA,80,4,8971,20.38,57.691,-0.425,0.889,-1.137
Mix_MidPct50EMA_PctAbove200EMA_MicroPct200EMA_SmallPct200EMA,MidPct50EMA | PctAbove200EMA | MicroPct200EMA | SmallPct200EMA,65,4,22310,20.401,57.651,-0.438,0.888,-1.148
Mix_LargePct50EMA_PctAbove50EMA_SmallPct200EMA,LargePct50EMA | PctAbove50EMA | SmallPct200EMA,75,4,12184,20.09,57.355,-0.432,0.917,-1.148
Mix_MidPct50EMA_SmallPct50EMA_LargePct50EMA_SmallPct200EMA,MidPct50EMA | SmallPct50EMA | LargePct50EMA | SmallPct200EMA,80,4,10388,20.111,57.368,-0.433,0.797,-1.148
Mix_LargePct50EMA_PctAbove200EMA_PctAbove50EMA_MicroPct200EMA_SmallPct200EMA,LargePct50EMA | PctAbove200EMA | PctAbove50EMA | MicroPct200EMA | SmallPct200EMA,65,4,20970,20.157,57.342,-0.44,0.945,-1.152
Mix_MidPct50EMA_LargePct50EMA_PctAbove200EMA_PctAbove50EMA,MidPct50EMA | LargePct50EMA | PctAbove200EMA | PctAbove50EMA,80,4,9273,20.355,57.677,-0.44,0.875,-1.153
Mix_PctAbove50EMA_MicroPct200EMA_SmallPct200EMA,PctAbove50EMA | MicroPct200EMA | SmallPct200EMA,70,4,17444,20.354,57.628,-0.444,1.019,-1.156
Mix_SmallPct50EMA_PctAbove200EMA_PctAbove50EMA_MicroPct200EMA_SmallPct200EMA,SmallPct50EMA | PctAbove200EMA | PctAbove50EMA | MicroPct200EMA | SmallPct200EMA,60,4,23830,20.926,57.902,-0.466,-0.084,-1.157
Mix_MidPct50EMA_PctAbove50EMA_SmallPct200EMA,MidPct50EMA | PctAbove50EMA | SmallPct200EMA,80,4,9910,20.221,57.656,-0.447,0.814,-1.166
Mix_MidPct50EMA_PctAbove200EMA_SmallPct200EMA,MidPct50EMA | PctAbove200EMA | SmallPct200EMA,60,4,23941,20.535,57.44,-0.472,0.337,-1.168
Mix_SmallPct50EMA_PctAbove200EMA_MicroPct200EMA,SmallPct50EMA | PctAbove200EMA | MicroPct200EMA,60,4,24217,20.98,58.067,-0.475,-0.113,-1.168
Mix_MidPct50EMA_SmallPct50EMA_PctAbove50EMA_SmallPct200EMA,MidPct50EMA | SmallPct50EMA | PctAbove50EMA | SmallPct200EMA,80,4,10146,19.994,57.423,-0.451,0.82,-1.174
Mix_MidPct50EMA_MicroPct200EMA_SmallPct200EMA,MidPct50EMA | MicroPct200EMA | SmallPct200EMA,60,4,23746,20.512,57.503,-0.484,0.33,-1.183
Mix_MidPct50EMA_PctAbove200EMA_MicroPct200EMA_SmallPct200EMA,MidPct50EMA | PctAbove200EMA | MicroPct200EMA | SmallPct200EMA,60,4,24499,20.687,58.38,-0.475,0.329,-1.192
Mix_MidPct50EMA_LargePct50EMA_PctAbove50EMA_SmallPct200EMA,MidPct50EMA | LargePct50EMA | PctAbove50EMA | SmallPct200EMA,80,4,9654,20.082,57.647,-0.468,0.854,-1.193
Mix_SmallPct50EMA_PctAbove200EMA_PctAbove50EMA_MicroPct200EMA_SmallPct200EMA,SmallPct50EMA | PctAbove200EMA | PctAbove50EMA | MicroPct200EMA | SmallPct200EMA,65,4,21039,20.105,57.589,-0.48,0.886,-1.202
Mix_PctAbove50EMA_MicroPct200EMA_SmallPct200EMA,PctAbove50EMA | MicroPct200EMA | SmallPct200EMA,60,4,24087,20.799,58.14,-0.498,-0.06,-1.202
Mix_MidPct50EMA_PctAbove50EMA_MicroPct200EMA,MidPct50EMA | PctAbove50EMA | MicroPct200EMA,80,4,8547,20.327,58.12,-0.476,0.847,-1.203
Mix_LargePct50EMA_PctAbove50EMA_MicroPct200EMA_SmallPct200EMA,LargePct50EMA | PctAbove50EMA | MicroPct200EMA | SmallPct200EMA,75,4,11755,20.305,58.149,-0.474,0.791,-1.203
Mix_PctAbove200EMA_PctAbove50EMA_MicroPct200EMA,PctAbove200EMA | PctAbove50EMA | MicroPct200EMA,65,4,21408,20.185,57.694,-0.486,0.745,-1.207
Mix_SmallPct50EMA_PctAbove50EMA_SmallPct200EMA,SmallPct50EMA | PctAbove50EMA | SmallPct200EMA,80,4,9959,19.968,57.552,-0.486,1.025,-1.214
Mix_SmallPct50EMA_LargePct50EMA_PctAbove200EMA_MicroPct200EMA_SmallPct200EMA,SmallPct50EMA | LargePct50EMA | PctAbove200EMA | MicroPct200EMA | SmallPct200EMA,65,4,21557,20.01,57.661,-0.486,0.846,-1.215
Mix_SmallPct50EMA_LargePct50EMA_PctAbove50EMA_SmallPct200EMA,SmallPct50EMA | LargePct50EMA | PctAbove50EMA | SmallPct200EMA,80,4,9802,19.781,57.617,-0.493,0.778,-1.232
Mix_LargePct50EMA_PctAbove200EMA_PctAbove50EMA_SmallPct200EMA,LargePct50EMA | PctAbove200EMA | PctAbove50EMA | SmallPct200EMA,75,4,12176,20.114,58.108,-0.496,0.789,-1.234
Mix_SmallPct50EMA_PctAbove200EMA_MicroPct200EMA_SmallPct200EMA,SmallPct50EMA | PctAbove200EMA | MicroPct200EMA | SmallPct200EMA,55,4,27118,20.837,58.618,-0.52,-0.134,-1.236
Mix_SmallPct50EMA_LargePct50EMA_PctAbove50EMA_MicroPct200EMA,SmallPct50EMA | LargePct50EMA | PctAbove50EMA | MicroPct200EMA,80,4,8932,20.184,58.191,-0.501,0.785,-1.238
Mix_MidPct50EMA_PctAbove200EMA_PctAbove50EMA,MidPct50EMA | PctAbove200EMA | PctAbove50EMA,80,4,9067,20.111,58.098,-0.506,0.805,-1.243
Mix_PctAbove200EMA_PctAbove50EMA_MicroPct200EMA_SmallPct200EMA,PctAbove200EMA | PctAbove50EMA | MicroPct200EMA | SmallPct200EMA,60,4,24795,20.773,58.522,-0.537,-0.072,-1.254
Mix_LargePct50EMA_PctAbove200EMA_MicroPct200EMA,LargePct50EMA | PctAbove200EMA | MicroPct200EMA,65,4,22029,19.988,58.149,-0.512,0.928,-1.257
Mix_MidPct50EMA_SmallPct50EMA_PctAbove200EMA_MicroPct200EMA_SmallPct200EMA,MidPct50EMA | SmallPct50EMA | PctAbove200EMA | MicroPct200EMA | SmallPct200EMA,60,4,23341,20.629,58.375,-0.538,-0.063,-1.258
Mix_PctAbove50EMA_MicroPct200EMA_SmallPct200EMA,PctAbove50EMA | MicroPct200EMA | SmallPct200EMA,65,4,21322,20.067,57.978,-0.523,0.806,-1.259
Mix_SmallPct50EMA_LargePct50EMA_PctAbove200EMA_PctAbove50EMA,SmallPct50EMA | LargePct50EMA | PctAbove200EMA | PctAbove50EMA,80,4,9471,20.012,58.107,-0.521,0.757,-1.263
Mix_LargePct50EMA_MicroPct200EMA_SmallPct200EMA,LargePct50EMA | MicroPct200EMA | SmallPct200EMA,65,4,22207,19.915,58.147,-0.526,0.922,-1.275
Mix_LargePct50EMA_PctAbove200EMA_SmallPct200EMA,LargePct50EMA | PctAbove200EMA | SmallPct200EMA,65,4,22700,19.823,58.022,-0.526,0.93,-1.276
Mix_PctAbove200EMA_PctAbove50EMA_SmallPct200EMA,PctAbove200EMA | PctAbove50EMA | SmallPct200EMA,65,4,21592,19.934,57.96,-0.537,0.782,-1.28
Mix_LargePct50EMA_PctAbove50EMA_SmallPct200EMA,LargePct50EMA | PctAbove50EMA | SmallPct200EMA,80,4,8829,19.853,58.117,-0.529,0.997,-1.28
Mix_SmallPct50EMA_MicroPct200EMA_SmallPct200EMA,SmallPct50EMA | MicroPct200EMA | SmallPct200EMA,65,4,21398,20.026,58.112,-0.539,0.716,-1.281
Mix_SmallPct50EMA_PctAbove200EMA_SmallPct200EMA,SmallPct50EMA | PctAbove200EMA | SmallPct200EMA,60,4,24256,20.629,58.567,-0.562,-0.136,-1.287
Mix_PctAbove200EMA_PctAbove50EMA_MicroPct200EMA_SmallPct200EMA,PctAbove200EMA | PctAbove50EMA | MicroPct200EMA | SmallPct200EMA,65,4,22172,20.058,58.202,-0.551,0.689,-1.295
Mix_SmallPct50EMA_PctAbove200EMA_MicroPct200EMA_SmallPct200EMA,SmallPct50EMA | PctAbove200EMA | MicroPct200EMA | SmallPct200EMA,65,4,22167,20.025,58.278,-0.557,0.669,-1.304
Mix_SmallPct50EMA_PctAbove200EMA_MicroPct200EMA_SmallPct200EMA,SmallPct50EMA | PctAbove200EMA | MicroPct200EMA | SmallPct200EMA,60,4,24946,20.682,58.853,-0.581,-0.151,-1.312
Mix_SmallPct50EMA_LargePct50EMA_PctAbove200EMA_MicroPct200EMA_SmallPct200EMA,SmallPct50EMA | LargePct50EMA | PctAbove200EMA | MicroPct200EMA | SmallPct200EMA,60,4,23667,19.829,58.192,-0.562,0.742,-1.316
Mix_LargePct50EMA_PctAbove200EMA_MicroPct200EMA_SmallPct200EMA,LargePct50EMA | PctAbove200EMA | MicroPct200EMA | SmallPct200EMA,65,4,23105,19.869,58.381,-0.562,0.864,-1.32
Mix_SmallPct50EMA_PctAbove200EMA_SmallPct200EMA,SmallPct50EMA | PctAbove200EMA | SmallPct200EMA,65,4,21646,19.833,58.187,-0.57,0.708,-1.324
Mix_LargePct50EMA_PctAbove200EMA_MicroPct200EMA_SmallPct200EMA,LargePct50EMA | PctAbove200EMA | MicroPct200EMA | SmallPct200EMA,60,4,24850,19.877,58.35,-0.57,0.827,-1.326
Mix_SmallPct50EMA_PctAbove200EMA_MicroPct200EMA,SmallPct50EMA | PctAbove200EMA | MicroPct200EMA,65,4,21916,19.97,58.376,-0.578,0.664,-1.33
Mix_SmallPct50EMA_MicroPct200EMA_SmallPct200EMA,SmallPct50EMA | MicroPct200EMA | SmallPct200EMA,60,4,24011,20.538,58.766,-0.598,-0.159,-1.334
Mix_PctAbove200EMA_MicroPct200EMA_SmallPct200EMA,PctAbove200EMA | MicroPct200EMA | SmallPct200EMA,50,4,29399,20.68,59.339,-0.616,-0.057,-1.362
Mix_LargePct50EMA_PctAbove200EMA_PctAbove50EMA,LargePct50EMA | PctAbove200EMA | PctAbove50EMA,80,4,8347,19.878,58.958,-0.625,0.744,-1.4
Mix_PctAbove200EMA_MicroPct200EMA_SmallPct200EMA,PctAbove200EMA | MicroPct200EMA | SmallPct200EMA,55,4,27899,20.268,59.961,-0.708,-0.094,-1.494
