Date,PctAbove20EMA,PctAbove50EMA,PctAbove200EMA,Slope20EMA,Slope50EMA,Slope200EMA,VolumeRatio,Net52WHighLow,Rolling3DUp4,Rolling3DDown4,Up251MCount,Down251MCount,FollowThroughRate,LargePct20EMA,LargePct50EMA,LargePct200EMA,MidPct20EMA,MidPct50EMA,MidPct200EMA,SmallPct20EMA,SmallPct50EMA,SmallPct200EMA,MicroPct20EMA,MicroPct50EMA,MicroPct200EMA,CompositeScore,BestModel,RecommendedThreshold,ActionZone
2021-02-23,,,,,,,0.0,0,,,0,0,,,,,,,,,,,,,,50.074,Mix_LargePct50EMA_PctAbove200EMA_SmallPct200EMA,75,Selective
2021-02-24,,,,,,,2.121,0,,,0,0,,,,,,,,,,,,,,50.074,Mix_LargePct50EMA_PctAbove200EMA_SmallPct200EMA,75,Selective
2021-02-25,,,,,,,3.865,0,367.0,43.0,0,0,,,,,,,,,,,,,,50.074,Mix_LargePct50EMA_PctAbove200EMA_SmallPct200EMA,75,Selective
2021-02-26,,,,,,,0.156,0,446.0,172.0,0,0,,,,,,,,,,,,,,50.074,Mix_LargePct50EMA_PctAbove200EMA_SmallPct200EMA,75,Selective
2021-03-01,,,,,,,7.41,0,505.0,178.0,0,0,,,,,,,,,,,,,,50.074,Mix_LargePct50EMA_PctAbove200EMA_SmallPct200EMA,75,Selective
2021-03-02,,,,,,,5.171,0,496.0,190.0,0,0,,,,,,,,,,,,,,50.074,Mix_LargePct50EMA_PctAbove200EMA_SmallPct200EMA,75,Selective
2021-03-03,,,,,,,5.284,0,625.0,101.0,0,0,,,,,,,,,,,,,,50.074,Mix_LargePct50EMA_PctAbove200EMA_SmallPct200EMA,75,Selective
2021-03-04,,,,,,,1.007,0,557.0,99.0,0,0,,,,,,,,,,,,,,50.074,Mix_LargePct50EMA_PctAbove200EMA_SmallPct200EMA,75,Selective
2021-03-05,,,,,,,0.287,0,432.0,205.0,0,0,,,,,,,,,,,,,,50.074,Mix_LargePct50EMA_PctAbove200EMA_SmallPct200EMA,75,Selective
2021-03-08,,,,,,,1.304,0,375.0,212.0,0,0,,,,,,,,,,,,,,50.074,Mix_LargePct50EMA_PctAbove200EMA_SmallPct200EMA,75,Selective
2021-03-09,,,,,,,0.71,0,300.0,273.0,0,0,,,,,,,,,,,,,,50.074,Mix_LargePct50EMA_PctAbove200EMA_SmallPct200EMA,75,Selective
2021-03-10,,,,,,,2.874,0,355.0,170.0,0,0,,,,,,,,,,,,,,50.074,Mix_LargePct50EMA_PctAbove200EMA_SmallPct200EMA,75,Selective
2021-03-12,,,,,,,0.485,0,299.0,182.0,0,0,,,,,,,,,,,,,,50.074,Mix_LargePct50EMA_PctAbove200EMA_SmallPct200EMA,75,Selective
2021-03-15,,,,,,,0.736,0,312.0,175.0,0,0,,,,,,,,,,,,,,50.074,Mix_LargePct50EMA_PctAbove200EMA_SmallPct200EMA,75,Selective
2021-03-16,,,,,,,1.054,0,322.0,181.0,0,0,,,,,,,,,,,,,,50.074,Mix_LargePct50EMA_PctAbove200EMA_SmallPct200EMA,75,Selective
2021-03-17,,,,,,,0.156,0,260.0,388.0,0,0,,,,,,,,,,,,,,50.074,Mix_LargePct50EMA_PctAbove200EMA_SmallPct200EMA,75,Selective
2021-03-18,,,,,,,0.479,0,196.0,554.0,0,0,,,,,,,,,,,,,,50.074,Mix_LargePct50EMA_PctAbove200EMA_SmallPct200EMA,75,Selective
2021-03-19,,,,,,,4.452,0,168.0,577.0,0,0,,,,,,,,,,,,,,50.074,Mix_LargePct50EMA_PctAbove200EMA_SmallPct200EMA,75,Selective
2021-03-22,,,,,,,1.286,0,266.0,369.0,0,0,,,,,,,,,,,,,,50.074,Mix_LargePct50EMA_PctAbove200EMA_SmallPct200EMA,75,Selective
2021-03-23,36.78,,,,,,2.704,0,366.0,155.0,0,0,,41.837,,,49.324,,,42.0,,,32.517,,,50.074,Mix_LargePct50EMA_PctAbove200EMA_SmallPct200EMA,75,Selective
2021-03-24,26.141,,,,,,0.142,0,298.0,247.0,0,0,,32.653,,,35.811,,,32.8,,,21.81,,,50.074,Mix_LargePct50EMA_PctAbove200EMA_SmallPct200EMA,75,Selective
2021-03-25,16.471,,,,,,0.166,0,199.0,455.0,61,7,,15.306,,,25.676,,,19.6,,,14.12,,,50.074,Mix_LargePct50EMA_PctAbove200EMA_SmallPct200EMA,75,Selective
2021-03-26,22.981,,,,,,6.948,0,198.0,476.0,59,10,31.25,31.0,,,33.333,,,29.2,,,18.497,,,50.074,Mix_LargePct50EMA_PctAbove200EMA_SmallPct200EMA,75,Selective
2021-03-30,31.209,,,,,,5.439,0,304.0,391.0,48,17,33.333,47.0,,,47.619,,,39.2,,,24.309,,,50.074,Mix_LargePct50EMA_PctAbove200EMA_SmallPct200EMA,75,Selective
2021-03-31,33.065,,,-3.715,,,1.159,0,386.0,194.0,53,19,50.0,43.0,,,46.622,,,44.177,,,26.413,,,50.074,Mix_LargePct50EMA_PctAbove200EMA_SmallPct200EMA,75,Selective
2021-04-01,52.786,,,26.645,,,5.642,0,631.0,162.0,51,14,80.0,60.0,,,66.892,,,60.643,,,47.29,,,50.074,Mix_LargePct50EMA_PctAbove200EMA_SmallPct200EMA,75,Selective
2021-04-05,38.735,,,22.265,,,0.678,0,593.0,265.0,41,17,46.667,42.424,,,46.98,,,45.382,,,35.04,,,50.074,Mix_LargePct50EMA_PctAbove200EMA_SmallPct200EMA,75,Selective
2021-04-06,43.687,,,20.706,,,2.33,0,613.0,230.0,44,19,20.0,47.0,,,53.02,,,50.201,,,39.886,,,50.074,Mix_LargePct50EMA_PctAbove200EMA_SmallPct200EMA,75,Selective
2021-04-07,52.25,,,21.041,,,2.925,0,394.0,238.0,49,17,92.308,56.0,,,63.758,,,60.241,,,47.614,,,50.074,Mix_LargePct50EMA_PctAbove200EMA_SmallPct200EMA,75,Selective
2021-04-08,60.16,,,27.095,,,2.724,0,488.0,90.0,54,13,87.5,59.0,,,70.27,,,64.257,,,57.435,,,50.074,Mix_LargePct50EMA_PctAbove200EMA_SmallPct200EMA,75,Selective
2021-04-09,64.779,,,11.993,,,1.305,0,505.0,85.0,57,14,78.261,59.596,,,70.068,,,68.273,,,63.492,,,50.074,Mix_LargePct50EMA_PctAbove200EMA_SmallPct200EMA,75,Selective
2021-04-12,26.884,,,-11.851,,,0.111,0,372.0,987.0,35,21,38.71,31.313,,,33.562,,,27.016,,,25.254,,,50.074,Mix_LargePct50EMA_PctAbove200EMA_SmallPct200EMA,75,Selective
2021-04-13,34.906,,,-8.781,,,2.382,0,388.0,1013.0,38,21,22.222,35.714,,,40.411,,,37.097,,,33.296,,,50.074,Mix_LargePct50EMA_PctAbove200EMA_SmallPct200EMA,75,Selective
2021-04-15,32.729,,,-19.521,,,1.563,0,322.0,1058.0,41,23,30.435,33.673,,,42.466,,,38.306,,,29.458,,,50.074,Mix_LargePct50EMA_PctAbove200EMA_SmallPct200EMA,75,Selective
2021-04-16,39.493,,,-20.667,,,2.278,0,419.0,165.0,46,18,27.273,45.918,,,49.315,,,42.742,,,36.261,,,50.074,Mix_LargePct50EMA_PctAbove200EMA_SmallPct200EMA,75,Selective
2021-04-19,26.56,,,-38.218,,,0.345,0,259.0,489.0,36,40,66.667,30.612,,,36.986,,,32.258,,,22.799,,,50.074,Mix_LargePct50EMA_PctAbove200EMA_SmallPct200EMA,75,Selective
2021-04-20,29.79,,,2.906,,,1.242,0,289.0,463.0,52,29,41.667,30.612,,,38.095,,,36.948,,,26.322,,,50.074,Mix_LargePct50EMA_PctAbove200EMA_SmallPct200EMA,75,Selective
2021-04-22,33.984,,,-0.922,,,2.097,0,340.0,457.0,79,16,50.0,31.313,,,40.411,,,40.964,,,31.271,,,50.074,Mix_LargePct50EMA_PctAbove200EMA_SmallPct200EMA,75,Selective
2021-04-23,36.758,,,4.03,,,0.771,0,416.0,124.0,81,14,43.478,31.313,,,44.521,,,42.169,,,34.572,,,50.074,Mix_LargePct50EMA_PctAbove200EMA_SmallPct200EMA,75,Selective
2021-04-26,44.942,,,5.449,,,2.279,0,481.0,106.0,94,8,33.333,36.364,,,50.34,,,47.39,,,44.319,,,50.074,Mix_LargePct50EMA_PctAbove200EMA_SmallPct200EMA,75,Selective
2021-04-27,57.359,,,30.799,,,3.996,0,514.0,110.0,91,10,50.0,53.535,,,61.074,,,60.241,,,56.355,,,50.074,Mix_LargePct50EMA_PctAbove200EMA_SmallPct200EMA,75,Selective
2021-04-28,66.474,,,36.684,,,2.823,0,558.0,104.0,116,10,62.5,68.687,,,63.333,,,68.8,,,66.104,,,50.074,Mix_LargePct50EMA_PctAbove200EMA_SmallPct200EMA,75,Selective
2021-04-29,64.697,,,30.713,,,1.699,0,503.0,113.0,147,9,50.0,62.0,,,59.333,,,67.2,,,65.203,,,50.074,Mix_LargePct50EMA_PctAbove200EMA_SmallPct200EMA,75,Selective
2021-04-30,59.397,,,22.639,,,0.67,0,393.0,122.0,154,9,33.333,61.0,,,52.667,,,61.2,,,59.843,,,50.074,Mix_LargePct50EMA_PctAbove200EMA_SmallPct200EMA,75,Selective
2021-05-03,62.482,,,17.54,,,1.779,0,437.0,122.0,189,11,54.839,59.0,,,57.718,,,64.4,,,63.128,,,50.074,Mix_LargePct50EMA_PctAbove200EMA_SmallPct200EMA,75,Selective
2021-05-04,60.876,,,3.517,,,0.77,0,409.0,195.0,168,13,59.259,59.0,,,56.376,,,65.2,,,60.626,,,50.074,Mix_LargePct50EMA_PctAbove200EMA_SmallPct200EMA,75,Selective
2021-05-05,66.356,,,-0.119,,,4.326,0,479.0,177.0,150,10,78.571,63.0,,,61.745,,,69.2,,,66.704,,,50.074,Mix_LargePct50EMA_PctAbove200EMA_SmallPct200EMA,75,Selective
2021-05-06,69.446,,,4.749,,,2.75,0,438.0,170.0,167,8,62.5,67.0,,,65.101,,,72.8,,,69.507,,,50.074,Mix_LargePct50EMA_PctAbove200EMA_SmallPct200EMA,75,Selective
2021-05-07,72.166,,,12.769,,,2.587,0,510.0,109.0,162,10,76.0,71.0,,,65.101,,,72.0,,,73.52,,,50.074,Mix_LargePct50EMA_PctAbove200EMA_SmallPct200EMA,75,Selective
2021-05-10,77.182,70.119,,14.7,,,3.95,0,632.0,104.0,181,10,64.706,76.0,64.0,,70.47,67.626,,77.2,72.581,,78.42,70.526,,49.247,Mix_LargePct50EMA_PctAbove200EMA_SmallPct200EMA,75,Defensive
2021-05-11,79.37,73.887,,18.494,,,1.503,0,670.0,107.0,177,7,58.974,73.0,66.0,,73.154,71.223,,81.2,78.226,,80.602,73.984,,51.641,Mix_LargePct50EMA_PctAbove200EMA_SmallPct200EMA,75,Selective
2021-05-12,75.948,71.967,,9.593,,,0.799,0,635.0,155.0,158,10,65.789,67.0,61.0,,69.128,70.0,,80.4,77.328,,76.837,72.023,,47.767,Mix_LargePct50EMA_PctAbove200EMA_SmallPct200EMA,75,Defensive
2021-05-14,69.462,69.299,,0.016,,,0.467,0,440.0,267.0,235,5,41.429,57.0,62.0,,63.758,64.085,,72.8,73.984,,70.871,69.666,,48.273,Mix_LargePct50EMA_PctAbove200EMA_SmallPct200EMA,75,Defensive
2021-05-17,77.738,75.994,,5.572,,,4.922,0,460.0,279.0,246,6,43.925,73.0,68.0,,68.456,73.944,,78.0,79.352,,79.733,76.295,,52.776,Mix_LargePct50EMA_PctAbove200EMA_SmallPct200EMA,75,Selective
2021-05-18,81.59,80.648,,4.409,10.528,,4.143,0,523.0,220.0,260,6,59.259,82.0,76.0,,76.0,78.169,,83.2,83.806,,82.031,80.69,,57.266,Mix_LargePct50EMA_PctAbove200EMA_SmallPct200EMA,75,Selective
2021-05-19,83.584,82.855,,4.215,8.968,,1.103,0,600.0,120.0,259,5,71.154,84.0,74.0,,78.667,82.394,,85.6,87.449,,83.799,82.644,,56.267,Mix_LargePct50EMA_PctAbove200EMA_SmallPct200EMA,75,Selective
2021-05-20,83.095,83.285,,7.146,11.317,,0.749,0,526.0,125.0,327,5,61.333,76.0,73.0,,76.667,81.119,,83.2,85.484,,84.933,84.187,,55.761,Mix_LargePct50EMA_PctAbove200EMA_SmallPct200EMA,75,Selective
2021-05-21,85.275,86.006,,15.813,16.707,,4.77,0,499.0,125.0,322,3,64.545,85.0,83.0,,78.667,81.944,,85.2,88.306,,86.429,86.364,,62.25,Mix_LargePct50EMA_PctAbove200EMA_SmallPct200EMA,75,Selective
2021-05-24,85.745,87.181,,8.007,11.187,,2.002,0,540.0,138.0,328,4,73.684,86.0,84.0,,78.0,79.861,,86.0,89.113,,86.932,88.195,,62.879,Mix_LargePct50EMA_PctAbove200EMA_SmallPct200EMA,75,Selective
2021-05-25,85.418,88.905,,3.828,8.258,,1.51,0,565.0,137.0,341,4,70.513,82.0,85.0,,76.667,82.639,,85.6,89.516,,87.208,90.205,,63.472,Mix_LargePct50EMA_PctAbove200EMA_SmallPct200EMA,75,Selective
2021-05-26,86.591,89.01,,3.006,6.155,,1.856,0,627.0,130.0,343,5,67.778,81.0,85.0,,77.333,80.556,,86.8,90.726,,88.692,90.363,,63.472,Mix_LargePct50EMA_PctAbove200EMA_SmallPct200EMA,75,Selective
2021-05-27,85.51,89.898,,2.416,6.614,,2.222,0,563.0,140.0,306,6,68.966,81.0,87.0,,79.333,82.639,,84.0,90.726,,87.458,91.176,,64.224,Mix_LargePct50EMA_PctAbove200EMA_SmallPct200EMA,75,Selective
2021-05-28,83.012,89.527,,-2.263,3.521,,1.582,0,485.0,202.0,271,5,47.191,83.0,88.0,,80.0,86.111,,81.6,89.113,,83.907,90.374,,64.643,Mix_LargePct50EMA_PctAbove200EMA_SmallPct200EMA,75,Selective
2021-05-31,82.181,89.115,,-3.564,1.933,,2.601,0,407.0,242.0,280,4,32.911,83.0,90.0,,82.667,86.111,,80.0,89.919,,82.614,89.278,,65.223,Mix_LargePct50EMA_PctAbove200EMA_SmallPct200EMA,75,Constructive
2021-06-01,74.75,86.265,,-10.669,-2.641,,0.901,0,353.0,281.0,255,4,30.38,78.0,89.0,,75.333,85.417,,72.8,84.274,,74.833,86.652,,64.903,Mix_LargePct50EMA_PctAbove200EMA_SmallPct200EMA,75,Selective
2021-06-02,82.559,89.099,,-4.032,0.089,,3.047,0,465.0,196.0,265,3,51.064,91.0,89.0,,81.333,86.897,,80.8,88.259,,82.314,89.706,,64.903,Mix_LargePct50EMA_PctAbove200EMA_SmallPct200EMA,75,Selective
2021-06-03,86.386,91.232,,0.876,1.334,,3.459,0,524.0,139.0,302,4,56.0,94.0,93.0,,87.333,90.476,,85.2,91.903,,85.714,90.971,,65.852,Mix_LargePct50EMA_PctAbove200EMA_SmallPct200EMA,75,Constructive
2021-06-04,87.179,91.812,,4.167,2.284,,1.872,0,609.0,67.0,310,3,77.419,92.0,90.0,,86.667,90.476,,86.8,91.903,,86.836,92.212,,65.223,Mix_LargePct50EMA_PctAbove200EMA_SmallPct200EMA,75,Constructive
2021-06-07,89.552,93.198,,7.371,4.084,,2.768,0,683.0,66.0,342,3,78.0,94.0,95.0,,90.0,92.517,,85.6,90.688,,90.077,93.806,,66.161,Mix_LargePct50EMA_PctAbove200EMA_SmallPct200EMA,75,Constructive
2021-06-08,90.371,94.058,,15.621,7.793,,1.61,0,660.0,84.0,342,3,57.333,95.0,97.0,,93.333,93.878,,88.0,91.532,,90.022,94.463,,66.593,Mix_LargePct50EMA_PctAbove200EMA_SmallPct200EMA,75,Constructive
2021-06-09,83.82,92.408,,1.261,3.309,,0.627,0,593.0,164.0,276,3,44.444,85.0,95.0,,83.333,91.892,,80.4,89.558,,84.718,93.002,,66.161,Mix_LargePct50EMA_PctAbove200EMA_SmallPct200EMA,75,Constructive
2021-06-10,89.451,93.791,,3.065,2.559,,8.117,0,530.0,153.0,304,3,56.701,91.0,98.0,,88.0,94.595,,87.6,90.8,,90.033,94.025,,66.654,Mix_LargePct50EMA_PctAbove200EMA_SmallPct200EMA,75,Constructive
2021-06-11,90.32,94.308,,3.141,2.497,,1.738,0,508.0,157.0,324,3,54.444,98.0,99.0,,90.0,94.631,,87.2,92.0,,90.387,94.376,,66.691,Mix_LargePct50EMA_PctAbove200EMA_SmallPct200EMA,75,Constructive
2021-06-14,84.708,93.032,,-4.844,-0.167,,0.914,0,538.0,112.0,333,4,59.677,87.0,97.0,,87.333,93.289,,80.8,90.0,,85.099,93.393,,66.593,Mix_LargePct50EMA_PctAbove200EMA_SmallPct200EMA,75,Constructive
2021-06-15,86.458,93.027,,-3.913,-1.031,,1.715,0,484.0,139.0,307,3,47.458,89.0,98.0,,90.667,94.631,,82.0,90.0,,86.711,93.049,,66.654,Mix_LargePct50EMA_PctAbove200EMA_SmallPct200EMA,75,Constructive
2021-06-16,81.474,91.486,,-2.347,-0.922,,0.477,0,436.0,169.0,283,3,46.667,72.0,94.0,,84.667,91.275,,79.6,88.8,,82.517,91.995,,65.988,Mix_LargePct50EMA_PctAbove200EMA_SmallPct200EMA,75,Constructive
2021-06-17,73.628,88.841,,-15.823,-4.95,,0.436,0,403.0,179.0,261,4,38.776,51.0,83.0,,74.0,87.919,,72.8,86.8,,76.301,90.225,,62.25,Mix_LargePct50EMA_PctAbove200EMA_SmallPct200EMA,75,Selective
2021-06-18,61.325,84.305,,-28.995,-10.003,,0.571,0,292.0,257.0,237,3,28.302,42.0,73.0,,66.667,81.208,,59.6,85.2,,63.053,85.843,,55.761,Mix_LargePct50EMA_PctAbove200EMA_SmallPct200EMA,75,Selective
2021-06-21,68.421,85.817,,-16.287,-7.214,,3.191,0,365.0,224.0,248,2,40.0,56.0,82.0,,67.333,82.55,,68.4,85.6,,69.978,86.854,,61.535,Mix_LargePct50EMA_PctAbove200EMA_SmallPct200EMA,75,Selective
2021-06-22,73.276,87.842,,-13.181,-5.185,,1.52,0,442.0,179.0,243,1,47.826,59.0,82.0,,72.0,84.564,,72.8,87.6,,75.193,89.113,,61.535,Mix_LargePct50EMA_PctAbove200EMA_SmallPct200EMA,75,Selective
2021-06-23,68.732,86.403,,-12.741,-5.083,,0.661,0,492.0,119.0,230,2,70.37,50.0,79.0,,64.667,82.55,,66.8,85.2,,72.013,88.215,,59.314,Mix_LargePct50EMA_PctAbove200EMA_SmallPct200EMA,75,Selective
2021-06-24,65.623,85.047,,-8.005,-3.794,,0.92,0,389.0,161.0,199,5,40.909,45.0,73.0,,63.333,79.333,,63.6,85.542,,68.84,87.22,,55.761,Mix_LargePct50EMA_PctAbove200EMA_SmallPct200EMA,75,Selective
2021-06-25,69.066,86.835,,7.742,2.529,,2.865,0,331.0,195.0,194,4,36.842,63.0,82.0,,67.333,83.333,,66.4,87.149,,70.764,87.879,,61.535,Mix_LargePct50EMA_PctAbove200EMA_SmallPct200EMA,75,Selective
2021-06-28,70.91,87.141,,2.489,1.324,,1.64,0,403.0,198.0,223,5,46.667,70.0,86.0,,70.0,84.667,,69.2,86.345,,71.634,87.906,,63.842,Mix_LargePct50EMA_PctAbove200EMA_SmallPct200EMA,75,Selective
2021-06-29,67.804,85.725,,-5.473,-2.117,,0.759,0,473.0,175.0,224,4,39.13,60.0,79.0,,70.0,83.333,,63.6,85.6,,69.46,86.913,,59.314,Mix_LargePct50EMA_PctAbove200EMA_SmallPct200EMA,75,Selective
2021-06-30,68.608,85.499,,-0.124,-0.904,,0.981,0,517.0,177.0,238,5,61.29,51.0,78.0,,70.0,83.333,,66.4,84.739,,70.925,86.913,,58.673,Mix_LargePct50EMA_PctAbove200EMA_SmallPct200EMA,75,Selective
2021-07-01,67.093,85.735,,1.47,0.688,,1.284,0,475.0,180.0,218,5,59.259,48.0,77.0,,68.667,84.667,,68.8,85.542,,68.467,86.942,,57.895,Mix_LargePct50EMA_PctAbove200EMA_SmallPct200EMA,75,Selective
2021-07-02,70.81,86.123,,1.743,-0.711,,2.337,0,496.0,157.0,215,4,62.5,51.0,77.0,,71.333,84.0,,76.0,87.952,,71.476,86.986,,57.895,Mix_LargePct50EMA_PctAbove200EMA_SmallPct200EMA,75,Selective
2021-07-05,77.675,88.921,,6.765,1.78,,3.284,0,588.0,127.0,234,4,50.0,67.0,79.0,,77.333,87.333,,78.4,89.96,,78.705,90.0,,59.314,Mix_LargePct50EMA_PctAbove200EMA_SmallPct200EMA,75,Selective
2021-07-06,74.521,88.143,,6.717,2.418,,0.851,0,585.0,136.0,184,5,67.742,58.0,77.0,,72.667,84.0,,72.8,89.558,,77.118,89.678,,57.895,Mix_LargePct50EMA_PctAbove200EMA_SmallPct200EMA,75,Selective
2021-07-07,76.316,88.189,,7.708,2.69,,2.747,0,542.0,166.0,186,5,62.0,64.286,76.531,,74.0,84.667,,73.6,89.157,,78.744,89.778,,57.538,Mix_LargePct50EMA_PctAbove200EMA_SmallPct200EMA,75,Selective
2021-07-08,71.855,86.838,,4.762,1.104,,0.511,0,376.0,200.0,193,6,37.681,46.939,67.347,,70.0,82.667,,73.2,87.149,,74.477,89.567,,52.443,Mix_LargePct50EMA_PctAbove200EMA_SmallPct200EMA,75,Selective
2021-07-09,71.966,86.409,,1.156,0.286,,1.777,0,369.0,153.0,182,8,47.368,48.958,69.792,,72.667,82.667,,70.8,85.944,,74.589,88.926,,54.009,Mix_LargePct50EMA_PctAbove200EMA_SmallPct200EMA,75,Selective
2021-07-12,75.0,87.366,,-2.675,-1.554,,1.838,0,438.0,126.0,181,8,55.814,50.0,66.667,,75.333,84.667,,72.8,87.149,,78.139,90.066,,52.097,Mix_LargePct50EMA_PctAbove200EMA_SmallPct200EMA,75,Selective
2021-07-13,77.872,88.269,,3.351,0.126,,2.29,0,506.0,100.0,193,7,61.765,60.417,71.875,,73.333,86.0,,76.4,88.353,,80.853,90.365,,55.095,Mix_LargePct50EMA_PctAbove200EMA_SmallPct200EMA,75,Selective
2021-07-14,78.627,88.357,,2.311,0.168,,1.454,0,517.0,125.0,181,8,80.0,60.825,71.134,,79.866,87.919,,75.6,88.0,,81.134,90.376,,54.7,Mix_LargePct50EMA_PctAbove200EMA_SmallPct200EMA,75,Selective
2021-07-15,75.496,86.776,,3.641,-0.062,,2.224,0,459.0,161.0,187,11,65.909,57.732,68.041,,77.852,87.248,,75.6,86.4,,76.965,88.815,,52.911,Mix_LargePct50EMA_PctAbove200EMA_SmallPct200EMA,75,Selective
2021-07-16,76.045,87.786,,4.079,1.377,,2.289,0,446.0,166.0,215,7,50.0,61.856,72.165,,79.73,89.189,,72.4,86.0,,77.948,89.724,,55.255,Mix_LargePct50EMA_PctAbove200EMA_SmallPct200EMA,75,Selective
2021-07-19,70.904,86.224,,-4.096,-1.142,,0.671,0,461.0,157.0,231,7,49.296,45.361,58.763,,72.297,84.459,,66.8,85.6,,74.484,89.625,,46.743,Mix_LargePct50EMA_PctAbove200EMA_SmallPct200EMA,75,Defensive
2021-07-20,54.075,78.485,,-23.797,-9.784,,0.459,0,393.0,287.0,180,9,25.61,32.99,57.732,,56.081,78.378,,52.0,74.0,,56.55,81.969,,46.151,Mix_LargePct50EMA_PctAbove200EMA_SmallPct200EMA,75,Defensive
2021-07-22,64.281,80.558,,-14.346,-7.8,,4.77,0,468.0,296.0,194,12,51.389,50.505,61.856,,66.892,80.405,,60.4,76.8,,66.411,83.628,,48.125,Mix_LargePct50EMA_PctAbove200EMA_SmallPct200EMA,75,Defensive
2021-07-23,62.721,80.843,,-12.774,-5.933,,1.335,0,423.0,340.0,187,13,42.857,49.495,58.763,,67.568,78.378,,57.2,76.4,,64.88,84.845,,46.743,Mix_LargePct50EMA_PctAbove200EMA_SmallPct200EMA,75,Defensive
2021-07-26,63.054,80.043,,-12.991,-7.743,,1.464,0,511.0,216.0,209,13,60.526,50.0,59.794,,62.416,77.027,,63.2,76.4,,64.534,83.7,,47.2,Mix_LargePct50EMA_PctAbove200EMA_SmallPct200EMA,75,Defensive
2021-07-27,58.728,77.587,,-12.176,-8.637,,0.835,0,437.0,232.0,195,12,51.111,44.0,55.67,,57.718,72.973,,58.8,74.4,,60.48,81.567,,45.016,Mix_LargePct50EMA_PctAbove200EMA_SmallPct200EMA,75,Defensive
2021-07-28,54.276,74.768,,0.2,-3.717,,0.856,0,444.0,225.0,180,11,65.306,40.0,55.102,,57.718,67.347,,52.4,71.2,,55.786,79.093,,44.732,Mix_LargePct50EMA_PctAbove200EMA_SmallPct200EMA,75,Defensive
2021-07-29,62.792,77.953,,-1.488,-2.605,,2.464,0,495.0,199.0,188,12,40.741,50.0,57.143,,57.047,74.15,,62.0,74.0,,65.351,81.929,,45.843,Mix_LargePct50EMA_PctAbove200EMA_SmallPct200EMA,75,Defensive
2021-07-30,63.669,78.929,,0.947,-1.915,,1.422,0,497.0,177.0,180,13,48.214,52.0,58.163,,59.732,77.551,,61.2,76.4,,66.265,82.099,,46.324,Mix_LargePct50EMA_PctAbove200EMA_SmallPct200EMA,75,Defensive
2021-08-02,70.154,80.542,,7.1,0.499,,3.136,0,619.0,131.0,207,12,57.5,62.245,64.583,,66.0,76.871,,65.6,76.0,,72.894,84.066,,50.074,Mix_LargePct50EMA_PctAbove200EMA_SmallPct200EMA,75,Selective
2021-08-03,70.339,80.214,,11.611,2.627,,2.625,0,568.0,137.0,202,13,46.296,69.388,67.708,,70.667,77.551,,65.6,76.4,,71.678,83.021,,52.665,Mix_LargePct50EMA_PctAbove200EMA_SmallPct200EMA,75,Selective
2021-08-04,59.732,76.588,,5.456,1.82,,0.739,0,472.0,302.0,160,21,48.077,68.367,69.072,,65.333,78.082,,53.2,69.2,,59.674,79.185,,53.627,Mix_LargePct50EMA_PctAbove200EMA_SmallPct200EMA,75,Selective
2021-08-05,52.509,71.766,,-10.284,-6.187,,1.468,0,293.0,407.0,143,25,32.258,63.918,69.792,,59.333,73.288,,47.6,64.8,,51.525,73.649,,54.009,Mix_LargePct50EMA_PctAbove200EMA_SmallPct200EMA,75,Selective
2021-08-06,53.781,73.233,,-9.888,-5.695,,1.179,0,251.0,394.0,134,18,36.232,58.763,68.75,,56.667,72.603,,48.0,66.0,,54.357,75.798,,53.294,Mix_LargePct50EMA_PctAbove200EMA_SmallPct200EMA,75,Selective
2021-08-09,46.704,67.544,,-23.45,-12.997,,0.724,0,276.0,331.0,133,25,37.209,58.763,65.625,,44.667,64.384,,44.8,64.0,,46.286,69.222,,51.271,Mix_LargePct50EMA_PctAbove200EMA_SmallPct200EMA,75,Selective
2021-08-10,29.661,52.534,,-40.678,-27.68,,0.61,0,240.0,759.0,81,36,50.0,47.423,56.25,,30.0,53.425,,28.8,53.6,,27.965,51.705,,45.46,Mix_LargePct50EMA_PctAbove200EMA_SmallPct200EMA,75,Defensive
2021-08-11,27.273,48.003,,-32.459,-28.585,,1.016,0,209.0,899.0,68,40,38.462,52.083,63.158,,28.0,45.89,,27.2,48.8,,24.594,46.542,,49.025,Mix_LargePct50EMA_PctAbove200EMA_SmallPct200EMA,75,Defensive
2021-08-12,41.231,61.445,,-11.278,-10.321,,3.419,0,553.0,768.0,90,28,51.852,63.542,66.316,,40.667,56.164,,42.972,61.044,,38.52,61.894,,51.838,Mix_LargePct50EMA_PctAbove200EMA_SmallPct200EMA,75,Selective
2021-08-13,41.073,59.914,,-12.708,-13.319,,1.621,0,641.0,275.0,85,23,64.706,56.25,66.316,,36.667,56.849,,42.57,59.839,,39.805,59.759,,51.838,Mix_LargePct50EMA_PctAbove200EMA_SmallPct200EMA,75,Selective
2021-08-16,36.739,54.591,,-9.965,-12.954,,1.316,0,633.0,264.0,75,31,80.0,57.143,65.263,,38.0,56.849,,37.751,52.209,,34.12,53.77,,51.098,Mix_LargePct50EMA_PctAbove200EMA_SmallPct200EMA,75,Selective
2021-08-17,33.852,49.964,,4.191,-2.57,,1.141,0,281.0,382.0,58,38,43.75,47.959,60.0,,41.333,55.479,,37.751,50.602,,30.065,47.855,,47.335,Mix_LargePct50EMA_PctAbove200EMA_SmallPct200EMA,75,Defensive
2021-08-18,30.579,46.533,,3.306,-1.47,,0.891,0,224.0,441.0,56,44,50.0,45.918,55.789,,42.0,55.479,,32.129,48.594,,26.659,43.564,,45.09,Mix_LargePct50EMA_PctAbove200EMA_SmallPct200EMA,75,Defensive
2021-08-20,22.379,36.331,,-18.852,-25.114,,0.308,0,174.0,614.0,51,60,35.714,36.735,47.368,,30.667,43.448,,22.49,40.161,,19.481,33.004,,41.821,Mix_LargePct50EMA_PctAbove200EMA_SmallPct200EMA,75,Defensive
2021-08-23,16.947,28.205,,-24.126,-31.709,,0.801,0,149.0,981.0,41,120,43.478,31.959,44.681,,22.667,36.552,,14.056,29.719,,15.236,24.782,,40.834,Mix_LargePct50EMA_PctAbove200EMA_SmallPct200EMA,75,Defensive
2021-08-24,24.225,35.475,,-12.514,-19.116,,3.546,0,440.0,889.0,41,70,52.941,44.898,52.632,,35.57,47.917,,24.9,36.145,,20.022,31.544,,43.647,Mix_LargePct50EMA_PctAbove200EMA_SmallPct200EMA,75,Defensive
2021-08-25,26.882,39.23,,-6.969,-10.735,,1.264,0,601.0,570.0,37,57,61.538,41.837,55.789,,37.584,50.0,,30.924,43.373,,22.486,34.683,,45.09,Mix_LargePct50EMA_PctAbove200EMA_SmallPct200EMA,75,Defensive
2021-08-26,28.461,40.086,,-2.118,-6.448,,1.193,0,697.0,96.0,41,43,73.333,40.404,54.167,,39.597,54.545,,30.522,43.775,,24.838,35.339,,44.387,Mix_LargePct50EMA_PctAbove200EMA_SmallPct200EMA,75,Defensive
2021-08-27,33.847,43.051,,11.469,6.719,,4.684,0,485.0,77.0,44,38,75.0,48.485,56.25,,44.295,56.643,,38.4,46.586,,29.386,38.579,,45.46,Mix_LargePct50EMA_PctAbove200EMA_SmallPct200EMA,75,Defensive
2021-08-30,45.322,49.717,,28.375,21.512,,6.458,0,470.0,70.0,57,30,70.588,64.646,64.583,,63.946,65.957,,50.602,57.258,,39.03,43.689,,50.074,Mix_LargePct50EMA_PctAbove200EMA_SmallPct200EMA,75,Selective
2021-08-31,45.804,50.249,,21.579,14.774,,3.791,0,434.0,74.0,48,38,76.19,66.667,69.792,,69.388,73.05,,51.21,58.3,,38.462,42.562,,54.009,Mix_LargePct50EMA_PctAbove200EMA_SmallPct200EMA,75,Selective
2021-09-01,46.434,51.174,,19.551,11.945,,1.555,0,398.0,76.0,47,50,75.0,68.687,65.625,,69.388,73.239,,53.629,58.537,,38.568,44.3,,51.271,Mix_LargePct50EMA_PctAbove200EMA_SmallPct200EMA,75,Selective
2021-09-02,54.463,55.516,,26.002,15.43,,4.385,0,361.0,70.0,53,42,77.778,76.531,72.632,,76.871,77.465,,62.097,62.195,,46.652,48.59,,55.502,Mix_LargePct50EMA_PctAbove200EMA_SmallPct200EMA,75,Selective
2021-09-03,56.237,56.645,,22.39,13.595,,2.536,0,350.0,60.0,48,35,73.585,80.412,72.632,,78.378,80.42,,64.372,62.449,,48.144,49.784,,55.502,Mix_LargePct50EMA_PctAbove200EMA_SmallPct200EMA,75,Selective
2021-09-06,59.323,58.345,,14.001,8.628,,1.933,0,355.0,70.0,69,33,67.568,83.158,73.118,,81.208,81.119,,65.992,64.898,,51.829,51.661,,55.909,Mix_LargePct50EMA_PctAbove200EMA_SmallPct200EMA,75,Selective
2021-09-07,52.368,54.436,,6.563,4.187,,1.059,0,290.0,93.0,57,30,45.652,76.042,72.34,,78.378,83.217,,56.68,62.195,,44.762,46.112,,55.317,Mix_LargePct50EMA_PctAbove200EMA_SmallPct200EMA,75,Selective
2021-09-08,56.289,56.454,,9.856,5.28,,1.438,0,314.0,87.0,58,23,50.0,78.351,73.684,,77.551,81.818,,60.569,64.344,,49.631,48.707,,56.07,Mix_LargePct50EMA_PctAbove200EMA_SmallPct200EMA,75,Selective
2021-09-09,59.306,59.362,,4.843,3.846,,1.482,0,336.0,74.0,80,12,37.5,78.351,74.737,,80.272,81.818,,67.48,69.262,,52.0,51.724,,56.514,Mix_LargePct50EMA_PctAbove200EMA_SmallPct200EMA,75,Selective
2021-09-13,60.304,60.636,,4.067,3.991,,2.236,0,390.0,70.0,94,7,48.78,77.32,73.684,,81.633,83.916,,71.138,72.541,,52.51,52.626,,56.07,Mix_LargePct50EMA_PctAbove200EMA_SmallPct200EMA,75,Selective
2021-09-14,66.184,65.276,,6.86,6.931,,2.533,0,406.0,71.0,79,14,61.364,78.788,80.208,,84.354,88.732,,80.242,77.049,,58.429,57.082,,60.079,Mix_LargePct50EMA_PctAbove200EMA_SmallPct200EMA,75,Selective
2021-09-15,74.569,70.874,,22.202,16.439,,2.337,0,438.0,73.0,83,10,52.273,90.909,85.417,,88.435,90.141,,83.871,81.633,,68.339,63.636,,63.583,Mix_LargePct50EMA_PctAbove200EMA_SmallPct200EMA,75,Selective
2021-09-16,72.245,69.887,,15.956,13.433,,1.825,0,423.0,71.0,89,7,43.333,87.0,84.536,,86.986,89.362,,80.8,80.0,,66.213,62.781,,63.077,Mix_LargePct50EMA_PctAbove200EMA_SmallPct200EMA,75,Selective
2021-09-17,59.16,61.761,,-0.146,2.399,,0.672,0,346.0,163.0,84,6,30.667,76.0,81.443,,70.068,83.688,,70.8,71.02,,52.67,54.002,,60.992,Mix_LargePct50EMA_PctAbove200EMA_SmallPct200EMA,75,Selective
2021-09-20,40.192,49.859,,-20.112,-10.777,,0.292,0,229.0,343.0,81,5,18.852,56.0,65.979,,47.297,72.34,,50.8,59.184,,34.688,42.386,,51.468,Mix_LargePct50EMA_PctAbove200EMA_SmallPct200EMA,75,Selective
2021-09-21,42.051,50.0,,-24.133,-15.276,,2.37,0,208.0,349.0,97,4,16.667,61.0,69.072,,50.667,73.05,,52.0,59.592,,36.097,42.032,,53.627,Mix_LargePct50EMA_PctAbove200EMA_SmallPct200EMA,75,Selective
2021-09-22,49.348,56.54,,-25.221,-14.334,,3.673,0,323.0,253.0,153,5,34.211,69.0,78.351,,60.0,79.433,,60.0,66.939,,42.842,48.136,,58.821,Mix_LargePct50EMA_PctAbove200EMA_SmallPct200EMA,75,Selective
2021-09-23,56.22,60.775,,-16.025,-9.113,,3.927,0,401.0,72.0,133,6,60.0,74.0,79.592,,68.667,84.397,,68.4,73.361,,49.215,51.974,,59.61,Mix_LargePct50EMA_PctAbove200EMA_SmallPct200EMA,75,Selective
2021-09-24,51.065,55.907,,-8.094,-5.853,,1.121,0,381.0,71.0,122,6,64.286,68.0,75.51,,63.333,80.142,,63.6,66.803,,44.084,47.391,,56.921,Mix_LargePct50EMA_PctAbove200EMA_SmallPct200EMA,75,Selective
2021-09-27,50.24,56.742,,10.048,6.882,,1.635,0,323.0,85.0,114,7,41.667,68.367,77.32,,57.333,79.286,,61.2,68.98,,44.433,48.089,,58.167,Mix_LargePct50EMA_PctAbove200EMA_SmallPct200EMA,75,Selective
2021-09-28,46.841,54.712,,4.79,4.712,,0.793,0,279.0,109.0,106,6,39.344,61.224,77.32,,56.667,76.429,,56.4,65.306,,41.336,46.383,,58.167,Mix_LargePct50EMA_PctAbove200EMA_SmallPct200EMA,75,Selective
2021-09-29,51.58,57.474,,2.232,0.934,,1.478,0,330.0,93.0,102,6,35.294,64.286,76.289,,53.333,74.468,,64.4,68.699,,46.66,50.053,,57.451,Mix_LargePct50EMA_PctAbove200EMA_SmallPct200EMA,75,Selective
2021-09-30,53.567,58.345,,-2.653,-2.43,,1.08,0,332.0,83.0,104,6,45.0,60.204,76.289,,54.667,71.631,,67.2,70.325,,49.167,51.38,,57.451,Mix_LargePct50EMA_PctAbove200EMA_SmallPct200EMA,75,Selective
2021-10-01,55.563,60.0,,4.498,4.093,,1.217,0,388.0,58.0,115,8,47.5,63.265,76.289,,57.333,75.887,,68.4,70.732,,51.148,53.135,,57.451,Mix_LargePct50EMA_PctAbove200EMA_SmallPct200EMA,75,Selective
2021-10-04,68.288,67.437,,18.048,10.695,,5.537,0,494.0,47.0,121,9,65.455,75.758,87.879,,72.483,80.851,,78.8,75.41,,64.137,61.229,,64.532,Mix_LargePct50EMA_PctAbove200EMA_SmallPct200EMA,75,Selective
2021-10-05,73.576,71.198,,26.735,16.487,,2.392,0,582.0,44.0,125,10,62.264,76.768,81.818,,75.839,82.979,,80.8,78.689,,71.011,66.384,,61.276,Mix_LargePct50EMA_PctAbove200EMA_SmallPct200EMA,75,Selective
2021-10-06,65.43,67.624,,13.85,10.151,,0.635,0,553.0,113.0,109,9,60.976,60.606,75.758,,63.758,78.723,,72.0,72.653,,64.472,63.8,,57.044,Mix_LargePct50EMA_PctAbove200EMA_SmallPct200EMA,75,Selective
2021-10-07,74.845,73.231,,21.279,14.886,,4.161,0,522.0,117.0,140,8,36.508,70.408,83.673,,78.523,83.099,,78.0,77.869,,73.904,69.459,,62.497,Mix_LargePct50EMA_PctAbove200EMA_SmallPct200EMA,75,Selective
2021-10-08,75.498,74.651,,19.934,14.651,,2.762,0,451.0,127.0,133,6,36.486,72.727,82.828,,76.351,81.56,,78.0,80.0,,75.0,71.383,,61.966,Mix_LargePct50EMA_PctAbove200EMA_SmallPct200EMA,75,Selective
2021-10-11,76.487,75.644,,8.199,8.207,,1.867,0,511.0,76.0,143,6,55.172,80.0,85.859,,76.51,80.851,,80.0,82.041,,75.207,72.164,,63.743,Mix_LargePct50EMA_PctAbove200EMA_SmallPct200EMA,75,Selective
2021-10-12,75.874,76.27,,2.298,5.072,,2.37,0,440.0,113.0,153,4,60.0,83.0,85.859,,73.154,79.577,,79.6,82.377,,74.583,73.214,,63.743,Mix_LargePct50EMA_PctAbove200EMA_SmallPct200EMA,75,Selective
2021-10-13,75.718,78.497,,10.289,10.872,,4.354,0,447.0,144.0,149,3,62.319,87.0,88.889,,73.826,80.42,,78.0,84.774,,74.247,75.525,,64.792,Mix_LargePct50EMA_PctAbove200EMA_SmallPct200EMA,75,Selective
2021-10-14,74.897,78.482,,0.052,5.251,,2.18,0,404.0,159.0,127,4,55.172,87.0,89.899,,72.483,83.916,,77.912,83.951,,73.237,75.079,,65.112,Mix_LargePct50EMA_PctAbove200EMA_SmallPct200EMA,75,Constructive
2021-10-18,72.548,77.647,,-2.95,2.996,,2.768,0,424.0,170.0,140,4,57.471,86.0,91.919,,71.622,81.69,,78.0,84.836,,69.897,73.75,,65.68,Mix_LargePct50EMA_PctAbove200EMA_SmallPct200EMA,75,Constructive
2021-10-19,55.472,66.343,,-21.015,-9.3,,0.499,0,326.0,390.0,116,3,28.155,80.0,87.879,,55.405,73.239,,61.6,74.39,,51.349,61.024,,64.532,Mix_LargePct50EMA_PctAbove200EMA_SmallPct200EMA,75,Selective
2021-10-20,40.794,56.341,,-35.08,-19.929,,0.48,0,250.0,550.0,118,4,18.889,66.0,80.808,,37.838,64.789,,43.2,65.447,,38.006,50.209,,60.424,Mix_LargePct50EMA_PctAbove200EMA_SmallPct200EMA,75,Selective
2021-10-21,39.466,54.501,,-36.252,-23.995,,0.76,0,188.0,584.0,115,6,21.622,58.0,71.717,,36.486,59.859,,45.6,63.968,,36.411,49.477,,54.959,Mix_LargePct50EMA_PctAbove200EMA_SmallPct200EMA,75,Selective
2021-10-22,34.04,49.861,,-40.858,-28.62,,0.741,0,206.0,424.0,89,6,9.615,49.0,69.697,,27.517,50.0,,38.8,60.729,,32.261,44.979,,53.886,Mix_LargePct50EMA_PctAbove200EMA_SmallPct200EMA,75,Selective
2021-10-25,25.749,42.571,,-46.798,-35.076,,0.573,0,219.0,445.0,75,9,21.053,36.0,65.657,,18.919,40.426,,29.2,51.822,,24.845,38.125,,51.357,Mix_LargePct50EMA_PctAbove200EMA_SmallPct200EMA,75,Selective
2021-10-26,36.289,49.827,,-19.183,-16.516,,4.04,0,364.0,381.0,88,4,30.435,48.0,70.707,,31.081,49.645,,42.4,61.943,,34.298,44.583,,54.503,Mix_LargePct50EMA_PctAbove200EMA_SmallPct200EMA,75,Selective
2021-10-27,39.7,51.344,,-1.094,-4.997,,0.95,0,450.0,300.0,98,3,51.852,49.0,66.0,,37.162,55.944,,45.6,60.569,,37.603,46.778,,51.641,Mix_LargePct50EMA_PctAbove200EMA_SmallPct200EMA,75,Selective
2021-10-28,27.664,43.133,,-11.803,-11.368,,0.379,0,444.0,242.0,84,4,20.833,30.0,54.0,,24.324,44.444,,36.4,53.878,,25.673,39.062,,44.202,Mix_LargePct50EMA_PctAbove200EMA_SmallPct200EMA,75,Defensive
2021-10-29,26.621,41.626,,-7.418,-8.235,,0.773,0,293.0,284.0,69,4,14.286,27.0,51.0,,28.188,41.667,,33.6,54.656,,24.534,37.292,,43.116,Mix_LargePct50EMA_PctAbove200EMA_SmallPct200EMA,75,Defensive
2021-11-01,37.372,48.454,,11.623,5.883,,5.498,0,343.0,281.0,76,7,50.0,47.0,67.0,,41.611,52.778,,46.4,59.274,,33.402,43.094,,52.221,Mix_LargePct50EMA_PctAbove200EMA_SmallPct200EMA,75,Selective
2021-11-02,42.76,52.516,,6.47,2.688,,2.101,0,462.0,141.0,84,5,60.0,46.0,65.0,,42.953,55.556,,53.6,63.454,,39.585,47.912,,50.962,Mix_LargePct50EMA_PctAbove200EMA_SmallPct200EMA,75,Selective
2021-11-03,40.807,51.826,,1.107,0.482,,1.07,0,483.0,114.0,77,6,80.0,48.0,68.0,,44.295,52.414,,46.8,60.0,,37.967,47.908,,52.776,Mix_LargePct50EMA_PctAbove200EMA_SmallPct200EMA,75,Selective
2021-11-04,54.626,58.494,,26.963,15.361,,8.766,0,395.0,92.0,82,7,78.571,54.0,69.0,,53.691,60.0,,55.6,64.4,,54.583,55.614,,53.454,Mix_LargePct50EMA_PctAbove200EMA_SmallPct200EMA,75,Selective
2021-11-08,60.435,61.607,,33.814,19.981,,2.396,0,384.0,99.0,97,9,53.846,66.0,76.0,,59.06,62.759,,62.8,68.0,,59.465,58.273,,57.266,Mix_LargePct50EMA_PctAbove200EMA_SmallPct200EMA,75,Selective
2021-11-09,64.033,64.742,,26.66,16.289,,2.669,0,421.0,79.0,89,9,72.727,72.0,79.0,,64.0,61.379,,64.8,69.6,,63.017,62.5,,59.314,Mix_LargePct50EMA_PctAbove200EMA_SmallPct200EMA,75,Selective
2021-11-10,63.649,64.492,,20.889,11.976,,0.87,0,455.0,106.0,84,8,100.0,62.0,75.0,,62.667,61.379,,61.6,66.4,,64.499,63.371,,56.711,Mix_LargePct50EMA_PctAbove200EMA_SmallPct200EMA,75,Selective
2021-11-11,57.289,61.898,,16.482,10.072,,0.763,0,397.0,124.0,76,10,37.931,54.0,67.0,,51.333,57.931,,54.4,64.4,,59.298,61.314,,52.221,Mix_LargePct50EMA_PctAbove200EMA_SmallPct200EMA,75,Selective
2021-11-12,56.267,61.073,,1.641,2.578,,2.84,0,358.0,169.0,68,13,31.429,64.0,75.0,,53.333,60.69,,58.8,64.8,,55.269,58.707,,56.711,Mix_LargePct50EMA_PctAbove200EMA_SmallPct200EMA,75,Selective
2021-11-15,46.436,55.045,,-13.999,-6.563,,1.352,0,307.0,303.0,66,17,23.333,63.0,76.0,,51.333,62.069,,47.2,58.8,,43.782,50.832,,57.266,Mix_LargePct50EMA_PctAbove200EMA_SmallPct200EMA,75,Selective
2021-11-16,46.862,54.063,,-17.17,-10.679,,1.05,0,327.0,288.0,63,17,48.485,61.0,71.0,,47.333,58.621,,48.4,58.4,,44.928,50.47,,54.639,Mix_LargePct50EMA_PctAbove200EMA_SmallPct200EMA,75,Selective
2021-11-17,41.99,52.374,,-21.658,-12.117,,1.01,0,320.0,280.0,68,21,57.143,52.0,68.0,,46.0,52.414,,46.0,56.8,,39.297,49.582,,52.776,Mix_LargePct50EMA_PctAbove200EMA_SmallPct200EMA,75,Selective
2021-11-18,30.811,44.935,,-26.478,-16.964,,0.316,0,274.0,245.0,63,15,40.0,35.0,63.0,,32.0,43.151,,31.6,49.398,,29.99,42.155,,48.914,Mix_LargePct50EMA_PctAbove200EMA_SmallPct200EMA,75,Defensive
2021-11-22,18.342,29.347,,-37.925,-31.726,,0.19,0,188.0,692.0,62,20,18.75,19.0,40.0,,17.333,28.767,,19.6,34.137,,18.107,27.083,,39.539,Mix_LargePct50EMA_PctAbove200EMA_SmallPct200EMA,75,Defensive
2021-11-23,24.898,35.975,,-21.538,-19.069,,4.724,0,355.0,646.0,75,15,25.714,30.0,48.0,,28.667,39.726,,26.4,39.759,,23.395,33.159,,42.228,Mix_LargePct50EMA_PctAbove200EMA_SmallPct200EMA,75,Defensive
2021-11-24,28.406,39.092,,-18.456,-14.972,,1.24,0,481.0,521.0,91,12,46.667,23.232,49.495,,22.667,38.356,,29.6,42.57,,29.515,37.226,,42.697,Mix_LargePct50EMA_PctAbove200EMA_SmallPct200EMA,75,Defensive
2021-11-25,35.306,42.612,,-6.684,-9.763,,2.397,0,648.0,43.0,119,12,62.5,32.323,51.515,,31.333,38.095,,38.4,48.4,,35.427,40.876,,43.24,Mix_LargePct50EMA_PctAbove200EMA_SmallPct200EMA,75,Defensive
2021-11-26,23.725,29.828,,-7.086,-15.106,,0.298,0,459.0,413.0,84,14,70.0,18.182,25.253,,24.832,28.082,,23.6,33.2,,24.152,29.688,,35.899,Mix_LargePct50EMA_PctAbove200EMA_SmallPct200EMA,75,Defensive
2021-11-29,17.603,23.324,,-0.739,-6.023,,0.629,0,337.0,800.0,75,23,36.842,15.306,22.449,,18.919,22.603,,16.064,26.21,,18.024,22.784,,35.048,Mix_LargePct50EMA_PctAbove200EMA_SmallPct200EMA,75,Defensive
2021-11-30,19.891,26.388,,-5.006,-9.587,,0.85,0,276.0,857.0,75,21,29.412,14.286,25.51,,26.351,26.712,,24.9,31.452,,18.2,25.129,,35.998,Mix_LargePct50EMA_PctAbove200EMA_SmallPct200EMA,75,Defensive
2021-12-01,22.91,28.041,,-5.496,-11.05,,2.682,0,325.0,510.0,84,12,42.857,18.367,28.571,,29.73,33.333,,26.908,31.984,,21.311,26.168,,36.603,Mix_LargePct50EMA_PctAbove200EMA_SmallPct200EMA,75,Defensive
2021-12-02,29.871,32.28,,-5.435,-10.331,,5.601,0,477.0,138.0,83,13,37.5,31.25,37.5,,34.459,36.054,,31.727,36.842,,28.571,30.021,,38.934,Mix_LargePct50EMA_PctAbove200EMA_SmallPct200EMA,75,Defensive
2021-12-03,33.243,33.975,,9.517,4.147,,0.813,0,475.0,96.0,80,12,50.0,28.125,35.417,,33.557,37.162,,36.29,39.431,,32.924,31.95,,38.268,Mix_LargePct50EMA_PctAbove200EMA_SmallPct200EMA,75,Defensive
2021-12-06,27.04,30.738,,9.437,7.413,,0.267,0,458.0,159.0,95,13,33.333,12.5,21.875,,25.0,29.252,,28.629,36.179,,28.355,30.462,,34.912,Mix_LargePct50EMA_PctAbove200EMA_SmallPct200EMA,75,Risk-off
2021-12-07,37.339,36.214,,17.447,9.826,,6.611,0,441.0,160.0,86,11,41.667,28.125,31.25,,33.108,35.374,,35.081,38.057,,39.45,36.364,,37.244,Mix_LargePct50EMA_PctAbove200EMA_SmallPct200EMA,75,Defensive
2021-12-08,51.286,45.417,,28.376,17.376,,8.083,0,480.0,156.0,87,13,75.0,54.639,55.208,,48.649,43.537,,48.387,45.749,,52.081,44.65,,44.757,Mix_LargePct50EMA_PctAbove200EMA_SmallPct200EMA,75,Defensive
2021-12-09,59.566,50.617,,29.695,18.337,,2.068,0,542.0,82.0,94,12,33.333,60.417,60.0,,54.054,44.898,,56.452,51.417,,61.1,50.361,,47.335,Mix_LargePct50EMA_PctAbove200EMA_SmallPct200EMA,75,Defensive
2021-12-10,64.837,54.626,,31.595,20.651,,2.133,0,535.0,76.0,98,9,62.5,64.583,64.211,,60.403,53.741,,62.5,53.846,,66.124,54.021,,49.334,Mix_LargePct50EMA_PctAbove200EMA_SmallPct200EMA,75,Defensive
2021-12-13,64.247,56.177,,37.208,25.44,,0.763,0,507.0,92.0,106,11,66.667,60.417,58.511,,54.362,49.66,,59.6,55.466,,67.271,57.114,,46.385,Mix_LargePct50EMA_PctAbove200EMA_SmallPct200EMA,75,Defensive
2021-12-14,60.946,55.106,,23.607,18.892,,1.085,0,472.0,107.0,110,12,47.368,55.208,55.319,,57.718,54.054,,56.8,51.822,,63.046,56.082,,44.806,Mix_LargePct50EMA_PctAbove200EMA_SmallPct200EMA,75,Defensive
2021-12-15,56.073,53.251,72.542,4.787,7.834,,0.477,27,421.0,131.0,123,9,45.161,41.667,51.064,74.725,47.651,45.27,67.857,54.0,53.846,78.07,59.271,54.527,71.611,60.72,Mix_LargePct50EMA_PctAbove200EMA_SmallPct200EMA,75,Selective
2021-12-16,48.283,48.632,70.053,-11.283,-1.985,,0.973,23,360.0,177.0,114,10,22.727,42.268,45.745,73.626,44.0,43.243,65.0,40.8,45.344,73.684,51.417,50.565,69.54,56.995,Mix_LargePct50EMA_PctAbove200EMA_SmallPct200EMA,75,Selective
2021-12-17,32.434,36.756,64.414,-32.403,-17.871,,0.294,17,278.0,423.0,105,11,16.667,23.711,30.851,63.736,26.0,33.784,56.028,27.6,33.198,69.737,35.497,38.683,64.45,49.827,Mix_LargePct50EMA_PctAbove200EMA_SmallPct200EMA,75,Defensive
2021-12-20,17.671,25.017,54.798,-46.577,-31.16,,0.054,9,172.0,1035.0,89,17,8.696,8.081,13.684,52.174,12.081,19.728,47.857,12.0,21.862,56.769,20.884,27.71,55.67,29.102,Mix_LargePct50EMA_PctAbove200EMA_SmallPct200EMA,75,Risk-off
2021-12-21,23.502,29.843,58.009,-37.444,-25.264,,5.039,12,258.0,999.0,105,12,13.043,20.202,25.263,57.609,18.792,27.891,52.857,18.4,28.745,60.435,25.836,30.864,58.238,34.653,Mix_LargePct50EMA_PctAbove200EMA_SmallPct200EMA,75,Risk-off
2021-12-22,31.946,34.699,61.567,-24.127,-18.552,-10.974,8.066,17,424.0,730.0,107,12,60.0,30.303,35.789,60.87,34.228,36.054,56.429,27.2,33.065,64.224,32.964,34.805,61.758,41.698,Mix_LargePct50EMA_PctAbove200EMA_SmallPct200EMA,75,Defensive
2021-12-23,38.863,38.378,63.46,-9.42,-10.254,-6.593,2.156,17,557.0,97.0,113,15,66.667,31.633,37.234,63.736,46.0,43.243,59.574,34.4,35.223,64.935,39.619,38.548,63.667,48.211,Mix_LargePct50EMA_PctAbove200EMA_SmallPct200EMA,75,Defensive
2021-12-24,34.631,36.544,61.464,2.197,-0.212,-2.95,0.671,21,473.0,85.0,91,13,66.667,29.897,34.409,60.0,34.0,34.459,58.042,27.2,33.198,63.203,37.059,37.91,61.712,40.674,Mix_LargePct50EMA_PctAbove200EMA_SmallPct200EMA,75,Defensive
2021-12-27,39.507,39.157,62.122,21.836,14.14,7.325,1.718,31,422.0,103.0,135,11,80.0,30.303,38.298,59.341,37.162,40.411,57.746,33.6,34.818,65.217,42.231,40.142,62.304,48.372,Mix_LargePct50EMA_PctAbove200EMA_SmallPct200EMA,75,Defensive
2021-12-28,53.918,46.075,65.83,30.417,16.233,7.821,5.513,39,503.0,92.0,174,10,72.222,44.444,43.617,64.835,54.73,47.26,59.155,50.0,44.13,70.996,55.723,46.626,65.657,54.059,Mix_LargePct50EMA_PctAbove200EMA_SmallPct200EMA,75,Selective
2021-12-29,56.463,49.864,67.747,24.517,15.164,6.18,1.266,32,587.0,82.0,176,9,66.667,39.394,44.681,67.391,54.054,50.685,60.563,55.2,49.798,73.16,58.835,50.255,67.525,55.588,Mix_LargePct50EMA_PctAbove200EMA_SmallPct200EMA,75,Selective
2021-12-30,57.564,50.034,68.286,18.701,11.656,4.825,0.93,36,567.0,83.0,167,11,59.259,35.354,37.234,67.391,53.061,51.724,60.284,58.4,49.798,74.892,60.22,51.07,67.933,54.342,Mix_LargePct50EMA_PctAbove200EMA_SmallPct200EMA,75,Selective
2021-12-31,66.979,56.646,70.515,32.348,20.103,9.05,4.732,42,495.0,82.0,161,9,56.25,50.505,50.0,70.652,70.548,59.028,62.857,65.6,58.3,78.696,68.437,56.517,69.599,59.956,Mix_LargePct50EMA_PctAbove200EMA_SmallPct200EMA,75,Selective
2022-01-03,80.373,66.102,74.284,40.866,26.945,12.161,6.299,53,599.0,68.0,187,9,64.286,74.49,59.14,75.824,80.137,61.806,64.286,78.0,67.611,81.739,81.566,67.003,73.778,66.679,Mix_LargePct50EMA_PctAbove200EMA_SmallPct200EMA,75,Constructive
2022-01-04,80.148,66.894,74.706,26.229,20.819,8.876,2.164,39,635.0,85.0,192,11,46.512,76.768,68.085,77.174,81.25,61.972,65.942,80.0,67.611,81.739,80.361,67.312,74.0,72.884,Mix_LargePct50EMA_PctAbove200EMA_SmallPct200EMA,75,Constructive
2022-01-05,79.692,69.829,76.12,23.228,19.966,8.374,1.963,36,630.0,117.0,169,10,53.191,76.531,69.892,81.319,82.639,68.31,71.014,77.2,68.016,81.304,80.2,70.498,75.055,74.476,Mix_LargePct50EMA_PctAbove200EMA_SmallPct200EMA,75,Constructive
2022-01-06,77.778,69.714,76.449,20.214,19.679,8.164,0.974,45,544.0,127.0,169,12,43.243,72.165,72.826,80.0,80.0,64.789,70.29,72.8,69.636,81.304,79.242,70.152,75.801,76.092,Mix_LargePct50EMA_PctAbove200EMA_SmallPct200EMA,75,Constructive
2022-01-07,77.391,71.438,76.85,10.412,14.792,6.335,1.803,47,559.0,99.0,174,14,44.444,71.134,75.0,84.444,78.767,67.606,71.942,70.8,67.611,80.519,79.441,72.617,75.912,76.894,Mix_LargePct50EMA_PctAbove200EMA_SmallPct200EMA,75,Constructive
2022-01-10,81.764,76.59,77.778,1.391,10.488,3.494,3.684,61,694.0,79.0,204,12,54.795,78.125,77.174,81.111,83.673,78.014,72.464,80.0,72.47,81.385,82.266,77.355,77.338,78.991,Mix_LargePct50EMA_PctAbove200EMA_SmallPct200EMA,75,Constructive
2022-01-11,80.32,75.51,78.582,0.173,8.616,3.876,1.274,60,685.0,134.0,170,10,58.929,75.0,72.826,83.333,79.592,75.177,73.913,78.8,72.47,82.759,81.312,76.566,77.753,77.56,Mix_LargePct50EMA_PctAbove200EMA_SmallPct200EMA,75,Constructive
2022-01-12,81.988,77.936,79.182,2.296,8.107,3.061,2.579,22,632.0,204.0,165,9,63.014,76.042,77.174,86.667,85.714,80.142,72.464,80.0,77.733,83.262,82.505,77.744,78.414,80.582,Mix_LargePct50EMA_PctAbove200EMA_SmallPct200EMA,75,Aggressive
2022-01-13,83.023,79.783,80.233,5.245,10.069,3.784,2.133,16,468.0,254.0,176,9,56.14,82.105,81.319,87.64,83.784,78.723,73.913,82.8,78.947,84.615,83.053,80.0,79.341,84.764,Mix_LargePct50EMA_PctAbove200EMA_SmallPct200EMA,75,Aggressive
2022-01-14,84.267,81.929,80.772,6.875,10.491,3.922,1.808,22,471.0,219.0,192,5,60.0,76.842,79.121,85.393,80.537,76.596,72.464,84.8,82.996,85.106,85.388,82.679,80.461,83.765,Mix_LargePct50EMA_PctAbove200EMA_SmallPct200EMA,75,Aggressive
2022-01-17,85.007,83.682,82.583,3.243,7.092,4.806,1.971,36,552.0,175.0,262,4,65.323,78.125,78.022,86.517,81.208,78.169,74.101,86.8,85.772,86.752,85.77,84.462,82.424,84.838,Mix_LargePct50EMA_PctAbove200EMA_SmallPct200EMA,75,Aggressive
2022-01-18,72.255,75.356,79.318,-8.065,-0.154,0.736,0.276,13,492.0,315.0,309,6,33.913,59.375,65.934,82.022,62.667,63.83,66.667,69.6,79.352,84.681,75.571,76.861,79.585,74.846,Mix_LargePct50EMA_PctAbove200EMA_SmallPct200EMA,75,Constructive
2022-01-19,68.746,74.255,78.753,-13.242,-3.681,-0.429,0.821,16,412.0,353.0,289,5,22.689,55.102,62.766,82.418,59.06,64.029,66.912,67.6,75.304,84.255,71.782,76.506,78.735,71.379,Mix_LargePct50EMA_PctAbove200EMA_SmallPct200EMA,75,Constructive
2022-01-20,65.451,71.138,78.157,-17.572,-8.645,-2.077,0.748,11,338.0,364.0,267,6,28.8,50.0,54.255,80.22,56.0,61.871,67.647,66.8,71.774,82.203,68.02,73.869,78.47,65.914,Mix_LargePct50EMA_PctAbove200EMA_SmallPct200EMA,75,Constructive
2022-01-21,48.706,62.212,74.819,-35.561,-19.718,-5.953,0.329,6,320.0,367.0,220,6,39.535,32.653,44.681,73.626,37.333,49.64,62.5,50.8,66.265,80.508,51.437,64.617,75.301,60.19,Mix_LargePct50EMA_PctAbove200EMA_SmallPct200EMA,75,Selective
2022-01-24,19.251,36.644,64.306,-65.756,-47.037,-18.277,0.05,2,226.0,1184.0,151,7,17.073,14.141,23.404,61.538,12.667,30.496,53.285,18.0,37.349,71.489,21.017,38.569,64.387,48.581,Mix_LargePct50EMA_PctAbove200EMA_SmallPct200EMA,75,Defensive
2022-01-25,27.297,45.479,67.968,-44.959,-29.877,-11.35,2.065,3,280.0,1221.0,149,8,35.897,23.232,36.17,67.033,18.0,33.333,58.394,26.8,44.177,74.576,29.191,48.397,67.791,53.861,Mix_LargePct50EMA_PctAbove200EMA_SmallPct200EMA,75,Selective
2022-01-27,29.326,43.927,66.498,-39.42,-30.328,-12.255,0.588,6,350.0,1131.0,126,14,46.154,24.242,33.684,63.043,20.0,30.0,49.63,30.4,44.578,73.418,30.936,46.693,67.538,52.356,Mix_LargePct50EMA_PctAbove200EMA_SmallPct200EMA,75,Selective
2022-01-28,33.091,47.202,68.307,-32.36,-23.937,-9.85,1.656,2,490.0,299.0,119,13,45.455,28.0,35.052,63.441,23.333,33.813,51.493,36.0,50.0,73.418,34.32,49.549,69.935,53.195,Mix_LargePct50EMA_PctAbove200EMA_SmallPct200EMA,75,Selective
2022-01-31,37.574,49.732,69.264,-11.132,-12.48,-5.555,4.711,3,406.0,277.0,112,10,50.0,31.0,39.175,67.742,35.333,43.885,54.478,44.8,54.4,75.527,36.78,50.398,69.957,55.231,Mix_LargePct50EMA_PctAbove200EMA_SmallPct200EMA,75,Selective
2022-02-01,43.593,54.105,71.264,24.342,17.461,6.957,2.629,3,423.0,213.0,105,17,66.667,47.0,47.423,76.344,45.333,53.191,62.222,48.0,55.823,75.847,41.913,54.454,70.901,58.648,Mix_LargePct50EMA_PctAbove200EMA_SmallPct200EMA,75,Selective
2022-02-02,58.956,62.088,74.422,31.659,16.608,6.454,4.448,7,513.0,176.0,98,19,100.0,63.0,55.67,80.645,61.333,57.447,61.481,62.0,63.855,78.481,57.453,62.926,74.646,63.447,Mix_LargePct50EMA_PctAbove200EMA_SmallPct200EMA,75,Selective
2022-02-03,55.541,59.799,73.863,26.215,15.872,7.365,0.654,5,519.0,122.0,88,18,52.941,49.0,50.0,78.723,52.667,56.028,63.971,61.6,62.5,78.814,55.118,60.618,73.558,61.202,Mix_LargePct50EMA_PctAbove200EMA_SmallPct200EMA,75,Selective
2022-02-04,50.0,55.712,72.832,16.909,8.511,4.526,0.701,7,494.0,101.0,84,21,66.667,47.0,48.98,76.596,44.667,45.39,61.029,56.0,58.635,77.542,49.606,57.1,72.985,60.091,Mix_LargePct50EMA_PctAbove200EMA_SmallPct200EMA,75,Selective
2022-02-07,40.84,51.003,70.914,3.267,1.271,1.65,0.635,13,352.0,190.0,85,21,28.571,37.0,43.878,71.277,32.667,42.958,58.394,47.2,54.435,76.17,40.86,51.984,71.398,57.316,Mix_LargePct50EMA_PctAbove200EMA_SmallPct200EMA,75,Selective
2022-02-08,32.034,44.698,67.7,-11.559,-9.407,-3.563,0.898,8,271.0,333.0,61,26,20.0,30.0,41.837,68.085,24.667,38.462,56.522,38.0,48.387,73.504,31.854,44.955,67.861,54.848,Mix_LargePct50EMA_PctAbove200EMA_SmallPct200EMA,75,Selective
2022-02-09,35.997,46.711,68.876,-22.958,-15.376,-5.546,3.812,7,259.0,382.0,46,35,45.455,41.0,48.98,71.277,37.333,44.755,60.145,38.8,50.0,73.077,34.615,45.954,68.872,57.538,Mix_LargePct50EMA_PctAbove200EMA_SmallPct200EMA,75,Selective
2022-02-10,39.578,48.458,69.546,-15.963,-11.34,-4.316,2.427,1,253.0,354.0,44,39,66.667,49.0,50.0,74.468,39.333,44.755,60.87,42.4,51.21,75.214,37.992,48.156,68.906,58.796,Mix_LargePct50EMA_PctAbove200EMA_SmallPct200EMA,75,Selective
2022-02-11,27.261,38.565,65.299,-22.739,-17.148,-7.534,0.205,1,253.0,360.0,41,45,60.0,35.0,41.837,69.474,24.0,34.266,56.934,29.6,42.742,68.803,26.404,37.824,65.222,52.615,Mix_LargePct50EMA_PctAbove200EMA_SmallPct200EMA,75,Selective
2022-02-14,11.14,20.933,54.382,-29.7,-30.069,-16.532,0.074,0,169.0,1107.0,28,74,20.0,18.0,28.571,55.789,6.0,11.111,48.551,10.0,23.482,60.944,11.501,20.969,53.456,29.003,Mix_LargePct50EMA_PctAbove200EMA_SmallPct200EMA,75,Risk-off
2022-02-15,18.104,27.242,58.591,-13.93,-17.456,-9.109,7.818,0,296.0,1079.0,27,76,58.333,41.0,42.857,64.211,15.333,22.759,53.957,16.4,31.301,62.5,16.683,25.373,57.73,40.945,Mix_LargePct50EMA_PctAbove200EMA_SmallPct200EMA,75,Defensive
2022-02-16,22.186,30.924,60.647,-13.812,-15.788,-8.229,0.898,0,410.0,938.0,29,71,25.0,37.0,45.918,66.316,18.667,27.586,54.676,22.4,35.772,65.086,21.197,28.756,59.848,49.815,Mix_LargePct50EMA_PctAbove200EMA_SmallPct200EMA,75,Defensive
2022-02-17,20.962,28.935,59.209,-18.615,-19.523,-10.338,0.689,0,462.0,186.0,29,62,93.333,36.0,44.898,66.316,16.667,22.759,52.518,22.8,33.74,63.793,19.666,27.092,58.333,42.906,Mix_LargePct50EMA_PctAbove200EMA_SmallPct200EMA,75,Defensive
2022-02-18,18.565,25.919,58.405,-8.696,-12.646,-6.894,0.412,1,298.0,201.0,32,79,42.857,28.0,39.796,63.158,11.333,18.621,51.079,22.4,31.579,63.793,17.763,24.23,57.667,40.883,Mix_LargePct50EMA_PctAbove200EMA_SmallPct200EMA,75,Defensive
2022-02-21,11.541,18.563,52.19,0.401,-2.37,-2.193,0.346,1,164.0,600.0,26,134,16.667,16.162,31.959,61.702,7.333,13.103,49.64,13.2,21.774,59.483,11.306,17.275,49.784,27.461,Mix_LargePct50EMA_PctAbove200EMA_SmallPct200EMA,75,Risk-off
2022-02-22,8.893,12.959,46.413,-9.211,-14.283,-12.178,0.485,2,120.0,884.0,24,152,16.667,13.131,23.711,59.574,7.333,10.345,40.288,9.6,16.466,54.31,8.538,11.431,44.026,19.566,Mix_LargePct50EMA_PctAbove200EMA_SmallPct200EMA,75,Risk-off
2022-02-23,12.129,16.7,50.43,-10.056,-14.224,-10.217,1.807,6,287.0,829.0,38,73,0.0,18.182,23.711,61.702,12.667,14.483,45.324,13.6,21.285,56.71,11.1,15.209,48.495,22.921,Mix_LargePct50EMA_PctAbove200EMA_SmallPct200EMA,75,Risk-off
2022-02-24,4.018,6.613,32.112,-16.944,-22.322,-27.097,0.007,-2,272.0,1622.0,23,178,25.0,0.0,4.082,29.474,1.333,4.795,30.0,2.8,8.097,41.485,5.103,6.759,30.388,7.18,Mix_LargePct50EMA_PctAbove200EMA_SmallPct200EMA,75,Risk-off
2022-02-25,10.125,12.458,40.932,-8.44,-13.46,-17.473,15.0,2,998.0,1282.0,27,91,50.0,17.172,18.367,48.421,11.333,13.014,38.571,11.6,14.919,51.092,8.904,11.199,38.024,14.557,Mix_LargePct50EMA_PctAbove200EMA_SmallPct200EMA,75,Risk-off
2022-02-28,14.473,15.716,42.437,2.932,-2.847,-9.752,2.381,1,961.0,1299.0,31,89,0.0,20.202,25.51,55.789,18.667,18.367,38.298,16.4,18.548,52.402,12.84,13.695,39.247,17.469,Mix_LargePct50EMA_PctAbove200EMA_SmallPct200EMA,75,Risk-off
2022-03-02,15.102,15.768,42.479,6.208,2.809,-3.935,0.994,4,1072.0,124.0,29,80,7.692,19.388,19.588,50.0,20.667,17.568,41.135,18.8,20.968,50.439,12.976,13.861,39.979,15.26,Mix_LargePct50EMA_PctAbove200EMA_SmallPct200EMA,75,Risk-off
2022-03-03,19.803,17.952,44.158,7.674,1.252,-6.273,0.924,4,460.0,138.0,33,75,0.0,29.592,23.469,49.474,22.667,18.367,40.714,24.0,21.687,51.092,17.429,16.436,42.427,16.852,Mix_LargePct50EMA_PctAbove200EMA_SmallPct200EMA,75,Risk-off
2022-03-04,15.223,15.293,41.362,11.205,8.679,9.25,0.221,0,314.0,238.0,28,117,28.571,24.49,21.429,44.211,16.0,14.865,36.879,17.2,17.269,45.415,13.743,14.272,40.753,13.472,Mix_LargePct50EMA_PctAbove200EMA_SmallPct200EMA,75,Risk-off
2022-03-07,11.604,12.203,36.032,1.479,-0.255,-4.9,0.363,0,225.0,582.0,25,197,50.0,24.49,16.327,41.053,9.333,10.135,31.915,10.8,11.6,40.611,10.907,12.255,35.016,9.326,Mix_LargePct50EMA_PctAbove200EMA_SmallPct200EMA,75,Risk-off
2022-03-08,17.18,15.339,39.211,2.708,-0.378,-3.226,2.696,0,263.0,574.0,22,152,42.857,29.293,24.49,44.211,16.667,14.865,35.461,17.6,16.0,43.231,15.984,14.356,38.28,12.83,Mix_LargePct50EMA_PctAbove200EMA_SmallPct200EMA,75,Risk-off
2022-03-09,28.796,21.06,45.025,13.694,5.291,2.547,5.73,1,571.0,447.0,23,87,100.0,38.384,28.571,45.263,29.333,18.121,39.716,29.6,24.0,50.218,27.6,20.039,44.528,18.27,Mix_LargePct50EMA_PctAbove200EMA_SmallPct200EMA,75,Risk-off
2022-03-10,39.765,25.529,47.605,19.961,7.577,3.448,4.32,0,752.0,80.0,26,44,0.0,46.465,35.714,51.579,42.0,24.832,41.135,38.8,26.0,51.965,39.029,24.532,47.109,21.984,Mix_LargePct50EMA_PctAbove200EMA_SmallPct200EMA,75,Risk-off
2022-03-11,47.969,30.443,49.535,32.745,15.151,8.173,2.039,3,758.0,66.0,25,41,0.0,52.525,36.735,53.684,50.667,29.53,43.262,48.8,31.6,53.509,46.933,29.684,49.089,23.933,Mix_LargePct50EMA_PctAbove200EMA_SmallPct200EMA,75,Risk-off
2022-03-14,47.43,32.546,51.178,35.826,20.343,15.146,1.899,4,564.0,101.0,30,40,42.857,57.576,42.857,54.737,46.0,26.667,43.972,46.8,33.2,55.263,46.821,32.261,50.907,27.214,Mix_LargePct50EMA_PctAbove200EMA_SmallPct200EMA,75,Risk-off
2022-03-15,38.431,29.09,47.963,21.251,13.751,8.751,0.613,-1,419.0,198.0,33,35,60.0,42.424,33.673,52.632,38.0,26.0,43.262,42.4,33.6,51.739,37.148,27.996,47.267,21.552,Mix_LargePct50EMA_PctAbove200EMA_SmallPct200EMA,75,Risk-off
2022-03-16,52.673,35.837,52.463,23.877,14.777,7.437,9.293,0,396.0,206.0,58,23,61.538,66.0,49.495,57.292,57.333,36.242,45.39,50.8,37.2,55.895,51.161,34.118,52.193,30.878,Mix_LargePct50EMA_PctAbove200EMA_SmallPct200EMA,75,Risk-off
2022-03-17,62.085,43.017,55.492,22.32,17.488,7.887,3.348,4,406.0,196.0,51,18,58.333,81.0,55.556,67.708,72.0,42.953,48.592,58.0,41.6,55.702,59.807,42.157,55.235,40.057,Mix_LargePct50EMA_PctAbove200EMA_SmallPct200EMA,75,Defensive
2022-03-21,57.727,41.667,54.28,9.759,11.223,4.745,0.708,6,448.0,132.0,47,24,37.5,63.0,45.455,57.292,60.667,40.94,48.592,59.2,44.0,56.828,56.442,40.838,54.216,31.187,Mix_LargePct50EMA_PctAbove200EMA_SmallPct200EMA,75,Risk-off
2022-03-22,57.757,42.819,54.604,10.327,10.274,3.426,2.684,7,381.0,143.0,52,22,45.455,75.0,54.545,59.375,60.667,42.282,47.887,60.0,45.6,57.018,55.126,41.078,54.545,39.872,Mix_LargePct50EMA_PctAbove200EMA_SmallPct200EMA,75,Defensive
2022-03-23,55.664,41.738,54.526,17.233,12.648,6.563,1.299,7,297.0,157.0,52,25,39.286,70.0,56.566,60.417,58.667,42.953,46.479,60.4,45.2,58.333,52.703,39.275,54.216,36.467,Mix_LargePct50EMA_PctAbove200EMA_SmallPct200EMA,75,Defensive
2022-03-24,54.534,42.414,54.351,1.861,6.578,1.888,1.34,4,278.0,141.0,70,21,32.353,74.0,59.596,60.417,58.0,42.282,45.07,60.4,46.4,56.522,50.726,39.784,54.604,36.997,Mix_LargePct50EMA_PctAbove200EMA_SmallPct200EMA,75,Defensive
2022-03-25,49.348,40.487,53.034,-12.737,-2.53,-2.459,0.852,0,253.0,152.0,88,13,39.13,69.0,59.596,62.5,52.0,40.94,48.592,55.6,44.4,56.957,45.551,37.61,51.768,36.331,Mix_LargePct50EMA_PctAbove200EMA_SmallPct200EMA,75,Defensive
2022-03-28,41.829,36.656,51.033,-15.898,-5.011,-3.246,1.723,0,251.0,258.0,80,18,50.0,64.0,57.576,62.5,44.667,36.913,45.455,50.8,43.2,56.087,37.14,33.009,49.465,33.358,Mix_LargePct50EMA_PctAbove200EMA_SmallPct200EMA,75,Risk-off
2022-03-29,43.192,37.813,51.213,-14.565,-5.007,-3.391,2.002,0,280.0,322.0,171,11,32.143,67.0,58.586,63.542,54.0,39.597,48.951,54.4,47.2,58.079,36.618,33.235,48.608,34.986,Mix_LargePct50EMA_PctAbove200EMA_SmallPct200EMA,75,Risk-off
2022-03-30,49.967,42.237,52.996,-5.697,0.499,-1.53,2.085,0,387.0,311.0,121,12,45.833,76.0,58.586,68.75,67.333,51.678,53.472,61.6,51.6,56.769,42.126,36.986,50.375,35.591,Mix_LargePct50EMA_PctAbove200EMA_SmallPct200EMA,75,Defensive
2022-03-31,47.883,42.829,52.316,-6.651,0.415,-2.034,1.128,2,417.0,195.0,112,12,63.636,73.0,58.586,65.625,69.333,53.02,53.472,57.2,50.8,57.205,40.097,37.867,49.572,35.381,Mix_LargePct50EMA_PctAbove200EMA_SmallPct200EMA,75,Defensive
2022-04-01,73.32,52.306,58.446,23.972,11.819,5.413,5.272,2,772.0,97.0,118,8,65.714,88.0,69.697,69.792,88.667,66.443,57.639,80.0,58.4,58.515,68.054,47.059,57.388,51.554,Mix_LargePct50EMA_PctAbove200EMA_SmallPct200EMA,75,Selective
2022-04-04,87.346,65.99,63.105,45.517,29.334,12.072,9.458,4,916.0,62.0,133,8,71.429,91.0,77.778,72.917,96.0,75.839,59.722,87.6,67.2,63.319,85.687,63.132,62.567,61.658,Mix_LargePct50EMA_PctAbove200EMA_SmallPct200EMA,75,Selective
2022-04-05,91.857,74.868,66.952,48.664,37.056,15.739,1.525,4,1076.0,37.0,165,7,60.0,93.0,81.818,73.958,98.0,81.208,61.538,91.6,77.6,65.217,90.918,72.603,67.487,71.873,Mix_LargePct50EMA_PctAbove200EMA_SmallPct200EMA,75,Constructive
2022-04-06,91.792,78.75,68.519,41.824,36.513,15.523,1.635,8,810.0,48.0,270,5,82.353,89.0,80.808,73.958,95.333,77.181,61.538,88.8,78.8,65.652,92.271,78.767,69.733,71.7,Mix_LargePct50EMA_PctAbove200EMA_SmallPct200EMA,75,Constructive
2022-04-07,88.346,76.2,68.826,40.464,33.371,16.509,0.613,5,624.0,125.0,219,6,56.0,81.0,74.747,76.042,92.667,76.51,63.636,85.2,76.0,64.348,89.189,76.344,69.979,67.012,Mix_LargePct50EMA_PctAbove200EMA_SmallPct200EMA,75,Constructive
2022-04-08,91.336,80.079,70.534,18.015,27.773,12.088,3.558,5,507.0,130.0,180,6,64.8,83.838,77.551,77.083,96.667,83.221,65.734,88.4,78.0,64.935,91.988,80.371,71.979,69.763,Mix_LargePct50EMA_PctAbove200EMA_SmallPct200EMA,75,Constructive
2022-04-11,90.538,81.164,71.815,3.192,15.175,8.71,1.322,6,466.0,141.0,183,5,52.525,83.838,79.592,76.042,95.333,81.208,65.734,88.8,78.4,64.502,90.9,81.977,74.118,71.157,Mix_LargePct50EMA_PctAbove200EMA_SmallPct200EMA,75,Constructive
2022-04-12,80.519,72.346,69.34,-11.337,-2.522,2.388,0.404,5,402.0,161.0,137,7,40.0,67.677,67.347,72.917,80.0,73.154,65.278,75.904,69.478,64.069,82.917,73.398,70.896,57.945,Mix_LargePct50EMA_PctAbove200EMA_SmallPct200EMA,75,Selective
2022-04-13,80.221,74.196,70.263,-11.57,-4.554,1.744,1.172,9,407.0,159.0,149,5,35.714,64.646,66.327,71.875,80.0,74.497,66.667,75.502,70.683,63.636,82.868,75.755,72.281,57.501,Mix_LargePct50EMA_PctAbove200EMA_SmallPct200EMA,75,Selective
2022-04-18,68.503,66.95,66.879,-19.843,-9.25,-1.946,0.749,9,382.0,240.0,181,6,40.541,53.535,59.184,64.583,63.333,66.443,61.111,66.265,65.863,62.338,71.196,68.019,69.116,50.555,Mix_LargePct50EMA_PctAbove200EMA_SmallPct200EMA,75,Selective
2022-04-19,58.934,59.62,63.926,-32.401,-20.458,-6.608,0.455,5,393.0,290.0,137,5,45.946,42.424,54.082,60.417,48.667,55.034,55.556,55.422,58.233,61.905,62.824,61.143,66.064,46.644,Mix_LargePct50EMA_PctAbove200EMA_SmallPct200EMA,75,Defensive
2022-04-20,59.206,60.249,64.94,-31.332,-20.915,-6.875,1.825,5,344.0,320.0,129,6,26.829,49.0,56.566,63.918,57.718,60.811,58.741,59.839,60.643,61.039,60.25,60.427,66.951,47.582,Mix_LargePct50EMA_PctAbove200EMA_SmallPct200EMA,75,Defensive
2022-04-21,70.779,69.588,68.014,-9.74,-2.758,-1.326,5.592,5,397.0,232.0,155,7,30.952,58.0,67.677,69.072,69.799,73.649,62.937,69.6,66.265,63.636,72.43,69.99,69.755,57.39,Mix_LargePct50EMA_PctAbove200EMA_SmallPct200EMA,75,Selective
2022-04-22,65.085,65.576,66.738,-15.137,-8.62,-3.525,0.672,5,400.0,133.0,157,3,50.0,48.0,59.0,68.041,58.389,63.514,58.042,65.2,66.265,64.348,67.661,66.343,68.511,56.674,Mix_LargePct50EMA_PctAbove200EMA_SmallPct200EMA,75,Selective
2022-04-25,44.942,53.46,61.942,-23.561,-13.49,-4.938,0.381,4,345.0,347.0,135,7,36.364,25.0,45.0,63.918,44.966,50.676,56.944,47.6,55.823,60.699,46.213,54.106,62.806,41.932,Mix_LargePct50EMA_PctAbove200EMA_SmallPct200EMA,75,Defensive
2022-04-26,51.688,57.489,64.448,-7.246,-2.132,0.521,3.782,6,296.0,356.0,136,8,23.333,43.0,56.0,65.306,55.333,58.784,60.14,52.4,60.8,62.174,51.827,56.644,65.569,48.1,Mix_LargePct50EMA_PctAbove200EMA_SmallPct200EMA,75,Defensive
2022-04-27,41.856,51.243,61.898,-17.35,-9.005,-3.042,0.696,4,286.0,409.0,138,8,34.615,32.0,49.0,64.286,44.0,54.362,57.343,48.0,55.823,62.338,41.018,49.903,62.234,44.806,Mix_LargePct50EMA_PctAbove200EMA_SmallPct200EMA,75,Defensive
2022-04-28,44.495,52.614,61.74,-26.284,-16.974,-6.274,1.942,3,329.0,215.0,155,4,60.0,51.0,57.0,66.327,52.0,55.705,59.722,52.61,58.468,61.135,40.861,50.339,61.718,46.805,Mix_LargePct50EMA_PctAbove200EMA_SmallPct200EMA,75,Defensive
2022-04-29,36.535,46.3,59.731,-28.55,-19.276,-7.007,0.441,3,248.0,294.0,132,5,38.095,38.0,47.0,62.887,44.0,49.664,57.241,44.177,50.403,59.13,33.493,44.757,59.936,40.489,Mix_LargePct50EMA_PctAbove200EMA_SmallPct200EMA,75,Defensive
2022-05-02,30.665,41.9,57.82,-14.277,-11.56,-4.122,0.782,5,247.0,300.0,113,8,33.333,37.0,47.0,59.184,34.667,43.624,55.556,36.546,50.602,58.696,28.095,39.076,57.811,39.156,Mix_LargePct50EMA_PctAbove200EMA_SmallPct200EMA,75,Defensive
2022-05-04,18.523,29.83,50.389,-33.165,-27.658,-14.058,0.144,2,174.0,572.0,93,9,16.667,23.0,36.0,50.515,20.667,30.201,46.207,25.301,40.161,56.087,16.172,26.692,49.628,25.512,Mix_LargePct50EMA_PctAbove200EMA_SmallPct200EMA,75,Risk-off
2022-05-05,18.211,30.307,48.515,-23.645,-20.936,-13.383,1.046,2,193.0,534.0,63,16,20.0,18.0,37.0,46.392,20.0,34.228,45.517,23.293,38.956,54.348,16.762,27.009,47.771,23.982,Mix_LargePct50EMA_PctAbove200EMA_SmallPct200EMA,75,Risk-off
2022-05-06,12.314,22.157,42.564,-32.181,-30.458,-19.176,0.247,1,150.0,671.0,45,25,9.091,17.0,27.0,44.33,11.333,23.49,40.69,14.458,27.711,46.087,11.494,20.155,41.809,15.976,Mix_LargePct50EMA_PctAbove200EMA_SmallPct200EMA,75,Risk-off
2022-05-09,10.875,18.819,39.081,-25.66,-27.481,-20.65,0.402,0,172.0,571.0,37,38,33.333,13.0,17.0,41.237,8.667,18.792,37.241,10.442,22.49,42.857,11.09,18.121,38.217,11.165,Mix_LargePct50EMA_PctAbove200EMA_SmallPct200EMA,75,Risk-off
2022-05-10,6.839,13.616,34.602,-23.826,-28.284,-23.218,0.347,-2,116.0,842.0,29,82,60.0,10.0,19.0,37.113,6.667,13.423,34.247,6.024,15.663,38.528,6.755,12.633,33.439,8.562,Mix_LargePct50EMA_PctAbove200EMA_SmallPct200EMA,75,Risk-off
2022-05-11,4.704,8.854,28.612,-13.82,-20.976,-21.778,0.626,-3,123.0,1054.0,18,126,42.857,6.0,16.0,34.021,6.667,11.409,31.507,3.614,11.647,31.169,4.558,7.129,26.984,4.972,Mix_LargePct50EMA_PctAbove200EMA_SmallPct200EMA,75,Risk-off
2022-05-12,3.282,6.25,24.383,-14.929,-24.057,-24.131,0.142,-3,112.0,1219.0,15,213,0.0,3.0,11.0,27.835,4.0,9.396,26.712,2.811,8.032,29.004,3.318,4.913,22.54,3.158,Mix_LargePct50EMA_PctAbove200EMA_SmallPct200EMA,75,Risk-off
2022-05-13,5.981,8.724,27.676,-6.333,-13.433,-14.888,1.286,0,372.0,928.0,14,173,50.0,8.0,15.0,33.673,10.667,10.738,30.137,4.4,11.647,32.468,5.498,7.129,25.503,4.799,Mix_LargePct50EMA_PctAbove200EMA_SmallPct200EMA,75,Risk-off
2022-05-16,10.719,13.125,30.141,-0.156,-5.694,-8.94,3.677,1,577.0,520.0,18,108,50.0,17.0,21.0,38.776,17.333,20.134,34.932,9.6,14.859,34.632,9.452,10.951,27.407,6.662,Mix_LargePct50EMA_PctAbove200EMA_SmallPct200EMA,75,Risk-off
2022-05-17,20.437,19.323,36.217,13.598,5.708,1.615,15.0,1,1031.0,123.0,21,71,0.0,30.0,29.0,41.837,27.333,25.503,39.31,22.4,23.695,39.655,18.087,16.458,34.319,11.769,Mix_LargePct50EMA_PctAbove200EMA_SmallPct200EMA,75,Risk-off
2022-05-18,25.9,21.601,37.623,21.196,12.746,9.011,1.091,1,925.0,114.0,21,56,50.0,30.0,29.0,46.939,30.667,29.53,42.759,26.8,24.9,39.224,24.621,18.961,35.48,12.114,Mix_LargePct50EMA_PctAbove200EMA_SmallPct200EMA,75,Risk-off
2022-05-19,15.187,16.428,33.029,11.905,10.178,8.645,0.179,0,727.0,415.0,21,70,100.0,17.0,22.0,37.755,17.333,20.805,37.931,20.4,21.285,37.069,13.472,14.093,30.802,8.278,Mix_LargePct50EMA_PctAbove200EMA_SmallPct200EMA,75,Risk-off
2022-05-20,28.773,22.707,37.675,22.793,13.983,9.999,10.769,2,527.0,421.0,23,50,50.0,30.303,33.333,45.361,32.0,30.201,42.466,36.8,28.916,41.379,26.276,19.135,35.257,13.583,Mix_LargePct50EMA_PctAbove200EMA_SmallPct200EMA,75,Risk-off
2022-05-23,27.785,22.438,36.434,17.066,9.313,6.293,0.833,2,428.0,530.0,19,87,28.571,32.323,32.323,46.392,30.201,27.027,40.69,32.4,27.309,39.655,25.94,19.694,33.996,12.682,Mix_LargePct50EMA_PctAbove200EMA_SmallPct200EMA,75,Risk-off
2022-05-24,20.823,17.892,32.517,0.386,-1.431,-3.699,0.54,0,425.0,381.0,14,107,33.333,29.293,32.323,44.33,23.49,18.919,36.552,26.4,22.088,36.207,18.336,15.37,29.812,10.486,Mix_LargePct50EMA_PctAbove200EMA_SmallPct200EMA,75,Risk-off
2022-05-25,12.17,12.581,26.769,-13.73,-9.019,-10.854,0.275,0,157.0,854.0,13,134,33.333,23.232,24.242,40.206,14.765,16.892,31.034,14.4,16.867,31.33,10.237,9.827,23.634,5.946,Mix_LargePct50EMA_PctAbove200EMA_SmallPct200EMA,75,Risk-off
2022-05-26,15.469,14.629,27.844,0.282,-1.798,-5.185,2.711,0,200.0,788.0,11,137,36.364,30.303,29.293,43.299,24.832,23.649,33.793,18.4,16.867,33.19,12.075,11.42,24.088,7.871,Mix_LargePct50EMA_PctAbove200EMA_SmallPct200EMA,75,Risk-off
2022-05-27,22.894,17.969,30.174,-5.879,-4.738,-7.501,3.401,0,361.0,617.0,8,92,66.667,38.384,32.323,45.361,30.201,26.351,35.172,27.2,21.687,34.483,19.395,14.519,26.847,9.376,Mix_LargePct50EMA_PctAbove200EMA_SmallPct200EMA,75,Risk-off
2022-05-30,38.821,23.995,34.399,11.036,1.556,-2.035,6.321,-1,635.0,163.0,9,69,66.667,61.224,41.837,46.875,51.678,31.081,42.069,43.6,29.719,37.339,33.835,19.962,31.295,13.743,Mix_LargePct50EMA_PctAbove200EMA_SmallPct200EMA,75,Risk-off
2022-05-31,42.894,26.906,36.186,22.071,9.014,3.669,1.13,1,670.0,150.0,8,54,75.0,58.163,43.878,46.875,55.705,37.838,42.069,44.8,34.538,39.655,39.225,21.923,33.402,15.63,Mix_LargePct50EMA_PctAbove200EMA_SmallPct200EMA,75,Risk-off
2022-06-01,44.337,28.143,37.3,32.167,15.562,10.53,1.044,0,597.0,156.0,14,53,80.0,55.102,41.837,50.0,53.691,37.162,39.31,53.2,36.948,43.103,39.924,23.462,34.336,16.186,Mix_LargePct50EMA_PctAbove200EMA_SmallPct200EMA,75,Risk-off
2022-06-02,52.059,32.378,39.291,36.591,17.748,11.447,1.944,2,450.0,141.0,18,37,75.0,59.184,39.796,48.958,62.416,41.216,43.448,57.028,42.339,42.857,48.771,28.05,36.853,16.445,Mix_LargePct50EMA_PctAbove200EMA_SmallPct200EMA,75,Risk-off
2022-06-03,46.406,29.026,37.248,23.512,11.057,7.074,0.455,1,340.0,142.0,19,41,27.273,44.444,30.612,43.75,49.664,35.135,41.379,51.406,39.516,40.948,44.958,25.526,35.093,12.707,Mix_LargePct50EMA_PctAbove200EMA_SmallPct200EMA,75,Risk-off
2022-06-06,42.391,28.257,35.62,3.57,4.262,1.221,0.886,1,277.0,154.0,24,32,42.857,42.857,31.959,43.158,42.0,31.757,39.31,49.799,37.5,39.316,40.675,25.238,33.437,12.016,Mix_LargePct50EMA_PctAbove200EMA_SmallPct200EMA,75,Risk-off
2022-06-07,32.843,25.178,34.072,-10.051,-1.727,-2.114,0.655,1,177.0,179.0,27,22,16.667,33.673,31.959,44.211,32.0,25.676,34.483,39.357,35.887,40.0,31.362,21.947,31.579,11.67,Mix_LargePct50EMA_PctAbove200EMA_SmallPct200EMA,75,Risk-off
2022-06-08,32.436,25.065,33.633,-11.901,-3.078,-3.667,0.895,-1,188.0,144.0,42,21,25.0,36.735,31.959,44.211,30.667,26.846,33.562,40.562,32.258,38.559,30.386,22.467,31.405,11.14,Mix_LargePct50EMA_PctAbove200EMA_SmallPct200EMA,75,Risk-off
2022-06-09,35.173,25.584,34.626,-16.886,-6.793,-4.665,2.318,2,202.0,114.0,63,16,37.5,46.939,35.052,43.158,39.597,27.703,39.31,37.349,31.855,37.712,32.957,22.923,32.335,12.176,Mix_LargePct50EMA_PctAbove200EMA_SmallPct200EMA,75,Risk-off
2022-06-10,29.193,23.56,32.757,-17.212,-5.466,-4.491,0.389,3,204.0,110.0,80,16,20.0,30.303,28.571,39.583,27.703,27.891,39.583,30.645,27.935,37.021,28.96,21.462,30.041,9.721,Mix_LargePct50EMA_PctAbove200EMA_SmallPct200EMA,75,Risk-off
2022-06-13,13.72,14.848,26.414,-28.671,-13.408,-9.206,0.058,1,165.0,606.0,42,18,38.462,13.0,21.429,32.292,14.189,18.367,31.25,13.71,15.385,32.34,13.725,13.623,23.692,5.305,Mix_LargePct50EMA_PctAbove200EMA_SmallPct200EMA,75,Risk-off
2022-06-14,13.436,14.045,26.0,-19.407,-11.133,-8.072,0.846,2,148.0,650.0,35,19,10.0,11.0,21.429,32.292,13.514,15.646,27.083,12.551,15.854,30.342,13.858,12.713,24.18,4.947,Mix_LargePct50EMA_PctAbove200EMA_SmallPct200EMA,75,Risk-off
2022-06-15,15.951,15.415,27.122,-16.485,-9.65,-6.511,1.261,2,180.0,644.0,28,29,14.286,15.0,20.408,33.333,10.811,16.327,29.861,19.028,19.512,32.479,16.041,13.865,24.821,5.403,Mix_LargePct50EMA_PctAbove200EMA_SmallPct200EMA,75,Risk-off
2022-06-16,8.264,9.397,20.802,-26.909,-16.187,-13.824,0.07,-1,172.0,599.0,18,52,25.0,7.071,11.34,26.316,6.081,8.844,22.222,10.484,11.382,25.641,8.161,8.832,18.891,2.208,Mix_LargePct50EMA_PctAbove200EMA_SmallPct200EMA,75,Risk-off
2022-06-17,8.685,9.308,19.876,-20.509,-14.252,-12.882,0.582,-2,163.0,696.0,22,44,50.0,4.0,8.163,25.0,6.803,8.219,21.678,10.081,11.382,25.532,9.057,9.082,17.744,1.974,Mix_LargePct50EMA_PctAbove200EMA_SmallPct200EMA,75,Risk-off
2022-06-20,5.34,6.053,14.414,-8.38,-8.795,-12.0,0.433,-5,100.0,1325.0,14,142,25.0,3.0,5.102,17.708,4.73,4.795,16.084,5.242,6.911,19.831,5.664,6.115,12.526,0.716,Mix_LargePct50EMA_PctAbove200EMA_SmallPct200EMA,75,Risk-off
2022-06-21,11.132,9.91,18.759,-2.303,-4.135,-7.241,15.0,-1,625.0,864.0,16,51,0.0,14.0,14.286,21.875,12.838,9.589,20.979,11.694,11.741,24.051,10.502,9.125,16.838,2.122,Mix_LargePct50EMA_PctAbove200EMA_SmallPct200EMA,75,Risk-off
2022-06-22,9.472,9.266,17.712,-6.479,-6.148,-9.41,0.278,-3,623.0,833.0,15,53,66.667,7.0,13.265,20.833,7.432,8.219,19.58,11.29,11.336,23.95,9.564,8.561,15.606,1.776,Mix_LargePct50EMA_PctAbove200EMA_SmallPct200EMA,75,Risk-off
2022-06-23,15.736,11.61,19.215,7.472,2.213,-1.587,3.979,-1,742.0,203.0,23,26,100.0,23.0,18.367,22.917,14.765,10.959,20.979,19.758,15.385,27.004,14.272,10.206,16.701,3.084,Mix_LargePct50EMA_PctAbove200EMA_SmallPct200EMA,75,Risk-off
2022-06-24,26.095,16.496,22.897,17.411,7.187,3.021,5.254,-1,443.0,192.0,27,19,0.0,33.0,26.531,29.167,30.201,15.753,25.175,31.727,20.648,30.802,23.584,14.714,20.021,5.909,Mix_LargePct50EMA_PctAbove200EMA_SmallPct200EMA,75,Risk-off
2022-06-27,40.19,21.309,25.241,34.85,15.257,10.828,4.036,-3,605.0,80.0,26,16,100.0,44.0,25.51,32.292,44.295,22.603,27.273,46.586,27.935,33.613,37.79,19.213,22.199,6.563,Mix_LargePct50EMA_PctAbove200EMA_SmallPct200EMA,75,Risk-off
2022-06-28,44.819,24.244,26.708,33.687,14.334,7.949,1.712,-2,594.0,79.0,23,15,87.5,48.0,26.531,33.333,45.638,23.973,27.273,48.4,31.174,35.021,43.575,22.462,23.947,7.464,Mix_LargePct50EMA_PctAbove200EMA_SmallPct200EMA,75,Risk-off
2022-06-29,42.222,24.085,26.602,32.75,14.818,8.89,0.813,1,433.0,110.0,24,17,63.636,43.0,27.273,32.99,42.953,29.655,30.282,46.0,30.769,33.755,41.171,21.482,23.692,7.303,Mix_LargePct50EMA_PctAbove200EMA_SmallPct200EMA,75,Risk-off
2022-06-30,36.254,22.8,25.604,20.518,11.19,6.389,0.527,2,287.0,157.0,24,28,45.455,34.0,26.263,29.897,28.0,24.828,24.476,44.0,31.579,34.468,35.814,20.169,23.203,6.995,Mix_LargePct50EMA_PctAbove200EMA_SmallPct200EMA,75,Risk-off
2022-07-01,38.935,23.028,24.983,12.839,6.532,2.086,1.143,2,239.0,165.0,23,29,55.0,40.0,23.232,28.866,44.0,26.897,28.671,41.2,31.579,33.051,37.604,20.506,22.108,5.527,Mix_LargePct50EMA_PctAbove200EMA_SmallPct200EMA,75,Risk-off
2022-07-04,48.481,27.721,26.96,8.291,6.411,1.719,2.493,2,292.0,140.0,22,21,61.905,41.0,25.253,31.959,56.0,32.414,30.282,52.4,32.794,34.599,47.222,26.144,24.131,7.044,Mix_LargePct50EMA_PctAbove200EMA_SmallPct200EMA,75,Risk-off
2022-07-05,50.635,29.14,28.247,5.816,4.896,1.539,0.978,3,310.0,107.0,20,18,55.556,41.0,25.253,34.021,58.667,34.483,30.282,52.4,36.032,35.443,50.0,27.179,25.638,7.501,Mix_LargePct50EMA_PctAbove200EMA_SmallPct200EMA,75,Risk-off
2022-07-06,55.992,34.06,30.22,13.77,9.976,3.617,3.196,0,338.0,103.0,22,23,48.148,54.0,33.333,38.776,68.667,43.836,35.461,58.8,42.276,37.553,53.76,30.899,26.837,10.252,Mix_LargePct50EMA_PctAbove200EMA_SmallPct200EMA,75,Risk-off
2022-07-07,68.778,41.357,32.601,32.524,18.557,6.997,3.404,1,361.0,103.0,22,18,81.25,67.0,39.394,39.796,80.0,48.63,39.716,71.6,50.407,38.559,66.728,38.469,29.43,12.744,Mix_LargePct50EMA_PctAbove200EMA_SmallPct200EMA,75,Risk-off
2022-07-08,69.778,44.031,33.058,30.843,21.003,8.076,2.258,1,375.0,93.0,26,21,81.481,67.0,45.455,42.857,78.667,51.37,38.298,72.4,51.22,41.525,68.186,41.237,29.286,15.507,Mix_LargePct50EMA_PctAbove200EMA_SmallPct200EMA,75,Risk-off
2022-07-11,74.351,48.912,35.44,25.87,21.191,8.479,2.208,1,424.0,79.0,28,14,60.0,69.0,47.475,39.796,82.667,57.534,47.518,84.0,56.504,44.068,71.455,46.125,31.193,17.74,Mix_LargePct50EMA_PctAbove200EMA_SmallPct200EMA,75,Risk-off
2022-07-12,71.166,46.252,34.499,20.532,17.112,6.252,0.561,0,346.0,79.0,46,12,48.214,62.0,41.414,37.755,75.333,53.741,41.549,78.8,55.918,45.106,69.666,43.458,30.621,15.63,Mix_LargePct50EMA_PctAbove200EMA_SmallPct200EMA,75,Risk-off
2022-07-13,69.518,47.726,34.407,13.526,13.666,4.187,0.96,1,342.0,94.0,38,13,47.368,60.0,42.424,38.776,77.333,57.143,42.254,77.2,57.143,43.404,67.532,44.766,30.691,15.297,Mix_LargePct50EMA_PctAbove200EMA_SmallPct200EMA,75,Risk-off
2022-07-14,61.407,43.177,33.79,-7.371,1.82,1.189,0.75,0,239.0,134.0,36,12,31.522,61.0,43.434,40.816,67.333,49.324,44.056,70.8,52.869,43.162,58.442,40.093,29.37,15.396,Mix_LargePct50EMA_PctAbove200EMA_SmallPct200EMA,75,Risk-off
2022-07-15,62.571,45.455,34.521,-7.207,1.424,1.462,1.515,0,243.0,135.0,64,11,38.806,60.0,47.475,41.837,72.0,54.73,47.552,70.0,57.551,43.59,59.778,41.215,29.746,17.222,Mix_LargePct50EMA_PctAbove200EMA_SmallPct200EMA,75,Risk-off
2022-07-18,75.363,55.421,37.945,1.012,6.509,2.506,5.288,0,326.0,120.0,102,8,62.5,74.0,56.566,47.959,85.333,65.541,50.35,79.2,65.447,47.009,73.223,51.628,32.995,23.291,Mix_LargePct50EMA_PctAbove200EMA_SmallPct200EMA,75,Risk-off
2022-07-19,78.924,59.233,40.959,7.758,12.981,6.46,2.977,1,409.0,71.0,197,4,60.976,77.0,58.586,47.959,88.0,70.27,50.35,84.4,66.667,49.362,76.574,56.063,36.89,26.129,Mix_LargePct50EMA_PctAbove200EMA_SmallPct200EMA,75,Risk-off
2022-07-20,82.141,63.747,42.877,12.622,16.021,8.47,2.442,0,417.0,73.0,116,3,50.877,87.0,62.626,48.98,87.333,73.649,50.35,88.8,72.764,51.915,79.425,60.411,39.024,30.138,Mix_LargePct50EMA_PctAbove200EMA_SmallPct200EMA,75,Risk-off
2022-07-21,83.734,67.093,44.932,22.327,23.915,11.141,3.926,2,348.0,70.0,154,2,67.164,88.0,67.677,50.0,91.333,78.912,53.521,90.0,74.899,55.932,80.833,63.619,40.549,36.886,Mix_LargePct50EMA_PctAbove200EMA_SmallPct200EMA,75,Defensive
2022-07-22,83.333,69.162,46.881,20.762,23.707,12.361,1.652,2,310.0,85.0,152,3,64.384,87.0,65.657,51.02,90.0,76.19,57.042,90.0,77.419,56.303,80.519,66.604,42.712,36.936,Mix_LargePct50EMA_PctAbove200EMA_SmallPct200EMA,75,Defensive
2022-07-25,77.525,63.439,46.348,2.162,8.019,8.403,0.799,2,306.0,106.0,115,4,59.06,82.0,65.0,48.98,82.0,72.789,55.634,81.2,70.161,54.852,75.646,60.465,42.713,35.443,Mix_LargePct50EMA_PctAbove200EMA_SmallPct200EMA,75,Defensive
2022-07-26,64.051,56.066,42.886,-14.873,-3.167,1.928,0.513,1,255.0,175.0,81,6,30.719,68.0,60.0,46.939,72.0,67.347,51.408,66.8,61.694,51.477,61.944,52.848,39.188,28.621,Mix_LargePct50EMA_PctAbove200EMA_SmallPct200EMA,75,Risk-off
2022-07-27,66.161,57.435,44.983,-15.98,-6.312,2.106,2.954,1,250.0,172.0,79,7,30.303,74.0,65.0,52.041,80.0,72.789,54.93,68.8,63.71,51.477,62.905,53.172,41.296,32.963,Mix_LargePct50EMA_PctAbove200EMA_SmallPct200EMA,75,Risk-off
2022-07-28,69.343,62.117,46.489,-14.392,-4.975,1.558,3.752,1,256.0,162.0,84,4,38.095,84.0,73.0,56.122,78.0,76.19,57.042,72.4,69.355,51.899,66.081,57.502,42.727,38.737,Mix_LargePct50EMA_PctAbove200EMA_SmallPct200EMA,75,Defensive
2022-07-29,76.675,67.134,49.625,-6.658,-2.028,2.744,5.185,-1,339.0,99.0,91,3,64.286,88.0,79.0,63.265,88.0,79.054,61.538,80.0,74.089,58.898,73.29,62.791,44.343,47.644,Mix_LargePct50EMA_PctAbove200EMA_SmallPct200EMA,75,Defensive
2022-08-01,82.965,74.476,53.61,5.44,11.037,7.262,5.658,3,462.0,105.0,118,2,74.627,91.0,83.0,64.286,88.667,87.248,64.336,84.4,79.032,59.494,81.106,70.872,49.596,53.417,Mix_LargePct50EMA_PctAbove200EMA_SmallPct200EMA,75,Selective
2022-08-02,83.808,77.721,54.434,19.757,21.655,11.547,1.853,0,499.0,105.0,112,1,81.443,90.0,81.0,63.265,84.667,85.906,62.937,84.8,83.468,61.181,82.886,74.953,50.709,53.368,Mix_LargePct50EMA_PctAbove200EMA_SmallPct200EMA,75,Selective
2022-08-03,77.644,72.565,52.491,11.483,15.131,7.509,0.801,3,425.0,145.0,105,2,59.884,91.0,83.0,65.306,78.667,79.054,56.338,78.0,78.313,61.345,76.182,69.367,48.531,53.701,Mix_LargePct50EMA_PctAbove200EMA_SmallPct200EMA,75,Selective
2022-08-04,72.584,70.984,52.248,3.241,8.867,5.759,1.474,3,292.0,156.0,102,0,45.413,87.0,84.0,66.327,78.0,77.852,57.042,74.4,78.313,61.345,70.083,67.131,47.98,54.059,Mix_LargePct50EMA_PctAbove200EMA_SmallPct200EMA,75,Selective
2022-08-05,73.941,72.363,53.683,-2.735,5.23,4.058,1.27,1,274.0,145.0,85,1,36.548,87.0,81.0,63.265,76.667,79.195,59.441,72.0,75.904,61.603,72.803,69.796,50.0,53.183,Mix_LargePct50EMA_PctAbove200EMA_SmallPct200EMA,75,Selective
2022-08-08,74.905,72.071,54.626,-8.06,-2.405,1.015,2.051,1,329.0,118.0,104,3,51.402,88.0,80.0,65.306,78.0,78.0,61.111,73.6,74.194,62.288,73.573,70.028,50.806,58.66,Mix_LargePct50EMA_PctAbove200EMA_SmallPct200EMA,75,Selective
2022-08-10,68.434,69.202,53.637,-15.373,-8.52,-0.797,1.3,2,345.0,192.0,90,3,40.87,89.0,81.0,64.286,73.333,76.667,58.333,65.6,71.084,61.017,66.513,66.636,50.151,52.714,Mix_LargePct50EMA_PctAbove200EMA_SmallPct200EMA,75,Selective
2022-08-11,67.362,69.587,54.223,-10.282,-2.978,1.732,2.553,1,340.0,216.0,98,4,48.889,90.0,86.0,64.286,74.667,78.0,63.194,66.8,73.494,62.128,64.385,65.985,50.05,57.081,Mix_LargePct50EMA_PctAbove200EMA_SmallPct200EMA,75,Selective
2022-08-12,68.71,68.928,54.292,-3.873,-2.056,2.044,1.927,1,303.0,233.0,93,5,54.167,90.0,88.0,67.347,78.0,78.0,63.194,65.2,72.8,60.851,66.266,64.995,50.151,56.871,Mix_LargePct50EMA_PctAbove200EMA_SmallPct200EMA,75,Selective
2022-08-16,69.628,70.145,56.56,-4.312,-2.218,2.877,4.609,2,355.0,191.0,126,5,50.588,94.0,93.0,70.408,80.667,80.667,67.361,69.6,75.6,62.553,65.869,65.31,52.213,65.655,Mix_LargePct50EMA_PctAbove200EMA_SmallPct200EMA,75,Constructive
2022-08-17,73.249,74.034,58.792,-1.656,1.963,4.166,3.158,5,378.0,178.0,132,6,73.81,96.0,97.0,74.49,84.667,83.333,70.833,73.2,78.8,64.681,69.585,69.509,54.116,73.822,Mix_LargePct50EMA_PctAbove200EMA_SmallPct200EMA,75,Constructive
2022-08-18,74.069,74.794,59.742,5.635,5.593,6.105,1.385,2,428.0,135.0,121,6,65.789,95.0,93.0,73.469,83.333,83.333,69.231,75.6,78.8,66.525,70.507,70.992,55.422,75.043,Mix_LargePct50EMA_PctAbove200EMA_SmallPct200EMA,75,Constructive
2022-08-19,68.789,72.198,58.345,1.427,2.61,4.121,0.507,2,348.0,97.0,104,9,43.119,86.0,91.0,70.707,74.667,76.667,66.197,68.8,76.0,65.678,66.39,68.953,54.263,73.168,Mix_LargePct50EMA_PctAbove200EMA_SmallPct200EMA,75,Constructive
2022-08-22,53.812,64.367,55.149,-14.898,-4.561,0.857,0.288,3,298.0,148.0,107,12,26.882,61.0,83.0,64.646,52.667,70.0,61.972,54.8,68.8,61.864,53.082,60.833,51.652,60.856,Mix_LargePct50EMA_PctAbove200EMA_SmallPct200EMA,75,Selective
2022-08-23,59.142,66.371,56.601,-10.486,-3.774,0.041,2.175,4,291.0,149.0,112,12,33.981,71.0,84.0,65.657,60.667,72.667,62.676,59.2,72.8,62.288,57.827,62.373,53.5,62.435,Mix_LargePct50EMA_PctAbove200EMA_SmallPct200EMA,75,Selective
2022-08-24,65.426,70.786,58.7,-7.823,-3.248,-0.092,1.767,4,384.0,120.0,123,11,51.667,75.0,83.0,67.347,66.667,76.0,63.38,65.2,74.4,65.823,64.424,68.089,55.5,70.318,Mix_LargePct50EMA_PctAbove200EMA_SmallPct200EMA,75,Constructive
2022-08-25,69.949,73.177,60.434,-4.12,-1.617,0.692,1.046,6,417.0,52.0,122,9,65.625,72.0,84.0,69.388,64.667,75.333,65.035,70.0,76.8,66.949,70.48,71.031,57.357,72.625,Mix_LargePct50EMA_PctAbove200EMA_SmallPct200EMA,75,Constructive
2022-08-26,71.393,74.304,61.84,2.603,2.106,3.496,2.152,2,397.0,54.0,136,8,43.59,75.0,84.0,71.429,70.667,76.667,67.133,72.4,78.0,67.797,70.929,72.222,58.741,73.822,Mix_LargePct50EMA_PctAbove200EMA_SmallPct200EMA,75,Constructive
2022-08-29,60.327,69.557,59.202,6.515,5.19,4.053,0.539,5,318.0,100.0,134,7,33.333,64.0,78.0,69.388,55.333,74.0,63.889,62.4,72.4,65.254,60.202,67.5,56.1,66.593,Mix_LargePct50EMA_PctAbove200EMA_SmallPct200EMA,75,Constructive
2022-08-30,73.535,75.886,63.532,14.392,9.515,6.931,10.359,6,380.0,89.0,148,5,57.692,83.0,84.0,71.429,78.0,79.333,68.531,73.2,77.2,69.198,72.125,74.352,60.7,75.117,Mix_LargePct50EMA_PctAbove200EMA_SmallPct200EMA,75,Constructive
2022-09-01,73.489,76.549,64.257,8.063,5.763,5.557,1.313,7,412.0,108.0,147,6,58.209,78.0,79.798,70.103,72.667,80.0,70.139,74.0,78.8,70.339,73.07,75.254,61.416,72.539,Mix_LargePct50EMA_PctAbove200EMA_SmallPct200EMA,75,Constructive
2022-09-02,70.384,75.206,63.857,0.435,2.029,3.423,0.971,4,445.0,96.0,127,7,73.585,67.0,78.788,70.103,66.667,78.0,68.966,72.8,77.2,68.22,70.653,74.03,61.493,70.849,Mix_LargePct50EMA_PctAbove200EMA_SmallPct200EMA,75,Constructive
2022-09-05,74.435,77.462,66.712,3.042,3.158,4.871,2.668,7,451.0,109.0,135,6,64.444,70.0,77.778,69.072,68.0,78.0,71.034,74.8,79.2,69.915,75.641,76.959,65.109,71.811,Mix_LargePct50EMA_PctAbove200EMA_SmallPct200EMA,75,Constructive
2022-09-06,75.047,78.319,67.003,14.72,8.762,7.802,1.28,4,434.0,120.0,140,8,46.053,76.0,79.798,69.072,71.333,79.333,71.724,74.8,79.6,69.492,75.527,77.747,65.541,73.082,Mix_LargePct50EMA_PctAbove200EMA_SmallPct200EMA,75,Constructive
2022-09-07,78.05,80.645,69.112,4.515,4.759,5.58,1.211,2,483.0,107.0,168,6,58.974,75.0,79.798,70.408,76.667,85.333,73.611,76.8,81.6,71.429,78.807,79.852,67.793,74.414,Mix_LargePct50EMA_PctAbove200EMA_SmallPct200EMA,75,Constructive
2022-09-08,80.465,81.858,70.256,6.976,5.31,5.999,2.011,1,429.0,110.0,170,6,59.77,74.0,81.818,70.408,78.0,84.667,72.917,82.0,86.8,74.37,81.044,80.332,68.887,77.288,Mix_LargePct50EMA_PctAbove200EMA_SmallPct200EMA,75,Constructive
2022-09-09,78.63,81.203,69.892,8.245,5.997,6.035,1.574,3,393.0,116.0,141,7,48.889,82.828,86.735,74.227,76.667,84.667,71.528,78.0,84.8,74.059,78.663,79.39,68.254,79.657,Mix_LargePct50EMA_PctAbove200EMA_SmallPct200EMA,75,Constructive
2022-09-12,82.132,83.712,70.651,7.697,6.25,3.94,3.709,7,384.0,118.0,163,5,51.887,86.869,86.735,73.196,82.667,87.333,74.306,79.6,86.4,75.732,82.208,82.32,68.682,80.36,Mix_LargePct50EMA_PctAbove200EMA_SmallPct200EMA,75,Aggressive
2022-09-13,82.863,83.692,71.85,7.815,5.373,4.846,2.512,10,381.0,131.0,159,3,55.0,92.929,90.816,78.351,85.333,87.333,72.917,82.8,85.2,78.243,81.627,82.196,69.565,82.704,Mix_LargePct50EMA_PctAbove200EMA_SmallPct200EMA,75,Aggressive
2022-09-14,75.91,80.922,70.912,-2.141,0.277,1.8,1.544,10,435.0,108.0,170,1,55.814,79.798,84.694,79.381,76.667,84.667,72.917,74.0,82.4,75.104,75.89,79.724,68.812,79.595,Mix_LargePct50EMA_PctAbove200EMA_SmallPct200EMA,75,Constructive
2022-09-15,72.288,78.977,70.033,-8.176,-2.881,-0.222,0.583,9,397.0,120.0,165,2,47.115,70.707,80.612,77.32,72.667,80.667,72.222,72.4,80.0,74.274,72.354,78.361,68.016,76.129,Mix_LargePct50EMA_PctAbove200EMA_SmallPct200EMA,75,Constructive
2022-09-16,51.378,69.362,64.816,-27.251,-11.841,-5.076,0.116,4,319.0,395.0,121,0,20.192,52.525,72.449,67.01,50.0,66.0,65.278,53.6,71.6,72.727,50.957,69.032,62.648,69.233,Mix_LargePct50EMA_PctAbove200EMA_SmallPct200EMA,75,Constructive
2022-09-19,48.341,66.414,64.706,-33.791,-17.298,-5.946,1.778,7,300.0,439.0,118,1,31.532,56.122,68.041,68.75,44.0,62.667,66.207,47.6,66.8,69.71,48.408,66.697,62.919,65.717,Mix_LargePct50EMA_PctAbove200EMA_SmallPct200EMA,75,Constructive
2022-09-20,56.32,70.536,65.999,-26.542,-13.155,-5.851,4.812,10,339.0,420.0,129,3,21.569,68.367,77.32,70.833,52.667,68.0,66.207,58.4,74.8,73.029,55.273,69.301,63.842,72.354,Mix_LargePct50EMA_PctAbove200EMA_SmallPct200EMA,75,Constructive
2022-09-21,48.748,66.54,64.596,-27.161,-14.382,-6.316,0.42,8,358.0,191.0,136,6,28.571,58.163,72.165,70.833,48.667,66.667,65.753,51.6,70.4,71.25,47.273,65.133,62.266,68.653,Mix_LargePct50EMA_PctAbove200EMA_SmallPct200EMA,75,Constructive
2022-09-22,49.156,66.667,64.462,-23.133,-12.311,-5.571,1.432,4,319.0,153.0,125,5,29.63,57.143,69.072,70.833,54.0,66.667,66.438,54.0,72.8,72.917,46.685,65.041,61.576,67.395,Mix_LargePct50EMA_PctAbove200EMA_SmallPct200EMA,75,Constructive
2022-09-23,31.668,56.692,60.147,-19.711,-12.67,-4.669,0.23,3,190.0,285.0,84,5,15.385,31.313,61.856,66.667,31.333,54.0,59.589,38.8,64.0,68.465,30.127,54.922,57.635,58.586,Mix_LargePct50EMA_PctAbove200EMA_SmallPct200EMA,75,Selective
2022-09-26,14.713,33.48,48.965,-33.627,-32.934,-15.741,0.123,1,142.0,837.0,56,9,17.949,15.0,41.837,59.794,19.463,36.242,52.414,16.8,39.6,56.432,13.575,30.946,45.661,26.746,Mix_LargePct50EMA_PctAbove200EMA_SmallPct200EMA,75,Risk-off
2022-09-27,17.34,36.237,50.167,-38.98,-34.299,-15.832,1.0,1,170.0,858.0,56,11,16.129,16.0,37.755,56.701,23.49,39.597,55.556,23.2,45.6,57.851,15.315,33.487,46.949,26.894,Mix_LargePct50EMA_PctAbove200EMA_SmallPct200EMA,75,Risk-off
2022-09-28,16.604,34.766,48.665,-32.144,-31.774,-15.931,0.604,2,208.0,772.0,50,14,7.143,15.0,34.694,55.67,23.49,40.268,52.778,22.0,44.4,55.967,14.608,31.797,45.661,24.315,Mix_LargePct50EMA_PctAbove200EMA_SmallPct200EMA,75,Risk-off
2022-09-29,20.422,36.789,49.633,-28.734,-29.878,-14.829,1.102,1,277.0,169.0,45,13,50.0,19.0,40.816,55.67,27.517,43.624,54.167,27.2,48.0,59.259,18.076,32.903,46.108,28.312,Mix_LargePct50EMA_PctAbove200EMA_SmallPct200EMA,75,Risk-off
2022-09-30,29.28,43.687,53.795,-2.387,-13.005,-6.352,4.698,1,310.0,135.0,45,13,50.0,33.0,53.061,61.856,36.913,48.993,55.556,39.6,55.2,61.317,25.606,39.466,50.982,36.208,Mix_LargePct50EMA_PctAbove200EMA_SmallPct200EMA,75,Defensive
2022-10-03,24.892,37.744,51.664,10.178,4.264,2.7,0.334,0,309.0,173.0,41,13,33.333,19.0,36.735,58.763,25.333,41.611,54.861,36.4,52.0,59.259,22.78,34.037,48.723,28.09,Mix_LargePct50EMA_PctAbove200EMA_SmallPct200EMA,75,Risk-off
2022-10-04,39.085,49.716,56.791,21.745,13.479,6.624,14.94,1,398.0,150.0,44,18,75.0,48.0,62.245,63.918,46.0,55.034,58.333,48.8,59.2,62.963,35.184,45.68,54.42,48.68,Mix_LargePct50EMA_PctAbove200EMA_SmallPct200EMA,75,Defensive
2022-10-06,50.897,57.666,58.777,34.292,22.899,10.112,3.337,3,425.0,153.0,52,12,88.889,60.0,66.327,67.01,54.667,59.732,59.028,58.4,62.4,63.786,47.896,55.515,56.765,53.615,Mix_LargePct50EMA_PctAbove200EMA_SmallPct200EMA,75,Selective
2022-10-07,54.169,59.18,59.402,33.747,22.391,9.769,1.172,2,467.0,65.0,43,13,45.0,59.0,65.306,65.979,54.667,60.403,58.621,58.0,61.2,64.463,52.815,57.996,57.689,58.562,Mix_LargePct50EMA_PctAbove200EMA_SmallPct200EMA,75,Selective
2022-10-10,46.387,52.582,57.731,17.106,8.895,3.936,0.671,5,366.0,104.0,45,16,22.222,52.525,61.856,63.542,50.0,55.034,56.552,50.4,58.0,63.786,44.464,50.183,55.914,49.198,Mix_LargePct50EMA_PctAbove200EMA_SmallPct200EMA,75,Defensive
2022-10-11,33.107,43.947,53.448,8.215,6.203,1.784,0.172,4,242.0,200.0,45,16,14.286,31.313,47.959,61.856,38.0,47.973,53.472,38.0,52.8,59.016,31.518,41.009,51.32,32.679,Mix_LargePct50EMA_PctAbove200EMA_SmallPct200EMA,75,Risk-off
2022-10-12,34.035,44.325,53.545,-5.05,-5.391,-3.246,2.447,2,187.0,227.0,37,19,30.769,38.384,55.556,63.918,43.333,50.0,54.861,36.4,52.8,59.426,31.871,40.588,50.977,35.936,Mix_LargePct50EMA_PctAbove200EMA_SmallPct200EMA,75,Defensive
2022-10-13,29.648,40.05,51.786,-21.249,-17.615,-6.991,0.562,2,162.0,227.0,36,19,5.263,28.283,46.465,63.918,34.0,46.622,52.778,31.6,45.6,56.327,28.75,37.305,49.415,29.336,Mix_LargePct50EMA_PctAbove200EMA_SmallPct200EMA,75,Risk-off
2022-10-14,30.817,40.883,51.788,-23.352,-18.297,-7.614,1.238,2,172.0,137.0,33,20,25.0,32.323,43.434,58.763,36.0,47.297,53.472,30.0,46.4,56.735,30.17,38.511,49.707,28.695,Mix_LargePct50EMA_PctAbove200EMA_SmallPct200EMA,75,Risk-off
2022-10-17,33.046,41.284,51.389,-13.341,-11.298,-6.342,2.23,1,187.0,149.0,27,22,28.571,42.424,53.535,63.918,44.0,48.649,55.556,32.8,48.8,55.51,30.81,37.454,48.635,31.248,Mix_LargePct50EMA_PctAbove200EMA_SmallPct200EMA,75,Risk-off
2022-10-18,40.408,47.166,52.576,7.302,3.219,-0.872,3.365,3,249.0,119.0,30,16,40.0,52.525,58.586,67.01,53.333,56.757,56.944,44.4,55.6,59.35,36.705,42.896,48.978,36.837,Mix_LargePct50EMA_PctAbove200EMA_SmallPct200EMA,75,Defensive
2022-10-19,40.802,47.517,51.913,6.768,3.192,-1.632,1.111,2,276.0,120.0,29,13,70.0,53.535,58.586,65.979,51.333,57.432,59.028,44.0,56.4,60.163,37.556,43.144,47.619,36.714,Mix_LargePct50EMA_PctAbove200EMA_SmallPct200EMA,75,Defensive
2022-10-20,42.505,46.985,51.81,12.857,6.935,0.025,1.58,3,270.0,109.0,27,16,42.857,63.636,64.646,69.072,54.0,59.459,57.639,45.6,53.6,58.776,38.414,42.192,47.725,40.057,Mix_LargePct50EMA_PctAbove200EMA_SmallPct200EMA,75,Defensive
2022-10-21,34.796,43.53,50.395,3.979,2.647,-1.393,0.783,3,210.0,163.0,27,16,38.095,52.525,59.596,63.918,44.0,54.054,56.944,34.0,47.2,57.551,32.172,39.817,46.512,35.097,Mix_LargePct50EMA_PctAbove200EMA_SmallPct200EMA,75,Defensive
2022-10-24,48.059,51.193,54.354,15.014,9.91,2.965,5.646,3,228.0,150.0,33,15,36.364,55.0,65.657,67.01,52.667,56.081,58.333,46.0,52.4,60.816,47.284,48.95,51.068,43.634,Mix_LargePct50EMA_PctAbove200EMA_SmallPct200EMA,75,Defensive
2022-10-25,42.848,48.148,53.36,2.44,0.982,0.784,1.102,4,242.0,154.0,42,10,44.737,54.0,62.626,67.01,52.0,56.757,59.722,44.4,52.4,59.184,40.285,44.708,49.806,39.206,Mix_LargePct50EMA_PctAbove200EMA_SmallPct200EMA,75,Defensive
2022-10-27,46.159,50.157,53.487,5.356,2.639,1.574,2.499,6,267.0,124.0,68,11,76.0,70.0,68.687,67.01,59.333,57.432,60.417,46.8,55.2,60.408,42.147,46.357,49.613,44.597,Mix_LargePct50EMA_PctAbove200EMA_SmallPct200EMA,75,Defensive
2022-10-28,44.103,48.557,53.061,1.599,1.572,1.251,0.971,5,232.0,147.0,65,13,56.0,65.0,68.687,69.072,54.0,58.784,63.194,43.2,52.0,58.776,41.135,44.576,48.79,43.351,Mix_LargePct50EMA_PctAbove200EMA_SmallPct200EMA,75,Defensive
2022-10-31,48.162,50.626,54.474,13.366,7.096,4.078,3.626,5,248.0,163.0,75,12,57.895,73.737,73.469,73.958,62.667,62.838,65.972,48.0,51.2,59.184,44.042,46.824,49.952,47.422,Mix_LargePct50EMA_PctAbove200EMA_SmallPct200EMA,75,Defensive
2022-11-01,51.32,53.004,55.724,3.261,1.81,1.37,2.268,4,276.0,163.0,66,13,50.0,79.798,83.673,75.0,63.333,64.189,65.278,54.4,58.0,62.857,46.549,47.641,50.918,62.263,Mix_LargePct50EMA_PctAbove200EMA_SmallPct200EMA,75,Selective
2022-11-02,53.288,54.881,55.819,10.44,6.733,2.459,0.97,5,317.0,154.0,52,11,58.824,75.51,81.443,75.789,64.0,62.838,67.361,54.8,59.6,62.041,49.601,50.408,50.916,60.054,Mix_LargePct50EMA_PctAbove200EMA_SmallPct200EMA,75,Selective
2022-11-03,53.05,53.851,55.724,6.891,3.694,2.237,1.846,3,317.0,115.0,61,9,55.294,79.592,77.551,77.083,63.333,62.838,65.035,52.209,58.065,63.115,49.556,49.592,50.723,58.315,Mix_LargePct50EMA_PctAbove200EMA_SmallPct200EMA,75,Selective
2022-11-04,57.494,56.535,57.293,13.391,7.978,4.232,2.102,2,334.0,93.0,61,9,32.143,81.633,82.653,80.208,58.667,65.541,65.278,58.635,58.871,65.432,54.996,52.489,52.166,68.826,Mix_LargePct50EMA_PctAbove200EMA_SmallPct200EMA,75,Constructive
2022-11-07,61.486,59.338,58.673,13.325,8.712,4.199,2.531,2,370.0,100.0,61,10,45.763,80.612,82.653,82.292,63.333,63.514,64.828,58.635,62.903,63.071,60.212,55.917,54.615,62.929,Mix_LargePct50EMA_PctAbove200EMA_SmallPct200EMA,75,Selective
2022-11-09,58.037,58.115,58.344,6.717,5.111,2.621,1.056,3,390.0,162.0,66,13,62.295,74.49,78.571,79.167,57.333,62.162,65.517,53.815,58.635,61.826,57.635,55.646,54.615,58.66,Mix_LargePct50EMA_PctAbove200EMA_SmallPct200EMA,75,Selective
2022-11-10,49.847,52.464,55.68,-3.441,-2.417,-0.139,0.449,1,335.0,262.0,59,8,41.837,61.224,72.449,75.0,54.0,52.703,61.111,48.996,55.02,61.57,48.504,50.09,51.777,53.948,Mix_LargePct50EMA_PctAbove200EMA_SmallPct200EMA,75,Selective
2022-11-11,53.288,54.296,56.673,0.238,0.445,0.95,2.221,0,304.0,285.0,68,9,32.143,65.657,78.788,83.505,57.718,56.081,63.194,51.004,56.048,61.826,52.124,51.485,52.069,58.117,Mix_LargePct50EMA_PctAbove200EMA_SmallPct200EMA,75,Selective
2022-11-14,50.521,53.263,56.965,-6.973,-3.272,-0.329,1.252,1,312.0,297.0,69,10,33.594,62.626,76.768,82.474,56.376,58.108,66.207,52.209,53.629,62.917,48.327,50.449,51.923,57.895,Mix_LargePct50EMA_PctAbove200EMA_SmallPct200EMA,75,Selective
2022-11-15,50.244,52.674,57.058,-11.242,-6.664,-1.614,1.752,0,343.0,241.0,75,15,40.0,63.636,77.778,86.598,59.333,60.135,64.583,50.602,54.032,62.656,47.807,49.146,51.969,58.549,Mix_LargePct50EMA_PctAbove200EMA_SmallPct200EMA,75,Selective
2022-11-16,46.854,50.653,55.446,-11.183,-7.462,-2.898,0.753,1,307.0,231.0,72,10,55.319,57.576,72.727,82.474,52.667,56.081,62.5,48.193,53.226,61.411,44.864,47.397,50.576,53.948,Mix_LargePct50EMA_PctAbove200EMA_SmallPct200EMA,75,Selective
2022-11-17,44.404,48.664,54.331,-5.443,-3.8,-1.349,0.773,1,241.0,170.0,72,9,37.209,48.0,63.636,77.32,46.667,58.108,61.379,48.193,54.217,62.083,42.958,44.834,49.424,42.351,Mix_LargePct50EMA_PctAbove200EMA_SmallPct200EMA,75,Defensive
2022-11-18,41.539,46.001,53.705,-11.749,-8.295,-2.968,0.722,-1,220.0,148.0,67,10,31.169,47.0,56.566,77.32,40.0,51.351,59.31,46.0,54.217,61.667,40.281,42.525,48.897,38.083,Mix_LargePct50EMA_PctAbove200EMA_SmallPct200EMA,75,Defensive
2022-11-21,39.586,44.589,52.328,-10.935,-8.674,-4.637,0.835,-1,220.0,164.0,59,10,44.231,38.0,52.525,72.165,43.333,45.946,59.31,46.0,53.414,58.75,37.828,41.748,48.035,33.173,Mix_LargePct50EMA_PctAbove200EMA_SmallPct200EMA,75,Risk-off
2022-11-22,38.607,43.769,52.362,-11.637,-8.905,-4.696,2.22,-1,234.0,174.0,67,11,36.17,50.0,57.576,75.258,46.0,45.946,60.69,41.6,49.799,57.917,35.972,40.913,47.793,35.295,Mix_LargePct50EMA_PctAbove200EMA_SmallPct200EMA,75,Defensive
2022-11-23,43.162,47.401,53.076,-3.692,-3.252,-2.37,1.502,3,281.0,149.0,75,12,40.0,50.0,60.606,72.165,48.0,52.027,64.138,47.6,50.602,56.485,40.949,44.911,48.997,36.59,Mix_LargePct50EMA_PctAbove200EMA_SmallPct200EMA,75,Defensive
2022-11-24,47.59,50.433,54.51,3.186,1.769,0.179,3.383,2,317.0,104.0,70,10,50.0,60.606,67.347,73.958,54.667,61.486,66.207,48.8,57.831,58.577,45.263,45.859,50.19,43.462,Mix_LargePct50EMA_PctAbove200EMA_SmallPct200EMA,75,Defensive
2022-11-25,54.301,53.77,57.479,12.762,7.769,3.774,2.481,1,364.0,68.0,73,9,62.069,69.697,69.697,79.381,60.667,63.946,69.444,51.2,58.635,62.343,52.807,49.955,52.712,53.96,Mix_LargePct50EMA_PctAbove200EMA_SmallPct200EMA,75,Selective
2022-11-28,58.612,56.5,58.812,19.026,11.912,6.484,2.185,5,371.0,77.0,85,7,76.471,70.707,73.737,80.412,65.101,65.068,72.028,58.4,61.847,64.583,56.769,52.702,53.707,63.311,Mix_LargePct50EMA_PctAbove200EMA_SmallPct200EMA,75,Selective
2022-11-29,59.963,56.447,58.904,21.356,12.677,6.542,1.139,1,353.0,95.0,93,6,80.645,72.449,72.449,79.592,61.486,63.448,73.05,60.4,61.044,65.0,58.603,53.144,53.7,63.015,Mix_LargePct50EMA_PctAbove200EMA_SmallPct200EMA,75,Selective
2022-11-30,64.591,60.062,60.861,21.429,12.661,7.785,4.063,3,363.0,100.0,97,6,61.29,79.592,78.571,83.673,72.297,71.034,75.887,65.6,64.257,66.667,62.084,56.117,55.408,68.653,Mix_LargePct50EMA_PctAbove200EMA_SmallPct200EMA,75,Constructive
2022-12-01,68.742,63.743,62.035,21.152,13.31,7.525,2.213,2,330.0,93.0,96,7,50.515,81.633,78.571,84.694,74.324,75.172,76.761,69.2,66.667,66.109,66.813,60.337,57.021,68.937,Mix_LargePct50EMA_PctAbove200EMA_SmallPct200EMA,75,Constructive
2022-12-02,71.28,65.843,63.405,16.979,12.073,5.926,1.551,1,365.0,68.0,100,7,61.017,74.227,74.227,84.536,76.871,75.172,76.761,71.6,70.161,68.201,70.244,62.976,58.578,67.925,Mix_LargePct50EMA_PctAbove200EMA_SmallPct200EMA,75,Constructive
2022-12-05,73.191,68.577,64.295,14.579,12.076,5.483,1.291,2,384.0,80.0,108,7,55.66,73.958,71.875,83.333,72.789,76.552,76.596,73.6,72.177,70.417,73.09,66.49,59.526,67.95,Mix_LargePct50EMA_PctAbove200EMA_SmallPct200EMA,75,Constructive
2022-12-06,69.555,66.625,64.337,9.591,10.179,5.433,0.911,3,369.0,80.0,101,6,36.792,67.708,71.875,83.333,72.109,75.172,75.887,68.675,68.421,67.782,69.573,64.69,60.284,66.716,Mix_LargePct50EMA_PctAbove200EMA_SmallPct200EMA,75,Constructive
2022-12-07,65.53,64.633,63.755,0.939,4.572,2.894,0.721,5,322.0,98.0,76,6,44.355,60.417,69.792,79.167,67.123,72.222,77.143,64.257,66.129,67.635,66.03,62.907,59.697,65.359,Mix_LargePct50EMA_PctAbove200EMA_SmallPct200EMA,75,Constructive
2022-12-08,65.448,65.166,64.365,-3.294,1.423,2.33,1.88,5,279.0,102.0,76,7,23.932,62.5,66.667,81.25,68.027,74.306,76.429,61.044,64.919,68.88,66.319,63.933,60.208,64.483,Mix_LargePct50EMA_PctAbove200EMA_SmallPct200EMA,75,Selective
2022-12-09,52.407,58.128,61.433,-18.873,-7.715,-1.972,0.587,3,242.0,177.0,77,7,25.0,51.042,64.583,78.125,62.162,71.724,74.468,52.016,57.49,65.417,51.349,55.986,57.278,59.178,Mix_LargePct50EMA_PctAbove200EMA_SmallPct200EMA,75,Selective
2022-12-12,53.944,59.007,61.523,-19.247,-9.569,-2.772,1.988,3,277.0,167.0,89,7,37.5,55.67,62.887,74.227,65.541,71.528,75.0,52.016,59.109,66.25,52.727,57.08,57.507,58.599,Mix_LargePct50EMA_PctAbove200EMA_SmallPct200EMA,75,Selective
2022-12-13,57.047,60.074,62.63,-12.507,-6.552,-1.707,3.028,4,292.0,148.0,89,6,50.82,59.0,66.327,79.592,61.905,72.727,76.259,54.839,59.514,67.5,56.733,58.07,58.168,62.867,Mix_LargePct50EMA_PctAbove200EMA_SmallPct200EMA,75,Selective
2022-12-14,61.337,62.569,64.541,-4.192,-2.064,0.786,2.066,3,350.0,75.0,95,4,53.488,64.0,73.469,81.633,72.109,75.524,76.978,61.29,64.777,69.583,59.739,59.526,60.189,68.727,Mix_LargePct50EMA_PctAbove200EMA_SmallPct200EMA,75,Constructive
2022-12-15,52.187,58.87,62.484,-13.261,-6.296,-1.881,0.569,2,287.0,104.0,91,7,33.898,49.0,60.204,77.551,58.503,69.231,75.54,54.839,59.919,65.975,51.086,57.23,58.585,57.39,Mix_LargePct50EMA_PctAbove200EMA_SmallPct200EMA,75,Selective
2022-12-16,41.651,52.858,60.417,-10.756,-5.27,-1.017,0.349,8,245.0,146.0,89,6,22.857,40.0,54.082,68.367,44.966,61.538,71.942,45.565,54.251,64.73,40.522,51.361,57.183,52.504,Mix_LargePct50EMA_PctAbove200EMA_SmallPct200EMA,75,Selective
2022-12-19,47.697,57.029,61.964,-6.247,-1.979,0.44,2.662,3,284.0,153.0,109,5,33.333,53.0,61.224,74.49,52.667,65.734,72.662,47.581,56.68,67.22,46.615,55.653,58.208,58.562,Mix_LargePct50EMA_PctAbove200EMA_SmallPct200EMA,75,Selective
2022-12-20,46.279,54.785,61.014,-10.768,-5.288,-1.617,0.891,4,301.0,135.0,116,5,41.509,48.0,58.586,73.469,49.333,59.155,69.784,46.185,56.275,66.116,45.754,53.59,57.547,56.008,Mix_LargePct50EMA_PctAbove200EMA_SmallPct200EMA,75,Selective
2022-12-21,26.828,41.937,55.462,-34.51,-20.632,-9.08,0.29,2,248.0,530.0,80,6,31.579,34.0,52.525,70.408,29.53,54.225,65.468,26.4,45.528,62.241,25.952,38.724,51.226,42.771,Mix_LargePct50EMA_PctAbove200EMA_SmallPct200EMA,75,Defensive
2022-12-22,17.533,31.123,50.227,-34.654,-27.747,-12.256,0.282,0,128.0,850.0,57,7,6.154,20.0,47.475,66.327,19.463,47.887,63.309,20.4,34.959,58.921,16.45,26.795,45.052,30.496,Mix_LargePct50EMA_PctAbove200EMA_SmallPct200EMA,75,Risk-off
2022-12-23,7.242,16.125,38.272,-34.409,-36.733,-22.145,0.053,-3,68.0,1668.0,35,23,7.143,5.0,26.263,54.082,4.054,21.986,51.079,8.0,18.699,45.643,7.679,13.974,33.459,13.657,Mix_LargePct50EMA_PctAbove200EMA_SmallPct200EMA,75,Risk-off
2022-12-26,15.732,27.017,46.849,-31.965,-30.012,-15.115,9.282,0,672.0,1225.0,42,9,7.407,19.0,41.414,57.143,17.568,33.333,60.432,19.6,31.301,53.112,14.384,24.087,42.696,23.575,Mix_LargePct50EMA_PctAbove200EMA_SmallPct200EMA,75,Risk-off
2022-12-27,26.877,33.967,51.365,-19.403,-20.818,-9.648,6.818,1,911.0,889.0,42,8,10.0,37.0,45.455,65.306,26.846,38.732,62.143,27.309,37.247,58.921,25.91,31.671,46.931,30.237,Mix_LargePct50EMA_PctAbove200EMA_SmallPct200EMA,75,Risk-off
2022-12-28,34.767,38.688,52.991,7.939,-3.25,-2.471,1.042,3,1054.0,52.0,55,7,20.0,37.0,47.475,63.265,33.557,42.254,62.857,33.735,42.105,61.25,34.952,36.745,48.868,33.568,Mix_LargePct50EMA_PctAbove200EMA_SmallPct200EMA,75,Risk-off
2022-12-29,37.606,40.612,53.801,20.073,9.488,3.574,1.795,-1,529.0,62.0,47,3,28.571,38.0,47.0,68.687,35.57,45.775,62.59,41.365,45.344,61.667,37.024,38.394,49.482,34.222,Mix_LargePct50EMA_PctAbove200EMA_SmallPct200EMA,75,Risk-off
2022-12-30,43.116,43.128,55.065,35.874,27.003,16.793,1.957,4,370.0,62.0,49,3,46.154,42.0,49.0,67.677,38.255,47.887,61.151,46.185,48.583,63.75,43.178,40.854,51.13,42.561,Mix_LargePct50EMA_PctAbove200EMA_SmallPct200EMA,75,Defensive
2023-01-02,53.981,50.458,57.3,38.248,23.44,10.452,3.234,3,373.0,68.0,56,2,57.143,45.0,49.0,69.697,45.638,50.704,64.029,54.618,56.275,63.333,55.69,49.304,53.904,43.252,Mix_LargePct50EMA_PctAbove200EMA_SmallPct200EMA,75,Defensive
2023-01-03,57.057,52.259,58.495,30.18,18.292,7.13,1.754,4,365.0,72.0,52,3,16.667,46.0,53.0,69.697,55.034,52.817,65.468,60.643,57.895,65.833,57.5,50.914,54.887,51.727,Mix_LargePct50EMA_PctAbove200EMA_SmallPct200EMA,75,Selective
2023-01-04,45.811,44.872,57.198,11.044,6.184,4.208,0.287,3,321.0,103.0,45,5,30.0,36.0,49.0,66.667,43.919,46.099,63.768,46.0,51.012,65.0,46.856,43.043,53.709,49.21,Mix_LargePct50EMA_PctAbove200EMA_SmallPct200EMA,75,Defensive
2023-01-05,44.961,44.988,56.161,7.355,4.376,2.36,1.113,2,229.0,102.0,37,6,33.333,42.0,49.0,68.687,52.027,52.817,63.309,48.193,51.429,65.126,43.621,42.298,52.064,48.976,Mix_LargePct50EMA_PctAbove200EMA_SmallPct200EMA,75,Defensive
2023-01-06,37.108,40.415,55.253,-6.008,-2.713,0.188,0.322,0,187.0,114.0,34,11,29.63,39.0,47.0,65.657,38.667,48.951,60.993,35.887,45.902,62.288,37.005,37.619,51.97,40.797,Mix_LargePct50EMA_PctAbove200EMA_SmallPct200EMA,75,Defensive
2023-01-09,45.106,46.585,57.226,-8.874,-3.873,-0.074,3.589,2,230.0,109.0,42,6,35.714,55.0,58.0,69.697,49.333,53.103,65.035,47.177,51.653,64.681,43.243,43.673,53.377,52.652,Mix_LargePct50EMA_PctAbove200EMA_SmallPct200EMA,75,Selective
2023-01-10,38.649,41.985,54.799,-18.408,-10.274,-3.696,0.511,3,206.0,139.0,35,5,45.0,35.0,51.0,64.646,42.0,46.897,59.441,39.516,48.76,65.106,38.341,39.119,50.986,48.89,Mix_LargePct50EMA_PctAbove200EMA_SmallPct200EMA,75,Defensive
2023-01-11,39.173,42.391,54.634,-6.638,-2.481,-2.565,1.067,5,233.0,122.0,36,5,28.571,35.0,52.0,63.636,38.0,44.138,58.741,42.51,50.622,62.821,38.971,39.578,51.453,42.573,Mix_LargePct50EMA_PctAbove200EMA_SmallPct200EMA,75,Defensive
2023-01-12,37.348,41.492,54.569,-7.613,-3.496,-1.592,0.718,4,197.0,113.0,27,7,50.0,39.0,52.0,65.657,37.333,46.207,58.741,41.87,49.167,61.966,36.237,38.347,51.359,41.66,Mix_LargePct50EMA_PctAbove200EMA_SmallPct200EMA,75,Defensive
2023-01-13,41.789,43.762,54.373,4.681,3.346,-0.88,2.055,3,235.0,82.0,29,6,61.538,46.0,52.0,66.667,44.0,44.056,57.447,45.935,53.719,61.702,40.229,40.853,51.183,36.343,Mix_LargePct50EMA_PctAbove200EMA_SmallPct200EMA,75,Defensive
2023-01-16,42.188,44.0,54.08,-2.918,-2.585,-3.146,0.869,0,247.0,92.0,27,4,40.741,50.0,53.0,66.667,39.597,44.444,54.225,47.368,51.867,60.256,40.731,41.491,51.543,35.517,Mix_LargePct50EMA_PctAbove200EMA_SmallPct200EMA,75,Defensive
2023-01-17,40.621,44.575,54.793,1.972,2.589,-0.006,1.349,3,247.0,95.0,24,8,55.0,49.0,57.0,69.697,40.268,47.917,57.042,44.309,51.037,59.402,39.146,41.689,52.105,42.561,Mix_LargePct50EMA_PctAbove200EMA_SmallPct200EMA,75,Defensive
2023-01-18,45.532,47.566,55.146,6.359,5.176,0.512,1.817,3,254.0,102.0,27,7,47.826,52.0,57.0,70.707,44.0,49.306,57.746,50.0,57.261,62.553,44.212,44.464,51.731,45.078,Mix_LargePct50EMA_PctAbove200EMA_SmallPct200EMA,75,Defensive
2023-01-19,43.36,45.6,54.14,6.012,4.108,-0.429,0.815,1,234.0,100.0,46,6,53.333,44.0,53.0,67.677,41.333,46.897,55.245,50.407,55.649,60.086,42.064,42.682,51.447,35.431,Mix_LargePct50EMA_PctAbove200EMA_SmallPct200EMA,75,Defensive
2023-01-20,37.806,42.226,53.133,-3.983,-1.535,-1.24,0.631,-1,237.0,96.0,58,5,31.707,45.0,53.0,64.646,32.0,42.759,55.944,44.309,48.536,58.974,36.532,39.858,50.379,34.16,Mix_LargePct50EMA_PctAbove200EMA_SmallPct200EMA,75,Risk-off
2023-01-23,40.424,43.665,52.329,-1.764,-0.335,-1.752,1.558,-1,221.0,126.0,106,7,33.333,46.0,55.0,67.677,39.333,47.945,55.556,46.341,49.791,57.082,38.821,40.841,49.439,33.518,Mix_LargePct50EMA_PctAbove200EMA_SmallPct200EMA,75,Risk-off
2023-01-24,35.823,40.308,51.682,-4.798,-4.267,-3.111,0.887,1,206.0,143.0,61,6,25.0,37.0,56.0,70.707,36.0,43.243,53.793,35.223,44.583,56.652,35.826,37.643,48.55,33.321,Mix_LargePct50EMA_PctAbove200EMA_SmallPct200EMA,75,Risk-off
2023-01-25,25.924,32.31,48.581,-19.608,-15.257,-6.565,0.238,0,173.0,215.0,48,8,26.087,33.0,39.0,64.646,25.333,38.514,51.724,27.016,37.344,55.128,25.152,29.851,45.243,24.969,Mix_LargePct50EMA_PctAbove200EMA_SmallPct200EMA,75,Risk-off
2023-01-27,16.949,23.374,42.94,-26.41,-22.226,-11.2,0.211,-2,126.0,474.0,29,18,15.094,24.0,32.0,61.616,13.333,25.0,46.207,17.269,25.62,50.638,16.739,21.93,39.086,18.505,Mix_LargePct50EMA_PctAbove200EMA_SmallPct200EMA,75,Risk-off
2023-01-30,16.223,22.154,42.085,-21.584,-20.072,-11.048,1.56,-4,130.0,533.0,30,16,27.273,24.0,29.0,60.606,13.333,20.805,45.578,16.867,25.514,48.927,15.785,21.016,38.419,16.63,Mix_LargePct50EMA_PctAbove200EMA_SmallPct200EMA,75,Risk-off
2023-01-31,26.695,31.743,46.268,-13.729,-11.922,-6.061,2.391,1,377.0,452.0,35,16,36.364,32.0,43.0,61.616,38.667,40.541,53.425,33.735,41.224,53.419,23.157,27.583,42.326,23.908,Mix_LargePct50EMA_PctAbove200EMA_SmallPct200EMA,75,Risk-off
2023-02-01,22.196,24.879,43.059,-13.627,-15.429,-8.623,0.53,1,402.0,352.0,21,25,42.857,28.0,33.0,63.636,22.667,27.517,46.939,22.4,28.689,48.276,21.594,23.03,39.518,17.999,Mix_LargePct50EMA_PctAbove200EMA_SmallPct200EMA,75,Risk-off
2023-02-02,24.79,25.621,42.234,-1.133,-6.689,-6.347,0.906,0,419.0,328.0,24,24,52.632,29.0,31.0,60.606,30.0,30.872,46.939,26.8,30.738,47.845,23.333,23.402,38.704,16.938,Mix_LargePct50EMA_PctAbove200EMA_SmallPct200EMA,75,Risk-off
2023-02-03,23.892,24.242,41.169,6.943,0.868,-1.771,2.814,-3,180.0,417.0,20,28,39.535,35.0,33.0,62.626,27.333,27.517,43.537,26.4,29.918,46.352,21.966,21.867,37.755,16.58,Mix_LargePct50EMA_PctAbove200EMA_SmallPct200EMA,75,Risk-off
2023-02-06,26.587,27.135,42.105,10.364,4.981,0.02,1.206,-2,261.0,250.0,17,30,51.613,35.0,36.0,63.636,38.0,34.228,45.578,27.6,29.918,48.498,24.188,24.87,38.276,18.357,Mix_LargePct50EMA_PctAbove200EMA_SmallPct200EMA,75,Risk-off
2023-02-07,27.768,27.862,42.683,1.073,-3.881,-3.585,1.045,-3,268.0,233.0,22,30,31.111,35.0,34.0,63.636,34.0,36.242,46.622,32.0,34.016,48.276,25.448,24.957,39.018,18.147,Mix_LargePct50EMA_PctAbove200EMA_SmallPct200EMA,75,Risk-off
2023-02-08,33.053,29.794,44.958,10.858,4.915,1.899,3.784,-3,354.0,155.0,23,28,51.515,37.0,36.0,65.657,40.667,38.926,47.973,34.0,37.705,51.724,31.534,26.407,41.187,20.577,Mix_LargePct50EMA_PctAbove200EMA_SmallPct200EMA,75,Risk-off
2023-02-09,36.108,31.375,45.922,11.317,5.754,3.688,1.2,-1,322.0,167.0,28,23,45.161,40.0,37.0,64.646,40.0,38.255,50.0,35.6,37.705,54.741,35.385,28.67,41.744,22.884,Mix_LargePct50EMA_PctAbove200EMA_SmallPct200EMA,75,Risk-off
2023-02-10,37.238,32.769,45.443,13.346,8.527,4.274,0.857,0,340.0,160.0,22,25,52.941,38.0,39.0,60.606,38.667,35.57,47.297,40.161,40.574,56.466,36.371,30.233,41.427,24.155,Mix_LargePct50EMA_PctAbove200EMA_SmallPct200EMA,75,Risk-off
2023-02-13,30.672,28.502,42.197,4.085,1.367,0.091,0.326,-3,268.0,288.0,22,30,60.0,38.0,35.0,58.586,35.333,30.201,45.27,36.145,36.475,53.879,28.278,26.038,37.755,20.17,Mix_LargePct50EMA_PctAbove200EMA_SmallPct200EMA,75,Risk-off
2023-02-14,27.953,27.223,39.949,0.185,-0.639,-2.734,1.441,-4,224.0,363.0,20,43,31.429,35.0,32.0,55.556,39.333,33.557,45.27,31.727,34.016,50.862,25.126,24.569,35.436,17.086,Mix_LargePct50EMA_PctAbove200EMA_SmallPct200EMA,75,Risk-off
2023-02-15,31.257,29.576,41.838,-1.796,-0.218,-3.12,3.472,-10,211.0,373.0,18,31,21.053,42.0,36.0,59.596,44.0,37.584,45.946,35.341,35.246,52.79,27.839,26.793,37.268,19.603,Mix_LargePct50EMA_PctAbove200EMA_SmallPct200EMA,75,Risk-off
2023-02-16,35.663,31.178,43.397,-0.445,-0.197,-2.524,1.687,-4,263.0,250.0,15,27,52.381,46.0,40.0,62.626,50.0,42.953,51.351,43.373,36.475,55.365,31.319,27.797,37.963,23.106,Mix_LargePct50EMA_PctAbove200EMA_SmallPct200EMA,75,Risk-off
2023-02-17,33.114,29.479,42.197,-4.124,-3.29,-3.246,0.542,-4,262.0,169.0,15,37,66.667,46.0,41.0,60.606,42.0,37.584,47.973,40.964,36.885,54.077,29.216,25.884,37.14,21.959,Mix_LargePct50EMA_PctAbove200EMA_SmallPct200EMA,75,Risk-off
2023-02-20,29.934,28.83,41.063,-0.738,0.328,-1.133,0.843,-7,236.0,170.0,21,36,48.276,43.0,39.0,61.616,40.667,38.926,49.664,34.538,37.398,52.79,26.486,24.85,35.463,20.047,Mix_LargePct50EMA_PctAbove200EMA_SmallPct200EMA,75,Risk-off
2023-02-21,29.707,28.416,40.423,1.755,1.193,0.474,1.02,-9,182.0,191.0,23,43,45.238,41.0,40.0,62.626,37.333,34.228,47.973,36.145,37.398,50.638,26.405,24.763,35.125,19.22,Mix_LargePct50EMA_PctAbove200EMA_SmallPct200EMA,75,Risk-off
2023-02-22,22.64,24.048,36.486,-8.617,-5.527,-5.352,0.178,-6,154.0,274.0,22,51,30.0,27.0,30.0,55.556,26.667,26.846,43.537,30.522,33.74,48.319,20.085,21.121,31.175,14.483,Mix_LargePct50EMA_PctAbove200EMA_SmallPct200EMA,75,Risk-off
2023-02-23,22.967,24.305,35.951,-12.697,-6.874,-7.446,0.931,-4,158.0,271.0,24,54,40.0,23.0,30.0,54.545,26.667,30.201,45.27,28.514,31.707,46.835,21.313,21.484,30.591,13.792,Mix_LargePct50EMA_PctAbove200EMA_SmallPct200EMA,75,Risk-off
2023-02-24,22.136,23.114,33.887,-10.978,-6.365,-8.309,0.801,-4,165.0,283.0,23,47,37.037,23.0,26.0,51.515,26.667,26.846,41.892,29.6,31.301,47.257,19.898,20.654,28.241,12.3,Mix_LargePct50EMA_PctAbove200EMA_SmallPct200EMA,75,Risk-off
2023-02-27,16.071,17.41,31.629,-13.863,-11.42,-9.434,0.566,-14,174.0,355.0,30,45,21.429,26.0,25.0,45.455,19.333,22.819,40.541,18.0,22.764,43.038,14.407,14.936,26.642,9.771,Mix_LargePct50EMA_PctAbove200EMA_SmallPct200EMA,75,Risk-off
2023-02-28,17.155,18.308,32.332,-12.552,-10.108,-8.091,0.885,-6,199.0,344.0,29,34,23.529,22.0,23.0,48.0,27.333,26.846,41.497,21.6,25.61,43.882,14.493,15.259,27.105,9.697,Mix_LargePct50EMA_PctAbove200EMA_SmallPct200EMA,75,Risk-off
2023-03-01,25.433,23.082,35.335,2.792,-0.967,-1.15,7.548,-1,340.0,292.0,29,31,28.571,42.0,30.0,51.0,40.0,34.228,45.946,32.0,30.894,45.57,20.766,19.397,30.185,13.151,Mix_LargePct50EMA_PctAbove200EMA_SmallPct200EMA,75,Risk-off
2023-03-02,23.938,22.417,34.674,0.971,-1.888,-1.277,0.936,0,382.0,110.0,25,23,54.545,34.0,30.0,49.0,36.667,33.333,45.946,30.0,31.174,45.378,20.154,18.48,29.444,12.904,Mix_LargePct50EMA_PctAbove200EMA_SmallPct200EMA,75,Risk-off
2023-03-03,33.194,26.189,37.891,11.058,3.075,4.004,6.464,0,394.0,76.0,34,18,44.444,48.0,43.0,56.0,51.007,38.926,50.34,42.0,35.341,48.536,27.806,21.152,32.159,18.431,Mix_LargePct50EMA_PctAbove200EMA_SmallPct200EMA,75,Risk-off
2023-03-06,42.431,29.85,39.144,26.36,12.44,7.515,3.409,1,293.0,79.0,37,18,40.0,63.0,45.0,54.0,62.416,46.98,55.782,52.8,38.956,50.628,35.963,24.422,32.963,20.257,Mix_LargePct50EMA_PctAbove200EMA_SmallPct200EMA,75,Risk-off
2023-03-08,45.286,32.632,39.069,28.132,14.324,6.737,2.566,2,318.0,70.0,37,16,70.0,63.0,48.0,52.0,58.389,50.336,56.463,56.8,41.365,50.209,39.677,27.187,33.056,21.305,Mix_LargePct50EMA_PctAbove200EMA_SmallPct200EMA,75,Risk-off
2023-03-09,41.587,30.367,38.486,16.154,7.285,3.151,0.624,1,269.0,85.0,33,14,47.059,49.0,43.0,50.0,55.034,45.638,52.027,54.0,42.169,51.883,36.619,24.807,32.627,19.812,Mix_LargePct50EMA_PctAbove200EMA_SmallPct200EMA,75,Risk-off
2023-03-10,34.328,28.099,36.323,10.391,5.682,1.649,0.484,0,220.0,100.0,24,18,44.231,40.0,37.0,50.0,43.624,41.611,49.324,45.6,40.964,49.791,30.272,22.852,30.323,16.568,Mix_LargePct50EMA_PctAbove200EMA_SmallPct200EMA,75,Risk-off
2023-03-13,19.666,21.441,30.623,-13.528,-4.748,-7.269,0.112,-2,146.0,365.0,12,21,10.938,25.0,25.0,43.0,24.161,30.201,41.892,24.0,28.514,44.77,17.727,18.509,24.839,10.104,Mix_LargePct50EMA_PctAbove200EMA_SmallPct200EMA,75,Risk-off
2023-03-14,17.301,19.233,29.016,-25.131,-10.617,-10.128,0.361,-3,124.0,428.0,17,31,16.0,18.0,19.0,41.0,23.49,27.517,39.865,21.6,26.4,41.909,15.554,16.667,23.573,7.649,Mix_LargePct50EMA_PctAbove200EMA_SmallPct200EMA,75,Risk-off
2023-03-15,19.104,19.302,29.079,-26.182,-13.33,-9.99,0.773,-6,122.0,429.0,23,22,11.429,24.0,23.0,37.0,28.859,32.886,43.243,23.6,26.0,43.983,16.497,15.808,23.112,8.907,Mix_LargePct50EMA_PctAbove200EMA_SmallPct200EMA,75,Risk-off
2023-03-16,18.36,19.079,28.408,-23.227,-11.288,-10.078,0.973,-1,134.0,215.0,19,21,34.783,29.0,26.0,40.0,29.53,30.872,41.892,22.8,27.2,43.154,15.118,15.26,22.243,9.376,Mix_LargePct50EMA_PctAbove200EMA_SmallPct200EMA,75,Risk-off
2023-03-17,22.269,20.756,29.632,-12.06,-7.343,-6.691,1.83,-3,185.0,140.0,19,15,71.429,36.0,33.0,40.0,38.255,36.242,47.297,27.6,27.2,43.154,17.942,16.353,23.275,11.189,Mix_LargePct50EMA_PctAbove200EMA_SmallPct200EMA,75,Risk-off
2023-03-20,17.787,18.111,27.728,-1.879,-3.33,-2.894,0.415,0,165.0,217.0,16,22,20.0,29.0,26.0,41.0,26.667,30.0,40.268,22.8,25.301,40.167,14.649,14.395,22.059,8.648,Mix_LargePct50EMA_PctAbove200EMA_SmallPct200EMA,75,Risk-off
2023-03-21,22.335,20.923,28.834,5.034,1.69,-0.182,2.23,0,225.0,162.0,18,17,55.0,28.0,27.0,40.0,36.667,32.667,44.966,30.8,29.317,40.586,18.236,17.109,23.028,9.215,Mix_LargePct50EMA_PctAbove200EMA_SmallPct200EMA,75,Risk-off
2023-03-22,27.857,22.289,30.755,8.753,2.986,1.675,2.066,-2,247.0,156.0,20,10,58.333,37.0,29.0,41.0,40.667,34.0,45.638,35.2,30.924,41.423,23.898,18.376,25.436,10.165,Mix_LargePct50EMA_PctAbove200EMA_SmallPct200EMA,75,Risk-off
2023-03-23,26.429,22.216,29.785,8.069,3.137,1.376,0.424,-3,273.0,82.0,16,12,37.931,35.0,25.0,42.0,35.333,33.333,44.295,34.0,31.727,39.167,22.966,18.531,24.61,8.512,Mix_LargePct50EMA_PctAbove200EMA_SmallPct200EMA,75,Risk-off
2023-03-24,20.213,18.399,27.204,-2.055,-2.357,-2.428,0.335,-6,209.0,213.0,21,14,33.333,29.0,22.0,39.0,25.333,23.333,39.333,25.6,26.908,38.494,17.692,15.66,21.967,6.958,Mix_LargePct50EMA_PctAbove200EMA_SmallPct200EMA,75,Risk-off
2023-03-27,16.34,15.84,25.063,-1.447,-2.271,-2.665,0.964,-15,128.0,516.0,18,24,30.435,25.0,19.0,36.0,24.0,24.667,36.667,19.679,21.774,36.555,13.936,13.191,19.945,5.625,Mix_LargePct50EMA_PctAbove200EMA_SmallPct200EMA,75,Risk-off
2023-03-28,14.914,15.072,24.015,-7.421,-5.851,-4.819,0.627,-17,119.0,726.0,19,40,14.815,24.0,20.0,37.0,21.333,24.0,37.333,20.08,22.177,34.874,12.247,12.01,18.6,5.231,Mix_LargePct50EMA_PctAbove200EMA_SmallPct200EMA,75,Risk-off
2023-03-29,23.948,18.925,26.996,-3.909,-3.363,-3.758,3.855,-11,364.0,637.0,25,33,53.125,37.0,30.0,40.0,32.0,32.0,43.333,36.145,29.435,39.076,19.276,14.104,20.917,9.104,Mix_LargePct50EMA_PctAbove200EMA_SmallPct200EMA,75,Risk-off
2023-03-31,36.515,23.747,29.867,10.086,1.531,0.082,4.027,-7,587.0,349.0,33,22,73.333,55.0,39.0,47.0,44.667,34.0,44.667,46.586,33.065,42.857,31.818,19.185,23.416,12.707,Mix_LargePct50EMA_PctAbove200EMA_SmallPct200EMA,75,Risk-off
2023-04-03,54.831,29.654,32.869,34.618,11.255,5.665,2.672,1,967.0,127.0,30,16,50.0,61.0,42.0,46.0,58.0,38.0,45.638,60.643,37.903,44.77,52.694,25.806,27.314,15.125,Mix_LargePct50EMA_PctAbove200EMA_SmallPct200EMA,75,Risk-off
2023-04-05,69.258,40.347,36.502,52.918,24.507,11.438,2.28,0,979.0,83.0,33,15,66.667,63.0,43.0,49.0,65.333,44.667,47.651,65.863,45.968,46.444,70.995,38.383,31.651,17.444,Mix_LargePct50EMA_PctAbove200EMA_SmallPct200EMA,75,Risk-off
2023-04-06,76.095,46.631,38.899,61.181,31.559,14.884,2.082,1,917.0,77.0,36,12,71.154,67.0,42.0,51.0,68.667,46.667,49.664,74.699,48.583,50.0,78.086,46.61,33.912,18.986,Mix_LargePct50EMA_PctAbove200EMA_SmallPct200EMA,75,Risk-off
2023-04-10,74.956,48.005,39.026,51.008,29.079,12.03,1.209,2,622.0,89.0,33,11,50.0,72.0,47.0,52.0,69.333,46.0,48.993,70.161,50.607,49.58,76.91,47.8,34.186,20.466,Mix_LargePct50EMA_PctAbove200EMA_SmallPct200EMA,75,Risk-off
2023-04-11,78.431,51.493,40.67,41.917,27.746,10.804,3.105,1,466.0,104.0,26,9,57.895,74.0,48.0,55.0,74.0,47.333,50.336,74.297,56.275,52.101,80.236,51.317,35.558,22.662,Mix_LargePct50EMA_PctAbove200EMA_SmallPct200EMA,75,Risk-off
2023-04-12,80.772,57.493,42.351,25.94,27.839,9.483,2.218,1,389.0,111.0,22,11,54.545,81.0,53.0,56.0,79.333,56.667,52.349,79.032,60.976,54.008,81.297,57.252,37.226,26.018,Mix_LargePct50EMA_PctAbove200EMA_SmallPct200EMA,75,Risk-off
2023-04-13,79.263,57.885,43.418,10.005,17.539,6.916,2.009,0,340.0,102.0,31,12,51.471,69.0,56.0,56.0,76.667,54.667,53.02,77.51,61.538,55.462,80.828,57.689,38.335,28.917,Mix_LargePct50EMA_PctAbove200EMA_SmallPct200EMA,75,Risk-off
2023-04-17,77.515,58.368,44.69,1.42,11.737,5.791,1.198,3,319.0,126.0,54,10,55.556,74.0,62.0,55.0,76.0,61.333,56.376,75.502,63.563,55.696,78.421,56.599,39.781,32.383,Mix_LargePct50EMA_PctAbove200EMA_SmallPct200EMA,75,Risk-off
2023-04-18,78.542,60.191,44.775,3.586,12.186,5.749,0.994,1,300.0,128.0,63,10,52.294,78.0,61.0,57.0,82.667,64.0,55.705,75.904,63.968,54.622,78.62,58.848,40.018,31.335,Mix_LargePct50EMA_PctAbove200EMA_SmallPct200EMA,75,Risk-off
2023-04-19,77.165,59.988,45.696,-1.266,8.495,5.026,1.003,2,300.0,117.0,69,11,41.176,73.0,59.0,59.0,78.0,62.0,54.362,74.297,63.563,56.303,78.012,59.068,40.988,31.754,Mix_LargePct50EMA_PctAbove200EMA_SmallPct200EMA,75,Risk-off
2023-04-20,77.078,61.337,45.437,-3.693,3.844,3.086,1.542,1,281.0,100.0,88,12,40.86,72.0,60.0,58.0,76.667,64.667,55.705,74.699,63.563,54.812,78.059,60.56,40.826,31.298,Mix_LargePct50EMA_PctAbove200EMA_SmallPct200EMA,75,Risk-off
2023-04-21,71.429,59.405,45.035,-7.835,1.519,1.617,0.98,0,269.0,134.0,74,12,41.772,65.0,61.0,57.0,72.0,62.667,52.667,66.667,61.134,53.975,72.87,58.495,40.934,31.113,Mix_LargePct50EMA_PctAbove200EMA_SmallPct200EMA,75,Risk-off
2023-04-24,71.546,61.025,46.013,-5.969,2.657,1.322,3.097,0,293.0,157.0,95,10,39.506,66.0,63.0,57.0,72.667,66.667,54.667,68.273,64.777,55.23,72.539,59.356,41.797,33.444,Mix_LargePct50EMA_PctAbove200EMA_SmallPct200EMA,75,Risk-off
2023-04-25,71.816,62.753,47.342,-6.726,2.563,2.567,1.589,1,286.0,163.0,95,11,46.753,78.0,64.0,55.0,76.0,70.0,54.0,67.47,64.372,56.067,71.683,61.389,43.813,34.863,Mix_LargePct50EMA_PctAbove200EMA_SmallPct200EMA,75,Risk-off
2023-04-26,73.723,64.545,48.265,-3.441,4.557,2.569,3.003,-1,323.0,130.0,97,13,73.913,77.0,66.0,56.0,78.667,72.0,54.667,70.4,66.397,57.083,73.532,63.091,44.749,38.441,Mix_LargePct50EMA_PctAbove200EMA_SmallPct200EMA,75,Defensive
2023-04-27,76.64,68.176,49.399,-0.439,6.84,3.962,2.755,0,323.0,122.0,100,10,63.158,79.0,70.0,56.0,80.0,74.667,57.333,74.4,67.611,57.917,76.494,67.316,45.83,41.833,Mix_LargePct50EMA_PctAbove200EMA_SmallPct200EMA,75,Defensive
2023-04-28,81.264,73.111,52.023,9.836,13.706,6.988,3.563,-1,345.0,112.0,132,13,67.5,87.0,76.0,62.0,88.667,83.333,64.0,79.2,71.255,59.167,80.323,71.959,47.894,46.904,Mix_LargePct50EMA_PctAbove200EMA_SmallPct200EMA,75,Defensive
2023-05-02,81.766,75.298,53.569,10.22,14.273,7.557,2.071,2,345.0,127.0,198,11,64.198,88.0,79.0,67.0,91.333,84.667,66.0,85.02,75.41,62.025,79.471,73.777,48.814,52.036,Mix_LargePct50EMA_PctAbove200EMA_SmallPct200EMA,75,Selective
2023-05-03,80.207,75.268,53.919,8.392,12.515,6.577,1.442,2,336.0,138.0,265,11,61.165,81.0,78.0,66.0,86.667,82.667,66.667,82.186,77.049,62.869,78.969,73.733,49.132,52.43,Mix_LargePct50EMA_PctAbove200EMA_SmallPct200EMA,75,Selective
2023-05-04,83.993,77.989,56.448,10.27,13.444,8.183,2.894,3,352.0,129.0,250,9,65.789,91.0,79.0,70.0,87.333,84.667,65.333,88.259,80.328,66.245,82.183,76.58,51.872,66.617,Mix_LargePct50EMA_PctAbove200EMA_SmallPct200EMA,75,Constructive
2023-05-05,78.358,74.464,54.902,1.718,6.288,5.503,0.753,2,299.0,143.0,194,11,56.213,78.0,71.0,64.0,82.667,81.333,64.667,80.162,77.459,64.286,77.51,73.272,50.686,54.885,Mix_LargePct50EMA_PctAbove200EMA_SmallPct200EMA,75,Selective
2023-05-08,79.575,75.164,57.405,-1.689,2.053,5.382,3.251,3,314.0,131.0,123,13,57.246,86.0,81.0,69.0,86.667,83.333,68.667,82.591,79.184,65.966,77.608,72.804,52.93,68.196,Mix_LargePct50EMA_PctAbove200EMA_SmallPct200EMA,75,Constructive
2023-05-09,75.945,74.703,56.728,-5.821,-0.595,3.159,1.137,1,281.0,161.0,87,11,47.674,82.0,85.0,70.0,82.0,82.0,69.333,76.923,75.51,65.546,74.54,72.75,51.872,70.343,Mix_LargePct50EMA_PctAbove200EMA_SmallPct200EMA,75,Constructive
2023-05-10,75.143,74.555,58.054,-5.064,-0.713,4.135,2.138,0,302.0,128.0,76,12,53.191,82.0,82.0,71.0,81.333,81.333,70.0,78.049,77.049,64.706,73.28,72.567,53.79,68.431,Mix_LargePct50EMA_PctAbove200EMA_SmallPct200EMA,75,Constructive
2023-05-11,76.976,77.092,59.482,-7.017,-0.897,3.034,2.046,3,309.0,118.0,78,7,56.8,79.0,81.0,71.0,82.667,84.667,71.333,80.081,80.738,65.546,75.52,75.063,55.484,69.035,Mix_LargePct50EMA_PctAbove200EMA_SmallPct200EMA,75,Constructive
2023-05-12,72.675,74.688,58.66,-5.683,0.224,3.758,1.169,2,317.0,103.0,80,5,54.286,77.0,79.0,72.0,73.154,80.537,67.785,75.709,77.143,64.706,71.669,73.087,54.886,66.457,Mix_LargePct50EMA_PctAbove200EMA_SmallPct200EMA,75,Constructive
2023-05-15,72.712,74.555,58.864,-6.864,-0.609,1.459,2.791,3,343.0,128.0,81,6,54.839,78.0,80.0,72.0,77.852,78.523,71.141,75.709,77.551,66.387,71.086,72.987,54.372,68.616,Mix_LargePct50EMA_PctAbove200EMA_SmallPct200EMA,75,Constructive
2023-05-16,71.95,74.659,59.369,-3.995,-0.044,2.641,1.324,2,303.0,128.0,85,11,54.783,81.0,79.0,74.0,72.0,80.537,69.128,76.305,77.959,66.807,70.359,72.88,55.1,68.369,Mix_LargePct50EMA_PctAbove200EMA_SmallPct200EMA,75,Constructive
2023-05-17,68.171,72.906,58.37,-6.972,-1.65,0.316,0.782,1,289.0,128.0,93,13,53.333,73.0,73.0,68.0,75.333,79.866,69.128,75.502,76.327,65.126,65.468,71.32,54.562,63.064,Mix_LargePct50EMA_PctAbove200EMA_SmallPct200EMA,75,Selective
2023-05-18,63.683,70.351,57.612,-13.293,-6.741,-1.87,0.673,0,269.0,119.0,87,16,37.398,63.0,70.0,67.0,62.0,72.483,65.101,72.691,75.51,65.966,62.151,69.05,53.923,61.695,Mix_LargePct50EMA_PctAbove200EMA_SmallPct200EMA,75,Selective
2023-05-19,59.544,68.665,57.296,-13.131,-6.023,-1.364,2.437,1,254.0,145.0,86,12,45.631,69.0,73.0,68.0,58.667,71.812,66.443,66.667,73.984,66.946,57.484,66.807,52.968,63.829,Mix_LargePct50EMA_PctAbove200EMA_SmallPct200EMA,75,Selective
2023-05-22,61.626,68.683,58.46,-11.086,-5.872,-0.405,1.864,2,259.0,191.0,84,11,33.735,72.727,76.768,70.707,66.667,78.523,69.799,66.265,72.358,67.364,59.239,66.023,53.874,66.543,Mix_LargePct50EMA_PctAbove200EMA_SmallPct200EMA,75,Constructive
2023-05-23,62.557,69.089,58.812,-9.392,-5.57,-0.557,2.181,2,270.0,189.0,76,8,49.451,70.707,78.788,75.758,68.667,79.866,72.483,68.4,72.177,67.5,60.0,66.272,53.516,68.233,Mix_LargePct50EMA_PctAbove200EMA_SmallPct200EMA,75,Constructive
2023-05-24,60.729,67.853,58.864,-7.443,-5.053,0.494,0.965,2,295.0,192.0,80,9,47.887,76.768,80.808,73.737,64.667,75.839,70.47,62.0,70.565,67.917,58.744,65.21,53.965,70.035,Mix_LargePct50EMA_PctAbove200EMA_SmallPct200EMA,75,Constructive
2023-05-25,60.103,68.29,58.675,-3.58,-2.061,1.063,1.531,2,292.0,145.0,87,9,43.902,76.768,81.818,76.768,62.667,77.181,71.812,63.6,71.371,67.364,57.781,65.404,53.37,70.281,Mix_LargePct50EMA_PctAbove200EMA_SmallPct200EMA,75,Constructive
2023-05-26,62.258,69.697,60.29,2.714,1.032,2.994,3.237,1,299.0,141.0,90,7,52.439,76.768,80.808,80.808,74.667,82.55,75.0,67.2,76.21,71.369,58.645,65.796,54.015,72.243,Mix_LargePct50EMA_PctAbove200EMA_SmallPct200EMA,75,Constructive
2023-05-29,62.692,69.254,61.839,1.066,0.57,3.379,2.083,6,309.0,157.0,90,5,54.237,82.828,81.818,80.808,76.667,83.221,77.703,71.6,77.51,72.727,57.686,64.736,55.596,74.167,Mix_LargePct50EMA_PctAbove200EMA_SmallPct200EMA,75,Constructive
2023-05-30,61.748,68.346,61.097,-0.809,-0.743,2.285,1.324,5,314.0,188.0,96,8,48.0,81.818,80.808,79.798,75.333,82.55,78.378,71.2,77.912,72.314,56.69,63.529,54.603,72.884,Mix_LargePct50EMA_PctAbove200EMA_SmallPct200EMA,75,Constructive
2023-05-31,60.42,67.931,61.146,-0.308,0.078,2.282,1.467,6,345.0,216.0,97,9,57.895,77.778,80.808,80.808,78.667,83.221,78.378,73.6,79.116,73.859,54.279,62.605,54.273,73.439,Mix_LargePct50EMA_PctAbove200EMA_SmallPct200EMA,75,Constructive
2023-06-01,64.018,69.449,62.704,3.915,1.16,4.029,1.367,6,371.0,174.0,104,6,59.0,76.768,79.798,83.838,78.0,83.893,78.378,77.2,79.92,73.859,58.749,64.597,56.261,73.365,Mix_LargePct50EMA_PctAbove200EMA_SmallPct200EMA,75,Constructive
2023-06-02,69.637,73.176,65.472,7.379,3.48,5.181,2.557,6,422.0,129.0,105,10,67.033,81.818,86.869,82.828,78.0,83.893,79.054,77.2,80.321,74.689,66.192,69.244,60.073,78.695,Mix_LargePct50EMA_PctAbove200EMA_SmallPct200EMA,75,Constructive
2023-06-05,72.31,74.751,66.332,9.619,5.497,4.493,2.031,6,444.0,96.0,124,8,64.844,85.0,85.859,81.818,85.333,87.248,81.081,79.6,81.928,73.967,68.325,70.826,61.287,78.349,Mix_LargePct50EMA_PctAbove200EMA_SmallPct200EMA,75,Constructive
2023-06-06,74.261,77.465,66.918,12.513,9.119,5.821,1.501,6,460.0,96.0,123,6,58.947,86.0,86.869,81.818,82.667,86.0,79.866,84.0,85.081,76.349,70.397,74.068,61.775,79.435,Mix_LargePct50EMA_PctAbove200EMA_SmallPct200EMA,75,Constructive
2023-06-07,79.524,80.417,69.912,19.103,12.486,8.766,4.807,3,482.0,95.0,136,7,62.5,89.0,87.879,81.818,86.667,90.0,83.221,88.0,86.694,78.008,76.247,77.38,65.277,81.236,Mix_LargePct50EMA_PctAbove200EMA_SmallPct200EMA,75,Aggressive
2023-06-08,76.104,78.938,67.817,12.086,9.489,5.112,0.653,1,381.0,114.0,130,11,45.638,83.0,82.828,82.828,81.333,87.333,80.537,81.6,84.677,74.167,73.855,76.456,63.382,77.128,Mix_LargePct50EMA_PctAbove200EMA_SmallPct200EMA,75,Constructive
2023-06-09,72.959,77.624,67.607,3.322,4.448,2.135,1.072,1,335.0,130.0,112,11,47.287,75.0,81.818,80.808,70.667,83.333,79.054,77.2,83.871,73.444,72.231,75.344,63.628,76.055,Mix_LargePct50EMA_PctAbove200EMA_SmallPct200EMA,75,Constructive
2023-06-12,75.651,79.193,68.734,3.341,4.442,2.403,2.005,4,310.0,143.0,121,8,39.634,80.0,82.828,82.828,78.0,84.667,79.73,78.8,82.258,75.104,74.408,77.625,64.621,77.622,Mix_LargePct50EMA_PctAbove200EMA_SmallPct200EMA,75,Constructive
2023-06-13,77.627,80.311,70.345,3.366,2.846,3.427,2.72,3,389.0,119.0,132,9,60.674,81.0,84.848,83.838,85.333,89.333,82.432,82.4,84.615,76.667,75.512,78.002,66.155,79.817,Mix_LargePct50EMA_PctAbove200EMA_SmallPct200EMA,75,Constructive
2023-06-14,77.985,81.037,70.972,-1.538,0.62,1.06,1.723,6,426.0,102.0,133,8,47.436,78.0,83.838,80.808,88.667,89.333,83.108,81.6,86.64,77.917,76.006,78.692,66.968,79.731,Mix_LargePct50EMA_PctAbove200EMA_SmallPct200EMA,75,Constructive
2023-06-15,75.595,80.012,70.839,-0.51,1.073,3.022,1.134,6,396.0,102.0,120,4,43.617,74.0,80.808,79.798,85.333,88.667,83.108,78.8,85.02,78.333,73.934,77.903,66.787,77.473,Mix_LargePct50EMA_PctAbove200EMA_SmallPct200EMA,75,Constructive
2023-06-16,79.468,82.854,72.733,6.509,5.23,5.126,3.493,3,390.0,101.0,135,4,63.333,78.0,82.828,83.838,86.667,86.0,83.221,82.8,87.045,80.417,78.076,81.643,68.677,80.373,Mix_LargePct50EMA_PctAbove200EMA_SmallPct200EMA,75,Aggressive
2023-06-19,77.489,81.897,72.153,1.837,2.703,3.418,1.148,2,366.0,115.0,149,8,53.247,76.0,82.828,82.828,82.667,86.667,83.221,84.4,87.854,80.753,75.631,80.064,67.867,80.348,Mix_LargePct50EMA_PctAbove200EMA_SmallPct200EMA,75,Aggressive
2023-06-20,78.721,82.989,73.342,1.094,2.678,2.997,2.479,10,380.0,118.0,150,6,52.8,81.0,84.848,82.828,84.0,86.0,83.893,85.2,89.474,81.172,76.638,81.19,69.397,82.211,Mix_LargePct50EMA_PctAbove200EMA_SmallPct200EMA,75,Aggressive
2023-06-21,77.57,82.19,73.638,-0.416,1.153,2.666,1.444,9,342.0,128.0,158,7,46.212,79.0,86.869,81.818,84.0,88.0,83.221,86.8,89.879,82.427,74.861,79.58,69.73,83.839,Mix_LargePct50EMA_PctAbove200EMA_SmallPct200EMA,75,Aggressive
2023-06-22,68.619,78.963,72.494,-6.976,-1.049,1.655,0.564,5,291.0,157.0,138,5,33.058,67.0,84.848,82.828,74.667,84.667,80.537,75.6,85.425,82.008,66.64,76.513,68.44,82.433,Mix_LargePct50EMA_PctAbove200EMA_SmallPct200EMA,75,Aggressive
2023-06-23,55.707,73.23,69.086,-23.761,-9.624,-3.647,0.252,3,212.0,217.0,123,7,24.8,52.0,71.717,79.798,59.333,74.667,75.168,60.4,81.781,80.335,54.639,71.475,64.896,72.082,Mix_LargePct50EMA_PctAbove200EMA_SmallPct200EMA,75,Constructive
2023-06-26,58.508,73.326,69.807,-18.981,-8.571,-2.346,2.599,5,219.0,221.0,126,12,28.319,59.0,81.818,81.818,65.333,80.0,77.852,68.4,81.781,82.845,55.713,70.184,64.875,80.052,Mix_LargePct50EMA_PctAbove200EMA_SmallPct200EMA,75,Aggressive
2023-06-27,62.173,75.69,70.857,-16.548,-7.299,-2.485,2.906,6,268.0,177.0,124,9,37.143,63.0,82.828,82.828,66.667,84.0,78.523,67.2,81.526,81.172,60.572,72.947,66.547,80.126,Mix_LargePct50EMA_PctAbove200EMA_SmallPct200EMA,75,Aggressive
2023-06-28,63.946,75.129,71.241,-13.624,-7.061,-2.397,3.132,6,315.0,97.0,123,9,63.158,75.0,84.848,83.838,74.0,85.333,80.537,69.6,81.526,81.172,60.759,71.852,66.756,81.643,Mix_LargePct50EMA_PctAbove200EMA_SmallPct200EMA,75,Aggressive
2023-06-30,66.931,76.016,72.722,-1.687,-2.947,0.228,1.945,7,325.0,81.0,127,10,52.83,83.838,88.776,84.694,78.0,86.0,82.55,74.0,85.542,82.427,62.896,71.92,68.28,84.172,Mix_LargePct50EMA_PctAbove200EMA_SmallPct200EMA,75,Aggressive
2023-07-03,69.166,77.607,73.429,13.459,4.377,4.342,2.335,5,347.0,84.0,127,10,52.239,82.828,90.816,85.714,83.333,86.0,83.893,75.6,85.141,82.773,65.176,74.086,68.984,85.208,Mix_LargePct50EMA_PctAbove200EMA_SmallPct200EMA,75,Aggressive
2023-07-04,66.001,76.87,73.296,7.494,3.544,3.489,1.641,12,346.0,106.0,109,7,48.75,80.808,89.796,85.714,79.333,87.333,82.55,74.0,86.345,84.454,61.643,72.683,68.582,85.542,Mix_LargePct50EMA_PctAbove200EMA_SmallPct200EMA,75,Aggressive
2023-07-05,69.84,78.436,74.609,7.667,2.746,3.752,2.128,6,347.0,106.0,97,10,67.544,81.818,87.755,85.714,81.333,88.0,83.893,78.4,88.755,86.076,65.817,74.477,69.955,86.467,Mix_LargePct50EMA_PctAbove200EMA_SmallPct200EMA,75,Aggressive
2023-07-06,73.292,79.174,75.532,9.346,4.045,4.29,1.838,10,315.0,99.0,96,11,74.336,89.899,92.857,85.714,86.0,90.0,82.55,81.6,87.952,85.714,68.815,75.04,71.518,87.947,Mix_LargePct50EMA_PctAbove200EMA_SmallPct200EMA,75,Aggressive
2023-07-07,67.788,77.555,75.031,0.857,1.539,2.31,0.658,5,285.0,81.0,79,9,63.462,80.808,87.755,83.673,77.333,85.333,81.208,75.6,86.747,84.454,64.064,73.976,71.429,85.801,Mix_LargePct50EMA_PctAbove200EMA_SmallPct200EMA,75,Aggressive
2023-07-10,62.733,74.857,73.645,-6.433,-2.749,0.216,0.929,3,266.0,106.0,92,9,45.902,74.747,89.796,82.653,72.667,82.667,79.866,69.6,85.542,82.773,59.277,70.644,70.089,85.011,Mix_LargePct50EMA_PctAbove200EMA_SmallPct200EMA,75,Aggressive
2023-07-11,66.971,75.461,73.76,0.97,-1.409,0.464,2.018,10,278.0,121.0,91,8,45.578,80.808,87.755,82.653,80.0,88.0,79.866,80.0,86.747,84.454,61.711,70.702,69.856,85.258,Mix_LargePct50EMA_PctAbove200EMA_SmallPct200EMA,75,Aggressive
2023-07-12,65.275,73.66,73.509,-4.566,-4.776,-1.1,1.029,9,319.0,117.0,90,8,57.647,75.758,85.859,81.818,78.0,85.235,79.054,78.0,86.345,84.874,60.368,68.74,69.585,84.715,Mix_LargePct50EMA_PctAbove200EMA_SmallPct200EMA,75,Aggressive
2023-07-13,60.892,72.596,72.619,-12.4,-6.577,-2.913,1.024,5,287.0,122.0,84,7,46.154,73.737,82.828,84.848,69.333,82.55,79.73,72.4,83.133,83.613,56.56,68.468,68.227,81.878,Mix_LargePct50EMA_PctAbove200EMA_SmallPct200EMA,75,Aggressive
2023-07-14,65.123,74.899,74.529,-2.665,-2.655,-0.502,2.587,10,337.0,107.0,90,6,51.136,77.0,89.899,87.879,76.667,86.577,81.757,77.6,84.337,84.034,60.288,70.403,70.334,85.936,Mix_LargePct50EMA_PctAbove200EMA_SmallPct200EMA,75,Aggressive
2023-07-17,71.227,77.866,75.682,8.495,3.009,2.038,2.478,10,367.0,126.0,107,8,52.0,85.0,90.909,90.909,80.667,88.591,83.108,83.133,87.903,86.134,66.719,73.618,71.162,87.96,Mix_LargePct50EMA_PctAbove200EMA_SmallPct200EMA,75,Aggressive
2023-07-18,65.409,75.374,74.875,-1.563,-0.087,1.114,0.826,10,375.0,126.0,79,8,70.423,77.0,89.899,88.889,72.667,86.0,81.757,75.904,85.484,85.714,61.52,70.911,70.387,87.108,Mix_LargePct50EMA_PctAbove200EMA_SmallPct200EMA,75,Aggressive
2023-07-19,68.4,77.427,75.815,3.125,3.767,2.305,3.063,11,320.0,132.0,83,7,53.782,81.0,89.899,88.889,78.667,88.667,81.757,78.715,88.353,87.815,64.109,72.888,71.287,88.737,Mix_LargePct50EMA_PctAbove200EMA_SmallPct200EMA,75,Aggressive
2023-07-20,68.686,76.936,75.97,7.794,4.34,3.351,2.513,15,284.0,122.0,81,7,52.206,82.828,90.816,89.796,76.667,86.667,81.757,80.723,87.55,88.703,64.217,72.552,71.249,89.859,Mix_LargePct50EMA_PctAbove200EMA_SmallPct200EMA,75,Aggressive
2023-07-21,66.935,75.389,76.018,1.812,0.49,1.488,0.819,5,306.0,100.0,80,7,45.946,70.408,82.474,88.66,68.0,83.333,81.757,79.518,87.55,87.866,64.016,71.429,71.608,85.505,Mix_LargePct50EMA_PctAbove200EMA_SmallPct200EMA,75,Aggressive
2023-07-24,63.672,74.124,75.108,-7.555,-3.742,-0.574,1.166,7,314.0,129.0,101,10,49.541,72.449,84.536,88.66,70.0,82.0,81.757,72.289,85.542,86.192,60.592,70.173,70.749,85.505,Mix_LargePct50EMA_PctAbove200EMA_SmallPct200EMA,75,Aggressive
2023-07-25,63.549,73.077,74.753,-1.86,-2.297,-0.122,1.382,10,329.0,164.0,113,7,46.154,65.306,84.694,88.776,70.667,83.221,82.313,72.691,84.739,86.611,60.798,68.711,70.07,85.653,Mix_LargePct50EMA_PctAbove200EMA_SmallPct200EMA,75,Aggressive
2023-07-26,66.01,75.113,75.911,-2.39,-2.314,0.097,1.815,9,354.0,171.0,120,6,55.208,73.469,87.755,89.796,75.333,84.564,82.993,75.1,85.542,87.448,62.578,70.991,71.366,87.725,Mix_LargePct50EMA_PctAbove200EMA_SmallPct200EMA,75,Aggressive
2023-07-27,64.37,74.745,75.849,-4.315,-2.192,-0.121,0.901,7,346.0,149.0,119,3,48.148,67.347,80.612,86.735,73.154,83.784,82.877,73.896,85.542,88.285,61.255,71.113,71.391,84.444,Mix_LargePct50EMA_PctAbove200EMA_SmallPct200EMA,75,Aggressive
2023-07-28,63.303,74.236,76.387,-3.631,-1.153,0.37,1.446,7,335.0,131.0,114,5,51.429,63.636,81.818,88.889,76.19,83.562,83.333,71.084,86.345,89.121,60.281,70.204,71.754,86.368,Mix_LargePct50EMA_PctAbove200EMA_SmallPct200EMA,75,Aggressive
2023-07-31,68.43,76.387,76.895,4.758,2.263,1.787,3.448,13,405.0,120.0,117,6,69.663,67.677,83.838,91.919,75.51,86.986,84.722,81.2,88.755,88.608,65.183,72.17,72.178,87.466,Mix_LargePct50EMA_PctAbove200EMA_SmallPct200EMA,75,Aggressive
2023-08-01,71.782,77.954,78.558,8.233,4.877,3.805,1.453,10,455.0,117.0,121,4,64.423,67.677,86.869,89.899,85.135,90.476,87.586,81.928,91.129,89.831,68.589,73.255,74.103,90.452,Mix_LargePct50EMA_PctAbove200EMA_SmallPct200EMA,75,Aggressive
2023-08-02,59.651,74.265,77.094,-6.359,-0.848,1.183,0.24,5,401.0,161.0,106,4,41.935,48.0,79.0,88.0,68.707,85.616,85.417,65.06,85.484,87.712,58.47,70.408,72.902,83.395,Mix_LargePct50EMA_PctAbove200EMA_SmallPct200EMA,75,Aggressive
2023-08-03,57.537,72.1,77.203,-6.834,-2.645,1.353,0.72,6,330.0,172.0,113,5,40.23,46.465,69.697,86.869,71.622,84.932,88.889,65.462,84.274,87.288,55.226,68.446,72.815,77.646,Mix_LargePct50EMA_PctAbove200EMA_SmallPct200EMA,75,Constructive
2023-08-04,63.294,74.194,78.954,-0.009,-0.042,2.567,2.141,9,321.0,169.0,125,6,36.735,56.566,72.727,87.879,75.168,85.616,90.972,66.667,85.081,87.712,61.778,70.879,74.869,80.373,Mix_LargePct50EMA_PctAbove200EMA_SmallPct200EMA,75,Aggressive
2023-08-07,64.894,73.928,78.76,-3.536,-2.46,1.865,1.736,10,419.0,164.0,130,10,57.971,60.606,71.717,86.869,71.812,83.562,90.278,70.281,84.677,89.407,63.382,70.915,74.435,81.199,Mix_LargePct50EMA_PctAbove200EMA_SmallPct200EMA,75,Aggressive
2023-08-08,65.73,74.533,78.993,-6.052,-3.421,0.434,1.156,8,423.0,167.0,151,8,49.425,63.636,75.758,87.879,73.826,83.562,91.034,69.88,85.484,89.03,64.147,71.272,74.629,83.136,Mix_LargePct50EMA_PctAbove200EMA_SmallPct200EMA,75,Aggressive
2023-08-09,67.377,75.579,80.356,7.726,1.315,3.262,2.093,13,432.0,171.0,158,5,54.945,69.388,78.571,86.735,73.333,85.034,91.781,71.774,85.83,90.678,65.683,72.279,76.24,86.812,Mix_LargePct50EMA_PctAbove200EMA_SmallPct200EMA,75,Aggressive
2023-08-10,64.406,74.024,79.545,6.869,1.924,2.343,0.864,11,383.0,167.0,159,9,54.63,63.265,73.469,87.755,70.0,82.313,87.671,67.871,84.211,89.407,63.17,71.137,75.784,82.729,Mix_LargePct50EMA_PctAbove200EMA_SmallPct200EMA,75,Aggressive
2023-08-11,56.87,70.798,78.65,-6.424,-3.396,-0.304,0.79,7,361.0,226.0,138,10,51.163,60.204,71.429,87.755,58.0,76.871,89.041,60.0,80.972,88.559,55.875,68.078,74.522,80.237,Mix_LargePct50EMA_PctAbove200EMA_SmallPct200EMA,75,Aggressive
2023-08-14,49.301,65.085,76.179,-15.593,-8.843,-2.581,0.815,11,308.0,327.0,128,11,31.683,51.0,69.0,83.0,54.054,70.345,87.5,54.0,74.494,86.017,47.711,62.363,72.16,76.203,Mix_LargePct50EMA_PctAbove200EMA_SmallPct200EMA,75,Constructive
2023-08-16,50.702,65.855,76.824,-15.028,-8.678,-2.169,1.274,16,384.0,302.0,130,12,38.272,53.0,70.0,86.0,52.703,71.034,84.722,59.6,75.709,86.864,48.558,63.03,72.98,77.659,Mix_LargePct50EMA_PctAbove200EMA_SmallPct200EMA,75,Constructive
2023-08-17,50.674,65.873,76.951,-16.703,-9.706,-3.405,0.943,12,416.0,239.0,137,12,57.143,55.0,72.0,87.0,53.378,68.276,84.722,57.6,74.494,86.498,48.674,63.443,73.124,78.522,Mix_LargePct50EMA_PctAbove200EMA_SmallPct200EMA,75,Constructive
2023-08-18,48.881,63.734,76.546,-15.524,-10.29,-2.999,0.82,8,408.0,158.0,124,11,61.194,49.0,67.0,87.0,48.322,66.897,81.944,57.6,72.874,84.81,47.246,61.358,73.264,74.476,Mix_LargePct50EMA_PctAbove200EMA_SmallPct200EMA,75,Constructive
2023-08-21,52.045,67.27,77.008,-4.826,-3.528,-1.642,3.486,6,383.0,148.0,136,15,50.0,59.596,71.717,84.848,53.02,69.655,84.028,60.8,76.613,86.134,49.65,64.839,73.565,78.09,Mix_LargePct50EMA_PctAbove200EMA_SmallPct200EMA,75,Constructive
2023-08-22,60.594,70.226,78.738,11.294,5.141,2.559,2.083,12,447.0,128.0,159,13,58.333,65.657,76.768,87.879,61.074,77.241,84.028,67.871,79.757,87.815,58.741,67.084,75.413,82.433,Mix_LargePct50EMA_PctAbove200EMA_SmallPct200EMA,75,Aggressive
2023-08-23,63.626,72.009,80.049,12.924,6.154,3.225,2.572,8,495.0,100.0,156,11,67.925,69.697,77.778,88.889,66.443,78.767,85.517,71.486,78.049,88.608,61.318,69.633,76.843,84.74,Mix_LargePct50EMA_PctAbove200EMA_SmallPct200EMA,75,Aggressive
2023-08-24,64.013,72.244,80.489,13.339,6.371,3.538,1.409,3,451.0,88.0,140,10,60.274,63.636,75.758,89.899,72.667,80.822,86.897,72.0,80.972,89.916,61.479,69.303,76.93,84.629,Mix_LargePct50EMA_PctAbove200EMA_SmallPct200EMA,75,Aggressive
2023-08-25,56.19,69.396,79.266,7.309,5.662,2.72,0.599,6,337.0,108.0,143,10,37.037,50.505,71.717,89.899,55.333,71.918,85.517,64.659,76.016,88.136,55.089,67.656,75.758,80.545,Mix_LargePct50EMA_PctAbove200EMA_SmallPct200EMA,75,Aggressive
2023-08-28,59.396,70.575,79.963,7.351,3.305,2.955,2.58,6,361.0,112.0,150,11,40.0,60.0,70.0,90.0,63.758,75.172,87.5,67.871,79.757,88.559,57.209,68.331,76.404,80.397,Mix_LargePct50EMA_PctAbove200EMA_SmallPct200EMA,75,Aggressive
2023-08-29,66.294,75.282,82.529,5.7,5.056,3.791,1.967,10,409.0,104.0,159,8,52.941,67.677,76.768,90.909,69.128,80.69,90.278,71.486,81.377,88.983,64.861,73.385,79.534,85.381,Mix_LargePct50EMA_PctAbove200EMA_SmallPct200EMA,75,Aggressive
2023-08-30,72.371,78.229,83.252,8.745,6.22,3.203,2.095,12,481.0,80.0,151,9,78.431,66.667,74.747,90.909,75.839,83.448,90.278,74.699,82.996,90.717,71.96,76.989,80.19,85.875,Mix_LargePct50EMA_PctAbove200EMA_SmallPct200EMA,75,Aggressive
2023-08-31,68.942,77.991,83.201,4.929,5.747,2.712,0.809,11,423.0,95.0,142,7,72.881,54.082,67.347,87.755,70.47,80.0,90.278,76.305,83.806,90.717,68.474,77.457,80.397,81.656,Mix_LargePct50EMA_PctAbove200EMA_SmallPct200EMA,75,Aggressive
2023-09-01,75.014,80.823,83.944,18.823,11.428,4.678,3.426,8,431.0,91.0,181,7,71.429,69.072,77.32,89.691,77.181,84.138,90.278,81.124,88.259,91.139,74.034,79.283,81.207,88.391,Mix_LargePct50EMA_PctAbove200EMA_SmallPct200EMA,75,Aggressive
2023-09-04,78.348,83.662,85.262,18.952,13.087,5.299,3.528,15,485.0,96.0,187,8,62.609,71.134,77.32,91.753,77.333,84.828,91.667,81.526,88.259,92.469,78.395,83.126,82.444,89.625,Mix_LargePct50EMA_PctAbove200EMA_SmallPct200EMA,75,Aggressive
2023-09-05,80.235,84.104,85.793,13.94,8.822,3.264,2.312,17,532.0,81.0,180,5,60.976,74.49,80.612,91.837,83.108,86.014,91.549,83.2,89.516,92.5,79.768,83.113,83.19,92.043,Mix_LargePct50EMA_PctAbove200EMA_SmallPct200EMA,75,Aggressive
2023-09-06,80.279,84.594,86.654,7.908,6.365,3.403,1.209,12,503.0,96.0,170,5,65.035,78.571,82.653,91.837,85.235,87.586,93.056,84.739,91.057,92.857,78.98,83.164,84.152,94.066,Mix_LargePct50EMA_PctAbove200EMA_SmallPct200EMA,75,Aggressive
2023-09-07,81.955,85.327,87.599,13.013,7.336,4.398,2.934,10,432.0,89.0,177,4,61.084,83.673,85.714,92.857,86.486,88.194,93.706,85.2,90.688,93.333,80.68,83.944,85.223,96.287,Mix_LargePct50EMA_PctAbove200EMA_SmallPct200EMA,75,Aggressive
2023-09-08,82.386,85.448,88.403,7.372,4.625,4.459,3.496,14,390.0,82.0,164,4,60.234,84.694,85.714,93.878,89.865,90.278,95.804,86.8,91.498,93.776,80.508,83.723,85.923,96.459,Mix_LargePct50EMA_PctAbove200EMA_SmallPct200EMA,75,Aggressive
2023-09-11,81.671,86.085,88.909,3.323,2.423,3.647,4.979,18,411.0,88.0,169,5,62.121,95.918,89.796,93.878,91.892,91.667,95.804,86.0,91.093,94.191,78.599,84.215,86.558,98.001,Mix_LargePct50EMA_PctAbove200EMA_SmallPct200EMA,75,Aggressive
2023-09-12,47.744,74.648,85.264,-32.491,-9.456,-0.529,0.251,4,299.0,860.0,99,6,26.718,77.551,87.755,92.857,57.047,84.932,93.103,47.2,83.265,91.213,44.53,70.84,82.434,95.374,Mix_LargePct50EMA_PctAbove200EMA_SmallPct200EMA,75,Aggressive
2023-09-13,54.322,76.029,85.758,-25.957,-8.564,-0.897,1.832,6,362.0,873.0,121,5,25.949,78.788,87.879,90.909,66.667,86.111,91.608,59.2,84.49,93.305,50.116,72.374,83.062,96.472,Mix_LargePct50EMA_PctAbove200EMA_SmallPct200EMA,75,Aggressive
2023-09-14,64.68,79.932,87.099,-17.276,-5.395,-0.5,3.071,7,391.0,845.0,137,4,35.227,81.818,90.909,92.929,77.703,90.972,93.706,70.8,86.939,92.5,60.709,76.516,84.688,97.767,Mix_LargePct50EMA_PctAbove200EMA_SmallPct200EMA,75,Aggressive
2023-09-15,67.389,80.135,87.091,-14.997,-5.313,-1.312,2.222,13,495.0,82.0,130,4,73.913,86.0,90.909,92.929,80.405,88.966,94.444,72.4,88.571,92.5,63.518,76.708,84.576,97.742,Mix_LargePct50EMA_PctAbove200EMA_SmallPct200EMA,75,Aggressive
2023-09-18,61.5,78.74,86.267,-20.171,-7.344,-2.642,1.13,9,399.0,88.0,129,4,59.574,84.0,89.899,93.939,69.388,88.194,93.75,59.2,86.179,91.632,59.325,75.407,83.604,96.805,Mix_LargePct50EMA_PctAbove200EMA_SmallPct200EMA,75,Aggressive
2023-09-20,54.944,75.703,85.239,7.201,1.055,-0.025,0.463,8,295.0,114.0,121,2,37.5,75.0,84.848,90.909,60.811,84.828,91.724,52.4,83.265,91.176,53.226,72.537,82.75,94.152,Mix_LargePct50EMA_PctAbove200EMA_SmallPct200EMA,75,Aggressive
2023-09-21,42.921,68.954,83.959,-11.402,-7.075,-1.799,0.356,8,213.0,150.0,89,3,20.833,62.0,82.828,92.929,46.98,77.397,90.345,42.972,76.23,88.235,40.982,65.555,81.538,90.155,Mix_LargePct50EMA_PctAbove200EMA_SmallPct200EMA,75,Aggressive
2023-09-22,42.237,67.793,83.787,-22.443,-12.14,-3.312,1.121,7,212.0,136.0,87,3,37.5,59.0,81.818,92.929,40.94,71.918,89.655,40.562,74.18,88.235,41.416,65.035,81.383,89.243,Mix_LargePct50EMA_PctAbove200EMA_SmallPct200EMA,75,Aggressive
2023-09-25,45.606,67.117,82.748,-21.783,-13.018,-4.343,1.437,5,244.0,142.0,92,6,46.0,61.0,78.788,91.919,48.993,68.707,88.435,42.339,72.84,87.66,44.658,64.957,80.273,85.64,Mix_LargePct50EMA_PctAbove200EMA_SmallPct200EMA,75,Aggressive
2023-09-26,45.667,67.004,83.001,-15.833,-11.736,-3.267,1.384,5,286.0,105.0,96,8,28.571,62.0,80.808,92.929,45.638,70.068,87.755,45.161,73.361,88.085,44.513,64.391,80.546,87.651,Mix_LargePct50EMA_PctAbove200EMA_SmallPct200EMA,75,Aggressive
2023-09-27,50.778,68.578,83.434,-4.167,-7.125,-1.805,2.02,9,310.0,102.0,91,7,52.174,71.0,79.798,91.919,58.389,77.551,89.796,50.403,75.82,89.407,48.427,65.322,80.717,88.293,Mix_LargePct50EMA_PctAbove200EMA_SmallPct200EMA,75,Aggressive
2023-09-28,43.913,63.514,82.275,0.993,-5.44,-1.684,0.425,8,253.0,86.0,89,8,31.25,52.0,73.737,90.909,41.611,66.667,87.075,53.414,72.541,86.864,41.737,60.653,80.017,82.001,Mix_LargePct50EMA_PctAbove200EMA_SmallPct200EMA,75,Aggressive
2023-09-29,51.276,67.566,83.444,9.039,-0.227,-0.343,3.435,10,292.0,78.0,86,8,33.333,64.0,78.788,90.909,56.376,72.789,88.435,59.839,74.18,89.407,48.083,64.856,80.989,87.626,Mix_LargePct50EMA_PctAbove200EMA_SmallPct200EMA,75,Aggressive
2023-10-03,52.106,68.238,82.74,6.5,1.121,-0.008,1.201,10,312.0,92.0,93,7,53.333,64.646,75.51,89.796,51.007,70.068,87.075,59.438,76.423,89.076,49.885,65.918,80.324,84.826,Mix_LargePct50EMA_PctAbove200EMA_SmallPct200EMA,75,Aggressive
2023-10-04,40.833,60.967,82.438,-4.833,-6.037,-0.562,0.367,10,315.0,113.0,72,9,60.526,44.444,68.367,91.837,38.255,65.068,85.616,45.382,71.138,87.815,39.985,57.997,80.17,79.608,Mix_LargePct50EMA_PctAbove200EMA_SmallPct200EMA,75,Constructive
2023-10-05,48.389,64.997,83.213,-2.389,-3.581,-0.222,1.923,18,349.0,109.0,72,6,46.875,52.525,72.449,91.837,47.297,69.655,86.207,50.201,70.325,87.395,47.853,62.888,81.277,81.902,Mix_LargePct50EMA_PctAbove200EMA_SmallPct200EMA,75,Aggressive
2023-10-06,56.754,69.854,83.957,12.84,6.34,1.682,2.715,13,385.0,84.0,76,8,63.415,59.596,77.551,91.837,62.329,70.629,88.112,58.233,76.016,89.496,55.632,68.009,81.679,87.478,Mix_LargePct50EMA_PctAbove200EMA_SmallPct200EMA,75,Aggressive
2023-10-09,35.568,56.446,80.881,-15.708,-11.12,-2.564,0.31,8,379.0,300.0,59,12,60.0,33.333,66.327,88.776,33.562,60.14,83.916,37.751,60.569,88.235,35.545,54.51,78.372,78.411,Mix_LargePct50EMA_PctAbove200EMA_SmallPct200EMA,75,Constructive
2023-10-10,49.361,64.679,82.488,-2.745,-3.559,-0.252,9.045,11,433.0,305.0,73,11,56.364,60.606,76.531,89.796,47.945,69.231,85.315,50.8,72.764,89.496,48.392,61.735,80.119,85.653,Mix_LargePct50EMA_PctAbove200EMA_SmallPct200EMA,75,Aggressive
2023-10-11,58.716,70.067,83.896,17.883,9.1,1.458,2.806,15,431.0,303.0,82,9,53.846,68.687,86.735,94.898,59.028,72.34,87.234,58.0,72.764,89.916,58.067,68.052,81.372,93.338,Mix_LargePct50EMA_PctAbove200EMA_SmallPct200EMA,75,Aggressive
2023-10-12,65.097,72.727,85.069,16.708,7.73,1.857,1.918,13,515.0,53.0,76,6,74.419,66.667,80.612,93.878,68.75,73.239,88.732,72.691,80.738,91.561,63.138,70.57,82.601,91.216,Mix_LargePct50EMA_PctAbove200EMA_SmallPct200EMA,75,Aggressive
2023-10-13,63.566,72.269,84.916,6.812,2.415,0.959,1.176,17,425.0,59.0,116,5,51.724,61.616,74.49,91.837,63.889,70.423,86.62,68.273,79.508,90.295,62.785,70.945,83.067,86.578,Mix_LargePct50EMA_PctAbove200EMA_SmallPct200EMA,75,Aggressive
2023-10-16,64.488,73.068,85.319,28.92,16.622,4.438,1.882,22,424.0,78.0,116,4,59.211,62.245,77.32,92.784,68.056,73.239,87.324,68.548,76.543,90.678,63.498,72.086,83.404,88.749,Mix_LargePct50EMA_PctAbove200EMA_SmallPct200EMA,75,Aggressive
2023-10-17,70.683,76.404,86.265,21.321,11.725,3.777,3.404,19,432.0,83.0,111,4,62.105,70.408,79.381,91.753,72.414,76.056,89.437,75.806,82.716,91.949,69.542,75.039,84.304,91.29,Mix_LargePct50EMA_PctAbove200EMA_SmallPct200EMA,75,Aggressive
2023-10-18,61.538,73.419,85.397,2.822,3.352,1.5,0.415,17,407.0,125.0,104,7,55.556,54.545,73.196,88.66,57.241,69.014,85.915,66.532,78.279,89.831,61.597,73.006,84.188,86.072,Mix_LargePct50EMA_PctAbove200EMA_SmallPct200EMA,75,Aggressive
2023-10-19,60.222,71.805,85.388,-4.875,-0.922,0.319,1.059,23,355.0,119.0,110,6,51.163,52.525,75.258,86.598,55.782,65.035,87.413,65.182,77.778,88.936,60.366,71.176,84.343,86.134,Mix_LargePct50EMA_PctAbove200EMA_SmallPct200EMA,75,Aggressive
2023-10-20,51.495,66.424,83.303,-12.071,-5.845,-1.613,0.577,16,272.0,187.0,101,9,27.481,43.434,68.041,87.629,39.189,55.245,82.517,55.645,72.428,87.66,52.708,66.41,82.185,79.731,Mix_LargePct50EMA_PctAbove200EMA_SmallPct200EMA,75,Constructive
2023-10-23,20.96,37.912,73.545,-43.528,-35.157,-11.774,0.12,6,196.0,987.0,73,11,14.141,20.202,42.857,83.673,11.409,34.722,69.444,17.004,40.909,82.051,22.838,37.337,71.537,59.906,Mix_LargePct50EMA_PctAbove200EMA_SmallPct200EMA,75,Selective
2023-10-25,19.239,32.254,70.15,-51.444,-44.15,-16.115,0.501,0,134.0,1132.0,65,8,18.182,17.172,34.694,82.653,10.738,24.828,70.345,16.194,38.174,78.632,20.925,31.804,67.424,55.058,Mix_LargePct50EMA_PctAbove200EMA_SmallPct200EMA,75,Selective
2023-10-26,18.272,31.145,68.678,-43.266,-42.274,-16.718,0.454,1,196.0,1128.0,68,6,15.873,10.101,29.592,80.612,8.0,23.288,63.699,16.935,35.833,76.824,20.321,31.279,66.695,52.887,Mix_LargePct50EMA_PctAbove200EMA_SmallPct200EMA,75,Selective
2023-10-27,28.873,42.093,73.824,-31.349,-29.712,-11.564,8.184,2,440.0,273.0,80,6,57.143,24.242,47.959,82.653,18.667,30.137,67.123,29.719,51.667,79.06,30.238,41.222,72.881,60.572,Mix_LargePct50EMA_PctAbove200EMA_SmallPct200EMA,75,Selective
2023-10-30,31.823,43.505,74.128,-19.672,-22.919,-9.176,1.435,3,524.0,156.0,72,6,58.333,27.273,44.898,81.633,22.667,34.932,67.808,31.325,50.207,80.851,33.308,43.121,72.95,60.227,Mix_LargePct50EMA_PctAbove200EMA_SmallPct200EMA,75,Selective
2023-10-31,34.917,44.314,74.774,13.957,6.402,1.229,1.025,4,507.0,110.0,79,6,50.0,31.0,45.918,82.653,29.333,36.986,70.548,35.6,50.622,81.277,35.725,43.846,73.35,61.078,Mix_LargePct50EMA_PctAbove200EMA_SmallPct200EMA,75,Selective
2023-11-01,32.376,42.529,72.892,13.136,10.275,2.741,0.725,6,329.0,158.0,75,6,71.429,30.0,45.455,81.633,28.0,35.616,65.753,35.2,49.587,78.814,32.519,41.769,71.864,59.178,Mix_LargePct50EMA_PctAbove200EMA_SmallPct200EMA,75,Selective
2023-11-02,42.131,48.77,75.692,23.859,17.625,7.014,5.183,8,328.0,139.0,80,5,55.556,47.0,58.586,83.673,38.667,41.497,69.388,44.8,56.017,79.149,41.648,47.502,75.127,65.729,Mix_LargePct50EMA_PctAbove200EMA_SmallPct200EMA,75,Constructive
2023-11-03,50.303,53.352,77.33,21.431,11.259,3.506,2.708,11,368.0,132.0,85,5,52.632,58.0,61.616,85.714,49.333,50.34,74.15,51.2,60.744,82.553,49.657,51.69,75.993,69.467,Mix_LargePct50EMA_PctAbove200EMA_SmallPct200EMA,75,Constructive
2023-11-06,61.148,60.034,79.229,29.325,16.528,5.102,3.642,11,479.0,109.0,86,5,65.385,62.0,64.646,85.714,67.333,60.544,78.231,63.6,65.289,85.532,59.909,58.647,77.561,74.537,Mix_LargePct50EMA_PctAbove200EMA_SmallPct200EMA,75,Constructive
2023-11-07,61.823,61.409,79.422,26.906,17.096,4.648,1.521,13,488.0,112.0,88,4,81.481,69.0,69.697,86.735,62.667,60.811,79.054,66.4,66.805,85.043,60.305,59.846,77.75,77.523,Mix_LargePct50EMA_PctAbove200EMA_SmallPct200EMA,75,Constructive
2023-11-08,64.124,63.814,78.941,31.748,21.285,6.049,2.323,13,455.0,130.0,106,6,62.5,74.0,75.758,86.735,69.333,66.892,79.73,67.47,71.784,85.408,62.137,61.077,76.923,80.521,Mix_LargePct50EMA_PctAbove200EMA_SmallPct200EMA,75,Aggressive
2023-11-09,57.781,60.022,78.039,15.65,11.253,2.347,1.065,10,340.0,170.0,85,8,48.889,74.0,76.768,86.735,65.333,62.838,79.73,59.839,65.56,84.12,55.293,57.406,75.909,79.83,Mix_LargePct50EMA_PctAbove200EMA_SmallPct200EMA,75,Constructive
2023-11-10,56.757,59.017,78.352,6.453,5.665,1.022,1.839,15,306.0,197.0,76,8,58.491,69.0,71.717,86.735,63.333,65.541,81.757,61.044,64.73,84.549,54.262,56.255,76.014,77.659,Mix_LargePct50EMA_PctAbove200EMA_SmallPct200EMA,75,Constructive
2023-11-13,62.362,63.337,79.279,1.214,3.304,0.05,2.982,13,429.0,172.0,101,10,53.03,77.0,74.747,86.735,70.0,68.456,81.208,67.871,70.0,85.408,59.33,60.66,77.215,80.336,Mix_LargePct50EMA_PctAbove200EMA_SmallPct200EMA,75,Aggressive
2023-11-15,68.709,68.583,80.36,6.885,7.173,0.938,3.636,21,517.0,126.0,106,8,62.712,89.0,82.828,88.776,79.195,74.324,86.486,74.297,73.333,86.266,64.916,65.977,77.74,86.763,Mix_LargePct50EMA_PctAbove200EMA_SmallPct200EMA,75,Aggressive
2023-11-16,69.994,69.677,80.781,5.871,5.862,1.84,2.254,21,534.0,85.0,102,11,64.444,90.0,86.869,89.796,86.577,76.351,86.486,75.904,74.059,87.069,65.475,66.82,78.096,89.354,Mix_LargePct50EMA_PctAbove200EMA_SmallPct200EMA,75,Aggressive
2023-11-17,67.769,68.447,81.021,9.987,8.425,2.983,1.309,24,447.0,81.0,98,13,64.151,84.0,82.828,89.796,81.879,77.703,87.838,73.896,74.274,86.266,63.781,65.241,78.415,87.108,Mix_LargePct50EMA_PctAbove200EMA_SmallPct200EMA,75,Aggressive
2023-11-20,66.41,68.948,80.804,9.653,9.931,2.451,1.2,22,415.0,91.0,114,9,54.839,83.838,83.673,89.691,79.195,77.027,87.162,69.076,73.859,85.837,63.154,66.031,78.301,87.096,Mix_LargePct50EMA_PctAbove200EMA_SmallPct200EMA,75,Aggressive
2023-11-21,69.426,70.29,80.984,7.064,6.953,1.705,1.612,19,428.0,108.0,119,7,61.719,79.592,83.505,87.5,81.879,79.054,89.189,72.691,75.104,86.266,66.641,67.431,78.403,87.515,Mix_LargePct50EMA_PctAbove200EMA_SmallPct200EMA,75,Aggressive
2023-11-22,66.98,69.381,81.01,-1.729,0.798,0.649,0.878,9,378.0,133.0,126,2,48.276,75.51,80.412,87.5,81.208,76.351,87.838,70.281,73.029,84.979,64.106,67.1,78.854,84.468,Mix_LargePct50EMA_PctAbove200EMA_SmallPct200EMA,75,Aggressive
2023-11-23,68.578,70.601,81.764,-1.417,0.925,0.983,1.732,8,365.0,116.0,209,4,52.542,78.571,82.474,89.583,79.195,76.351,87.162,72.8,73.444,84.979,65.831,68.55,79.832,86.183,Mix_LargePct50EMA_PctAbove200EMA_SmallPct200EMA,75,Aggressive
2023-11-24,68.007,70.618,82.494,0.238,2.17,1.473,1.61,10,334.0,101.0,235,3,40.65,72.727,81.633,89.691,77.027,76.19,87.755,70.8,74.38,86.752,66.111,68.473,80.42,87.071,Mix_LargePct50EMA_PctAbove200EMA_SmallPct200EMA,75,Aggressive
2023-11-28,69.582,72.207,82.914,3.172,3.259,2.11,2.376,16,371.0,85.0,254,5,46.903,81.818,85.714,89.691,76.351,79.592,88.435,74.8,76.033,86.752,66.919,69.665,80.924,89.81,Mix_LargePct50EMA_PctAbove200EMA_SmallPct200EMA,75,Aggressive
2023-11-29,69.532,73.163,82.963,0.106,2.873,1.98,2.7,11,336.0,97.0,194,2,51.485,86.869,87.755,91.753,81.633,84.247,87.671,74.4,77.273,88.034,65.959,70.076,80.672,91.475,Mix_LargePct50EMA_PctAbove200EMA_SmallPct200EMA,75,Aggressive
2023-11-30,69.235,73.289,83.333,2.255,3.908,2.324,1.581,18,340.0,101.0,202,2,56.122,82.828,85.714,91.753,86.486,87.671,89.726,75.6,81.893,88.085,65.076,69.16,80.924,91.044,Mix_LargePct50EMA_PctAbove200EMA_SmallPct200EMA,75,Aggressive
2023-12-01,71.012,75.32,84.233,2.434,4.718,2.469,1.963,19,319.0,93.0,193,3,58.4,87.879,91.837,95.876,90.541,91.096,86.986,78.0,81.967,89.831,66.238,71.091,81.833,95.102,Mix_LargePct50EMA_PctAbove200EMA_SmallPct200EMA,75,Aggressive
2023-12-04,75.741,77.661,85.141,7.734,7.043,2.647,6.058,23,394.0,85.0,222,4,75.0,93.939,94.898,96.907,93.243,91.837,89.726,86.4,87.295,91.102,70.415,73.004,82.437,96.78,Mix_LargePct50EMA_PctAbove200EMA_SmallPct200EMA,75,Aggressive
2023-12-05,73.297,76.791,84.731,3.715,4.584,1.817,2.43,21,395.0,86.0,198,4,67.251,92.929,92.857,97.938,92.617,91.156,91.096,79.6,84.49,90.254,68.457,72.54,81.78,95.769,Mix_LargePct50EMA_PctAbove200EMA_SmallPct200EMA,75,Aggressive
2023-12-06,73.875,78.813,85.868,4.343,5.651,2.905,2.341,26,420.0,88.0,175,3,67.333,94.0,96.939,97.938,96.644,94.595,93.878,78.8,84.898,91.489,68.859,74.543,82.788,97.903,Mix_LargePct50EMA_PctAbove200EMA_SmallPct200EMA,75,Aggressive
2023-12-07,75.934,80.3,86.271,6.699,7.011,2.938,1.955,26,425.0,88.0,174,3,68.293,94.0,93.878,96.907,93.96,93.919,92.517,82.8,87.347,91.489,71.234,76.43,83.6,97.496,Mix_LargePct50EMA_PctAbove200EMA_SmallPct200EMA,75,Aggressive
2023-12-08,71.758,78.659,85.56,0.746,3.339,1.328,0.907,20,427.0,107.0,171,4,59.524,93.0,95.96,97.959,90.604,90.476,91.096,74.8,84.553,90.213,67.449,74.924,82.941,96.879,Mix_LargePct50EMA_PctAbove200EMA_SmallPct200EMA,75,Aggressive
2023-12-11,72.752,79.381,86.579,-2.989,1.72,1.438,2.844,25,465.0,105.0,171,4,56.069,92.0,92.929,96.939,88.0,93.243,91.837,74.297,85.484,90.638,69.283,75.647,84.272,96.928,Mix_LargePct50EMA_PctAbove200EMA_SmallPct200EMA,75,Aggressive
2023-12-12,69.151,77.624,86.339,-4.146,0.834,1.609,0.83,20,414.0,130.0,173,3,49.333,83.838,91.837,96.907,84.667,90.541,91.837,70.281,83.468,89.831,66.089,74.012,84.104,96.163,Mix_LargePct50EMA_PctAbove200EMA_SmallPct200EMA,75,Aggressive
2023-12-13,71.711,78.319,86.527,-2.164,-0.495,0.659,1.891,20,460.0,116.0,182,2,61.538,86.598,93.75,95.789,87.248,90.476,91.096,75.2,87.097,91.176,68.223,74.184,84.299,97.434,Mix_LargePct50EMA_PctAbove200EMA_SmallPct200EMA,75,Aggressive
2023-12-14,74.151,79.801,86.663,-1.783,-0.498,0.392,3.849,11,405.0,124.0,165,2,60.163,93.814,94.845,96.875,93.243,93.151,91.667,76.8,87.903,91.983,70.098,75.7,84.184,98.088,Mix_LargePct50EMA_PctAbove200EMA_SmallPct200EMA,75,Aggressive
2023-12-15,74.206,81.412,87.193,2.448,2.753,1.633,2.68,18,404.0,119.0,160,2,62.766,94.845,96.907,96.875,88.514,91.781,91.667,78.8,87.5,91.983,70.248,77.988,84.925,98.643,Mix_LargePct50EMA_PctAbove200EMA_SmallPct200EMA,75,Aggressive
2023-12-18,77.054,83.012,88.51,4.301,3.631,1.931,1.877,16,409.0,117.0,159,2,60.185,92.784,96.907,96.875,89.189,93.836,91.667,79.6,89.919,93.277,74.08,79.501,86.505,99.161,Mix_LargePct50EMA_PctAbove200EMA_SmallPct200EMA,75,Aggressive
2023-12-19,76.425,83.002,88.63,7.275,5.378,2.29,1.519,15,410.0,114.0,145,4,61.379,94.898,96.939,98.969,87.162,93.836,91.667,78.715,87.449,93.671,73.439,79.939,86.421,99.408,Mix_LargePct50EMA_PctAbove200EMA_SmallPct200EMA,75,Aggressive
2023-12-20,43.139,64.144,83.363,-28.571,-14.175,-3.164,0.14,2,319.0,794.0,98,5,16.667,66.327,93.878,96.907,50.0,78.767,90.278,42.972,71.66,88.235,40.693,58.908,80.453,93.536,Mix_LargePct50EMA_PctAbove200EMA_SmallPct200EMA,75,Aggressive
2023-12-21,57.684,72.099,85.389,-16.467,-7.702,-1.273,5.069,5,408.0,782.0,117,5,25.17,85.714,94.898,96.907,68.919,83.562,90.972,61.044,79.757,89.54,53.73,67.703,82.941,96.028,Mix_LargePct50EMA_PctAbove200EMA_SmallPct200EMA,75,Aggressive
2023-12-22,65.606,76.077,86.355,-8.6,-5.335,-0.838,1.776,14,439.0,765.0,126,5,33.846,85.714,95.918,97.938,77.703,85.616,90.972,65.06,81.377,89.958,62.877,72.555,84.131,97.039,Mix_LargePct50EMA_PctAbove200EMA_SmallPct200EMA,75,Aggressive
2023-12-26,68.986,77.208,87.081,-8.067,-5.804,-1.429,2.733,17,576.0,66.0,134,6,77.419,84.694,94.898,95.876,81.757,89.041,90.972,66.667,81.707,89.916,66.842,73.752,85.331,96.941,Mix_LargePct50EMA_PctAbove200EMA_SmallPct200EMA,75,Aggressive
2023-12-27,70.621,78.694,87.537,-5.805,-4.308,-1.092,2.399,18,439.0,75.0,142,6,45.0,88.889,95.918,96.907,83.784,88.356,93.056,68.675,83.74,90.717,68.151,75.399,85.474,97.829,Mix_LargePct50EMA_PctAbove200EMA_SmallPct200EMA,75,Aggressive
2023-12-28,68.894,78.054,87.612,25.754,13.911,4.249,2.522,16,383.0,100.0,134,4,63.636,88.0,95.918,96.907,82.0,90.476,93.103,69.076,81.633,91.102,65.938,74.678,85.499,98.088,Mix_LargePct50EMA_PctAbove200EMA_SmallPct200EMA,75,Aggressive
2023-12-29,70.318,78.816,88.57,12.634,6.717,3.18,2.353,13,316.0,92.0,129,5,44.681,92.0,95.918,97.938,84.667,91.156,95.862,70.8,84.146,91.632,66.968,75.171,86.303,98.631,Mix_LargePct50EMA_PctAbove200EMA_SmallPct200EMA,75,Aggressive
2024-01-01,76.831,82.45,89.062,11.224,6.373,2.706,3.436,11,405.0,79.0,170,4,60.976,91.0,95.918,97.938,88.0,91.156,95.172,78.4,84.146,91.176,74.211,80.167,87.175,98.495,Mix_LargePct50EMA_PctAbove200EMA_SmallPct200EMA,75,Aggressive
2024-01-02,76.738,83.029,89.467,7.752,5.822,2.386,1.201,21,454.0,56.0,170,3,60.92,88.0,96.939,97.938,82.667,90.476,95.172,74.0,84.146,92.05,75.735,80.956,87.563,99.186,Mix_LargePct50EMA_PctAbove200EMA_SmallPct200EMA,75,Aggressive
2024-01-03,75.698,83.536,90.012,5.077,4.842,2.475,1.95,23,496.0,51.0,162,2,61.538,85.859,95.876,98.958,77.852,93.151,93.75,75.2,85.366,93.305,74.793,81.226,88.181,99.235,Mix_LargePct50EMA_PctAbove200EMA_SmallPct200EMA,75,Aggressive
2024-01-04,80.744,85.588,90.675,11.85,7.534,3.063,3.387,26,493.0,45.0,185,2,60.241,85.714,96.875,98.947,87.919,95.205,94.444,82.0,87.805,93.277,79.339,83.296,89.047,99.494,Mix_LargePct50EMA_PctAbove200EMA_SmallPct200EMA,75,Aggressive
2024-01-05,81.51,86.527,91.029,11.192,7.71,2.459,1.561,13,464.0,55.0,177,4,54.082,88.889,95.876,98.958,91.216,95.89,94.444,86.0,88.571,92.405,79.038,84.429,89.707,99.186,Mix_LargePct50EMA_PctAbove200EMA_SmallPct200EMA,75,Aggressive
2024-01-08,72.638,83.196,90.024,-4.193,0.745,0.962,0.702,13,461.0,88.0,169,4,47.674,77.778,90.722,96.875,81.081,91.781,94.444,73.387,83.197,91.102,71.183,81.702,88.731,97.446,Mix_LargePct50EMA_PctAbove200EMA_SmallPct200EMA,75,Aggressive
2024-01-09,72.732,83.756,90.078,-4.006,0.726,0.61,1.539,22,396.0,108.0,171,6,45.631,76.768,92.784,96.875,78.767,90.972,92.254,75.0,84.016,91.561,71.354,82.269,88.982,98.236,Mix_LargePct50EMA_PctAbove200EMA_SmallPct200EMA,75,Aggressive
2024-01-10,72.484,82.911,89.405,-3.214,-0.625,-0.607,2.007,24,418.0,116.0,159,4,49.485,76.768,88.66,96.875,77.241,90.909,91.489,74.194,82.377,91.525,71.332,81.729,88.152,97.101,Mix_LargePct50EMA_PctAbove200EMA_SmallPct200EMA,75,Aggressive
2024-01-11,76.957,85.163,90.558,-3.787,-0.425,-0.117,1.834,28,463.0,92.0,163,6,60.274,77.778,91.753,95.833,80.556,90.845,92.857,79.435,85.246,92.373,76.048,84.06,89.521,98.409,Mix_LargePct50EMA_PctAbove200EMA_SmallPct200EMA,75,Aggressive
2024-01-12,79.189,86.321,90.79,-2.32,-0.206,-0.238,2.331,29,467.0,92.0,160,6,58.904,82.828,91.753,95.833,82.639,90.141,92.857,81.855,86.475,91.949,78.052,85.489,89.926,98.322,Mix_LargePct50EMA_PctAbove200EMA_SmallPct200EMA,75,Aggressive
2024-01-15,77.133,85.179,91.095,4.496,1.983,1.072,3.147,33,488.0,96.0,171,4,51.22,84.0,92.857,95.876,79.021,90.78,92.086,78.226,86.475,92.405,76.215,83.784,90.357,98.729,Mix_LargePct50EMA_PctAbove200EMA_SmallPct200EMA,75,Aggressive
2024-01-16,70.936,82.58,90.228,-1.796,-1.176,0.15,1.105,13,379.0,185.0,146,3,35.2,89.0,91.837,96.907,74.483,88.811,92.908,73.878,83.817,91.489,68.661,81.006,89.159,98.075,Mix_LargePct50EMA_PctAbove200EMA_SmallPct200EMA,75,Aggressive
2024-01-17,58.84,76.571,88.662,-13.644,-6.34,-0.743,0.445,13,303.0,217.0,117,4,43.333,67.0,83.673,92.784,62.329,83.916,91.489,60.163,78.926,91.064,57.603,74.831,87.561,94.412,Mix_LargePct50EMA_PctAbove200EMA_SmallPct200EMA,75,Aggressive
2024-01-18,56.581,74.546,88.201,-20.376,-10.616,-2.357,0.964,20,255.0,216.0,127,3,28.058,57.0,81.633,86.598,62.162,78.621,91.549,60.976,77.273,91.064,55.123,73.088,87.399,92.845,Mix_LargePct50EMA_PctAbove200EMA_SmallPct200EMA,75,Aggressive
2024-01-19,64.153,78.273,88.616,-15.036,-8.048,-2.174,3.046,22,373.0,126.0,219,2,50.649,70.0,82.653,88.66,69.595,82.877,91.608,66.667,79.339,90.638,62.65,77.252,87.884,93.363,Mix_LargePct50EMA_PctAbove200EMA_SmallPct200EMA,75,Aggressive
2024-01-23,42.406,65.99,84.481,-34.727,-19.189,-6.615,0.411,11,403.0,517.0,162,5,29.268,51.0,74.49,84.536,45.27,70.548,86.014,47.154,67.635,85.897,40.581,64.574,84.032,83.136,Mix_LargePct50EMA_PctAbove200EMA_SmallPct200EMA,75,Aggressive
2024-01-24,52.262,70.055,86.565,-18.674,-12.525,-3.663,4.007,18,517.0,516.0,190,5,56.098,66.0,80.612,87.629,53.691,71.233,89.51,56.504,73.75,90.987,50.299,68.488,85.311,91.5,Mix_LargePct50EMA_PctAbove200EMA_SmallPct200EMA,75,Aggressive
2024-01-25,56.512,70.714,86.581,-2.327,-5.857,-2.081,1.282,25,531.0,527.0,195,7,33.803,68.0,79.592,87.629,57.718,68.707,86.301,61.134,70.833,88.362,54.668,70.262,86.199,89.169,Mix_LargePct50EMA_PctAbove200EMA_SmallPct200EMA,75,Aggressive
2024-01-29,61.413,72.971,87.427,4.832,-1.575,-0.774,4.144,36,679.0,112.0,214,6,74.51,74.0,80.612,89.691,66.443,75.51,86.986,64.516,76.25,89.224,59.345,71.546,86.967,90.6,Mix_LargePct50EMA_PctAbove200EMA_SmallPct200EMA,75,Aggressive
2024-01-30,62.343,73.997,87.114,-1.81,-4.276,-1.503,1.096,29,611.0,119.0,232,6,77.5,72.0,81.633,90.722,61.745,74.658,86.897,65.323,76.667,89.224,61.136,72.884,86.463,91.414,Mix_LargePct50EMA_PctAbove200EMA_SmallPct200EMA,75,Aggressive
2024-01-31,70.617,77.631,88.928,28.211,11.641,4.447,4.806,31,638.0,123.0,249,6,69.231,76.0,82.653,89.691,72.297,76.552,88.194,74.194,82.083,90.558,69.363,76.577,88.647,93.363,Mix_LargePct50EMA_PctAbove200EMA_SmallPct200EMA,75,Aggressive
2024-02-01,67.774,77.088,88.009,15.512,7.033,1.444,1.165,29,545.0,139.0,233,6,61.176,71.0,84.694,90.722,70.27,76.552,88.889,69.88,78.333,89.655,66.866,76.365,87.39,94.017,Mix_LargePct50EMA_PctAbove200EMA_SmallPct200EMA,75,Aggressive
2024-02-02,66.322,75.358,87.907,9.809,4.643,1.326,2.673,36,557.0,166.0,236,8,58.73,75.0,82.653,90.722,68.243,75.862,87.5,65.462,78.75,90.086,65.62,74.157,87.33,92.931,Mix_LargePct50EMA_PctAbove200EMA_SmallPct200EMA,75,Aggressive
2024-02-05,60.757,71.14,86.127,-0.656,-1.831,-1.3,1.525,31,488.0,300.0,220,10,45.745,70.0,80.612,88.66,64.189,72.414,88.112,63.855,74.274,88.936,59.128,69.755,85.179,89.81,Mix_LargePct50EMA_PctAbove200EMA_SmallPct200EMA,75,Aggressive
2024-02-06,66.45,74.453,86.085,4.107,0.456,-1.028,2.404,39,569.0,294.0,230,10,52.174,73.0,76.768,85.714,72.297,77.931,88.811,73.896,79.668,89.316,63.947,72.971,85.203,87.589,Mix_LargePct50EMA_PctAbove200EMA_SmallPct200EMA,75,Aggressive
2024-02-07,69.535,76.406,86.505,-1.083,-1.225,-2.423,1.77,39,611.0,289.0,224,11,61.798,74.0,77.778,86.735,77.027,81.379,89.583,73.494,80.498,88.841,67.654,75.037,85.703,88.169,Mix_LargePct50EMA_PctAbove200EMA_SmallPct200EMA,75,Aggressive
2024-02-08,63.577,73.632,85.525,-4.196,-3.456,-2.485,1.336,19,580.0,234.0,231,12,66.667,74.0,77.778,86.735,71.622,77.931,87.5,64.659,78.008,87.554,61.721,72.077,84.829,86.652,Mix_LargePct50EMA_PctAbove200EMA_SmallPct200EMA,75,Aggressive
2024-02-09,54.034,68.197,84.141,-12.288,-7.161,-3.766,0.866,17,427.0,416.0,188,11,38.235,65.0,78.0,87.755,66.216,77.241,88.889,54.4,73.444,85.837,51.816,65.551,83.002,85.147,Mix_LargePct50EMA_PctAbove200EMA_SmallPct200EMA,75,Aggressive
2024-02-12,34.0,55.937,79.435,-26.757,-15.203,-6.692,0.274,13,273.0,1026.0,132,17,20.513,45.0,70.0,85.714,42.282,68.707,86.207,30.242,55.417,83.478,32.964,53.595,77.435,76.98,Mix_LargePct50EMA_PctAbove200EMA_SmallPct200EMA,75,Constructive
2024-02-13,35.39,55.125,79.712,-31.06,-19.328,-6.374,1.84,7,266.0,1077.0,113,23,19.355,46.0,76.0,86.735,48.322,68.707,87.586,34.274,59.167,85.281,33.383,51.373,77.24,81.15,Mix_LargePct50EMA_PctAbove200EMA_SmallPct200EMA,75,Aggressive
2024-02-14,42.757,58.692,81.185,-26.778,-17.714,-5.32,3.227,7,482.0,901.0,129,17,45.0,65.0,79.0,87.755,56.0,73.469,88.966,42.339,64.315,84.483,39.719,54.566,79.177,83.444,Mix_LargePct50EMA_PctAbove200EMA_SmallPct200EMA,75,Aggressive
2024-02-15,48.164,61.907,82.394,-15.413,-11.725,-3.131,3.091,7,663.0,265.0,144,14,68.182,71.0,80.0,89.796,60.667,76.871,90.345,49.194,67.22,84.416,44.904,57.981,80.538,84.407,Mix_LargePct50EMA_PctAbove200EMA_SmallPct200EMA,75,Aggressive
2024-02-16,54.624,63.954,83.41,0.591,-4.243,-0.731,2.081,11,722.0,131.0,164,16,58.333,71.0,80.0,90.816,72.667,78.912,90.345,57.661,70.124,85.345,50.851,60.015,81.681,85.603,Mix_LargePct50EMA_PctAbove200EMA_SmallPct200EMA,75,Aggressive
2024-02-19,60.14,66.176,83.851,26.14,10.24,4.415,2.116,17,665.0,113.0,207,16,69.231,74.747,81.818,90.722,73.333,79.592,91.724,63.306,72.614,85.043,57.038,62.417,82.199,87.244,Mix_LargePct50EMA_PctAbove200EMA_SmallPct200EMA,75,Aggressive
2024-02-20,61.003,66.63,84.262,25.614,11.505,4.55,1.315,15,584.0,113.0,200,15,75.0,75.758,83.838,90.722,71.333,77.551,91.034,61.847,71.369,86.695,58.628,63.326,82.543,89.724,Mix_LargePct50EMA_PctAbove200EMA_SmallPct200EMA,75,Aggressive
2024-02-21,51.912,63.092,83.525,9.155,4.4,2.339,0.544,16,478.0,182.0,153,15,55.319,59.596,81.818,89.691,60.0,76.19,90.411,52.61,65.975,86.207,50.331,59.778,81.768,87.54,Mix_LargePct50EMA_PctAbove200EMA_SmallPct200EMA,75,Aggressive
2024-02-22,54.55,63.617,83.706,6.386,1.709,1.313,2.873,12,362.0,167.0,194,16,60.976,70.707,81.818,89.691,71.333,79.592,90.411,55.422,66.39,86.207,51.361,60.044,82.019,87.663,Mix_LargePct50EMA_PctAbove200EMA_SmallPct200EMA,75,Aggressive
2024-02-23,57.435,65.139,83.851,2.811,1.185,0.44,1.86,19,339.0,163.0,176,17,60.0,73.737,83.838,90.722,72.483,80.822,90.972,63.052,70.539,87.124,53.569,61.099,81.912,89.687,Mix_LargePct50EMA_PctAbove200EMA_SmallPct200EMA,75,Aggressive
2024-02-26,53.412,63.963,83.572,-6.728,-2.213,-0.279,0.904,18,377.0,112.0,161,22,51.852,67.0,84.0,90.816,67.568,79.31,90.909,55.6,67.769,85.043,50.477,60.148,81.918,88.539,Mix_LargePct50EMA_PctAbove200EMA_SmallPct200EMA,75,Aggressive
2024-02-27,50.027,60.884,82.464,-10.976,-5.747,-1.798,0.983,13,337.0,173.0,128,21,50.0,63.0,81.0,90.816,65.068,79.021,90.78,52.0,65.021,84.681,47.098,56.719,80.488,85.542,Mix_LargePct50EMA_PctAbove200EMA_SmallPct200EMA,75,Aggressive
2024-02-28,34.212,51.363,79.152,-17.7,-11.729,-4.372,0.244,11,234.0,414.0,103,29,42.857,41.0,72.0,86.735,45.89,68.056,90.845,38.8,55.144,80.851,31.621,47.365,76.947,76.462,Mix_LargePct50EMA_PctAbove200EMA_SmallPct200EMA,75,Constructive
2024-02-29,36.74,53.708,78.248,-17.81,-9.909,-5.458,2.067,7,223.0,411.0,97,28,35.897,51.0,78.0,86.735,50.685,71.724,90.21,44.177,60.581,81.974,32.845,48.739,75.57,79.99,Mix_LargePct50EMA_PctAbove200EMA_SmallPct200EMA,75,Constructive
2024-03-01,44.201,57.057,80.137,-13.234,-8.082,-3.713,3.495,14,318.0,355.0,96,28,41.176,62.0,81.0,86.735,62.585,76.027,91.667,51.21,60.331,84.615,39.68,52.635,77.498,84.53,Mix_LargePct50EMA_PctAbove200EMA_SmallPct200EMA,75,Aggressive
2024-03-04,46.837,56.972,79.737,-6.575,-6.991,-3.834,2.566,15,412.0,161.0,92,39,61.905,69.0,82.0,86.735,62.162,76.712,92.361,49.194,60.494,82.479,43.177,52.363,77.273,84.061,Mix_LargePct50EMA_PctAbove200EMA_SmallPct200EMA,75,Aggressive
2024-03-05,41.92,53.351,78.33,-8.107,-7.532,-4.134,1.184,12,372.0,246.0,79,37,50.0,65.0,79.0,88.776,58.389,72.789,91.724,44.13,54.733,82.051,38.071,49.071,75.314,80.804,Mix_LargePct50EMA_PctAbove200EMA_SmallPct200EMA,75,Aggressive
2024-03-06,31.31,44.318,75.586,-2.902,-7.046,-3.566,0.642,2,235.0,519.0,52,56,67.647,62.0,78.0,88.776,48.322,65.986,91.034,26.721,43.621,79.915,28.075,39.585,72.013,78.066,Mix_LargePct50EMA_PctAbove200EMA_SmallPct200EMA,75,Constructive
2024-03-07,34.593,46.743,76.743,-2.147,-6.965,-1.506,2.258,4,244.0,461.0,47,51,66.667,68.0,79.0,87.755,51.678,68.027,91.034,29.555,46.914,81.545,31.236,42.012,73.391,79.965,Mix_LargePct50EMA_PctAbove200EMA_SmallPct200EMA,75,Constructive
2024-03-11,25.676,38.528,71.877,-18.525,-18.529,-8.261,0.585,3,213.0,774.0,38,79,54.386,56.0,79.0,87.755,43.333,64.626,88.966,20.648,37.705,77.253,22.478,32.867,67.737,76.524,Mix_LargePct50EMA_PctAbove200EMA_SmallPct200EMA,75,Constructive
2024-03-12,19.574,30.298,65.829,-27.262,-26.674,-13.909,0.433,-3,201.0,1013.0,31,93,33.333,43.0,68.0,87.755,29.333,53.741,85.517,12.955,28.279,72.961,18.004,25.332,60.597,66.876,Mix_LargePct50EMA_PctAbove200EMA_SmallPct200EMA,75,Constructive
2024-03-13,7.492,18.394,52.716,-34.428,-34.958,-25.615,0.146,-5,73.0,2188.0,26,111,20.0,16.0,40.0,85.714,10.738,29.452,73.611,3.614,11.475,58.798,7.225,16.851,46.703,29.521,Mix_LargePct50EMA_PctAbove200EMA_SmallPct200EMA,75,Risk-off
2024-03-14,13.808,25.285,59.909,-17.502,-19.033,-15.677,3.365,1,682.0,1784.0,29,65,37.5,28.0,57.0,87.755,24.832,42.466,81.25,10.081,19.672,67.241,12.266,22.099,54.033,55.329,Mix_LargePct50EMA_PctAbove200EMA_SmallPct200EMA,75,Selective
2024-03-15,13.521,25.352,59.475,-21.072,-21.391,-17.268,0.555,-1,776.0,1320.0,28,72,57.143,28.0,48.0,88.776,30.201,44.898,80.69,12.048,21.399,66.957,10.951,22.271,53.479,51.53,Mix_LargePct50EMA_PctAbove200EMA_SmallPct200EMA,75,Selective
2024-03-18,15.686,26.151,60.217,-9.99,-12.378,-11.66,1.013,1,928.0,184.0,33,82,37.5,29.0,51.0,87.755,26.174,42.177,80.0,12.851,21.811,67.965,14.111,23.36,54.46,53.356,Mix_LargePct50EMA_PctAbove200EMA_SmallPct200EMA,75,Selective
2024-03-19,12.725,21.15,57.796,-6.849,-9.148,-8.033,0.361,-1,354.0,257.0,23,100,56.25,21.0,41.0,87.755,17.568,34.694,79.167,9.639,16.529,62.771,12.167,19.041,52.191,40.229,Mix_LargePct50EMA_PctAbove200EMA_SmallPct200EMA,75,Defensive
2024-03-20,13.461,21.301,58.186,5.968,2.907,5.47,1.084,0,347.0,247.0,18,128,23.077,15.0,36.0,86.735,15.541,36.054,79.861,12.45,19.421,63.636,13.309,18.953,52.578,39.674,Mix_LargePct50EMA_PctAbove200EMA_SmallPct200EMA,75,Defensive
2024-03-21,22.47,29.415,61.723,8.662,4.13,1.814,6.459,-1,476.0,209.0,18,88,75.0,38.0,63.0,88.776,35.135,43.537,84.028,21.285,26.337,67.672,20.216,25.959,56.059,59.672,Mix_LargePct50EMA_PctAbove200EMA_SmallPct200EMA,75,Selective
2024-03-22,32.662,33.478,63.434,19.141,8.126,3.959,2.339,2,602.0,117.0,18,63,100.0,54.0,69.0,87.755,39.865,44.898,83.333,31.727,33.333,70.69,30.526,29.646,58.014,66.186,Mix_LargePct50EMA_PctAbove200EMA_SmallPct200EMA,75,Constructive
2024-03-26,31.002,32.468,61.083,15.315,6.317,0.866,1.368,2,611.0,187.0,24,87,33.333,55.0,68.0,85.714,50.676,53.061,85.417,33.065,30.864,67.672,26.815,27.909,55.269,63.237,Mix_LargePct50EMA_PctAbove200EMA_SmallPct200EMA,75,Selective
2024-03-27,34.836,33.604,61.038,22.11,12.455,3.243,1.49,-3,443.0,306.0,20,109,25.0,56.0,69.0,88.776,53.378,54.422,84.028,41.935,36.214,69.397,30.072,28.266,54.808,64.866,Mix_LargePct50EMA_PctAbove200EMA_SmallPct200EMA,75,Selective
2024-03-28,40.86,37.909,61.379,27.4,16.608,3.193,2.734,-2,331.0,315.0,10,71,53.846,71.0,75.0,89.899,55.705,60.544,85.517,45.749,40.249,68.831,34.931,30.812,53.484,68.085,Mix_LargePct50EMA_PctAbove200EMA_SmallPct200EMA,75,Constructive
2024-04-01,62.916,48.706,69.778,40.446,19.291,8.055,5.232,7,973.0,194.0,21,55,90.909,88.0,86.0,90.816,79.195,71.429,88.194,74.597,56.967,77.253,57.307,42.04,64.743,80.311,Mix_LargePct50EMA_PctAbove200EMA_SmallPct200EMA,75,Aggressive
2024-04-02,75.515,56.496,73.364,42.853,23.018,9.93,2.852,7,1185.0,64.0,20,34,93.333,90.0,87.0,90.816,85.235,76.871,90.278,82.258,64.754,80.687,72.246,50.587,68.799,82.951,Mix_LargePct50EMA_PctAbove200EMA_SmallPct200EMA,75,Aggressive
2024-04-03,83.897,65.246,76.722,52.895,32.778,15.639,2.202,8,1431.0,40.0,28,20,57.143,89.0,87.0,90.816,83.221,80.272,92.361,85.887,69.672,81.974,83.25,61.233,72.933,85.073,Mix_LargePct50EMA_PctAbove200EMA_SmallPct200EMA,75,Aggressive
2024-04-04,86.551,69.725,78.417,51.715,36.12,17.379,1.527,9,857.0,42.0,29,14,73.81,89.0,87.0,89.796,82.667,80.952,91.667,85.887,73.361,82.833,86.91,66.593,75.254,86.183,Mix_LargePct50EMA_PctAbove200EMA_SmallPct200EMA,75,Aggressive
2024-04-05,87.816,73.786,80.08,46.956,35.877,18.701,2.259,10,682.0,39.0,28,10,72.414,87.0,89.0,91.837,83.893,82.192,91.608,87.449,76.955,84.052,88.357,71.209,77.181,88.243,Mix_LargePct50EMA_PctAbove200EMA_SmallPct200EMA,75,Aggressive
2024-04-08,84.903,71.221,79.557,21.987,22.516,9.779,1.429,14,476.0,92.0,38,8,75.41,87.0,88.0,90.816,84.564,82.993,90.972,85.425,75.104,86.087,84.698,68.053,76.261,88.922,Mix_LargePct50EMA_PctAbove200EMA_SmallPct200EMA,75,Aggressive
2024-04-09,78.575,66.649,78.132,3.061,10.153,4.768,1.13,7,373.0,123.0,57,9,62.821,78.0,84.0,90.816,76.51,79.592,90.278,77.733,72.199,84.348,78.985,63.004,74.688,85.208,Mix_LargePct50EMA_PctAbove200EMA_SmallPct200EMA,75,Aggressive
2024-04-10,77.643,68.461,78.34,-6.253,3.215,1.618,2.339,9,313.0,161.0,54,12,58.537,83.0,88.0,91.837,75.168,80.952,90.972,78.226,75.934,85.217,77.422,64.38,74.67,87.688,Mix_LargePct50EMA_PctAbove200EMA_SmallPct200EMA,75,Aggressive
2024-04-12,69.344,63.802,77.526,-17.207,-5.922,-0.891,0.599,9,265.0,164.0,59,12,43.75,72.0,82.0,90.816,68.456,76.19,91.667,71.774,71.369,83.55,68.821,59.825,73.856,83.37,Mix_LargePct50EMA_PctAbove200EMA_SmallPct200EMA,75,Aggressive
2024-04-15,45.888,50.777,72.805,-41.929,-23.009,-7.275,0.314,7,222.0,355.0,73,14,27.273,47.0,69.0,88.776,53.691,66.216,87.586,51.406,57.261,82.174,44.011,46.657,68.266,72.909,Mix_LargePct50EMA_PctAbove200EMA_SmallPct200EMA,75,Constructive
2024-04-16,50.158,53.842,73.481,-34.745,-17.379,-6.076,1.241,15,263.0,328.0,191,10,26.263,48.0,69.0,87.755,46.98,67.568,88.276,53.012,59.336,82.174,50.142,50.292,69.177,73.106,Mix_LargePct50EMA_PctAbove200EMA_SmallPct200EMA,75,Constructive
2024-04-18,48.321,50.725,73.681,-30.254,-15.924,-4.451,0.705,14,308.0,299.0,144,8,43.662,45.0,62.0,84.694,44.295,62.838,87.586,51.004,55.187,80.87,48.509,47.817,70.0,67.345,Mix_LargePct50EMA_PctAbove200EMA_SmallPct200EMA,75,Constructive
2024-04-19,46.198,49.919,72.701,-31.445,-18.541,-5.638,1.14,13,365.0,94.0,144,8,62.069,45.0,62.0,89.796,46.309,60.135,87.586,47.2,51.867,80.0,46.094,47.598,68.425,66.506,Mix_LargePct50EMA_PctAbove200EMA_SmallPct200EMA,75,Constructive
2024-04-22,63.246,59.713,75.127,-6.098,-4.09,-2.398,3.453,22,503.0,98.0,168,6,64.151,59.0,73.0,89.796,59.06,68.243,87.586,64.0,61.728,81.223,63.855,57.493,71.539,75.672,Mix_LargePct50EMA_PctAbove200EMA_SmallPct200EMA,75,Constructive
2024-04-23,70.665,64.271,76.958,24.777,13.493,4.153,2.508,25,552.0,94.0,203,7,64.516,62.0,74.0,89.796,67.333,70.946,88.966,74.8,65.432,80.349,70.901,62.653,74.031,76.425,Mix_LargePct50EMA_PctAbove200EMA_SmallPct200EMA,75,Constructive
2024-04-24,75.288,69.452,78.276,25.13,15.61,4.795,2.108,16,619.0,81.0,245,5,65.0,72.0,74.0,89.796,72.667,75.676,88.276,76.4,72.428,80.786,75.603,67.939,75.833,77.005,Mix_LargePct50EMA_PctAbove200EMA_SmallPct200EMA,75,Constructive
2024-04-25,75.667,70.298,78.276,27.346,19.573,4.594,2.594,16,474.0,92.0,218,6,51.786,82.0,82.0,88.776,70.667,75.676,87.586,77.2,72.84,82.533,75.478,68.44,75.678,83.185,Mix_LargePct50EMA_PctAbove200EMA_SmallPct200EMA,75,Aggressive
2024-04-26,76.218,71.186,78.547,30.02,21.266,5.846,1.482,8,409.0,83.0,193,7,52.778,76.768,78.788,87.629,72.667,77.027,86.301,79.2,75.203,83.117,76.028,69.308,76.165,81.174,Mix_LargePct50EMA_PctAbove200EMA_SmallPct200EMA,75,Aggressive
2024-04-29,75.875,72.178,79.254,12.629,12.465,4.126,1.776,11,370.0,96.0,210,8,56.471,74.747,75.758,87.629,74.667,77.703,86.301,82.0,77.328,84.416,75.0,70.424,76.911,80.126,Mix_LargePct50EMA_PctAbove200EMA_SmallPct200EMA,75,Aggressive
2024-04-30,74.621,71.421,79.219,3.955,7.15,2.261,1.142,11,339.0,97.0,220,7,51.852,77.778,77.778,88.66,76.667,79.73,85.616,78.8,74.899,84.783,73.442,69.468,76.798,81.791,Mix_LargePct50EMA_PctAbove200EMA_SmallPct200EMA,75,Aggressive
2024-05-02,70.308,69.28,78.992,-4.98,-0.172,0.716,1.878,14,357.0,110.0,229,8,56.098,75.758,77.778,88.66,75.333,79.73,85.616,76.4,74.899,83.55,68.317,66.571,76.703,80.977,Mix_LargePct50EMA_PctAbove200EMA_SmallPct200EMA,75,Aggressive
2024-05-03,63.964,66.243,77.702,-11.703,-4.055,-0.573,0.811,11,307.0,113.0,152,8,34.694,69.697,75.758,86.598,74.667,79.73,84.932,67.6,70.85,81.818,61.783,63.317,75.483,78.103,Mix_LargePct50EMA_PctAbove200EMA_SmallPct200EMA,75,Constructive
2024-05-06,51.956,58.985,75.48,-24.262,-12.2,-3.067,0.572,17,279.0,215.0,114,7,38.043,65.657,71.717,86.598,58.0,70.946,85.616,56.0,65.323,81.897,49.647,55.691,72.355,75.265,Mix_LargePct50EMA_PctAbove200EMA_SmallPct200EMA,75,Constructive
2024-05-07,35.666,50.212,71.622,-40.209,-21.966,-7.631,0.324,10,207.0,356.0,88,8,16.667,40.404,64.646,83.505,34.0,57.047,82.993,40.0,58.3,79.654,34.746,47.025,68.006,68.616,Mix_LargePct50EMA_PctAbove200EMA_SmallPct200EMA,75,Constructive
2024-05-08,41.902,52.646,72.332,-32.719,-18.775,-6.887,1.858,11,240.0,352.0,89,7,24.051,53.535,64.646,85.567,41.333,58.389,83.673,44.8,61.134,79.221,40.636,49.677,68.827,68.628,Mix_LargePct50EMA_PctAbove200EMA_SmallPct200EMA,75,Constructive
2024-05-09,23.849,37.924,66.968,-46.459,-31.356,-12.024,0.286,1,188.0,543.0,60,13,27.119,29.293,55.556,84.536,26.667,45.638,80.952,25.2,44.939,75.431,22.93,34.602,62.548,60.165,Mix_LargePct50EMA_PctAbove200EMA_SmallPct200EMA,75,Selective
2024-05-10,30.026,42.381,68.584,-33.938,-23.862,-9.118,2.224,0,261.0,401.0,61,16,34.615,42.424,62.626,84.536,38.667,51.007,81.633,30.4,51.012,76.824,28.178,38.495,64.429,64.619,Mix_LargePct50EMA_PctAbove200EMA_SmallPct200EMA,75,Selective
2024-05-13,31.439,42.336,67.755,-20.517,-16.649,-7.726,1.196,3,262.0,432.0,58,16,32.0,40.0,57.576,84.536,45.333,51.333,82.432,30.4,46.748,76.724,29.549,39.513,63.231,61.757,Mix_LargePct50EMA_PctAbove200EMA_SmallPct200EMA,75,Selective
2024-05-14,43.387,50.583,71.235,7.722,0.371,-0.387,4.251,3,507.0,124.0,75,13,61.111,58.0,63.636,84.536,56.376,63.758,84.354,42.4,52.846,77.489,41.16,47.848,67.643,66.186,Mix_LargePct50EMA_PctAbove200EMA_SmallPct200EMA,75,Constructive
2024-05-15,50.131,53.146,72.773,8.229,0.501,0.441,2.03,9,545.0,116.0,83,10,72.414,65.0,67.677,84.536,60.403,63.087,85.714,49.2,59.514,78.541,48.164,49.928,69.391,70.405,Mix_LargePct50EMA_PctAbove200EMA_SmallPct200EMA,75,Constructive
2024-05-16,55.086,55.198,73.367,31.237,17.274,6.399,3.013,7,554.0,76.0,102,10,60.0,68.0,71.717,85.567,63.758,65.101,85.714,55.6,61.134,79.06,53.173,51.929,70.031,73.106,Mix_LargePct50EMA_PctAbove200EMA_SmallPct200EMA,75,Constructive
2024-05-17,60.929,60.622,74.099,30.902,18.241,5.515,3.421,14,453.0,81.0,95,10,65.385,72.0,70.707,86.598,72.483,69.799,84.354,64.4,67.611,81.197,58.322,57.703,70.724,73.921,Mix_LargePct50EMA_PctAbove200EMA_SmallPct200EMA,75,Constructive
2024-05-21,61.795,61.307,74.268,30.356,18.971,6.513,2.818,9,498.0,128.0,112,9,72.5,72.0,76.768,85.567,73.154,68.456,85.714,64.0,65.182,80.342,59.492,58.773,71.032,76.696,Mix_LargePct50EMA_PctAbove200EMA_SmallPct200EMA,75,Constructive
2024-05-22,59.969,61.664,74.55,16.581,11.081,3.314,1.243,7,494.0,155.0,113,8,64.103,72.0,77.778,86.598,76.51,71.812,85.714,64.4,68.548,82.051,56.598,58.232,71.032,78.534,Mix_LargePct50EMA_PctAbove200EMA_SmallPct200EMA,75,Constructive
2024-05-23,60.647,60.158,75.225,10.517,7.011,2.452,3.523,8,412.0,182.0,105,8,60.759,85.0,79.798,87.629,77.181,74.497,86.395,63.6,64.919,83.761,56.669,56.41,71.495,80.878,Mix_LargePct50EMA_PctAbove200EMA_SmallPct200EMA,75,Aggressive
2024-05-24,54.883,58.189,73.945,-0.204,2.991,0.578,1.115,9,288.0,187.0,94,9,44.361,82.0,78.788,86.598,71.812,73.154,87.075,56.0,61.694,81.857,50.989,54.526,70.062,78.732,Mix_LargePct50EMA_PctAbove200EMA_SmallPct200EMA,75,Constructive
2024-05-27,50.521,54.937,72.119,-10.408,-5.685,-1.98,1.434,5,279.0,240.0,81,7,36.667,82.828,84.694,87.5,71.812,71.812,87.075,56.4,59.677,82.627,45.007,50.248,67.385,82.494,Mix_LargePct50EMA_PctAbove200EMA_SmallPct200EMA,75,Aggressive
2024-05-28,44.601,50.21,70.439,-17.194,-11.097,-3.829,0.472,5,252.0,309.0,69,7,34.568,76.768,80.612,89.583,69.128,71.141,87.755,47.6,52.823,80.932,39.253,45.416,65.15,78.201,Mix_LargePct50EMA_PctAbove200EMA_SmallPct200EMA,75,Constructive
2024-05-29,42.649,48.765,69.066,-17.32,-12.899,-5.483,0.942,6,269.0,283.0,68,7,24.0,67.677,74.49,86.458,61.486,65.986,85.517,51.2,57.258,80.508,37.438,43.688,63.874,73.661,Mix_LargePct50EMA_PctAbove200EMA_SmallPct200EMA,75,Constructive
2024-05-30,33.368,42.595,66.31,-27.279,-17.563,-8.915,0.345,4,213.0,317.0,58,11,21.918,54.545,69.388,82.292,45.946,59.864,81.379,38.4,47.177,76.695,29.697,38.129,61.568,68.974,Mix_LargePct50EMA_PctAbove200EMA_SmallPct200EMA,75,Constructive
2024-05-31,35.837,42.722,65.672,-19.045,-15.467,-8.272,1.66,2,275.0,269.0,61,12,28.571,64.646,71.429,85.417,47.973,60.544,80.0,43.6,49.597,76.923,31.197,37.66,60.599,70.035,Mix_LargePct50EMA_PctAbove200EMA_SmallPct200EMA,75,Constructive
2024-06-03,44.958,48.717,68.403,-5.562,-6.22,-3.716,12.546,3,497.0,259.0,71,14,17.143,80.808,83.673,86.458,68.243,71.429,84.138,58.4,59.274,81.277,37.701,42.09,63.025,79.953,Mix_LargePct50EMA_PctAbove200EMA_SmallPct200EMA,75,Constructive
2024-06-04,15.148,25.996,52.776,-29.453,-24.214,-17.663,0.05,-5,460.0,1409.0,31,27,27.778,14.141,33.673,83.333,17.568,36.486,71.233,17.6,30.242,59.402,14.537,23.621,47.284,28.288,Mix_LargePct50EMA_PctAbove200EMA_SmallPct200EMA,75,Risk-off
2024-06-05,27.954,36.111,60.336,-14.694,-12.654,-8.73,11.01,1,972.0,1405.0,38,18,31.707,36.364,52.041,89.583,48.299,52.381,81.379,32.8,41.129,71.795,24.421,32.438,53.817,55.465,Mix_LargePct50EMA_PctAbove200EMA_SmallPct200EMA,75,Selective
2024-06-06,47.763,48.77,67.713,14.395,6.176,1.403,7.115,3,1170.0,1377.0,71,11,13.139,63.0,76.0,91.837,64.384,67.586,86.713,56.4,57.43,79.487,43.478,43.402,61.727,73.649,Mix_LargePct50EMA_PctAbove200EMA_SmallPct200EMA,75,Constructive
2024-06-07,66.753,59.184,72.34,30.916,16.462,6.668,13.605,3,1475.0,97.0,79,11,60.714,84.0,83.0,95.918,80.822,77.241,89.51,77.2,71.084,84.188,62.272,53.564,66.59,82.285,Mix_LargePct50EMA_PctAbove200EMA_SmallPct200EMA,75,Aggressive
2024-06-10,74.352,65.726,75.797,29.394,17.01,7.393,1.562,6,1074.0,50.0,129,7,68.182,79.0,86.0,94.898,86.395,81.379,90.21,81.2,77.51,88.034,71.598,60.634,70.624,87.676,Mix_LargePct50EMA_PctAbove200EMA_SmallPct200EMA,75,Aggressive
2024-06-11,77.645,70.241,77.672,62.497,44.245,24.896,2.146,6,765.0,53.0,134,4,85.714,86.0,87.0,93.878,85.034,84.138,90.972,83.6,78.715,87.607,75.262,66.15,73.227,88.268,Mix_LargePct50EMA_PctAbove200EMA_SmallPct200EMA,75,Aggressive
2024-06-12,82.505,74.713,78.815,54.551,38.602,18.479,3.469,11,619.0,58.0,149,3,61.957,91.0,90.0,91.837,91.275,88.276,90.972,88.755,83.065,87.983,79.916,70.795,74.886,90.205,Mix_LargePct50EMA_PctAbove200EMA_SmallPct200EMA,75,Aggressive
2024-06-13,84.36,78.359,81.229,36.598,29.588,13.516,2.463,9,585.0,43.0,140,3,69.88,91.0,94.0,94.898,89.933,89.655,93.056,88.755,85.081,89.362,82.554,74.93,77.456,93.4,Mix_LargePct50EMA_PctAbove200EMA_SmallPct200EMA,75,Aggressive
2024-06-14,85.13,80.073,82.133,18.376,20.89,9.792,3.427,13,563.0,44.0,142,3,79.412,93.0,95.0,93.878,90.604,90.345,93.75,89.558,87.5,88.983,83.24,76.674,78.751,93.523,Mix_LargePct50EMA_PctAbove200EMA_SmallPct200EMA,75,Aggressive
2024-06-18,83.843,79.426,82.264,9.49,13.699,6.468,3.045,18,604.0,62.0,149,2,74.603,91.0,95.0,95.96,89.262,90.345,94.444,89.558,87.5,90.254,81.786,75.809,78.463,94.572,Mix_LargePct50EMA_PctAbove200EMA_SmallPct200EMA,75,Aggressive
2024-06-19,79.948,78.12,82.031,2.303,7.88,4.359,0.643,19,544.0,101.0,130,1,66.265,77.0,91.0,96.97,85.906,90.345,93.056,86.747,84.677,88.983,78.352,74.824,78.446,92.82,Mix_LargePct50EMA_PctAbove200EMA_SmallPct200EMA,75,Aggressive
2024-06-20,83.394,81.002,83.333,0.889,6.289,4.518,2.21,19,550.0,96.0,142,2,69.444,79.0,91.0,96.97,85.333,91.096,92.414,87.55,88.259,89.873,82.775,78.004,80.122,94.325,Mix_LargePct50EMA_PctAbove200EMA_SmallPct200EMA,75,Aggressive
2024-06-21,82.21,80.638,83.659,-2.151,2.28,2.43,1.218,14,455.0,124.0,136,2,52.874,71.0,85.0,96.97,84.0,89.041,95.172,85.944,86.235,89.362,82.155,78.491,80.365,92.117,Mix_LargePct50EMA_PctAbove200EMA_SmallPct200EMA,75,Aggressive
2024-06-24,78.564,79.823,83.63,-6.565,-0.25,1.497,1.697,16,506.0,113.0,150,3,62.069,68.0,82.0,96.97,82.667,88.276,93.706,81.928,84.274,87.815,78.288,78.035,80.775,88.811,Mix_LargePct50EMA_PctAbove200EMA_SmallPct200EMA,75,Aggressive
2024-06-25,77.146,79.291,82.962,-6.697,-0.135,0.698,1.419,15,410.0,150.0,154,4,39.474,68.0,81.0,95.96,80.0,86.986,94.483,80.321,82.591,84.322,76.934,77.809,80.471,85.455,Mix_LargePct50EMA_PctAbove200EMA_SmallPct200EMA,75,Aggressive
2024-06-26,73.513,78.247,83.333,-6.436,0.127,1.302,1.527,17,421.0,132.0,172,4,45.714,62.0,81.0,94.949,76.667,86.986,95.172,77.51,82.258,87.712,73.291,76.458,80.365,87.676,Mix_LargePct50EMA_PctAbove200EMA_SmallPct200EMA,75,Aggressive
2024-06-27,66.029,72.666,81.605,-17.365,-8.336,-1.728,1.695,10,301.0,198.0,165,4,37.5,65.0,80.0,96.97,74.667,85.135,94.558,69.6,76.829,86.325,64.575,70.134,78.158,85.27,Mix_LargePct50EMA_PctAbove200EMA_SmallPct200EMA,75,Aggressive
2024-06-28,67.822,74.843,82.016,-14.388,-5.795,-1.643,1.329,13,326.0,168.0,189,3,46.667,71.0,81.0,96.97,78.0,86.486,94.558,72.8,80.894,88.034,65.666,72.152,78.419,87.207,Mix_LargePct50EMA_PctAbove200EMA_SmallPct200EMA,75,Aggressive
2024-07-01,74.523,79.74,83.824,-4.041,-0.083,0.194,3.598,19,470.0,148.0,254,3,57.143,71.0,83.0,96.97,78.523,89.116,93.836,78.4,85.772,90.171,73.681,77.505,80.606,91.685,Mix_LargePct50EMA_PctAbove200EMA_SmallPct200EMA,75,Aggressive
2024-07-02,75.065,79.582,84.697,-2.081,0.292,1.735,1.065,19,559.0,78.0,255,2,65.909,71.0,81.0,94.949,71.812,87.075,93.836,77.6,82.114,89.787,75.244,78.27,82.005,90.328,Mix_LargePct50EMA_PctAbove200EMA_SmallPct200EMA,75,Aggressive
2024-07-03,79.369,81.462,85.086,5.857,3.215,1.753,5.022,21,611.0,78.0,257,2,57.627,79.0,85.0,95.96,79.866,89.796,94.521,80.0,84.959,89.362,79.233,79.747,82.46,92.956,Mix_LargePct50EMA_PctAbove200EMA_SmallPct200EMA,75,Aggressive
2024-07-04,79.348,81.932,85.42,13.319,9.266,3.815,2.526,20,495.0,80.0,516,2,56.0,77.0,84.0,96.97,81.879,90.476,93.151,79.6,85.772,90.638,79.204,80.239,82.764,93.511,Mix_LargePct50EMA_PctAbove200EMA_SmallPct200EMA,75,Aggressive
2024-07-05,79.628,82.568,85.818,11.806,7.724,3.802,3.558,18,499.0,61.0,423,2,56.0,82.0,89.0,96.97,85.235,90.476,93.836,79.2,84.959,90.213,78.955,80.885,83.308,95.46,Mix_LargePct50EMA_PctAbove200EMA_SmallPct200EMA,75,Aggressive
2024-07-08,74.961,80.375,85.042,0.438,0.635,1.217,1.447,12,457.0,105.0,338,4,48.515,73.0,84.0,94.949,78.523,87.075,92.466,72.8,82.996,89.451,75.104,78.977,82.691,92.462,Mix_LargePct50EMA_PctAbove200EMA_SmallPct200EMA,75,Aggressive
2024-07-09,76.334,80.606,85.373,1.269,1.024,0.676,1.365,17,436.0,135.0,266,4,53.846,81.0,85.0,94.949,82.432,86.301,93.103,75.2,84.211,89.03,75.576,79.085,83.144,92.943,Mix_LargePct50EMA_PctAbove200EMA_SmallPct200EMA,75,Aggressive
2024-07-10,68.132,77.401,83.713,-11.237,-4.061,-1.373,0.84,11,343.0,201.0,205,4,36.036,74.0,83.0,96.97,76.351,86.395,91.781,71.6,81.707,88.983,66.272,75.334,80.88,90.674,Mix_LargePct50EMA_PctAbove200EMA_SmallPct200EMA,75,Aggressive
2024-07-11,70.637,79.269,84.594,-8.711,-2.663,-0.826,2.648,13,380.0,157.0,207,3,44.792,76.0,85.0,94.949,72.789,84.932,93.793,69.6,84.146,88.936,70.223,77.442,82.032,92.277,Mix_LargePct50EMA_PctAbove200EMA_SmallPct200EMA,75,Aggressive
2024-07-12,67.133,77.818,84.658,-12.495,-4.749,-1.159,1.747,13,352.0,159.0,181,4,49.398,74.0,84.0,95.96,72.109,84.247,93.103,67.2,82.114,91.453,66.132,75.983,81.681,93.499,Mix_LargePct50EMA_PctAbove200EMA_SmallPct200EMA,75,Aggressive
2024-07-15,67.988,78.586,84.662,-6.974,-1.789,-0.379,2.001,11,433.0,125.0,177,5,50.0,80.0,89.0,94.949,76.19,86.897,93.75,73.2,84.959,92.308,65.422,75.925,81.565,95.941,Mix_LargePct50EMA_PctAbove200EMA_SmallPct200EMA,75,Aggressive
2024-07-16,68.424,79.384,85.214,-7.91,-1.222,-0.159,1.056,12,382.0,140.0,164,6,59.375,72.0,89.0,96.97,74.83,86.207,91.667,71.6,83.74,91.88,66.968,77.263,82.451,96.065,Mix_LargePct50EMA_PctAbove200EMA_SmallPct200EMA,75,Aggressive
2024-07-18,58.398,74.491,83.778,-9.735,-2.909,0.065,0.819,17,349.0,214.0,129,5,62.791,63.0,84.0,96.97,66.667,82.069,91.667,64.4,83.333,91.026,56.189,71.529,80.65,92.721,Mix_LargePct50EMA_PctAbove200EMA_SmallPct200EMA,75,Aggressive
2024-07-19,37.073,61.952,79.911,-33.564,-17.317,-4.683,0.323,4,236.0,506.0,95,6,20.833,40.0,70.0,95.96,44.595,72.603,89.655,40.161,68.571,88.034,35.56,59.158,76.208,79.891,Mix_LargePct50EMA_PctAbove200EMA_SmallPct200EMA,75,Constructive
2024-07-22,43.422,64.901,79.757,-23.71,-12.917,-4.901,2.584,5,270.0,523.0,98,6,20.588,52.0,75.0,93.939,52.027,76.19,89.726,49.799,75.41,89.7,40.856,61.254,75.88,83.728,Mix_LargePct50EMA_PctAbove200EMA_SmallPct200EMA,75,Aggressive
2024-07-23,39.018,60.72,79.513,-28.97,-17.866,-5.15,0.57,9,301.0,459.0,92,6,17.722,40.0,69.0,95.96,45.946,68.707,88.356,46.586,67.755,87.179,36.926,58.105,75.961,78.275,Mix_LargePct50EMA_PctAbove200EMA_SmallPct200EMA,75,Constructive
2024-07-24,57.357,70.068,82.522,-11.067,-9.316,-2.692,1.629,16,628.0,132.0,118,3,52.174,47.0,69.0,95.96,58.904,75.172,89.583,59.2,76.016,88.936,57.599,68.601,79.624,81.026,Mix_LargePct50EMA_PctAbove200EMA_SmallPct200EMA,75,Aggressive
2024-07-25,57.666,69.547,82.457,-0.731,-4.944,-1.321,1.112,13,647.0,111.0,138,5,50.0,41.0,67.0,94.949,57.823,71.233,88.276,57.831,74.694,88.462,58.779,68.671,79.834,79.398,Mix_LargePct50EMA_PctAbove200EMA_SmallPct200EMA,75,Constructive
2024-07-26,68.953,76.767,84.743,31.88,14.815,4.832,4.999,17,732.0,69.0,142,4,71.429,62.0,80.0,95.96,68.243,76.871,89.726,68.675,81.633,90.558,69.556,75.698,82.344,90.057,Mix_LargePct50EMA_PctAbove200EMA_SmallPct200EMA,75,Aggressive
2024-07-29,72.947,78.882,85.424,29.524,13.981,5.666,2.411,18,559.0,103.0,156,4,66.667,75.0,87.0,95.96,72.297,81.633,93.197,73.896,81.707,91.026,72.708,77.554,82.81,95.102,Mix_LargePct50EMA_PctAbove200EMA_SmallPct200EMA,75,Aggressive
2024-07-30,75.464,80.249,86.195,36.446,19.53,6.683,1.897,18,549.0,97.0,153,4,68.182,76.0,88.0,96.97,72.483,80.272,92.517,77.108,85.366,90.598,75.451,78.826,83.922,95.485,Mix_LargePct50EMA_PctAbove200EMA_SmallPct200EMA,75,Aggressive
2024-07-31,75.258,81.019,86.14,17.901,10.952,3.618,1.722,15,494.0,118.0,130,4,65.882,75.0,87.0,96.97,72.483,82.993,92.517,75.1,84.959,90.638,75.589,79.72,83.835,95.102,Mix_LargePct50EMA_PctAbove200EMA_SmallPct200EMA,75,Aggressive
2024-08-01,65.602,76.767,85.265,7.936,7.22,2.808,0.901,14,394.0,182.0,110,3,52.128,68.0,87.0,97.98,65.772,80.952,92.517,66.667,80.894,91.102,65.235,74.913,82.481,95.053,Mix_LargePct50EMA_PctAbove200EMA_SmallPct200EMA,75,Aggressive
2024-08-02,57.621,71.807,84.768,-11.332,-4.96,0.025,0.66,15,337.0,209.0,113,2,39.394,54.0,77.0,96.97,51.678,70.068,92.517,58.635,75.203,91.525,58.31,71.04,81.805,88.774,Mix_LargePct50EMA_PctAbove200EMA_SmallPct200EMA,75,Aggressive
2024-08-05,25.141,47.417,76.015,-47.806,-31.465,-9.408,0.062,4,233.0,1109.0,75,8,20.43,16.0,46.0,92.929,26.846,51.02,86.395,27.309,53.036,81.356,25.223,46.186,72.687,61.732,Mix_LargePct50EMA_PctAbove200EMA_SmallPct200EMA,75,Selective
2024-08-06,25.0,44.444,74.959,-50.464,-35.805,-11.237,0.522,6,221.0,1133.0,64,11,20.588,16.0,44.0,92.929,26.846,44.595,85.135,25.703,49.593,81.702,25.311,43.575,71.3,60.683,Mix_LargePct50EMA_PctAbove200EMA_SmallPct200EMA,75,Selective
2024-08-07,39.137,57.914,78.434,-36.121,-23.105,-7.707,7.207,5,518.0,1096.0,86,5,47.273,37.0,63.0,94.949,41.333,60.403,85.906,38.0,60.0,84.188,39.254,56.943,75.357,71.392,Mix_LargePct50EMA_PctAbove200EMA_SmallPct200EMA,75,Constructive
2024-08-08,38.284,55.244,77.913,-27.319,-21.523,-7.352,0.709,11,618.0,212.0,90,7,57.143,29.0,55.0,93.939,36.913,55.405,86.486,38.8,57.551,84.188,38.977,54.85,74.662,66.852,Mix_LargePct50EMA_PctAbove200EMA_SmallPct200EMA,75,Constructive
2024-08-09,44.267,59.159,79.426,-13.354,-12.648,-5.342,3.425,9,723.0,134.0,106,8,73.684,39.0,60.0,90.909,44.966,59.732,87.248,44.8,61.066,84.549,44.467,58.717,76.802,70.701,Mix_LargePct50EMA_PctAbove200EMA_SmallPct200EMA,75,Constructive
2024-08-12,44.354,57.821,78.858,19.213,10.404,2.842,1.426,9,481.0,199.0,100,10,54.167,37.0,59.0,91.919,44.966,61.074,87.248,47.2,59.016,82.833,44.307,57.202,76.269,69.072,Mix_LargePct50EMA_PctAbove200EMA_SmallPct200EMA,75,Constructive
2024-08-13,34.495,51.553,75.881,9.495,7.108,0.922,0.423,9,403.0,375.0,84,8,42.105,26.0,47.0,91.919,42.282,59.06,87.248,37.6,51.23,80.687,33.747,51.147,72.584,61.522,Mix_LargePct50EMA_PctAbove200EMA_SmallPct200EMA,75,Selective
2024-08-14,32.392,46.916,74.848,-6.745,-10.998,-3.585,0.886,4,293.0,465.0,79,10,15.789,31.0,45.0,92.929,33.557,53.691,84.564,34.8,47.951,80.172,31.953,46.17,71.493,60.252,Mix_LargePct50EMA_PctAbove200EMA_SmallPct200EMA,75,Selective
2024-08-16,43.048,52.694,76.088,4.764,-2.55,-1.825,8.174,6,351.0,426.0,83,5,53.571,42.0,63.0,93.939,49.333,62.667,86.667,44.98,54.733,81.818,42.138,50.592,72.584,69.479,Mix_LargePct50EMA_PctAbove200EMA_SmallPct200EMA,75,Constructive
2024-08-19,53.681,59.556,79.132,9.414,0.396,-0.294,2.567,13,592.0,213.0,122,5,56.25,47.0,62.0,94.949,54.0,64.667,89.333,56.225,60.905,83.55,53.672,58.628,76.063,70.849,Mix_LargePct50EMA_PctAbove200EMA_SmallPct200EMA,75,Constructive
2024-08-20,59.887,63.561,80.452,15.534,5.74,1.594,2.435,17,713.0,100.0,146,7,63.636,58.0,63.0,95.96,60.135,70.946,90.541,60.8,63.934,84.549,59.835,62.778,77.47,72.773,Mix_LargePct50EMA_PctAbove200EMA_SmallPct200EMA,75,Constructive
2024-08-21,67.963,67.942,81.848,33.468,16.389,5.967,2.366,22,697.0,83.0,160,5,75.0,64.0,65.0,94.949,69.595,72.297,91.216,70.0,70.492,85.837,67.72,67.268,79.148,75.907,Mix_LargePct50EMA_PctAbove200EMA_SmallPct200EMA,75,Constructive
2024-08-22,73.244,71.569,83.709,40.852,24.654,8.861,1.832,14,568.0,82.0,163,4,75.862,68.0,71.0,96.97,76.351,72.973,91.216,73.896,71.605,87.931,73.177,71.458,81.166,82.087,Mix_LargePct50EMA_PctAbove200EMA_SmallPct200EMA,75,Aggressive
2024-08-23,71.714,70.579,83.791,28.666,17.885,7.703,1.417,15,520.0,78.0,148,7,60.465,61.616,68.687,95.918,68.456,72.297,89.116,75.502,73.663,87.983,72.085,70.014,81.595,80.829,Mix_LargePct50EMA_PctAbove200EMA_SmallPct200EMA,75,Aggressive
2024-08-26,69.827,71.546,83.452,16.146,11.991,4.32,1.928,18,480.0,107.0,149,4,58.491,66.667,68.687,95.918,69.128,75.839,90.541,73.092,73.967,87.5,69.556,70.897,81.069,80.039,Mix_LargePct50EMA_PctAbove200EMA_SmallPct200EMA,75,Aggressive
2024-08-27,71.224,73.123,84.717,11.336,9.562,4.265,1.919,20,460.0,127.0,125,4,63.462,70.408,72.449,95.876,70.946,76.351,91.156,74.699,74.897,88.793,70.713,72.538,82.502,84.197,Mix_LargePct50EMA_PctAbove200EMA_SmallPct200EMA,75,Aggressive
2024-08-28,68.389,71.961,84.396,0.426,4.019,2.547,1.09,14,402.0,156.0,116,3,56.25,67.347,68.367,95.876,64.189,72.297,91.837,74.297,74.897,87.931,67.877,71.676,82.143,81.014,Mix_LargePct50EMA_PctAbove200EMA_SmallPct200EMA,75,Aggressive
2024-08-29,60.696,68.407,83.727,-12.548,-3.162,0.018,1.118,15,302.0,170.0,102,6,32.812,64.286,69.388,96.907,56.081,67.568,92.517,62.249,71.193,87.5,60.658,67.958,81.162,80.78,Mix_LargePct50EMA_PctAbove200EMA_SmallPct200EMA,75,Aggressive
2024-08-30,64.278,70.476,83.58,-7.435,-0.103,-0.211,1.189,13,295.0,156.0,102,8,40.984,67.347,70.408,96.907,64.189,71.622,93.878,69.88,73.77,87.554,63.125,69.806,80.804,81.335,Mix_LargePct50EMA_PctAbove200EMA_SmallPct200EMA,75,Aggressive
2024-09-02,58.482,66.426,82.34,-11.345,-5.12,-1.112,1.1,14,300.0,165.0,111,8,61.404,68.367,72.449,96.907,64.865,70.946,93.197,62.249,70.082,86.325,56.54,64.945,79.423,81.076,Mix_LargePct50EMA_PctAbove200EMA_SmallPct200EMA,75,Aggressive
2024-09-03,59.378,66.821,82.594,-11.846,-6.302,-2.122,1.915,15,338.0,126.0,104,5,65.574,68.367,71.429,94.845,63.087,70.946,93.197,64.659,71.837,88.085,57.503,65.241,79.599,81.865,Mix_LargePct50EMA_PctAbove200EMA_SmallPct200EMA,75,Aggressive
2024-09-04,57.573,65.361,82.321,-10.816,-6.6,-2.075,1.279,13,322.0,127.0,164,2,45.098,59.184,67.347,93.814,61.074,69.595,92.517,64.659,71.02,88.511,55.904,63.837,79.303,79.558,Mix_LargePct50EMA_PctAbove200EMA_SmallPct200EMA,75,Constructive
2024-09-05,62.048,67.92,83.251,1.352,-0.488,-0.476,1.433,15,381.0,84.0,192,3,53.125,56.122,61.224,92.784,60.403,69.595,93.197,69.2,74.694,89.787,61.392,67.057,80.341,76.536,Mix_LargePct50EMA_PctAbove200EMA_SmallPct200EMA,75,Constructive
2024-09-06,49.873,60.536,80.908,-14.406,-9.94,-2.672,0.386,14,341.0,133.0,142,2,29.231,39.394,54.082,88.542,46.622,55.782,90.476,59.2,68.571,85.897,49.318,60.096,78.46,69.097,Mix_LargePct50EMA_PctAbove200EMA_SmallPct200EMA,75,Constructive
2024-09-09,44.952,57.084,79.771,-13.53,-9.342,-2.569,1.111,19,320.0,182.0,136,8,34.545,37.374,52.041,86.458,47.297,55.782,89.796,52.8,67.347,86.325,43.894,55.83,77.082,68.159,Mix_LargePct50EMA_PctAbove200EMA_SmallPct200EMA,75,Constructive
2024-09-10,56.148,64.146,82.141,-3.23,-2.675,-0.454,3.071,15,348.0,184.0,139,5,43.678,44.0,57.143,87.5,52.349,61.905,89.796,65.6,72.653,89.316,55.752,63.411,79.69,73.464,Mix_LargePct50EMA_PctAbove200EMA_SmallPct200EMA,75,Constructive
2024-09-11,47.943,59.558,80.776,-9.63,-5.803,-1.545,0.71,11,373.0,169.0,133,6,48.485,44.0,48.98,89.583,48.322,57.823,87.755,55.2,66.26,86.325,46.939,59.313,78.434,67.456,Mix_LargePct50EMA_PctAbove200EMA_SmallPct200EMA,75,Constructive
2024-09-12,55.482,62.917,82.041,-6.566,-5.002,-1.21,5.407,11,401.0,115.0,161,4,55.556,51.0,59.184,89.583,58.389,63.946,92.517,61.2,72.358,86.752,54.521,61.47,79.557,72.65,Mix_LargePct50EMA_PctAbove200EMA_SmallPct200EMA,75,Constructive
2024-09-13,61.117,67.078,84.061,11.244,6.542,3.153,1.718,18,373.0,109.0,171,5,49.367,49.0,62.626,93.814,65.101,71.233,94.521,68.8,75.0,88.085,60.231,65.612,81.536,76.684,Mix_LargePct50EMA_PctAbove200EMA_SmallPct200EMA,75,Constructive
2024-09-16,62.437,67.863,84.36,17.485,10.778,4.589,1.368,11,439.0,85.0,168,4,60.317,56.566,62.245,93.75,64.43,67.808,93.151,68.4,76.21,88.983,61.622,66.827,81.945,77.301,Mix_LargePct50EMA_PctAbove200EMA_SmallPct200EMA,75,Constructive
2024-09-17,59.574,65.641,83.897,3.426,1.495,1.756,1.18,14,394.0,119.0,137,4,64.706,59.596,65.306,93.75,57.718,64.384,91.781,63.6,73.387,87.66,59.079,64.472,81.697,78.621,Mix_LargePct50EMA_PctAbove200EMA_SmallPct200EMA,75,Constructive
2024-09-18,51.826,61.961,82.196,3.882,2.403,1.42,0.989,9,324.0,166.0,112,7,45.361,50.505,61.224,93.75,51.333,60.544,87.755,57.258,69.919,85.897,51.051,60.81,80.133,73.156,Mix_LargePct50EMA_PctAbove200EMA_SmallPct200EMA,75,Constructive
2024-09-19,41.329,55.459,78.372,-14.154,-7.459,-3.669,0.671,7,215.0,265.0,81,6,34.737,49.495,61.224,92.708,48.322,58.904,86.301,46.371,62.195,83.761,39.228,53.593,75.572,70.232,Mix_LargePct50EMA_PctAbove200EMA_SmallPct200EMA,75,Constructive
2024-09-20,49.468,59.652,80.807,-11.648,-7.426,-3.254,5.156,8,316.0,237.0,77,6,51.852,59.596,64.286,93.814,53.02,62.585,88.435,58.233,69.796,85.47,46.955,57.348,78.245,73.871,Mix_LargePct50EMA_PctAbove200EMA_SmallPct200EMA,75,Constructive
2024-09-23,55.752,62.526,81.892,-6.685,-5.337,-2.467,2.697,11,416.0,196.0,79,11,50.794,67.677,67.347,95.918,61.074,65.306,90.476,68.675,75.102,88.034,52.256,59.823,78.897,78.892,Mix_LargePct50EMA_PctAbove200EMA_SmallPct200EMA,75,Constructive
2024-09-24,56.544,62.743,81.774,-3.031,-2.898,-2.124,1.344,19,498.0,99.0,75,9,71.429,69.697,69.388,93.878,64.43,65.306,90.476,67.068,75.51,87.607,53.104,59.904,78.955,79.669,Mix_LargePct50EMA_PctAbove200EMA_SmallPct200EMA,75,Constructive
2024-09-25,52.299,60.901,81.264,0.474,-1.06,-0.932,1.081,10,395.0,120.0,72,6,69.748,62.626,70.408,91.837,61.745,63.265,89.796,63.454,71.429,88.085,48.785,58.265,78.392,80.829,Mix_LargePct50EMA_PctAbove200EMA_SmallPct200EMA,75,Aggressive
2024-09-26,48.762,58.598,80.447,7.433,3.139,2.074,1.973,14,284.0,146.0,81,9,58.559,67.677,73.469,92.857,60.403,65.306,89.796,58.635,70.612,88.085,44.669,54.918,77.212,82.063,Mix_LargePct50EMA_PctAbove200EMA_SmallPct200EMA,75,Aggressive
2024-09-27,50.253,58.444,80.076,0.784,-1.208,-0.731,1.555,17,283.0,156.0,82,11,45.652,69.388,75.258,93.814,62.667,65.541,89.865,59.919,70.37,88.841,46.128,54.638,76.527,83.247,Mix_LargePct50EMA_PctAbove200EMA_SmallPct200EMA,75,Aggressive
2024-09-30,47.909,57.661,79.902,-7.842,-4.865,-1.99,0.658,17,313.0,159.0,77,13,50.0,54.082,69.792,94.792,54.667,62.838,89.189,58.704,69.547,87.554,45.034,54.385,76.54,79.176,Mix_LargePct50EMA_PctAbove200EMA_SmallPct200EMA,75,Constructive
2024-10-01,52.547,60.603,80.849,-3.997,-2.14,-0.925,1.489,13,400.0,143.0,97,11,44.737,58.163,70.833,93.75,58.0,64.865,88.514,63.158,72.428,88.462,49.866,57.551,77.794,81.1,Mix_LargePct50EMA_PctAbove200EMA_SmallPct200EMA,75,Aggressive
2024-10-03,33.216,49.463,76.253,-19.083,-11.437,-5.011,0.238,9,338.0,271.0,75,13,31.313,27.551,59.375,89.583,41.333,56.757,83.784,41.935,63.374,85.897,31.317,45.782,72.828,69.738,Mix_LargePct50EMA_PctAbove200EMA_SmallPct200EMA,75,Constructive
2024-10-04,27.492,44.535,75.068,-21.27,-14.063,-5.379,0.419,5,277.0,315.0,63,10,32.394,24.49,46.875,91.667,30.0,48.322,83.221,33.735,53.498,83.761,26.394,42.517,71.502,62.608,Mix_LargePct50EMA_PctAbove200EMA_SmallPct200EMA,75,Selective
2024-10-07,14.882,27.88,63.77,-35.371,-30.565,-16.307,0.167,4,144.0,1106.0,46,25,12.121,13.265,33.333,82.292,13.333,34.899,73.154,18.876,36.885,73.077,14.477,25.322,59.838,51.431,Mix_LargePct50EMA_PctAbove200EMA_SmallPct200EMA,75,Selective
2024-10-08,25.907,37.915,69.717,-22.002,-19.746,-10.185,4.428,1,534.0,953.0,52,13,22.581,25.253,40.206,88.66,29.252,44.521,79.452,33.468,51.029,78.541,24.362,34.942,65.809,56.366,Mix_LargePct50EMA_PctAbove200EMA_SmallPct200EMA,75,Selective
2024-10-09,33.468,43.492,72.767,-19.079,-17.111,-8.082,1.961,4,697.0,876.0,60,12,40.541,33.333,46.392,90.722,38.776,49.315,82.192,42.339,55.144,79.828,31.48,40.801,69.265,59.623,Mix_LargePct50EMA_PctAbove200EMA_SmallPct200EMA,75,Selective
2024-10-10,37.657,46.378,73.747,4.441,-3.086,-2.505,1.333,7,824.0,79.0,60,13,81.25,39.394,50.515,85.567,35.374,50.0,77.397,43.775,56.967,81.974,36.747,43.992,71.103,62.645,Mix_LargePct50EMA_PctAbove200EMA_SmallPct200EMA,75,Selective
2024-10-11,40.382,47.425,74.034,12.889,2.89,-1.034,1.695,6,481.0,69.0,62,13,61.111,44.444,49.485,89.691,38.095,47.26,76.712,45.382,60.408,82.906,39.505,45.146,71.103,62.99,Mix_LargePct50EMA_PctAbove200EMA_SmallPct200EMA,75,Selective
2024-10-14,42.9,49.822,73.724,28.018,21.942,9.955,2.157,9,390.0,88.0,56,13,63.158,46.0,47.423,88.66,40.541,50.34,76.871,49.799,60.0,82.833,41.783,48.238,70.769,62.003,Mix_LargePct50EMA_PctAbove200EMA_SmallPct200EMA,75,Selective
2024-10-15,45.313,51.097,74.034,19.406,13.182,4.317,1.463,7,380.0,91.0,58,12,55.556,48.0,50.515,87.629,45.638,52.381,76.19,57.028,62.449,83.262,43.153,49.116,71.25,63.41,Mix_LargePct50EMA_PctAbove200EMA_SmallPct200EMA,75,Selective
2024-10-16,47.018,52.371,74.633,13.55,8.88,1.866,1.187,16,419.0,102.0,61,12,50.0,42.424,53.125,84.375,44.966,51.701,78.231,61.044,65.714,82.906,45.194,50.17,72.141,64.508,Mix_LargePct50EMA_PctAbove200EMA_SmallPct200EMA,75,Selective
2024-10-17,36.245,43.309,70.87,-1.412,-3.068,-2.878,0.355,16,352.0,181.0,56,14,31.579,25.0,41.237,78.351,30.405,42.177,74.15,44.98,55.738,80.687,36.12,41.497,68.305,57.809,Mix_LargePct50EMA_PctAbove200EMA_SmallPct200EMA,75,Selective
2024-10-18,36.022,44.603,71.041,-4.36,-2.822,-2.993,1.735,11,297.0,185.0,55,15,46.667,37.0,45.361,83.505,32.215,45.946,74.324,42.339,54.733,78.879,35.29,42.751,68.471,58.537,Mix_LargePct50EMA_PctAbove200EMA_SmallPct200EMA,75,Selective
2024-10-21,26.75,36.23,65.657,-16.15,-13.592,-8.067,0.639,15,230.0,364.0,69,15,28.889,28.0,36.735,81.443,21.477,39.189,68.919,29.839,46.914,74.138,26.68,34.145,62.755,53.17,Mix_LargePct50EMA_PctAbove200EMA_SmallPct200EMA,75,Selective
2024-10-22,13.507,21.974,57.127,-31.807,-29.124,-16.906,0.083,1,194.0,1118.0,40,20,11.765,12.0,23.469,68.041,9.396,18.919,62.162,12.048,29.339,67.532,14.257,20.974,54.054,43.671,Mix_LargePct50EMA_PctAbove200EMA_SmallPct200EMA,75,Defensive
2024-10-23,15.523,23.906,58.017,-31.494,-28.465,-16.616,1.747,2,252.0,1145.0,34,18,21.053,13.0,26.531,68.041,15.436,22.297,64.865,15.261,32.099,68.398,15.744,22.546,54.818,45.645,Mix_LargePct50EMA_PctAbove200EMA_SmallPct200EMA,75,Defensive
2024-10-24,15.292,22.346,56.494,-20.953,-20.963,-14.376,0.97,6,233.0,1037.0,34,23,59.375,16.0,24.49,69.072,12.752,22.297,62.162,16.064,28.395,65.801,15.369,21.216,53.426,42.598,Mix_LargePct50EMA_PctAbove200EMA_SmallPct200EMA,75,Defensive
2024-10-25,11.506,18.191,51.272,-24.516,-26.412,-19.769,0.24,2,232.0,597.0,28,44,22.222,15.0,23.469,63.918,12.081,18.243,56.081,10.843,19.753,61.472,11.326,17.579,48.14,25.87,Mix_LargePct50EMA_PctAbove200EMA_SmallPct200EMA,75,Risk-off
2024-10-28,14.678,20.783,52.572,-12.072,-15.447,-13.085,2.304,0,339.0,608.0,28,31,33.333,19.0,23.469,67.01,14.765,21.622,60.135,14.516,24.691,64.069,14.409,19.878,48.796,28.83,Mix_LargePct50EMA_PctAbove200EMA_SmallPct200EMA,75,Risk-off
2024-10-29,19.05,24.175,54.496,5.543,2.201,-2.631,2.189,3,434.0,556.0,30,30,80.0,26.0,27.551,69.072,18.792,25.676,60.135,20.161,30.453,67.532,18.43,22.77,50.657,38.724,Mix_LargePct50EMA_PctAbove200EMA_SmallPct200EMA,75,Defensive
2024-10-30,30.531,28.673,59.187,15.007,4.767,1.17,1.232,4,760.0,147.0,31,21,40.0,29.0,26.531,68.041,24.667,24.324,61.486,35.081,36.885,69.099,30.467,27.894,56.62,46.669,Mix_LargePct50EMA_PctAbove200EMA_SmallPct200EMA,75,Defensive
2024-10-31,39.361,32.538,61.918,24.068,10.192,5.424,1.092,7,732.0,102.0,39,19,56.25,26.0,24.49,69.072,28.667,28.378,62.838,48.193,45.082,72.961,39.854,31.419,59.43,48.742,Mix_LargePct50EMA_PctAbove200EMA_SmallPct200EMA,75,Defensive
2024-11-01,54.241,40.66,65.055,42.735,22.469,13.783,8.319,7,748.0,59.0,51,12,80.0,30.0,27.551,72.165,38.667,32.432,62.838,55.422,50.82,74.786,57.279,40.677,63.087,51.086,Mix_LargePct50EMA_PctAbove200EMA_SmallPct200EMA,75,Selective
2024-11-04,35.689,32.996,60.55,21.011,12.213,7.979,0.375,12,466.0,204.0,58,10,23.529,23.232,25.773,64.583,20.667,25.676,58.784,38.153,41.224,69.787,37.591,32.84,58.879,47.446,Mix_LargePct50EMA_PctAbove200EMA_SmallPct200EMA,75,Defensive
2024-11-05,42.722,36.253,62.378,23.672,12.078,7.882,2.995,9,385.0,202.0,83,6,42.105,28.283,26.804,65.625,28.667,29.054,60.135,41.365,46.122,70.213,45.292,35.96,61.05,48.668,Mix_LargePct50EMA_PctAbove200EMA_SmallPct200EMA,75,Defensive
2024-11-06,62.369,46.033,67.512,31.839,17.36,8.325,6.391,11,486.0,209.0,77,6,22.222,50.505,37.113,76.042,50.667,37.838,68.919,67.871,54.286,76.17,63.402,46.071,65.284,54.268,Mix_LargePct50EMA_PctAbove200EMA_SmallPct200EMA,75,Selective
2024-11-07,55.124,43.608,66.559,15.764,11.07,4.641,0.584,10,520.0,88.0,67,10,77.778,42.424,32.99,69.792,40.667,32.432,64.865,57.831,51.639,74.786,56.944,44.094,65.116,52.541,Mix_LargePct50EMA_PctAbove200EMA_SmallPct200EMA,75,Selective
2024-11-08,39.671,37.765,63.127,-14.569,-2.895,-1.928,0.553,7,443.0,193.0,68,14,41.667,32.653,29.167,67.368,26.0,27.027,57.432,39.357,46.311,69.231,41.534,37.987,62.409,48.877,Mix_LargePct50EMA_PctAbove200EMA_SmallPct200EMA,75,Defensive
2024-11-11,34.789,33.401,60.205,-0.9,0.405,-0.346,0.767,10,235.0,356.0,57,14,40.0,33.673,34.375,68.421,25.333,22.297,52.703,35.2,42.041,68.085,35.728,33.021,59.101,48.236,Mix_LargePct50EMA_PctAbove200EMA_SmallPct200EMA,75,Defensive
2024-11-12,25.423,27.172,55.28,-17.299,-9.081,-7.098,0.453,9,186.0,489.0,46,19,32.353,24.49,31.959,65.263,18.0,20.946,48.649,26.506,36.885,63.404,26.041,25.889,53.919,37.38,Mix_LargePct50EMA_PctAbove200EMA_SmallPct200EMA,75,Defensive
2024-11-13,12.842,17.644,45.694,-49.527,-28.389,-21.818,0.124,5,143.0,986.0,35,43,21.429,10.204,14.433,54.737,8.667,12.838,43.243,13.655,21.721,56.17,13.294,17.663,43.551,18.628,Mix_LargePct50EMA_PctAbove200EMA_SmallPct200EMA,75,Risk-off
2024-11-14,16.915,19.909,47.091,-38.209,-23.699,-19.468,1.513,9,215.0,893.0,37,39,22.581,17.347,20.619,53.684,12.667,14.189,43.919,19.277,27.642,61.181,16.92,19.153,44.549,23.205,Mix_LargePct50EMA_PctAbove200EMA_SmallPct200EMA,75,Risk-off
2024-11-18,16.774,19.698,45.03,-22.897,-18.068,-18.097,0.96,4,289.0,858.0,38,39,16.667,13.402,20.833,52.128,12.667,14.189,43.243,20.482,27.236,57.806,16.787,18.93,42.547,20.183,Mix_LargePct50EMA_PctAbove200EMA_SmallPct200EMA,75,Risk-off
2024-11-19,20.964,23.058,47.366,-13.825,-10.343,-12.839,2.087,6,418.0,259.0,35,34,50.0,21.429,23.958,52.128,16.0,16.892,45.27,24.9,29.675,61.864,20.778,22.52,44.79,24.624,Mix_LargePct50EMA_PctAbove200EMA_SmallPct200EMA,75,Risk-off
2024-11-21,19.364,20.524,43.072,-6.058,-6.647,-12.208,0.468,5,346.0,321.0,39,36,62.5,24.49,25.0,51.064,15.333,14.189,43.243,24.9,28.455,57.384,18.523,19.558,40.058,20.503,Mix_LargePct50EMA_PctAbove200EMA_SmallPct200EMA,75,Risk-off
2024-11-22,23.881,23.209,47.496,11.038,5.565,1.802,4.121,7,362.0,196.0,68,24,66.667,36.735,33.333,55.319,24.667,19.463,47.651,32.129,33.333,62.447,21.613,21.261,44.372,27.609,Mix_LargePct50EMA_PctAbove200EMA_SmallPct200EMA,75,Risk-off
2024-11-25,37.475,29.453,50.965,20.56,9.544,3.874,3.077,10,461.0,189.0,67,19,66.667,52.041,40.625,64.894,44.667,26.846,52.349,52.61,44.715,65.401,33.355,26.498,47.403,38.058,Mix_LargePct50EMA_PctAbove200EMA_SmallPct200EMA,75,Defensive
2024-11-26,43.141,31.436,52.929,26.367,11.738,7.899,1.441,12,565.0,77.0,77,18,73.333,55.556,44.792,64.894,49.333,30.201,53.691,54.217,45.528,66.525,39.894,28.38,49.711,41.426,Mix_LargePct50EMA_PctAbove200EMA_SmallPct200EMA,75,Defensive
2024-11-27,53.002,37.23,55.824,32.039,14.173,8.458,3.189,7,627.0,79.0,116,14,82.759,60.606,44.33,65.957,58.389,34.459,60.135,62.651,52.033,71.186,50.395,34.621,52.058,50.481,Mix_LargePct50EMA_PctAbove200EMA_SmallPct200EMA,75,Selective
2024-11-28,55.241,39.126,56.731,35.876,18.602,13.659,0.925,3,501.0,79.0,100,11,41.071,54.082,44.792,66.667,55.405,37.415,58.503,62.8,53.036,72.689,54.054,36.642,53.156,51.283,Mix_LargePct50EMA_PctAbove200EMA_SmallPct200EMA,75,Selective
2024-11-29,61.676,42.477,59.168,37.795,19.269,11.672,2.895,9,459.0,72.0,97,8,36.842,64.286,47.917,64.516,60.135,40.136,61.905,67.871,58.468,73.529,60.644,39.721,56.08,54.034,Mix_LargePct50EMA_PctAbove200EMA_SmallPct200EMA,75,Selective
2024-12-02,68.333,48.45,61.232,30.857,18.997,10.267,2.664,13,505.0,67.0,99,6,68.75,68.367,47.917,62.366,68.243,47.619,62.585,73.494,62.5,74.059,67.497,46.256,58.832,55.231,Mix_LargePct50EMA_PctAbove200EMA_SmallPct200EMA,75,Selective
2024-12-03,77.998,58.747,65.122,34.857,27.311,12.194,3.008,7,587.0,68.0,88,7,82.5,75.758,57.292,68.817,75.0,53.061,65.306,78.715,69.355,76.569,78.318,57.646,62.902,60.906,Mix_LargePct50EMA_PctAbove200EMA_SmallPct200EMA,75,Selective
2024-12-04,79.406,62.243,66.897,26.403,25.013,11.073,2.259,15,630.0,62.0,87,12,71.429,73.737,57.292,72.043,80.272,58.904,65.753,82.8,73.092,79.583,79.134,61.089,64.505,62.189,Mix_LargePct50EMA_PctAbove200EMA_SmallPct200EMA,75,Selective
2024-12-05,79.158,64.132,67.96,23.917,25.006,11.229,3.08,11,502.0,66.0,100,10,67.5,80.808,67.708,74.194,82.993,56.849,65.753,82.731,75.403,79.498,78.098,62.757,65.812,69.196,Mix_LargePct50EMA_PctAbove200EMA_SmallPct200EMA,75,Constructive
2024-12-06,81.405,67.5,69.141,19.729,25.023,9.973,2.168,14,473.0,61.0,103,8,63.953,82.828,65.625,70.968,80.952,60.274,67.123,83.133,73.79,79.916,81.074,67.285,67.401,68.381,Mix_LargePct50EMA_PctAbove200EMA_SmallPct200EMA,75,Constructive
2024-12-09,81.894,68.295,69.91,13.562,19.845,8.678,1.605,19,486.0,71.0,94,8,52.8,77.778,68.75,73.118,79.592,64.384,64.384,81.928,75.0,79.916,82.376,67.546,68.577,70.627,Mix_LargePct50EMA_PctAbove200EMA_SmallPct200EMA,75,Constructive
2024-12-10,81.306,68.716,70.906,3.308,9.969,5.784,1.517,18,529.0,98.0,100,8,64.0,71.429,61.053,71.739,79.592,67.808,65.753,79.518,75.403,79.498,82.395,68.188,69.929,65.408,Mix_LargePct50EMA_PctAbove200EMA_SmallPct200EMA,75,Constructive
2024-12-11,80.929,70.309,71.625,1.523,8.066,4.728,1.961,16,496.0,109.0,109,7,62.5,70.408,67.368,75.0,81.757,68.493,68.493,83.534,78.629,79.498,81.099,69.307,70.397,70.318,Mix_LargePct50EMA_PctAbove200EMA_SmallPct200EMA,75,Constructive
2024-12-12,71.21,64.086,69.121,-7.949,-0.046,1.161,0.816,11,382.0,170.0,116,6,40.441,67.347,62.766,68.478,73.826,63.014,68.276,77.51,72.581,77.406,70.177,62.88,67.847,65.038,Mix_LargePct50EMA_PctAbove200EMA_SmallPct200EMA,75,Constructive
2024-12-13,66.24,62.675,68.025,-15.165,-4.825,-1.116,1.621,12,301.0,163.0,123,4,28.75,68.367,63.83,70.652,71.333,62.585,66.207,69.076,69.076,75.833,65.144,61.559,66.714,64.755,Mix_LargePct50EMA_PctAbove200EMA_SmallPct200EMA,75,Selective
2024-12-16,68.126,63.713,69.361,-13.769,-4.582,-0.549,1.899,14,330.0,164.0,235,2,29.861,68.367,63.83,72.826,73.333,63.265,67.586,71.084,71.084,77.083,67.122,62.541,68.008,65.495,Mix_LargePct50EMA_PctAbove200EMA_SmallPct200EMA,75,Constructive
2024-12-17,56.805,57.685,66.49,-24.501,-11.031,-4.416,0.638,17,355.0,127.0,196,2,35.593,61.224,59.574,68.478,54.0,51.701,60.69,61.847,64.659,74.167,55.976,57.001,65.652,61.794,Mix_LargePct50EMA_PctAbove200EMA_SmallPct200EMA,75,Selective
2024-12-18,45.437,50.549,63.506,-35.492,-19.76,-8.119,0.499,9,336.0,172.0,201,1,35.294,45.918,53.191,64.13,44.0,45.27,59.589,50.602,58.468,71.967,44.706,49.604,62.438,57.192,Mix_LargePct50EMA_PctAbove200EMA_SmallPct200EMA,75,Selective
2024-12-19,41.667,46.411,61.673,-29.543,-17.675,-7.448,0.634,9,251.0,186.0,165,2,40.0,35.714,42.553,63.043,42.0,42.568,57.534,50.602,56.275,70.168,40.562,45.419,60.58,52.134,Mix_LargePct50EMA_PctAbove200EMA_SmallPct200EMA,75,Selective
2024-12-20,26.923,35.892,55.238,-39.316,-26.782,-12.787,0.235,4,188.0,458.0,144,4,24.638,22.449,29.787,56.522,26.667,31.757,51.724,30.522,44.13,65.126,26.649,35.333,53.852,42.956,Mix_LargePct50EMA_PctAbove200EMA_SmallPct200EMA,75,Defensive
2024-12-23,25.749,33.267,53.822,-42.377,-30.446,-15.539,1.574,9,195.0,478.0,130,5,28.0,24.49,37.234,55.435,26.0,31.081,54.483,32.129,40.891,63.025,24.772,32.0,52.11,32.717,Mix_LargePct50EMA_PctAbove200EMA_SmallPct200EMA,75,Risk-off
2024-12-24,26.919,33.914,54.646,-29.885,-23.77,-11.844,1.542,7,211.0,473.0,115,8,31.111,23.232,34.043,53.261,24.667,30.405,53.103,36.546,42.915,63.025,25.815,32.785,53.488,37.293,Mix_LargePct50EMA_PctAbove200EMA_SmallPct200EMA,75,Defensive
2024-12-26,24.421,33.267,53.566,-21.015,-17.282,-9.941,1.556,8,248.0,213.0,100,7,44.444,24.242,37.234,57.609,25.333,31.081,53.103,35.341,44.939,63.291,22.57,31.336,51.727,32.63,Mix_LargePct50EMA_PctAbove200EMA_SmallPct200EMA,75,Risk-off
2024-12-27,26.598,34.246,53.635,-15.069,-12.165,-8.037,1.148,8,268.0,156.0,86,8,46.667,28.0,35.789,52.688,27.333,33.784,52.414,34.538,45.528,62.553,25.147,32.368,52.351,31.742,Mix_LargePct50EMA_PctAbove200EMA_SmallPct200EMA,75,Risk-off
2024-12-30,24.141,31.067,51.445,-2.782,-4.825,-3.793,0.912,8,248.0,266.0,81,9,50.0,36.0,35.789,51.613,32.0,33.108,51.034,32.129,41.87,58.723,21.313,28.834,50.28,27.338,Mix_LargePct50EMA_PctAbove200EMA_SmallPct200EMA,75,Risk-off
2024-12-31,28.396,33.284,53.081,2.646,0.016,-0.741,1.595,6,298.0,232.0,75,10,52.632,37.0,34.737,52.688,33.333,35.135,53.103,37.349,43.902,61.702,25.897,31.295,51.683,30.188,Mix_LargePct50EMA_PctAbove200EMA_SmallPct200EMA,75,Risk-off
2025-01-01,39.921,39.563,55.865,13.002,5.648,1.219,3.252,7,422.0,200.0,78,10,60.0,42.268,40.217,55.556,42.0,38.514,51.724,50.602,53.659,62.979,37.841,37.353,55.136,39.6,Mix_LargePct50EMA_PctAbove200EMA_SmallPct200EMA,75,Defensive
2025-01-02,50.615,44.56,58.675,26.193,11.293,5.109,5.354,5,472.0,71.0,69,10,57.576,56.25,51.648,65.169,58.0,46.309,55.862,56.627,58.13,63.559,48.57,41.781,57.751,44.72,Mix_LargePct50EMA_PctAbove200EMA_SmallPct200EMA,75,Defensive
2025-01-03,49.066,45.229,59.17,22.468,10.983,5.534,1.351,7,463.0,61.0,67,11,52.174,52.632,46.667,64.773,58.0,46.309,54.483,53.6,54.878,64.135,47.238,43.484,58.479,43.573,Mix_LargePct50EMA_PctAbove200EMA_SmallPct200EMA,75,Defensive
2025-01-06,22.734,28.465,48.664,-1.407,-2.602,-2.781,0.231,0,281.0,873.0,56,13,21.053,26.316,35.556,52.273,30.667,31.544,47.586,26.8,36.585,56.962,21.087,26.45,47.186,25.216,Mix_LargePct50EMA_PctAbove200EMA_SmallPct200EMA,75,Risk-off
2025-01-07,32.547,34.973,52.286,4.151,1.689,-0.795,2.976,5,381.0,878.0,55,16,27.5,33.684,34.444,55.682,40.0,36.913,50.345,42.0,48.78,59.746,30.214,32.592,51.046,28.275,Mix_LargePct50EMA_PctAbove200EMA_SmallPct200EMA,75,Risk-off
2025-01-08,28.143,31.796,50.236,-11.778,-7.767,-5.629,0.618,7,339.0,921.0,43,18,27.083,29.474,31.522,53.933,36.0,30.405,49.306,33.6,41.87,59.322,26.411,30.327,48.607,26.129,Mix_LargePct50EMA_PctAbove200EMA_SmallPct200EMA,75,Risk-off
2025-01-09,23.122,27.742,46.275,-27.493,-16.818,-12.4,0.473,3,350.0,218.0,32,17,40.0,23.656,24.444,47.126,28.188,30.612,48.252,29.435,36.066,56.838,21.59,26.336,44.313,21.293,Mix_LargePct50EMA_PctAbove200EMA_SmallPct200EMA,75,Risk-off
2025-01-10,14.826,20.674,39.874,-34.24,-24.554,-19.296,0.363,0,139.0,583.0,23,39,40.909,20.43,23.333,45.977,19.728,24.828,43.662,19.028,26.337,50.0,13.355,19.233,37.509,14.483,Mix_LargePct50EMA_PctAbove200EMA_SmallPct200EMA,75,Risk-off
2025-01-13,8.378,13.063,30.214,-14.356,-15.403,-18.45,0.101,-11,86.0,1595.0,20,82,17.647,10.87,13.483,36.047,8.163,13.103,32.394,8.097,15.638,38.793,8.296,12.63,28.286,6.489,Mix_LargePct50EMA_PctAbove200EMA_SmallPct200EMA,75,Risk-off
2025-01-14,10.614,14.938,34.573,-21.932,-20.035,-17.713,3.223,-1,447.0,1497.0,20,49,16.667,15.217,17.978,40.698,12.925,15.172,35.211,13.36,20.082,45.494,9.684,13.923,32.39,10.252,Mix_LargePct50EMA_PctAbove200EMA_SmallPct200EMA,75,Risk-off
2025-01-15,13.003,16.121,35.396,-15.14,-15.675,-14.84,1.652,1,556.0,1157.0,17,54,57.895,15.789,23.596,43.023,14.966,15.068,37.324,12.955,21.311,42.489,12.653,14.964,33.61,10.56,Mix_LargePct50EMA_PctAbove200EMA_SmallPct200EMA,75,Risk-off
2025-01-16,20.157,19.931,37.926,-2.965,-7.811,-8.349,3.147,0,772.0,96.0,20,35,75.0,23.711,24.444,43.678,25.342,22.069,40.141,23.077,25.41,47.845,18.98,18.596,35.773,13.472,Mix_LargePct50EMA_PctAbove200EMA_SmallPct200EMA,75,Risk-off
2025-01-17,22.783,21.259,38.502,7.957,0.584,-1.372,1.318,2,469.0,97.0,22,25,42.857,24.49,24.444,48.276,30.137,24.138,42.254,26.721,27.459,47.845,21.355,19.818,36.05,13.792,Mix_LargePct50EMA_PctAbove200EMA_SmallPct200EMA,75,Risk-off
2025-01-20,31.754,25.333,41.85,23.376,12.27,11.635,1.905,0,539.0,85.0,21,27,81.818,37.755,27.778,48.276,39.31,25.694,43.972,34.677,31.02,49.356,30.206,24.256,40.055,16.408,Mix_LargePct50EMA_PctAbove200EMA_SmallPct200EMA,75,Risk-off
2025-01-21,21.656,20.357,36.754,11.042,5.419,2.181,0.168,0,340.0,256.0,22,25,44.444,18.367,15.556,41.379,23.288,18.621,35.211,23.077,24.18,46.121,21.484,20.195,35.128,11.078,Mix_LargePct50EMA_PctAbove200EMA_SmallPct200EMA,75,Risk-off
2025-01-22,16.756,16.939,33.752,3.754,0.818,-1.644,0.549,0,265.0,431.0,21,37,40.0,17.347,14.444,34.483,18.919,14.966,34.028,20.0,19.008,41.379,16.0,16.948,32.459,8.265,Mix_LargePct50EMA_PctAbove200EMA_SmallPct200EMA,75,Risk-off
2025-01-23,20.841,19.168,34.869,0.685,-0.763,-3.057,2.01,1,172.0,437.0,18,37,50.0,23.0,21.978,38.636,28.571,23.288,32.624,25.703,22.634,43.59,19.186,18.064,33.449,10.326,Mix_LargePct50EMA_PctAbove200EMA_SmallPct200EMA,75,Risk-off
2025-01-24,14.837,15.366,30.246,-7.946,-5.893,-8.256,0.385,-2,168.0,498.0,17,50,36.364,21.212,20.879,39.08,21.622,17.808,31.206,13.6,15.984,35.897,13.982,14.712,28.709,6.982,Mix_LargePct50EMA_PctAbove200EMA_SmallPct200EMA,75,Risk-off
2025-01-27,8.268,10.034,23.579,-23.485,-15.299,-18.271,0.215,-11,158.0,1182.0,14,105,31.25,8.163,11.111,33.721,9.333,12.925,24.648,6.827,11.475,25.751,8.403,9.472,22.527,2.628,Mix_LargePct50EMA_PctAbove200EMA_SmallPct200EMA,75,Risk-off
2025-01-28,7.355,9.019,21.537,-14.301,-11.337,-15.217,0.94,-3,121.0,1420.0,8,117,6.25,15.306,14.444,30.233,10.667,10.884,22.535,6.827,10.656,25.431,6.62,8.269,20.303,2.554,Mix_LargePct50EMA_PctAbove200EMA_SmallPct200EMA,75,Risk-off
2025-01-29,14.272,11.927,25.953,-2.485,-5.012,-7.799,5.331,1,633.0,1216.0,9,86,40.0,22.449,15.385,33.333,24.0,16.438,30.496,16.867,13.934,32.189,12.404,10.982,24.072,4.367,Mix_LargePct50EMA_PctAbove200EMA_SmallPct200EMA,75,Risk-off
2025-01-30,16.423,13.166,26.893,-4.418,-6.002,-7.976,1.244,1,744.0,406.0,8,113,33.333,27.273,15.217,35.227,26.174,18.621,32.143,23.293,16.393,32.189,13.698,12.023,25.034,4.565,Mix_LargePct50EMA_PctAbove200EMA_SmallPct200EMA,75,Risk-off
2025-01-31,28.265,16.815,30.93,13.429,1.449,0.684,4.563,2,958.0,165.0,9,98,100.0,46.939,26.374,44.828,40.94,29.452,38.298,30.924,22.131,37.069,25.45,14.221,28.404,8.771,Mix_LargePct50EMA_PctAbove200EMA_SmallPct200EMA,75,Risk-off
2025-02-03,24.198,16.675,28.989,15.93,6.64,5.41,0.749,0,586.0,512.0,11,125,33.333,31.633,21.739,39.773,33.557,22.759,33.571,29.6,20.902,31.897,21.973,15.142,27.435,5.872,Mix_LargePct50EMA_PctAbove200EMA_SmallPct200EMA,75,Risk-off
2025-02-04,32.539,20.669,32.428,25.184,11.65,10.891,3.465,0,656.0,472.0,18,63,75.0,47.959,31.183,42.697,43.624,26.389,34.532,38.0,23.361,38.197,29.634,19.084,30.674,10.461,Mix_LargePct50EMA_PctAbove200EMA_SmallPct200EMA,75,Risk-off
2025-02-05,42.572,24.963,35.808,28.3,13.036,9.855,1.926,2,592.0,453.0,12,60,62.5,52.041,34.409,41.573,49.664,33.103,35.971,47.6,29.508,44.872,40.488,22.918,33.977,14.15,Mix_LargePct50EMA_PctAbove200EMA_SmallPct200EMA,75,Risk-off
2025-02-06,41.208,25.455,35.389,24.785,12.29,8.496,0.715,2,544.0,127.0,11,51,48.0,43.434,30.851,41.111,45.578,29.577,35.294,48.8,31.429,43.644,39.435,23.806,33.701,12.682,Mix_LargePct50EMA_PctAbove200EMA_SmallPct200EMA,75,Risk-off
2025-02-07,36.788,22.43,33.629,8.523,5.615,2.699,0.999,1,409.0,173.0,16,49,44.444,45.455,31.579,40.0,45.27,29.577,34.559,39.2,30.204,41.277,35.045,19.987,31.912,11.596,Mix_LargePct50EMA_PctAbove200EMA_SmallPct200EMA,75,Risk-off
2025-02-10,22.319,16.683,28.542,-1.879,0.008,-0.447,0.244,-4,218.0,491.0,14,50,33.333,33.0,23.158,38.889,25.0,20.423,33.088,26.0,22.041,37.021,20.793,15.103,26.114,7.094,Mix_LargePct50EMA_PctAbove200EMA_SmallPct200EMA,75,Risk-off
2025-02-11,10.383,10.8,21.805,-22.156,-9.869,-10.623,0.108,-4,116.0,1181.0,11,47,21.429,15.152,13.83,32.584,12.162,11.972,23.529,12.0,12.653,28.085,9.655,10.219,19.973,2.825,Mix_LargePct50EMA_PctAbove200EMA_SmallPct200EMA,75,Risk-off
2025-02-12,11.608,11.155,21.429,-30.964,-13.808,-14.379,0.953,-4,163.0,1270.0,11,74,14.815,18.182,14.894,32.584,17.568,19.014,24.444,13.2,13.469,26.16,10.371,9.846,19.698,2.726,Mix_LargePct50EMA_PctAbove200EMA_SmallPct200EMA,75,Risk-off
2025-02-13,12.19,11.253,21.73,-29.018,-14.202,-13.659,1.294,0,236.0,1048.0,11,76,13.333,16.162,15.957,35.955,19.595,19.014,27.941,12.4,12.653,24.895,11.204,10.039,19.767,2.813,Mix_LargePct50EMA_PctAbove200EMA_SmallPct200EMA,75,Risk-off
2025-02-14,7.487,7.969,16.684,-29.302,-14.461,-16.945,0.211,-3,241.0,1052.0,10,178,75.0,12.121,10.638,28.09,11.409,11.268,21.324,5.2,6.098,18.067,7.184,7.801,15.326,1.086,Mix_LargePct50EMA_PctAbove200EMA_SmallPct200EMA,75,Risk-off
2025-02-17,8.345,8.096,16.189,-13.974,-8.587,-12.352,1.073,-12,211.0,1217.0,11,242,60.0,16.162,14.894,30.337,12.838,14.085,22.059,6.4,7.755,18.565,7.737,7.193,14.393,1.419,Mix_LargePct50EMA_PctAbove200EMA_SmallPct200EMA,75,Risk-off
2025-02-18,7.535,7.571,14.807,-2.848,-3.229,-6.998,0.584,-16,142.0,1554.0,7,422,50.0,15.152,13.83,29.213,12.162,12.676,21.324,9.6,7.347,17.227,6.282,6.761,12.921,0.901,Mix_LargePct50EMA_PctAbove200EMA_SmallPct200EMA,75,Risk-off
2025-02-19,12.093,9.136,16.562,0.486,-2.019,-4.866,2.921,-4,624.0,852.0,9,240,58.824,25.253,21.277,34.444,18.919,12.676,20.588,12.45,10.656,20.339,10.557,7.841,14.472,2.467,Mix_LargePct50EMA_PctAbove200EMA_SmallPct200EMA,75,Risk-off
2025-02-20,15.986,10.614,18.333,3.796,-0.639,-3.397,2.181,-3,855.0,542.0,11,142,75.0,24.242,18.085,37.778,26.174,18.31,23.529,21.687,13.525,22.458,13.581,9.003,15.981,2.504,Mix_LargePct50EMA_PctAbove200EMA_SmallPct200EMA,75,Risk-off
2025-02-21,15.388,10.604,18.116,7.902,2.635,1.432,0.562,-1,913.0,163.0,8,156,80.0,24.242,18.085,35.165,23.49,19.014,20.741,18.952,12.346,25.106,13.491,9.114,15.685,2.603,Mix_LargePct50EMA_PctAbove200EMA_SmallPct200EMA,75,Risk-off
2025-02-24,12.942,9.608,15.765,4.597,1.512,-0.425,0.429,0,451.0,255.0,15,135,16.667,19.192,15.789,28.261,20.805,13.986,20.588,17.339,11.618,19.742,11.104,8.52,13.895,1.628,Mix_LargePct50EMA_PctAbove200EMA_SmallPct200EMA,75,Risk-off
2025-02-25,13.046,9.867,16.398,5.51,2.296,1.591,0.894,-2,220.0,307.0,17,86,50.0,16.0,14.737,29.032,18.792,14.685,22.963,15.261,12.448,22.65,11.957,8.729,13.982,1.678,Mix_LargePct50EMA_PctAbove200EMA_SmallPct200EMA,75,Risk-off
2025-02-27,10.713,8.623,14.011,-1.381,-0.512,-2.551,0.556,-10,164.0,630.0,17,96,75.0,18.0,17.526,31.183,16.779,13.287,19.259,14.056,9.504,17.949,9.137,7.505,11.809,1.456,Mix_LargePct50EMA_PctAbove200EMA_SmallPct200EMA,75,Risk-off
2025-02-28,6.45,7.202,11.624,-9.536,-3.412,-6.709,0.287,-9,147.0,1070.0,7,208,33.333,14.0,12.371,26.087,6.04,8.392,16.176,10.442,8.642,13.617,5.371,6.547,9.973,0.419,Mix_LargePct50EMA_PctAbove200EMA_SmallPct200EMA,75,Risk-off
2025-03-03,6.721,6.689,10.818,-8.667,-3.914,-7.298,1.226,-12,142.0,1392.0,11,291,50.0,11.0,10.309,23.913,10.738,9.655,17.518,8.065,8.299,13.248,5.856,5.942,8.986,0.173,Mix_LargePct50EMA_PctAbove200EMA_SmallPct200EMA,75,Risk-off
2025-03-04,9.482,8.016,11.491,-3.46,-1.592,-4.274,1.767,-4,307.0,1061.0,10,310,37.5,14.0,11.34,23.913,14.0,13.103,18.248,13.71,9.544,13.191,8.094,7.102,9.809,0.284,Mix_LargePct50EMA_PctAbove200EMA_SmallPct200EMA,75,Risk-off
2025-03-05,19.082,10.015,13.509,6.037,0.147,-2.888,5.21,0,877.0,483.0,10,152,50.0,35.354,15.625,27.473,29.333,15.862,20.438,25.403,12.81,17.373,16.084,8.696,11.376,1.11,Mix_LargePct50EMA_PctAbove200EMA_SmallPct200EMA,75,Risk-off
2025-03-06,29.483,13.545,15.536,18.77,4.922,1.525,3.258,-1,1135.0,95.0,12,116,57.143,41.414,23.958,28.571,36.0,20.69,23.188,37.751,16.942,18.723,26.798,11.716,13.497,2.899,Mix_LargePct50EMA_PctAbove200EMA_SmallPct200EMA,75,Risk-off
2025-03-07,37.126,14.773,16.882,30.676,7.571,5.258,1.399,-2,1168.0,58.0,10,120,0.0,42.424,23.711,27.174,40.667,22.603,22.464,42.169,17.959,20.426,35.66,12.988,15.143,3.232,Mix_LargePct50EMA_PctAbove200EMA_SmallPct200EMA,75,Risk-off
2025-03-10,23.47,12.409,14.796,16.748,5.719,3.978,0.33,-1,618.0,572.0,6,183,50.0,31.313,19.588,25.0,30.872,16.438,21.739,32.129,15.918,17.447,20.913,11.04,13.079,1.715,Mix_LargePct50EMA_PctAbove200EMA_SmallPct200EMA,75,Risk-off
2025-03-11,21.408,12.068,14.537,11.926,4.052,3.046,0.874,-3,345.0,731.0,9,204,42.857,38.384,22.449,24.731,29.333,17.123,21.739,31.855,16.735,17.521,17.945,10.217,12.738,2.208,Mix_LargePct50EMA_PctAbove200EMA_SmallPct200EMA,75,Risk-off
2025-03-12,20.106,12.014,13.761,1.024,1.999,0.252,1.037,-6,160.0,814.0,11,166,20.0,40.404,27.551,26.596,28.667,17.123,20.438,28.226,15.854,16.949,16.741,9.962,11.801,3.454,Mix_LargePct50EMA_PctAbove200EMA_SmallPct200EMA,75,Risk-off
2025-03-13,18.56,11.507,13.005,-10.923,-2.039,-2.531,0.611,-6,156.0,382.0,12,121,66.667,37.0,24.242,25.532,21.477,15.862,18.248,28.226,15.854,17.722,15.585,9.609,10.944,2.541,Mix_LargePct50EMA_PctAbove200EMA_SmallPct200EMA,75,Risk-off
2025-03-17,20.597,12.148,13.481,-16.53,-2.626,-3.401,1.888,-6,174.0,395.0,16,131,54.545,45.0,29.293,25.532,33.557,19.31,18.978,34.274,17.48,16.878,15.686,9.566,11.649,3.738,Mix_LargePct50EMA_PctAbove200EMA_SmallPct200EMA,75,Risk-off
2025-03-18,36.399,16.286,15.393,12.929,3.877,0.597,8.961,-2,540.0,313.0,17,97,71.429,64.0,35.354,29.787,56.376,27.586,24.088,53.815,26.016,21.61,30.019,12.508,12.662,5.736,Mix_LargePct50EMA_PctAbove200EMA_SmallPct200EMA,75,Risk-off
2025-03-19,52.621,23.689,18.276,31.214,11.621,3.739,5.119,0,951.0,233.0,31,41,88.889,79.0,43.434,32.979,67.785,39.726,30.435,74.297,37.959,23.83,46.11,18.726,15.306,8.636,Mix_LargePct50EMA_PctAbove200EMA_SmallPct200EMA,75,Risk-off
2025-03-20,57.514,28.21,20.527,37.408,16.196,6.766,2.791,-1,1050.0,81.0,38,22,61.111,81.0,48.485,36.17,74.0,47.945,31.159,72.691,39.184,26.695,52.061,23.372,17.531,11.066,Mix_LargePct50EMA_PctAbove200EMA_SmallPct200EMA,75,Risk-off
2025-03-21,69.505,35.211,23.994,50.945,23.705,10.989,4.432,2,929.0,74.0,72,16,78.947,88.0,61.224,39.13,83.333,52.027,37.589,83.936,50.82,35.043,64.747,29.573,19.986,18.591,Mix_LargePct50EMA_PctAbove200EMA_SmallPct200EMA,75,Risk-off
2025-03-24,74.147,41.088,27.221,53.55,28.94,13.74,3.612,-1,693.0,88.0,65,15,70.175,90.0,65.306,46.739,90.0,63.514,43.972,87.149,58.197,36.17,69.595,34.799,22.956,22.786,Mix_LargePct50EMA_PctAbove200EMA_SmallPct200EMA,75,Risk-off
2025-03-25,59.038,34.451,24.742,22.64,18.165,9.349,0.456,-3,568.0,401.0,34,21,67.188,85.0,56.122,40.217,86.667,54.73,39.716,75.6,51.837,33.617,52.152,28.462,20.913,15.865,Mix_LargePct50EMA_PctAbove200EMA_SmallPct200EMA,75,Risk-off
2025-03-26,47.672,29.258,22.692,-4.95,5.568,4.416,0.507,-12,311.0,688.0,29,33,30.476,73.0,55.556,33.696,76.0,53.02,37.324,63.2,42.623,30.342,40.935,23.263,19.375,14.434,Mix_LargePct50EMA_PctAbove200EMA_SmallPct200EMA,75,Risk-off
2025-03-27,49.52,32.299,24.6,-7.994,4.089,4.073,2.517,-13,250.0,825.0,38,33,19.792,81.0,58.586,35.87,82.0,59.06,45.07,68.4,49.59,33.191,41.477,25.414,20.544,16.876,Mix_LargePct50EMA_PctAbove200EMA_SmallPct200EMA,75,Risk-off
2025-03-28,45.014,30.974,23.763,-24.49,-4.237,-0.231,0.975,-10,276.0,599.0,46,35,29.091,74.0,57.576,36.957,76.0,53.691,42.254,64.4,46.721,32.766,37.201,24.698,19.714,16.075,Mix_LargePct50EMA_PctAbove200EMA_SmallPct200EMA,75,Risk-off
2025-04-01,52.061,31.798,22.176,-22.086,-9.29,-5.045,0.637,0,629.0,337.0,67,18,50.0,57.0,51.515,31.522,66.0,53.02,39.161,64.0,43.852,31.624,48.55,26.671,18.435,12.842,Mix_LargePct50EMA_PctAbove200EMA_SmallPct200EMA,75,Risk-off
2025-04-02,62.59,36.857,25.232,3.551,2.406,0.49,3.321,2,695.0,189.0,106,9,36.585,66.0,53.535,34.783,78.0,57.718,47.552,71.6,46.122,33.333,59.495,32.377,21.171,14.545,Mix_LargePct50EMA_PctAbove200EMA_SmallPct200EMA,75,Risk-off
2025-04-03,70.676,43.141,26.973,23.004,13.883,4.281,1.33,1,886.0,100.0,164,7,50.0,67.0,55.556,36.957,76.667,63.758,47.552,74.0,53.878,38.889,69.817,38.726,22.449,16.987,Mix_LargePct50EMA_PctAbove200EMA_SmallPct200EMA,75,Risk-off
2025-04-04,40.432,27.559,22.033,-9.088,-4.739,-2.567,0.192,-1,537.0,646.0,103,8,38.889,44.0,41.414,29.348,47.333,44.966,39.86,38.0,32.245,32.766,39.937,24.298,18.12,9.721,Mix_LargePct50EMA_PctAbove200EMA_SmallPct200EMA,75,Risk-off
2025-04-07,15.82,14.743,15.258,-29.195,-16.231,-8.505,0.049,-1,331.0,1652.0,37,19,25.0,18.0,24.242,24.731,22.0,25.503,29.577,16.0,18.776,22.034,15.069,12.492,12.185,3.059,Mix_LargePct50EMA_PctAbove200EMA_SmallPct200EMA,75,Risk-off
2025-04-08,28.989,22.141,18.856,-23.072,-9.657,-3.32,13.168,3,428.0,1640.0,30,15,14.286,33.0,35.354,29.032,38.667,36.913,35.915,28.8,26.423,27.119,27.851,19.236,15.238,6.896,Mix_LargePct50EMA_PctAbove200EMA_SmallPct200EMA,75,Risk-off
2025-04-09,26.427,19.932,18.308,-36.163,-16.925,-6.924,0.6,3,441.0,1180.0,25,27,56.522,29.0,36.364,29.787,34.667,32.886,33.333,28.4,25.61,27.004,25.174,16.773,14.724,7.094,Mix_LargePct50EMA_PctAbove200EMA_SmallPct200EMA,75,Risk-off
2025-04-11,46.667,28.661,21.947,-24.009,-14.48,-5.025,7.515,4,838.0,168.0,54,12,83.333,49.0,45.455,32.979,50.667,46.309,39.716,50.4,38.211,34.599,45.552,24.426,17.495,11.387,Mix_LargePct50EMA_PctAbove200EMA_SmallPct200EMA,75,Risk-off
2025-04-15,75.012,44.557,27.998,34.58,16.998,5.965,15.0,2,1037.0,151.0,95,7,75.0,71.0,62.0,38.947,74.0,58.389,47.857,74.4,54.472,40.506,75.456,40.585,23.385,20.886,Mix_LargePct50EMA_PctAbove200EMA_SmallPct200EMA,75,Risk-off
2025-04-16,81.205,51.307,30.488,65.385,36.564,15.231,2.676,3,1164.0,33.0,118,6,94.118,71.0,63.0,38.947,80.0,63.758,48.936,82.0,60.976,42.373,81.835,47.868,26.273,22.502,Mix_LargePct50EMA_PctAbove200EMA_SmallPct200EMA,75,Risk-off
2025-04-17,81.636,54.598,32.237,52.647,32.457,13.38,3.885,3,886.0,45.0,155,5,100.0,78.0,66.0,45.263,80.667,71.812,50.355,80.4,62.195,44.915,82.15,51.05,27.631,26.524,Mix_LargePct50EMA_PctAbove200EMA_SmallPct200EMA,75,Risk-off
2025-04-21,88.109,63.896,36.088,61.682,43.963,17.78,8.089,1,578.0,58.0,231,2,84.211,87.0,78.0,49.474,88.0,73.826,58.156,87.6,69.512,48.305,88.269,61.182,31.165,35.875,Mix_LargePct50EMA_PctAbove200EMA_SmallPct200EMA,75,Defensive
2025-04-22,88.581,68.94,37.77,41.914,40.279,15.822,1.705,0,576.0,74.0,186,3,85.714,86.0,79.0,51.579,91.333,78.523,60.993,87.2,71.66,47.679,88.701,66.964,33.062,36.96,Mix_LargePct50EMA_PctAbove200EMA_SmallPct200EMA,75,Defensive
2025-04-23,88.915,69.406,38.88,13.903,24.848,10.882,2.525,-1,575.0,81.0,132,2,82.456,90.0,80.0,54.737,92.667,82.55,60.563,86.0,72.874,48.729,88.952,66.942,34.193,38.453,Mix_LargePct50EMA_PctAbove200EMA_SmallPct200EMA,75,Defensive
2025-04-24,87.769,70.6,38.129,6.564,19.293,7.641,0.827,-1,424.0,103.0,111,3,62.245,88.0,81.0,54.737,92.667,81.208,58.451,84.4,74.194,48.945,87.822,68.364,33.356,39.02,Mix_LargePct50EMA_PctAbove200EMA_SmallPct200EMA,75,Defensive
2025-04-25,64.279,52.147,32.187,-17.357,-2.452,-0.05,0.191,-1,267.0,629.0,58,3,14.474,69.0,68.0,50.526,74.667,69.128,52.113,63.052,58.3,41.525,63.197,48.573,27.593,26.635,Mix_LargePct50EMA_PctAbove200EMA_SmallPct200EMA,75,Risk-off
2025-04-28,64.0,53.587,33.231,-24.109,-10.309,-2.858,2.967,-1,218.0,664.0,63,9,25.806,83.0,76.0,54.167,80.0,73.154,56.028,66.667,61.538,44.068,60.899,49.083,27.962,32.285,Mix_LargePct50EMA_PctAbove200EMA_SmallPct200EMA,75,Risk-off
2025-04-29,61.469,51.784,32.718,-27.112,-17.157,-5.052,1.56,-1,188.0,676.0,74,5,22.727,79.0,73.0,55.208,76.667,72.483,53.901,63.855,59.109,43.644,58.573,47.338,27.488,30.434,Mix_LargePct50EMA_PctAbove200EMA_SmallPct200EMA,75,Risk-off
2025-04-30,44.09,41.293,30.051,-44.826,-28.113,-8.829,0.733,-2,188.0,294.0,72,6,38.095,68.0,66.0,50.0,66.667,66.443,50.355,48.193,49.393,42.373,39.837,36.081,24.848,25.056,Mix_LargePct50EMA_PctAbove200EMA_SmallPct200EMA,75,Risk-off
2025-05-02,41.392,40.685,29.728,-46.376,-29.914,-8.401,1.056,0,161.0,291.0,73,8,55.556,61.0,67.0,51.546,58.667,62.416,48.571,44.177,48.583,41.949,38.11,35.723,24.56,25.5,Mix_LargePct50EMA_PctAbove200EMA_SmallPct200EMA,75,Risk-off
2025-05-05,53.092,46.728,32.037,-11.187,-5.419,-0.15,4.272,-2,265.0,273.0,97,7,52.174,76.0,73.0,54.639,70.667,70.47,50.714,59.438,57.49,45.763,49.033,41.15,26.604,30.841,Mix_LargePct50EMA_PctAbove200EMA_SmallPct200EMA,75,Risk-off
2025-05-06,33.984,35.756,26.356,-30.016,-17.831,-6.875,0.382,-4,255.0,549.0,49,5,75.0,60.0,61.0,46.392,49.333,49.664,40.714,37.751,44.355,39.407,30.337,31.499,21.607,19.763,Mix_LargePct50EMA_PctAbove200EMA_SmallPct200EMA,75,Risk-off
2025-05-07,39.352,39.952,28.842,-22.117,-11.832,-3.876,2.308,-4,305.0,534.0,36,5,56.25,62.0,68.0,50.515,54.0,60.403,46.429,47.791,51.406,44.726,35.25,34.432,23.207,26.622,Mix_LargePct50EMA_PctAbove200EMA_SmallPct200EMA,75,Risk-off
2025-05-08,32.063,33.911,26.421,-12.027,-7.381,-3.63,0.586,-1,192.0,585.0,25,9,26.19,52.0,63.0,48.454,39.333,44.0,42.857,37.349,44.578,39.662,29.313,29.423,21.298,21.058,Mix_LargePct50EMA_PctAbove200EMA_SmallPct200EMA,75,Risk-off
2025-05-09,26.844,32.146,25.575,-14.548,-8.539,-4.153,0.872,-1,228.0,226.0,33,11,38.095,42.0,56.0,48.454,39.333,42.667,42.143,33.333,40.161,37.553,23.72,28.372,20.594,16.667,Mix_LargePct50EMA_PctAbove200EMA_SmallPct200EMA,75,Risk-off
2025-05-12,71.673,56.868,36.178,18.581,10.141,4.141,8.195,-1,1289.0,190.0,142,5,80.769,83.0,84.0,60.204,82.667,78.667,56.115,74.4,66.265,50.211,69.514,51.611,30.479,40.723,Mix_LargePct50EMA_PctAbove200EMA_SmallPct200EMA,75,Defensive
2025-05-13,79.238,63.444,38.178,45.254,27.688,11.822,1.153,-1,1447.0,127.0,125,4,85.714,78.0,81.0,60.204,82.0,76.667,54.676,80.0,71.486,55.274,78.938,59.81,32.432,41.883,Mix_LargePct50EMA_PctAbove200EMA_SmallPct200EMA,75,Defensive
2025-05-14,85.014,73.007,42.492,45.662,33.055,13.65,3.513,-1,1669.0,44.0,203,4,91.667,81.0,83.0,63.265,84.0,84.667,60.714,88.0,79.116,59.829,84.894,70.31,36.676,47.94,Mix_LargePct50EMA_PctAbove200EMA_SmallPct200EMA,75,Defensive
2025-05-15,85.918,76.657,45.812,53.855,42.746,19.391,5.503,0,693.0,72.0,158,4,87.64,82.0,84.0,71.429,87.333,85.333,65.0,86.4,82.329,60.256,85.955,74.479,40.04,50.074,Mix_LargePct50EMA_PctAbove200EMA_SmallPct200EMA,75,Selective
2025-05-16,88.249,81.22,49.106,61.405,49.074,23.53,2.131,0,704.0,83.0,112,5,90.741,87.0,87.0,76.531,88.0,88.667,66.429,86.8,85.141,66.809,88.577,79.533,42.857,62.867,Mix_LargePct50EMA_PctAbove200EMA_SmallPct200EMA,75,Selective
2025-05-19,88.794,83.693,51.582,17.121,26.825,15.404,1.397,2,656.0,108.0,125,4,79.268,84.0,83.0,75.51,89.262,89.262,68.571,88.4,89.157,70.513,89.11,82.357,45.43,63.903,Mix_LargePct50EMA_PctAbove200EMA_SmallPct200EMA,75,Selective
2025-05-20,82.977,78.205,47.906,3.739,14.761,9.728,0.313,0,539.0,190.0,102,7,42.308,71.0,81.0,68.367,78.523,84.564,59.286,82.4,81.526,64.103,84.227,76.909,42.934,51.949,Mix_LargePct50EMA_PctAbove200EMA_SmallPct200EMA,75,Selective
2025-05-21,84.086,79.137,49.949,-0.929,6.13,7.457,3.448,3,406.0,210.0,95,7,46.552,76.0,83.0,75.51,83.221,85.235,64.286,84.0,86.345,65.812,84.682,77.19,44.422,60.486,Mix_LargePct50EMA_PctAbove200EMA_SmallPct200EMA,75,Selective
2025-05-22,80.873,77.767,49.592,-5.045,1.11,3.78,0.939,3,285.0,220.0,85,7,34.078,70.0,77.0,69.388,77.181,83.221,65.468,80.4,83.534,64.957,81.965,76.4,44.4,55.416,Mix_LargePct50EMA_PctAbove200EMA_SmallPct200EMA,75,Selective
2025-05-23,82.09,79.223,51.327,-6.159,-1.997,2.221,2.966,1,326.0,142.0,93,7,43.836,81.0,81.0,70.408,80.537,83.221,66.187,80.4,83.534,68.67,82.565,78.058,45.973,61.424,Mix_LargePct50EMA_PctAbove200EMA_SmallPct200EMA,75,Selective
2025-05-26,81.564,80.086,52.114,-7.23,-3.607,0.532,2.738,2,372.0,137.0,100,7,49.123,82.0,83.0,74.49,82.55,85.235,67.857,83.2,83.936,68.534,81.192,78.818,46.618,63.459,Mix_LargePct50EMA_PctAbove200EMA_SmallPct200EMA,75,Selective
2025-05-27,79.345,78.476,53.058,-3.632,0.271,5.152,0.737,2,373.0,130.0,151,5,65.455,78.0,80.0,72.449,77.852,83.221,72.143,83.2,83.534,68.803,78.967,77.141,47.517,61.979,Mix_LargePct50EMA_PctAbove200EMA_SmallPct200EMA,75,Selective
2025-05-28,76.733,76.942,53.109,-7.352,-2.195,3.16,0.956,0,383.0,139.0,154,5,65.217,75.0,77.0,72.449,75.168,80.537,70.213,78.0,81.124,71.368,76.789,75.945,47.347,61.029,Mix_LargePct50EMA_PctAbove200EMA_SmallPct200EMA,75,Selective
2025-05-29,74.81,76.547,53.646,-6.063,-1.22,4.054,2.851,1,349.0,156.0,161,4,40.659,77.0,81.0,75.51,73.333,79.333,74.648,77.51,80.242,71.245,74.393,75.425,47.446,64.236,Mix_LargePct50EMA_PctAbove200EMA_SmallPct200EMA,75,Selective
2025-05-30,71.557,75.646,52.645,-10.533,-3.577,1.318,0.901,1,355.0,194.0,224,4,50.794,66.0,76.0,71.429,72.0,78.667,72.34,76.707,81.452,66.524,71.064,74.435,47.39,57.636,Mix_LargePct50EMA_PctAbove200EMA_SmallPct200EMA,75,Selective
2025-06-02,71.185,75.048,52.337,-10.379,-5.038,0.223,1.75,3,385.0,210.0,240,5,48.276,68.0,77.0,71.429,74.667,79.333,69.718,77.2,80.645,66.524,70.124,73.651,47.224,58.043,Mix_LargePct50EMA_PctAbove200EMA_SmallPct200EMA,75,Selective
2025-06-03,65.576,73.279,52.008,-13.769,-5.196,-1.05,0.681,0,358.0,188.0,208,4,42.169,52.0,73.0,68.367,65.333,82.0,71.831,73.6,77.419,64.224,65.196,71.832,47.157,48.939,Mix_LargePct50EMA_PctAbove200EMA_SmallPct200EMA,75,Defensive
2025-06-04,67.964,73.805,52.388,-8.769,-3.137,-0.721,2.24,1,369.0,144.0,293,4,55.0,59.0,73.0,67.347,74.0,83.333,73.239,76.0,79.435,67.811,66.708,72.083,47.023,56.847,Mix_LargePct50EMA_PctAbove200EMA_SmallPct200EMA,75,Selective
2025-06-05,71.659,74.594,54.416,-3.151,-1.953,0.77,2.727,1,347.0,87.0,287,3,46.957,65.0,76.0,71.429,77.333,86.667,76.923,76.0,77.419,67.241,70.87,72.932,49.165,59.252,Mix_LargePct50EMA_PctAbove200EMA_SmallPct200EMA,75,Selective
2025-06-06,74.395,77.672,56.621,2.838,2.026,3.976,3.021,0,402.0,71.0,318,3,62.025,84.0,85.0,74.49,81.333,86.0,79.72,76.0,80.645,71.121,72.902,75.97,51.001,73.365,Mix_LargePct50EMA_PctAbove200EMA_SmallPct200EMA,75,Constructive
2025-06-09,80.408,82.1,60.355,9.223,7.052,8.018,4.797,2,478.0,55.0,396,2,58.333,88.0,90.0,80.612,83.333,86.0,81.119,84.8,87.097,75.862,78.98,80.463,54.643,78.473,Mix_LargePct50EMA_PctAbove200EMA_SmallPct200EMA,75,Constructive
2025-06-10,81.336,83.071,61.772,15.76,9.792,9.764,1.515,2,470.0,69.0,258,2,62.626,87.879,90.909,80.412,86.0,90.0,81.818,84.4,86.694,78.448,80.025,81.375,56.088,79.83,Mix_LargePct50EMA_PctAbove200EMA_SmallPct200EMA,75,Constructive
2025-06-11,81.439,83.992,63.494,13.475,10.187,11.105,1.116,-1,481.0,72.0,224,2,71.333,84.848,88.889,80.412,82.667,89.333,81.25,81.6,85.484,79.221,81.091,82.959,58.283,80.027,Mix_LargePct50EMA_PctAbove200EMA_SmallPct200EMA,75,Aggressive
2025-06-12,70.873,79.161,59.584,-0.786,4.567,5.168,0.273,-2,341.0,148.0,136,4,25.51,66.667,83.838,77.32,64.0,81.333,77.778,68.0,79.839,70.563,72.219,78.562,55.0,73.81,Mix_LargePct50EMA_PctAbove200EMA_SmallPct200EMA,75,Constructive
2025-06-13,58.776,75.107,56.744,-15.619,-2.564,0.123,0.606,1,270.0,183.0,112,4,27.891,48.485,75.758,74.227,57.047,75.839,76.923,60.241,76.923,66.087,59.342,74.719,52.264,64.36,Mix_LargePct50EMA_PctAbove200EMA_SmallPct200EMA,75,Selective
2025-06-16,61.393,74.048,57.924,-19.015,-8.053,-2.431,2.96,1,215.0,181.0,93,4,19.126,59.596,79.798,76.289,65.772,81.208,79.021,61.847,76.518,69.397,61.029,72.648,52.961,69.541,Mix_LargePct50EMA_PctAbove200EMA_SmallPct200EMA,75,Constructive
2025-06-17,50.711,69.638,56.146,-30.625,-13.433,-5.626,0.877,0,228.0,159.0,78,4,37.313,46.465,74.747,73.958,57.718,75.168,75.694,52.209,70.445,65.801,50.093,68.684,51.66,63.41,Mix_LargePct50EMA_PctAbove200EMA_SmallPct200EMA,75,Selective
2025-06-18,46.872,67.175,54.146,-34.567,-16.818,-9.348,0.611,3,231.0,142.0,81,4,26.415,45.455,70.707,70.833,51.678,69.799,72.222,48.594,69.636,65.368,46.249,66.334,49.635,54.972,Mix_LargePct50EMA_PctAbove200EMA_SmallPct200EMA,75,Selective
2025-06-19,29.702,55.72,48.684,-41.171,-23.441,-10.9,0.347,-1,156.0,280.0,63,4,16.949,43.434,57.576,67.708,34.899,60.403,63.194,35.341,58.704,60.173,27.509,54.71,44.319,34.764,Mix_LargePct50EMA_PctAbove200EMA_SmallPct200EMA,75,Risk-off
2025-06-20,41.165,60.648,50.506,-17.611,-14.459,-6.239,5.342,1,203.0,240.0,57,3,28.571,56.566,65.657,68.75,46.309,67.114,68.056,36.145,61.538,60.0,40.52,59.601,46.22,40.711,Mix_LargePct50EMA_PctAbove200EMA_SmallPct200EMA,75,Defensive
2025-06-23,41.143,58.773,50.758,-20.25,-15.274,-7.166,1.649,-1,231.0,241.0,61,2,38.889,56.566,73.737,67.708,52.667,67.333,70.345,41.532,64.777,62.174,39.074,56.129,46.057,47.237,Mix_LargePct50EMA_PctAbove200EMA_SmallPct200EMA,75,Defensive
2025-06-24,51.677,66.429,53.461,0.966,-3.209,-2.684,1.985,-1,338.0,101.0,48,2,64.286,63.0,76.768,71.875,67.333,78.0,73.973,51.613,70.04,64.069,49.537,64.152,48.672,51.752,Mix_LargePct50EMA_PctAbove200EMA_SmallPct200EMA,75,Selective
2025-06-25,66.131,73.87,57.727,19.259,6.695,3.582,3.256,-1,421.0,82.0,62,4,67.742,70.0,83.838,73.958,72.0,80.667,77.397,64.919,76.113,68.398,65.534,72.274,53.152,71.823,Mix_LargePct50EMA_PctAbove200EMA_SmallPct200EMA,75,Constructive
2025-06-26,66.32,73.834,58.022,36.619,18.115,9.338,2.956,0,413.0,63.0,65,6,58.621,76.0,86.869,75.0,75.333,85.333,76.712,66.935,74.899,68.261,64.793,71.793,53.576,73.365,Mix_LargePct50EMA_PctAbove200EMA_SmallPct200EMA,75,Constructive
2025-06-27,69.358,75.036,59.455,28.193,14.388,8.95,1.853,-2,404.0,56.0,67,7,65.517,82.0,88.889,79.167,75.333,85.333,73.469,73.2,77.733,72.052,67.429,72.806,54.931,76.45,Mix_LargePct50EMA_PctAbove200EMA_SmallPct200EMA,75,Constructive
2025-06-30,72.188,77.076,60.594,31.045,18.303,9.836,1.776,0,362.0,65.0,79,5,65.0,77.0,84.848,79.167,80.0,84.667,74.15,74.8,80.972,70.742,70.769,75.295,56.568,75.056,Mix_LargePct50EMA_PctAbove200EMA_SmallPct200EMA,75,Constructive
2025-07-01,70.924,76.949,59.98,19.247,10.52,6.518,1.345,5,380.0,76.0,75,5,70.874,77.0,84.848,79.167,74.667,83.333,72.297,69.6,77.733,67.544,70.407,75.746,56.415,73.131,Mix_LargePct50EMA_PctAbove200EMA_SmallPct200EMA,75,Constructive
2025-07-02,66.415,75.167,59.395,0.284,1.297,1.668,0.935,1,336.0,95.0,70,4,49.153,66.667,81.633,75.789,72.667,81.333,74.83,66.8,76.518,66.376,65.762,73.989,55.812,69.899,Mix_LargePct50EMA_PctAbove200EMA_SmallPct200EMA,75,Constructive
2025-07-03,66.918,76.152,60.865,0.598,2.318,2.843,1.209,4,269.0,95.0,76,4,45.0,69.388,79.381,77.66,70.0,80.667,75.342,66.4,77.733,68.696,66.564,75.295,57.246,70.59,Mix_LargePct50EMA_PctAbove200EMA_SmallPct200EMA,75,Constructive
2025-07-04,68.002,77.34,61.206,-1.356,2.304,1.751,1.458,1,263.0,85.0,77,5,47.475,65.306,81.443,76.596,70.667,81.333,76.027,68.675,80.894,68.122,67.815,76.179,57.791,71.823,Mix_LargePct50EMA_PctAbove200EMA_SmallPct200EMA,75,Constructive
2025-07-07,62.853,74.561,60.341,-9.335,-2.515,-0.253,1.095,1,276.0,97.0,72,6,51.765,57.576,80.808,76.042,63.087,79.73,77.083,64.257,78.455,64.348,62.938,73.11,57.171,68.184,Mix_LargePct50EMA_PctAbove200EMA_SmallPct200EMA,75,Constructive
2025-07-08,60.358,73.599,59.87,-10.566,-3.349,-0.11,1.108,2,263.0,108.0,57,7,40.789,65.657,78.571,76.842,64.43,80.537,78.621,56.855,77.143,66.376,60.197,72.119,56.058,67.937,Mix_LargePct50EMA_PctAbove200EMA_SmallPct200EMA,75,Constructive
2025-07-09,61.999,73.812,60.281,-4.416,-1.355,0.885,1.414,0,264.0,102.0,47,8,47.115,57.576,76.531,75.789,63.087,84.564,79.31,61.29,75.41,67.982,62.277,72.412,56.356,67.826,Mix_LargePct50EMA_PctAbove200EMA_SmallPct200EMA,75,Constructive
2025-07-10,60.386,74.002,60.351,-6.532,-2.15,-0.514,0.949,-1,272.0,70.0,45,6,50.0,53.535,75.51,75.789,58.389,81.879,76.389,60.081,76.327,68.398,61.033,72.829,56.656,67.543,Mix_LargePct50EMA_PctAbove200EMA_SmallPct200EMA,75,Constructive
2025-07-11,48.471,68.741,57.665,-19.531,-8.599,-3.541,0.59,2,246.0,68.0,50,5,46.429,39.394,66.327,70.526,48.993,72.483,72.917,54.618,71.138,68.696,48.034,68.176,53.766,61.337,Mix_LargePct50EMA_PctAbove200EMA_SmallPct200EMA,75,Selective
2025-07-14,48.803,66.556,57.95,-14.05,-8.005,-2.391,1.613,2,243.0,83.0,60,6,45.652,43.878,69.072,69.149,57.047,75.168,75.694,58.3,69.262,65.351,46.915,65.207,54.498,60.856,Mix_LargePct50EMA_PctAbove200EMA_SmallPct200EMA,75,Selective
2025-07-15,61.607,72.805,61.25,1.249,-0.794,1.38,2.575,1,271.0,86.0,62,6,44.565,53.125,70.526,71.739,69.799,81.208,80.556,68.548,78.367,70.87,60.306,71.323,57.366,66.519,Mix_LargePct50EMA_PctAbove200EMA_SmallPct200EMA,75,Constructive
2025-07-16,65.099,75.901,63.2,3.1,2.09,2.919,1.794,3,330.0,74.0,67,6,67.857,57.143,73.958,73.118,65.541,80.405,80.42,69.355,81.224,72.609,64.89,74.799,59.583,69.418,Mix_LargePct50EMA_PctAbove200EMA_SmallPct200EMA,75,Constructive
2025-07-17,64.601,75.712,63.118,4.215,1.71,2.768,0.907,2,323.0,65.0,72,7,54.545,53.061,64.583,69.892,68.456,83.108,78.723,69.758,82.857,73.276,64.159,74.614,59.739,63.57,Mix_LargePct50EMA_PctAbove200EMA_SmallPct200EMA,75,Selective
2025-07-18,55.983,70.744,61.957,7.513,2.003,4.292,0.701,3,266.0,73.0,92,5,49.505,47.959,62.5,68.817,55.705,76.351,78.723,60.241,75.102,73.043,55.841,70.062,58.35,61.707,Mix_LargePct50EMA_PctAbove200EMA_SmallPct200EMA,75,Selective
2025-07-21,54.213,68.623,60.757,5.41,2.067,2.807,1.943,7,238.0,108.0,88,5,43.307,54.082,68.75,69.892,57.047,77.703,78.014,59.438,71.02,73.043,53.171,67.426,56.801,65.84,Mix_LargePct50EMA_PctAbove200EMA_SmallPct200EMA,75,Constructive
2025-07-22,49.624,65.766,60.299,-11.983,-7.039,-0.951,1.142,8,228.0,133.0,91,5,41.732,39.175,60.0,71.739,49.664,73.649,74.468,54.618,69.796,68.696,49.48,64.775,57.069,58.08,Mix_LargePct50EMA_PctAbove200EMA_SmallPct200EMA,75,Selective
2025-07-23,51.97,65.244,60.2,-13.129,-10.657,-3.0,2.15,6,225.0,142.0,76,4,45.055,50.515,65.263,69.565,53.691,74.324,74.468,55.02,66.531,69.264,51.436,64.22,56.976,61.979,Mix_LargePct50EMA_PctAbove200EMA_SmallPct200EMA,75,Selective
2025-07-24,45.822,62.476,59.451,-18.779,-13.235,-3.667,0.777,3,206.0,137.0,57,5,48.454,46.392,62.105,71.739,51.007,71.622,75.177,50.602,66.531,68.398,44.587,61.049,55.938,58.537,Mix_LargePct50EMA_PctAbove200EMA_SmallPct200EMA,75,Selective
2025-07-25,30.052,48.081,53.164,-25.932,-22.663,-8.793,0.278,2,166.0,234.0,60,4,26.882,25.773,38.947,66.304,33.784,51.701,67.857,33.333,49.796,61.039,29.469,48.03,49.87,30.792,Mix_LargePct50EMA_PctAbove200EMA_SmallPct200EMA,75,Risk-off
2025-07-28,23.271,38.298,48.682,-30.942,-30.325,-12.075,0.576,0,144.0,372.0,47,9,20.43,18.557,32.632,61.957,23.49,46.939,65.468,26.4,45.306,56.466,23.054,36.794,45.22,24.229,Mix_LargePct50EMA_PctAbove200EMA_SmallPct200EMA,75,Risk-off
2025-07-29,28.892,45.618,51.867,-20.732,-20.148,-8.433,3.003,5,243.0,349.0,53,7,24.194,31.313,38.947,64.13,32.215,52.381,70.0,35.2,53.061,59.307,27.483,44.273,48.383,28.793,Mix_LargePct50EMA_PctAbove200EMA_SmallPct200EMA,75,Risk-off
2025-07-30,32.245,47.039,52.364,-19.725,-18.205,-7.835,1.409,5,319.0,244.0,52,11,57.692,39.394,42.708,65.591,32.432,47.586,68.841,38.4,54.286,60.87,30.863,46.154,48.837,31.224,Mix_LargePct50EMA_PctAbove200EMA_SmallPct200EMA,75,Risk-off
2025-07-31,27.671,41.383,50.448,-18.15,-21.094,-9.004,0.612,5,341.0,141.0,56,9,57.143,33.333,39.583,65.591,24.324,40.69,61.594,36.0,50.612,59.13,26.367,40.16,47.256,28.164,Mix_LargePct50EMA_PctAbove200EMA_SmallPct200EMA,75,Risk-off
2025-08-01,21.129,34.122,46.02,-8.923,-13.959,-7.144,0.469,3,227.0,274.0,43,10,40.385,21.429,33.684,58.696,18.243,32.414,52.174,27.6,42.857,54.348,20.388,32.985,43.484,21.91,Mix_LargePct50EMA_PctAbove200EMA_SmallPct200EMA,75,Risk-off
2025-08-04,27.027,37.193,48.187,3.756,-1.105,-0.495,3.443,2,251.0,285.0,42,13,26.866,28.571,36.842,59.783,33.557,43.151,61.151,33.735,44.715,55.983,25.333,35.543,45.155,24.698,Mix_LargePct50EMA_PctAbove200EMA_SmallPct200EMA,75,Risk-off
2025-08-05,27.26,35.144,47.515,-1.632,-10.474,-4.352,0.927,1,247.0,269.0,43,12,35.294,32.323,40.0,65.217,30.201,39.456,59.712,37.349,44.309,58.12,25.167,33.088,43.762,26.388,Mix_LargePct50EMA_PctAbove200EMA_SmallPct200EMA,75,Risk-off
2025-08-06,22.062,30.827,45.102,-10.183,-16.212,-7.262,0.68,0,242.0,238.0,38,20,20.0,32.323,37.895,63.043,25.333,35.811,56.429,29.435,43.902,56.41,20.036,27.983,41.294,23.785,Mix_LargePct50EMA_PctAbove200EMA_SmallPct200EMA,75,Risk-off
2025-08-07,21.276,30.123,44.091,-6.396,-11.26,-6.356,1.476,1,177.0,264.0,30,17,42.424,32.323,38.542,63.441,31.333,40.816,56.835,29.435,43.725,55.556,18.474,26.597,40.052,22.884,Mix_LargePct50EMA_PctAbove200EMA_SmallPct200EMA,75,Risk-off
2025-08-08,17.877,26.204,39.791,-3.252,-7.918,-6.229,0.317,2,184.0,313.0,28,24,28.125,18.182,31.25,56.989,23.333,34.014,47.143,24.498,38.057,53.017,16.364,23.403,36.111,17.58,Mix_LargePct50EMA_PctAbove200EMA_SmallPct200EMA,75,Risk-off
2025-08-11,21.395,28.794,40.932,-5.632,-8.399,-7.255,2.824,1,259.0,274.0,27,21,35.294,30.303,38.542,59.783,28.0,37.415,51.408,27.309,41.935,54.936,19.37,25.445,36.75,21.108,Mix_LargePct50EMA_PctAbove200EMA_SmallPct200EMA,75,Risk-off
2025-08-12,24.383,29.42,41.766,-2.877,-5.724,-5.749,0.876,1,292.0,263.0,26,22,29.167,33.333,39.583,57.609,26.174,35.616,50.355,31.855,44.13,56.223,22.565,26.042,37.871,22.428,Mix_LargePct50EMA_PctAbove200EMA_SmallPct200EMA,75,Risk-off
2025-08-13,28.831,32.515,43.254,6.769,1.688,-1.848,3.121,1,355.0,222.0,25,21,43.478,47.475,43.75,61.957,30.201,37.671,54.61,35.887,45.935,55.603,26.529,29.368,39.265,24.241,Mix_LargePct50EMA_PctAbove200EMA_SmallPct200EMA,75,Risk-off
2025-08-14,26.36,30.82,41.625,5.084,0.697,-2.466,1.08,-1,298.0,242.0,20,28,38.095,39.394,43.75,63.043,33.108,40.0,50.714,34.538,42.105,54.936,23.746,27.54,37.54,22.884,Mix_LargePct50EMA_PctAbove200EMA_SmallPct200EMA,75,Risk-off
2025-08-18,38.515,39.106,44.406,20.638,12.902,4.615,3.852,-2,403.0,223.0,28,26,73.684,54.0,50.0,68.817,43.243,45.517,53.571,48.193,48.583,60.345,35.706,36.469,39.743,29.435,Mix_LargePct50EMA_PctAbove200EMA_SmallPct200EMA,75,Risk-off
2025-08-19,46.892,43.718,46.706,25.497,14.924,5.775,3.283,3,444.0,183.0,33,19,64.0,57.576,54.737,69.565,61.224,53.793,62.857,54.032,53.469,61.905,43.923,40.732,41.645,33.42,Mix_LargePct50EMA_PctAbove200EMA_SmallPct200EMA,75,Risk-off
2025-08-20,50.023,46.523,46.782,25.64,17.102,5.016,1.935,1,525.0,92.0,36,18,61.905,64.286,55.319,69.231,62.838,58.219,63.571,52.61,55.691,62.609,47.653,43.605,41.629,34.419,Mix_LargePct50EMA_PctAbove200EMA_SmallPct200EMA,75,Risk-off
2025-08-21,50.952,46.588,46.928,22.121,14.073,3.674,1.176,2,403.0,71.0,29,16,63.636,61.616,60.0,69.565,62.329,54.861,63.043,54.4,54.251,62.338,48.794,43.929,41.875,36.849,Mix_LargePct50EMA_PctAbove200EMA_SmallPct200EMA,75,Defensive
2025-08-22,45.083,43.28,46.607,18.724,12.46,4.982,0.934,2,297.0,76.0,37,17,43.103,56.566,55.789,69.565,51.37,49.306,60.145,46.8,52.632,60.606,43.588,40.621,41.977,32.963,Mix_LargePct50EMA_PctAbove200EMA_SmallPct200EMA,75,Risk-off
2025-08-25,46.667,43.621,46.861,8.152,4.515,2.455,1.815,2,255.0,107.0,36,10,27.536,60.606,55.789,67.033,54.795,50.694,59.712,53.6,54.251,62.5,44.084,40.705,42.217,34.69,Mix_LargePct50EMA_PctAbove200EMA_SmallPct200EMA,75,Risk-off
2025-08-26,31.151,32.957,42.129,-15.741,-10.76,-4.578,0.487,0,204.0,192.0,33,11,31.818,43.434,44.211,61.538,34.694,40.69,48.921,37.751,44.715,56.652,29.114,29.86,38.215,24.352,Mix_LargePct50EMA_PctAbove200EMA_SmallPct200EMA,75,Risk-off
2025-08-28,26.031,28.263,39.051,-23.993,-18.26,-7.731,0.391,2,181.0,263.0,36,9,29.412,39.394,40.0,59.341,22.973,32.192,41.429,31.727,38.367,53.879,24.654,25.73,35.449,20.195,Mix_LargePct50EMA_PctAbove200EMA_SmallPct200EMA,75,Risk-off
2025-08-29,25.509,27.934,38.507,-25.443,-18.654,-8.42,0.806,2,145.0,255.0,28,14,22.388,34.694,35.789,57.143,26.351,31.507,41.727,28.226,35.246,52.174,24.49,26.079,35.125,18.048,Mix_LargePct50EMA_PctAbove200EMA_SmallPct200EMA,75,Risk-off
2025-09-01,35.902,34.129,42.251,-9.181,-9.151,-4.356,4.806,3,291.0,166.0,43,11,45.161,44.898,41.053,60.44,47.973,43.836,53.957,36.546,41.633,56.087,34.211,31.758,38.123,23.193,Mix_LargePct50EMA_PctAbove200EMA_SmallPct200EMA,75,Risk-off
2025-09-02,42.388,37.805,43.923,-4.279,-5.816,-2.938,1.596,0,412.0,97.0,37,7,71.429,47.959,44.211,62.222,51.701,50.685,61.151,40.562,43.033,58.442,41.512,35.519,39.194,25.919,Mix_LargePct50EMA_PctAbove200EMA_SmallPct200EMA,75,Risk-off
2025-09-03,51.386,44.559,45.975,20.235,11.602,3.847,3.749,3,508.0,75.0,52,3,88.0,55.556,47.368,63.736,61.644,54.483,60.584,50.4,50.82,62.069,50.389,42.597,41.278,30.471,Mix_LargePct50EMA_PctAbove200EMA_SmallPct200EMA,75,Risk-off
2025-09-04,46.63,41.799,45.047,20.599,13.537,5.996,0.819,2,397.0,98.0,50,4,67.647,44.444,48.421,63.043,48.299,50.345,56.934,45.2,46.311,58.621,46.826,40.0,40.944,28.177,Mix_LargePct50EMA_PctAbove200EMA_SmallPct200EMA,75,Risk-off
2025-09-05,44.824,41.436,44.461,19.315,13.502,5.954,1.849,3,329.0,97.0,59,5,56.0,47.475,47.368,61.957,51.678,51.701,56.835,43.548,47.521,59.565,44.245,39.284,40.127,28.127,Mix_LargePct50EMA_PctAbove200EMA_SmallPct200EMA,75,Risk-off
2025-09-08,49.816,43.399,46.237,13.913,9.27,3.986,2.523,6,313.0,119.0,74,6,53.125,50.505,45.361,63.441,55.034,53.103,60.584,43.548,46.281,61.039,50.239,42.01,41.794,29.04,Mix_LargePct50EMA_PctAbove200EMA_SmallPct200EMA,75,Risk-off
2025-09-09,50.046,44.21,45.889,7.658,6.405,1.966,1.529,1,335.0,122.0,73,4,65.934,53.061,46.875,63.83,61.745,57.241,59.259,49.187,48.333,62.009,48.954,42.312,41.322,29.978,Mix_LargePct50EMA_PctAbove200EMA_SmallPct200EMA,75,Risk-off
2025-09-10,59.252,51.193,48.67,7.866,6.634,2.695,2.369,2,360.0,128.0,78,0,51.562,70.408,57.732,67.021,75.168,67.361,65.414,60.408,57.5,66.087,57.015,48.49,43.611,44.091,Mix_LargePct50EMA_PctAbove200EMA_SmallPct200EMA,75,Defensive
2025-09-11,60.037,51.752,48.474,13.407,9.952,3.428,1.117,2,293.0,121.0,78,3,53.061,69.388,57.732,64.894,76.51,70.548,67.91,60.408,57.083,64.348,57.97,48.975,43.52,42.61,Mix_LargePct50EMA_PctAbove200EMA_SmallPct200EMA,75,Defensive
2025-09-12,59.705,52.263,49.262,14.881,10.827,4.801,2.101,2,275.0,95.0,80,3,52.273,71.717,65.979,69.149,77.181,70.548,70.149,63.415,56.25,64.502,56.896,49.277,44.056,48.483,Mix_LargePct50EMA_PctAbove200EMA_SmallPct200EMA,75,Defensive
2025-09-15,63.937,54.66,50.787,14.122,11.261,4.55,2.003,7,270.0,82.0,82,4,47.863,73.737,62.887,71.277,83.221,76.712,73.333,67.48,62.917,68.696,61.131,51.052,45.016,49.358,Mix_LargePct50EMA_PctAbove200EMA_SmallPct200EMA,75,Defensive
2025-09-16,68.402,60.383,53.369,18.355,16.173,7.481,2.965,10,300.0,64.0,82,3,62.637,77.551,70.833,72.043,85.333,79.452,76.087,74.797,71.25,71.93,65.414,56.532,47.586,57.969,Mix_LargePct50EMA_PctAbove200EMA_SmallPct200EMA,75,Selective
2025-09-17,71.186,63.42,54.988,11.933,12.227,6.318,2.099,8,326.0,69.0,80,3,68.182,78.571,75.0,75.269,84.0,83.562,79.562,78.543,70.417,72.052,68.531,59.976,49.175,66.272,Mix_LargePct50EMA_PctAbove200EMA_SmallPct200EMA,75,Constructive
2025-09-18,70.594,63.946,55.037,10.557,12.194,6.562,2.013,7,286.0,76.0,74,3,58.491,84.694,78.125,74.194,87.333,85.714,80.576,75.709,72.917,70.614,67.521,59.904,49.397,67.851,Mix_LargePct50EMA_PctAbove200EMA_SmallPct200EMA,75,Constructive
2025-09-19,68.721,63.344,55.086,9.016,11.081,5.824,1.516,3,271.0,90.0,72,3,60.0,77.551,77.32,76.596,86.0,84.247,81.295,73.684,70.417,71.366,65.932,59.675,49.143,67.617,Mix_LargePct50EMA_PctAbove200EMA_SmallPct200EMA,75,Constructive
2025-09-22,59.358,58.132,53.507,-4.58,3.472,2.72,1.018,5,257.0,121.0,76,6,37.126,63.265,66.327,74.737,69.333,77.241,79.137,61.538,63.9,67.841,57.923,55.156,47.909,53.75,Mix_LargePct50EMA_PctAbove200EMA_SmallPct200EMA,75,Selective
2025-09-23,54.291,55.912,51.892,-14.111,-4.47,-1.478,0.904,5,264.0,131.0,72,6,31.884,59.596,67.347,74.737,61.333,71.724,71.942,57.028,62.81,66.079,52.945,52.856,46.696,51.85,Mix_LargePct50EMA_PctAbove200EMA_SmallPct200EMA,75,Selective
2025-09-24,45.48,51.141,50.27,-25.706,-12.279,-4.717,0.672,4,232.0,154.0,65,6,33.54,54.545,65.306,71.579,52.0,63.448,69.065,48.8,60.331,64.758,43.869,47.894,45.235,48.84,Mix_LargePct50EMA_PctAbove200EMA_SmallPct200EMA,75,Defensive
2025-09-25,36.13,43.343,47.128,-34.463,-20.603,-7.909,0.617,2,194.0,156.0,76,7,29.31,46.465,58.163,70.526,43.333,57.931,62.59,36.4,51.24,63.877,34.839,40.048,41.942,36.997,Mix_LargePct50EMA_PctAbove200EMA_SmallPct200EMA,75,Defensive
2025-09-26,21.733,29.688,41.09,-46.988,-33.656,-13.996,0.269,2,131.0,318.0,69,6,25.688,35.0,48.485,63.542,22.148,39.583,50.0,20.4,37.86,55.022,21.106,26.518,36.912,24.562,Mix_LargePct50EMA_PctAbove200EMA_SmallPct200EMA,75,Risk-off
2025-09-29,22.222,30.102,40.617,-37.136,-28.03,-12.889,1.324,1,158.0,346.0,71,9,23.288,38.0,49.495,62.5,29.53,43.448,51.079,18.8,34.711,53.478,21.149,27.126,36.485,23.736,Mix_LargePct50EMA_PctAbove200EMA_SmallPct200EMA,75,Risk-off
2025-09-30,23.478,29.898,40.951,-30.813,-26.015,-10.94,1.224,2,171.0,328.0,55,8,34.286,42.424,48.98,63.158,30.201,38.621,53.237,23.6,35.95,56.332,21.755,27.142,36.294,25.327,Mix_LargePct50EMA_PctAbove200EMA_SmallPct200EMA,75,Risk-off
2025-10-01,32.892,37.616,44.286,-12.588,-13.525,-5.984,4.738,3,318.0,138.0,63,9,59.259,49.495,59.184,70.526,40.94,45.517,56.835,32.4,45.455,58.515,31.283,34.53,39.53,32.334,Mix_LargePct50EMA_PctAbove200EMA_SmallPct200EMA,75,Risk-off
2025-10-03,43.431,44.161,46.814,7.3,0.819,-0.314,1.731,5,382.0,76.0,62,5,74.468,58.586,62.245,71.579,51.333,51.37,61.429,44.578,54.545,60.699,41.677,40.969,42.005,36.504,Mix_LargePct50EMA_PctAbove200EMA_SmallPct200EMA,75,Defensive
2025-10-06,44.754,45.598,45.958,23.02,15.91,4.868,1.753,4,424.0,81.0,65,8,70.968,61.616,63.265,70.526,56.0,57.823,63.83,48.193,53.942,59.825,42.267,42.285,40.863,36.121,Mix_LargePct50EMA_PctAbove200EMA_SmallPct200EMA,75,Defensive
2025-10-07,44.343,45.505,46.225,22.121,15.403,5.608,1.467,3,342.0,122.0,59,4,65.385,68.687,69.388,74.737,57.047,62.329,64.286,50.602,51.867,60.0,40.885,41.721,40.889,40.982,Mix_LargePct50EMA_PctAbove200EMA_SmallPct200EMA,75,Defensive
2025-10-08,40.237,42.698,45.69,16.759,12.8,4.739,0.942,1,285.0,142.0,57,6,39.326,60.606,62.245,75.258,44.966,49.655,57.857,44.578,50.826,61.039,37.994,39.773,40.534,36.06,Mix_LargePct50EMA_PctAbove200EMA_SmallPct200EMA,75,Defensive
2025-10-09,43.841,45.016,46.549,10.95,7.4,2.263,2.733,1,293.0,150.0,72,4,50.0,67.677,66.327,74.227,53.691,57.931,64.539,50.806,52.479,60.435,40.566,41.567,41.206,39.699,Mix_LargePct50EMA_PctAbove200EMA_SmallPct200EMA,75,Defensive
2025-10-10,49.019,47.473,47.677,5.588,3.312,0.864,1.977,3,315.0,124.0,75,2,61.017,72.727,71.429,78.351,57.823,56.944,64.286,58.871,56.198,63.043,45.433,43.993,42.079,45.189,Mix_LargePct50EMA_PctAbove200EMA_SmallPct200EMA,75,Defensive
2025-10-13,41.849,43.967,45.628,-2.905,-1.631,-0.33,1.056,0,281.0,154.0,66,3,64.286,61.616,66.327,74.227,50.34,58.333,63.571,51.012,54.357,60.526,38.638,39.94,40.139,39.243,Mix_LargePct50EMA_PctAbove200EMA_SmallPct200EMA,75,Defensive
2025-10-14,32.695,37.928,42.62,-11.648,-7.577,-3.606,0.876,0,224.0,206.0,56,8,59.375,56.566,62.245,72.165,41.781,50.35,61.594,36.885,46.862,58.407,29.93,34.185,36.909,33.235,Mix_LargePct50EMA_PctAbove200EMA_SmallPct200EMA,75,Risk-off
2025-10-15,40.255,42.414,44.455,0.018,-0.284,-1.235,3.319,3,238.0,218.0,50,8,39.535,65.657,70.103,72.917,56.849,59.441,65.942,45.082,51.464,61.674,36.673,38.087,38.398,41.796,Mix_LargePct50EMA_PctAbove200EMA_SmallPct200EMA,75,Defensive
2025-10-16,45.467,45.076,46.195,1.626,0.06,-0.354,2.055,2,284.0,189.0,50,9,65.385,74.747,76.289,77.32,60.69,62.676,67.153,55.51,52.697,62.009,41.032,40.701,40.202,46.065,Mix_LargePct50EMA_PctAbove200EMA_SmallPct200EMA,75,Defensive
2025-10-17,41.359,41.906,44.856,-7.66,-5.568,-2.821,1.078,2,292.0,148.0,50,6,68.889,72.727,75.258,79.167,54.861,62.411,68.613,46.531,47.107,57.391,37.654,37.515,38.917,42.105,Mix_LargePct50EMA_PctAbove200EMA_SmallPct200EMA,75,Defensive
2025-10-20,45.293,44.05,45.742,3.444,0.083,0.114,2.089,2,297.0,164.0,43,9,54.545,69.697,74.227,79.167,61.111,63.121,67.883,53.878,52.479,58.696,41.321,39.514,39.95,42.499,Mix_LargePct50EMA_PctAbove200EMA_SmallPct200EMA,75,Defensive
2025-10-21,54.237,49.652,47.847,21.542,11.724,5.228,2.677,3,278.0,126.0,43,5,70.769,71.717,77.32,79.167,66.897,67.606,68.116,62.449,57.787,60.776,50.945,45.329,42.269,46.792,Mix_LargePct50EMA_PctAbove200EMA_SmallPct200EMA,75,Defensive
2025-10-23,51.614,49.054,47.86,11.359,6.64,3.405,1.185,3,320.0,135.0,35,6,66.265,64.646,72.165,75.789,60.69,68.531,70.714,57.787,59.504,60.606,49.211,44.57,42.327,43.819,Mix_LargePct50EMA_PctAbove200EMA_SmallPct200EMA,75,Defensive
2025-10-24,48.453,47.83,47.176,2.986,2.754,0.981,1.011,6,257.0,122.0,36,6,47.368,62.626,72.165,76.842,54.167,63.38,69.784,55.285,59.504,61.207,46.167,43.442,41.373,43.881,Mix_LargePct50EMA_PctAbove200EMA_SmallPct200EMA,75,Defensive
2025-10-27,49.955,48.94,48.179,8.596,7.034,3.323,2.316,9,271.0,175.0,44,9,31.818,62.887,74.737,81.72,63.946,66.207,71.127,56.098,61.983,62.069,47.145,44.135,42.148,46.274,Mix_LargePct50EMA_PctAbove200EMA_SmallPct200EMA,75,Defensive
2025-10-28,48.254,48.018,47.473,2.961,3.969,1.731,1.146,6,252.0,148.0,41,11,48.387,59.375,70.213,79.348,62.162,70.139,72.34,56.504,57.377,60.086,45.248,43.543,41.583,42.277,Mix_LargePct50EMA_PctAbove200EMA_SmallPct200EMA,75,Defensive
2025-10-29,56.009,52.998,49.489,1.772,3.347,1.642,2.209,8,307.0,140.0,55,8,46.875,61.458,74.468,83.696,76.51,76.552,73.944,64.516,65.021,63.519,52.687,48.043,43.262,47.89,Mix_LargePct50EMA_PctAbove200EMA_SmallPct200EMA,75,Defensive
2025-10-30,53.871,52.605,48.759,2.256,3.551,0.899,0.949,6,271.0,116.0,58,8,47.368,55.67,72.043,81.522,72.297,70.345,75.0,60.484,61.728,61.803,51.224,48.697,42.642,45.004,Mix_LargePct50EMA_PctAbove200EMA_SmallPct200EMA,75,Defensive
2025-10-31,47.873,49.378,47.809,-0.58,1.548,0.633,0.912,4,258.0,111.0,59,8,52.83,53.608,68.085,79.348,62.585,65.035,69.065,48.594,56.379,60.515,46.185,46.008,42.264,41.426,Mix_LargePct50EMA_PctAbove200EMA_SmallPct200EMA,75,Defensive
2025-11-03,52.344,52.136,49.515,2.39,3.196,1.336,2.508,4,272.0,134.0,70,8,43.796,54.639,67.021,76.087,65.541,68.75,74.286,59.438,61.983,62.069,50.058,48.497,43.985,42.758,Mix_LargePct50EMA_PctAbove200EMA_SmallPct200EMA,75,Defensive
2025-11-04,42.276,46.848,47.085,-5.978,-1.171,-0.389,0.764,4,262.0,160.0,47,7,47.826,46.392,56.383,75.0,58.784,62.5,71.429,47.39,57.438,60.515,39.884,43.473,41.368,33.543,Mix_LargePct50EMA_PctAbove200EMA_SmallPct200EMA,75,Risk-off
2025-11-06,28.984,38.426,42.621,-27.025,-14.572,-6.868,0.514,0,241.0,325.0,45,9,38.272,40.206,54.255,72.826,41.892,53.472,64.286,31.727,44.628,54.506,26.845,35.381,37.241,27.19,Mix_LargePct50EMA_PctAbove200EMA_SmallPct200EMA,75,Risk-off
2025-11-07,32.251,39.284,43.01,-21.62,-13.321,-5.749,1.374,2,206.0,341.0,47,8,27.407,42.268,55.319,71.739,48.322,56.164,68.794,32.794,44.583,54.506,30.22,36.198,37.39,27.72,Mix_LargePct50EMA_PctAbove200EMA_SmallPct200EMA,75,Risk-off
2025-11-10,35.836,39.222,42.393,-12.037,-10.156,-5.416,1.644,-1,249.0,419.0,52,13,30.952,53.608,62.766,73.118,57.047,60.544,67.376,36.694,44.351,54.545,32.89,35.367,36.648,31.31,Mix_LargePct50EMA_PctAbove200EMA_SmallPct200EMA,75,Risk-off
2025-11-11,36.097,39.477,42.649,-16.247,-12.659,-6.865,2.301,-2,292.0,301.0,42,5,46.939,53.535,65.263,76.596,53.378,61.379,66.906,36.29,43.983,55.172,33.585,35.529,36.717,34.296,Mix_LargePct50EMA_PctAbove200EMA_SmallPct200EMA,75,Risk-off
2025-11-12,42.497,43.46,44.779,0.22,-3.387,-2.306,2.757,0,328.0,269.0,43,5,43.86,61.0,69.474,79.787,64.189,66.897,70.504,47.984,51.452,59.402,38.77,38.869,38.317,40.106,Mix_LargePct50EMA_PctAbove200EMA_SmallPct200EMA,75,Defensive
2025-11-13,41.333,41.743,44.515,12.349,3.317,1.893,1.075,-1,336.0,203.0,49,6,52.0,57.0,69.474,79.787,62.162,63.448,69.065,41.532,46.473,58.547,38.609,37.669,38.23,39.317,Mix_LargePct50EMA_PctAbove200EMA_SmallPct200EMA,75,Defensive
2025-11-14,42.075,41.594,43.155,9.824,2.31,0.146,1.886,0,348.0,177.0,63,7,46.296,56.0,66.316,81.915,60.667,65.068,67.857,43.145,47.718,57.328,39.503,37.331,36.637,36.516,Mix_LargePct50EMA_PctAbove200EMA_SmallPct200EMA,75,Defensive
2025-11-17,45.235,43.724,44.116,9.399,4.502,1.723,2.476,0,339.0,214.0,57,10,48.193,64.0,70.526,80.851,68.667,66.438,70.213,49.799,50.622,57.328,41.475,39.321,37.735,39.329,Mix_LargePct50EMA_PctAbove200EMA_SmallPct200EMA,75,Defensive
2025-11-18,37.338,39.899,42.095,1.24,0.422,-0.554,0.709,-2,286.0,222.0,48,12,50.0,56.0,64.211,81.915,51.333,58.503,67.606,40.161,46.25,52.381,34.642,36.049,35.987,30.496,Mix_LargePct50EMA_PctAbove200EMA_SmallPct200EMA,75,Risk-off
2025-11-19,37.937,39.323,42.455,-4.559,-4.137,-2.324,1.467,0,252.0,235.0,58,13,40.678,54.0,68.421,80.851,54.362,58.904,68.794,44.578,47.917,54.113,34.642,34.818,36.176,35.554,Mix_LargePct50EMA_PctAbove200EMA_SmallPct200EMA,75,Defensive
2025-11-20,36.934,39.424,41.909,-4.399,-2.319,-2.606,1.038,3,195.0,198.0,45,12,35.0,55.0,70.526,79.787,57.047,61.644,67.376,40.891,45.607,54.545,33.602,34.933,35.607,36.689,Mix_LargePct50EMA_PctAbove200EMA_SmallPct200EMA,75,Defensive
2025-11-21,29.686,33.638,39.961,-12.388,-7.956,-3.194,0.484,-2,187.0,215.0,35,21,36.585,47.475,57.447,79.57,38.514,51.034,66.429,31.727,38.333,51.948,27.624,30.193,33.605,26.104,Mix_LargePct50EMA_PctAbove200EMA_SmallPct200EMA,75,Risk-off
2025-11-24,25.011,30.292,37.143,-20.224,-13.432,-6.973,0.515,0,171.0,373.0,37,33,29.787,41.414,48.936,71.739,37.584,46.575,58.741,31.048,38.494,51.528,22.139,26.737,31.168,21.071,Mix_LargePct50EMA_PctAbove200EMA_SmallPct200EMA,75,Risk-off
2025-11-25,26.939,31.219,38.517,-10.399,-8.681,-3.578,1.328,-5,213.0,362.0,32,23,19.608,43.299,53.261,75.556,37.584,47.26,61.111,33.065,39.331,51.754,24.237,27.538,32.522,23.439,Mix_LargePct50EMA_PctAbove200EMA_SmallPct200EMA,75,Risk-off
2025-11-26,36.246,36.633,40.852,-1.692,-2.69,-1.603,3.325,-1,295.0,285.0,31,18,63.158,58.763,64.516,76.923,52.349,58.621,67.832,43.952,45.607,54.386,32.509,32.012,34.476,31.088,Mix_LargePct50EMA_PctAbove200EMA_SmallPct200EMA,75,Risk-off
2025-11-27,35.871,36.496,40.087,-1.063,-2.928,-1.822,1.139,-1,311.0,87.0,32,18,73.077,60.417,66.304,77.778,48.322,57.241,65.035,42.339,45.607,53.712,32.529,31.876,33.811,32.766,Mix_LargePct50EMA_PctAbove200EMA_SmallPct200EMA,75,Risk-off
2025-11-28,35.74,36.679,40.01,6.054,3.041,0.048,1.086,-3,280.0,95.0,28,24,50.0,58.333,65.217,77.778,49.664,55.479,66.434,40.726,44.167,53.275,32.585,32.497,33.645,31.73,Mix_LargePct50EMA_PctAbove200EMA_SmallPct200EMA,75,Risk-off
2025-12-01,35.82,36.029,40.587,10.808,5.737,3.445,1.2,-6,237.0,144.0,35,24,44.118,53.684,64.835,76.404,47.297,57.534,64.583,37.903,45.188,53.947,33.581,31.42,34.592,32.149,Mix_LargePct50EMA_PctAbove200EMA_SmallPct200EMA,75,Risk-off
2025-12-02,31.977,34.365,38.977,5.038,3.146,0.46,0.664,-2,207.0,163.0,30,27,40.541,52.688,56.667,76.136,44.667,52.381,62.5,34.818,43.697,53.304,29.381,30.372,32.838,25.857,Mix_LargePct50EMA_PctAbove200EMA_SmallPct200EMA,75,Risk-off
2025-12-03,25.391,31.088,37.82,-10.854,-5.545,-3.032,0.624,-7,164.0,205.0,26,36,38.462,44.086,58.889,76.136,32.0,42.177,60.69,34.008,40.928,55.31,22.61,27.336,31.227,27.757,Mix_LargePct50EMA_PctAbove200EMA_SmallPct200EMA,75,Risk-off
2025-12-04,25.603,30.405,36.969,-10.268,-6.091,-3.118,1.184,-2,125.0,192.0,26,34,41.071,47.826,57.303,75.862,33.333,45.578,62.069,32.932,42.194,52.889,22.725,26.102,30.402,25.093,Mix_LargePct50EMA_PctAbove200EMA_SmallPct200EMA,75,Risk-off
2025-12-05,27.009,30.391,36.342,-8.731,-6.288,-3.668,1.672,-2,144.0,213.0,25,27,37.931,51.613,60.674,77.011,36.667,45.27,60.274,28.514,39.407,51.786,24.657,26.319,29.845,26.153,Mix_LargePct50EMA_PctAbove200EMA_SmallPct200EMA,75,Risk-off
2025-12-08,16.54,22.57,32.243,-19.279,-13.459,-8.345,0.187,-2,142.0,500.0,19,55,57.895,36.559,53.933,66.667,19.333,31.757,57.534,19.277,29.661,44.643,14.849,19.202,26.403,18.85,Mix_LargePct50EMA_PctAbove200EMA_SmallPct200EMA,75,Risk-off
2025-12-09,20.722,24.819,33.734,-11.255,-9.547,-5.243,1.808,1,289.0,476.0,20,28,20.0,35.106,54.545,69.767,23.333,31.757,56.849,28.514,35.833,45.815,18.618,21.181,28.042,20.257,Mix_LargePct50EMA_PctAbove200EMA_SmallPct200EMA,75,Risk-off
2025-12-10,18.38,23.073,33.542,-7.011,-8.014,-4.278,0.552,2,303.0,454.0,18,24,26.667,30.526,47.191,65.517,22.148,28.571,55.172,21.687,32.917,46.696,16.933,20.0,28.042,17.654,Mix_LargePct50EMA_PctAbove200EMA_SmallPct200EMA,75,Risk-off
2025-12-11,24.178,26.73,34.183,-1.425,-3.675,-2.786,3.679,1,371.0,115.0,15,22,64.706,40.0,52.809,67.816,30.872,36.301,56.944,31.727,38.589,46.696,21.685,22.939,28.607,19.849,Mix_LargePct50EMA_PctAbove200EMA_SmallPct200EMA,75,Risk-off
2025-12-12,33.585,31.148,35.979,6.576,0.757,-0.363,3.964,0,304.0,106.0,15,19,37.5,49.474,60.44,75.0,44.966,43.151,59.028,40.562,43.154,51.101,30.769,26.932,29.691,25.586,Mix_LargePct50EMA_PctAbove200EMA_SmallPct200EMA,75,Risk-off
2025-12-15,35.346,32.04,36.425,18.806,9.469,4.182,1.572,0,334.0,84.0,17,12,72.727,50.0,60.44,71.591,40.0,45.205,57.639,43.373,42.324,52.193,33.011,28.021,30.413,26.326,Mix_LargePct50EMA_PctAbove200EMA_SmallPct200EMA,75,Risk-off
2025-12-16,29.174,29.12,35.096,8.452,4.301,1.362,0.644,-2,285.0,110.0,17,11,53.846,41.237,53.846,68.182,36.0,41.781,56.944,40.562,40.909,49.345,26.31,25.115,29.339,21.157,Mix_LargePct50EMA_PctAbove200EMA_SmallPct200EMA,75,Risk-off
2025-12-17,23.237,26.871,34.102,4.857,3.798,0.56,1.031,-4,211.0,180.0,32,16,59.259,38.144,50.549,67.045,30.667,39.726,55.556,28.8,35.391,47.807,20.99,23.36,28.483,19.393,Mix_LargePct50EMA_PctAbove200EMA_SmallPct200EMA,75,Risk-off
2025-12-18,23.558,25.395,33.445,-0.62,-1.335,-0.737,1.9,-1,164.0,202.0,33,16,39.13,36.735,51.648,67.045,30.667,37.671,52.083,34.4,36.214,47.598,20.672,21.474,27.963,19.344,Mix_LargePct50EMA_PctAbove200EMA_SmallPct200EMA,75,Risk-off
2025-12-19,33.038,30.072,35.766,-0.548,-1.076,-0.213,3.983,0,241.0,175.0,32,12,46.667,46.465,52.688,67.778,48.993,47.222,54.93,46.4,42.387,52.838,29.027,25.719,29.901,22.304,Mix_LargePct50EMA_PctAbove200EMA_SmallPct200EMA,75,Risk-off
2025-12-22,47.434,35.432,37.824,12.087,3.392,1.399,3.975,0,368.0,115.0,43,9,72.0,64.646,53.763,73.333,57.718,51.034,58.042,60.8,50.617,54.148,43.7,31.038,31.773,24.377,Mix_LargePct50EMA_PctAbove200EMA_SmallPct200EMA,75,Risk-off
2025-12-23,52.59,38.012,38.351,23.416,8.892,3.255,1.702,1,409.0,92.0,46,5,70.588,68.041,60.44,71.591,60.403,52.414,59.155,64.0,50.82,53.478,49.461,33.85,32.595,27.622,Mix_LargePct50EMA_PctAbove200EMA_SmallPct200EMA,75,Risk-off
2025-12-24,50.199,37.815,38.159,26.962,10.944,4.057,1.559,1,355.0,102.0,43,7,63.83,67.01,56.044,70.455,55.705,53.425,57.746,57.6,50.82,53.043,47.765,33.735,32.595,25.13,Mix_LargePct50EMA_PctAbove200EMA_SmallPct200EMA,75,Risk-off
2025-12-26,43.929,36.478,37.135,20.371,11.083,3.689,1.54,1,265.0,117.0,42,12,55.422,59.184,53.846,67.045,53.02,54.795,59.859,52.0,49.18,51.515,41.176,32.264,31.488,22.736,Mix_LargePct50EMA_PctAbove200EMA_SmallPct200EMA,75,Risk-off
2025-12-29,35.097,33.781,35.553,2.059,3.709,-0.212,0.644,-5,223.0,176.0,42,12,45.679,49.485,53.333,66.667,42.568,51.724,60.993,46.4,44.309,50.862,32.092,29.812,29.502,21.737,Mix_LargePct50EMA_PctAbove200EMA_SmallPct200EMA,75,Risk-off
2025-12-30,35.086,32.616,35.365,-12.347,-2.816,-2.459,0.956,0,222.0,202.0,43,12,44.595,52.577,54.945,67.416,42.568,47.917,57.143,48.4,43.089,52.137,31.618,28.719,29.303,22.823,Mix_LargePct50EMA_PctAbove200EMA_SmallPct200EMA,75,Risk-off
2025-12-31,47.926,37.366,37.584,-4.664,-0.646,-0.767,2.364,0,256.0,188.0,38,14,37.079,56.122,58.696,68.889,59.864,54.545,59.712,59.274,49.18,53.879,44.896,33.2,31.631,26.622,Mix_LargePct50EMA_PctAbove200EMA_SmallPct200EMA,75,Risk-off
2026-01-01,50.198,39.033,38.045,-0.001,1.218,-0.114,1.308,4,294.0,121.0,39,7,48.077,66.327,60.87,71.111,60.811,58.333,60.714,59.919,50.206,53.68,47.072,34.758,32.042,27.72,Mix_LargePct50EMA_PctAbove200EMA_SmallPct200EMA,75,Risk-off
2026-01-02,61.155,44.957,40.364,17.226,8.479,3.23,3.305,5,365.0,82.0,53,6,82.812,73.196,71.429,71.91,67.568,65.972,66.429,70.85,60.082,57.328,58.615,39.76,33.969,37.984,Mix_LargePct50EMA_PctAbove200EMA_SmallPct200EMA,75,Defensive
2026-01-05,53.146,43.54,39.847,18.049,9.759,4.294,1.151,1,322.0,121.0,57,7,64.078,72.165,68.132,73.034,71.812,66.897,66.667,67.48,60.082,56.466,48.568,38.055,33.354,35.468,Mix_LargePct50EMA_PctAbove200EMA_SmallPct200EMA,75,Defensive
2026-01-06,47.709,41.003,39.043,12.623,8.387,3.678,1.121,2,293.0,154.0,53,7,51.316,70.103,68.132,69.663,70.47,66.897,68.794,60.816,56.79,56.897,42.777,35.271,32.248,35.492,Mix_LargePct50EMA_PctAbove200EMA_SmallPct200EMA,75,Defensive
2026-01-07,49.692,42.864,39.914,1.766,5.498,2.33,1.466,0,240.0,168.0,80,4,35.673,69.697,70.33,71.91,69.799,69.655,68.085,65.447,58.025,58.19,44.719,37.13,33.129,37.7,Mix_LargePct50EMA_PctAbove200EMA_SmallPct200EMA,75,Defensive
2026-01-08,31.206,32.736,36.216,-18.992,-6.297,-1.829,0.194,-4,182.0,336.0,45,9,22.143,45.455,56.044,68.539,48.993,53.793,59.574,42.683,46.091,50.862,27.334,27.936,30.349,23.476,Mix_LargePct50EMA_PctAbove200EMA_SmallPct200EMA,75,Risk-off
2026-01-09,20.22,24.922,32.441,-40.935,-20.036,-7.923,0.45,-5,141.0,464.0,42,11,10.476,40.404,47.253,64.444,23.49,41.379,53.237,33.333,37.705,45.726,17.013,20.627,26.994,17.074,Mix_LargePct50EMA_PctAbove200EMA_SmallPct200EMA,75,Risk-off
2026-01-12,19.921,23.29,31.393,-33.225,-20.25,-8.454,1.495,0,128.0,548.0,40,11,6.667,47.475,51.648,67.778,32.667,40.0,50.0,30.894,36.214,44.828,15.807,18.658,25.887,17.802,Mix_LargePct50EMA_PctAbove200EMA_SmallPct200EMA,75,Risk-off
2026-01-13,21.93,24.576,31.602,-25.779,-16.427,-7.442,1.15,-2,204.0,353.0,38,11,20.588,48.485,50.0,68.132,32.0,38.194,52.518,38.211,40.329,45.494,17.367,19.955,25.81,17.654,Mix_LargePct50EMA_PctAbove200EMA_SmallPct200EMA,75,Risk-off
2026-01-14,23.509,25.525,32.189,-26.183,-17.338,-7.725,1.793,-1,281.0,209.0,36,12,18.182,42.424,46.739,65.934,36.0,43.056,52.857,38.306,40.741,43.777,19.349,20.876,26.883,15.963,Mix_LargePct50EMA_PctAbove200EMA_SmallPct200EMA,75,Risk-off
2026-01-16,24.31,24.877,31.905,-6.896,-7.859,-4.311,1.144,-6,291.0,159.0,42,12,65.517,45.455,47.826,67.033,41.333,45.833,53.571,38.71,39.918,45.259,19.709,19.886,26.206,16.827,Mix_LargePct50EMA_PctAbove200EMA_SmallPct200EMA,75,Risk-off
2026-01-19,20.14,21.266,29.02,-0.08,-3.656,-3.421,0.782,-8,255.0,282.0,41,15,44.828,43.0,48.387,61.957,30.667,37.762,51.079,34.677,36.066,40.517,15.969,16.449,23.673,15.199,Mix_LargePct50EMA_PctAbove200EMA_SmallPct200EMA,75,Risk-off
2026-01-20,11.058,13.904,23.739,-8.863,-9.386,-7.654,0.377,-3,191.0,809.0,35,23,32.558,32.0,37.634,57.609,18.667,22.069,42.857,18.876,24.59,35.776,8.161,10.499,18.498,9.647,Mix_LargePct50EMA_PctAbove200EMA_SmallPct200EMA,75,Risk-off
2026-01-21,10.393,12.923,22.217,-11.537,-11.652,-9.385,0.9,-5,181.0,966.0,29,42,15.789,29.0,33.333,51.087,14.667,23.448,43.571,16.867,21.311,34.348,8.096,9.818,17.073,7.969,Mix_LargePct50EMA_PctAbove200EMA_SmallPct200EMA,75,Risk-off
2026-01-22,16.208,16.303,25.036,-7.301,-9.222,-7.153,1.174,-3,362.0,882.0,33,35,53.333,38.0,43.158,55.435,24.667,29.655,49.286,22.088,22.541,35.652,13.464,12.89,19.768,11.387,Mix_LargePct50EMA_PctAbove200EMA_SmallPct200EMA,75,Risk-off
2026-01-23,12.888,13.479,21.826,-11.422,-11.399,-10.079,0.517,-4,391.0,627.0,31,55,67.857,30.0,39.583,52.688,17.333,23.611,43.885,16.466,18.033,31.739,11.061,10.601,16.819,8.882,Mix_LargePct50EMA_PctAbove200EMA_SmallPct200EMA,75,Risk-off
2026-01-27,13.793,14.698,22.064,-6.347,-6.568,-6.956,1.889,-5,444.0,537.0,31,78,31.429,35.0,42.708,53.763,22.667,29.167,44.604,20.08,22.449,32.609,10.993,10.922,16.88,10.005,Mix_LargePct50EMA_PctAbove200EMA_SmallPct200EMA,75,Risk-off
2026-01-28,23.614,19.183,25.535,12.556,5.279,1.796,4.198,-4,658.0,485.0,30,52,40.0,50.0,47.917,56.989,30.667,33.562,46.099,32.4,27.572,37.555,20.324,15.28,20.305,13.521,Mix_LargePct50EMA_PctAbove200EMA_SmallPct200EMA,75,Risk-off
2026-01-29,24.094,19.432,26.141,13.701,6.509,3.924,2.067,0,761.0,278.0,60,49,63.636,51.0,45.361,57.447,36.0,32.192,45.714,31.2,28.689,38.696,20.603,15.676,20.915,12.879,Mix_LargePct50EMA_PctAbove200EMA_SmallPct200EMA,75,Risk-off
2026-01-30,29.913,22.439,27.675,13.705,6.136,2.639,0.729,-4,848.0,260.0,35,43,80.952,49.0,50.515,56.842,36.667,36.054,50.0,38.0,34.286,39.827,27.151,18.12,22.358,15.421,Mix_LargePct50EMA_PctAbove200EMA_SmallPct200EMA,75,Risk-off
2026-02-02,20.288,16.475,24.466,7.4,2.996,2.64,0.265,-3,481.0,550.0,15,54,28.947,28.283,39.175,55.789,25.333,23.81,47.857,27.2,26.23,37.662,18.461,13.277,18.792,10.523,Mix_LargePct50EMA_PctAbove200EMA_SmallPct200EMA,75,Risk-off
2026-02-03,49.237,32.257,32.352,35.444,17.559,10.288,13.737,-1,957.0,462.0,17,39,40.541,66.667,59.794,65.263,52.0,45.27,57.143,51.2,40.984,45.455,47.77,28.458,26.48,22.329,Mix_LargePct50EMA_PctAbove200EMA_SmallPct200EMA,75,Risk-off
2026-02-04,58.936,37.638,32.985,35.322,18.455,7.45,2.526,0,1052.0,412.0,13,28,48.0,66.667,56.701,64.211,61.745,52.703,58.571,59.2,45.267,46.32,58.241,34.292,27.118,21.342,Mix_LargePct50EMA_PctAbove200EMA_SmallPct200EMA,75,Risk-off
2026-02-05,51.112,33.805,31.514,27.018,14.373,5.373,0.497,-1,1047.0,224.0,18,30,50.0,58.586,58.763,65.263,57.047,49.324,55.714,49.2,42.798,44.783,50.474,29.91,25.639,21.231,Mix_LargePct50EMA_PctAbove200EMA_SmallPct200EMA,75,Risk-off
2026-02-06,50.414,34.454,31.134,20.502,12.015,3.46,0.995,2,491.0,306.0,22,34,38.983,57.576,54.639,62.105,59.732,50.0,57.857,43.2,38.525,43.29,50.251,31.49,25.35,18.566,Mix_LargePct50EMA_PctAbove200EMA_SmallPct200EMA,75,Risk-off
2026-02-09,68.423,47.419,36.101,48.135,30.945,11.635,4.586,0,660.0,262.0,29,24,58.333,64.646,62.887,64.211,70.47,62.162,65.0,70.8,52.653,49.569,68.131,44.626,30.104,26.339,Mix_LargePct50EMA_PctAbove200EMA_SmallPct200EMA,75,Risk-off
2026-02-10,72.22,51.7,37.257,22.983,19.443,4.905,1.823,0,760.0,181.0,34,13,60.0,69.697,63.918,66.316,71.812,64.865,65.714,73.494,54.508,48.485,72.216,49.55,31.566,26.943,Mix_LargePct50EMA_PctAbove200EMA_SmallPct200EMA,75,Risk-off
2026-02-11,68.249,50.352,37.032,9.313,12.714,4.046,1.425,-1,794.0,166.0,46,11,64.0,61.616,61.856,64.211,69.799,65.541,67.376,69.88,56.967,49.784,68.26,47.558,31.06,26.116,Mix_LargePct50EMA_PctAbove200EMA_SmallPct200EMA,75,Risk-off
2026-02-12,59.512,45.639,35.799,8.4,11.833,4.285,0.919,2,393.0,280.0,56,9,65.333,65.657,60.825,63.158,63.087,58.784,63.121,60.241,51.639,48.908,58.778,42.897,30.049,24.883,Mix_LargePct50EMA_PctAbove200EMA_SmallPct200EMA,75,Risk-off
2026-02-13,43.404,35.11,32.859,-7.01,0.656,1.725,0.298,2,261.0,455.0,46,21,26.437,49.495,46.392,60.0,50.336,50.0,57.447,47.791,45.082,44.978,41.889,31.892,27.494,16.568,Mix_LargePct50EMA_PctAbove200EMA_SmallPct200EMA,75,Risk-off
2026-02-16,41.87,35.255,33.318,-26.554,-12.164,-2.783,1.63,0,215.0,519.0,53,27,33.333,51.0,47.423,61.053,57.333,56.376,60.563,52.016,45.902,46.753,38.679,31.369,27.467,17.789,Mix_LargePct50EMA_PctAbove200EMA_SmallPct200EMA,75,Risk-off
2026-02-17,47.631,38.566,33.934,-24.588,-13.133,-3.323,1.553,2,279.0,414.0,65,21,41.509,49.0,50.515,62.105,60.0,59.333,60.14,55.242,49.794,48.261,45.48,34.641,28.015,19.368,Mix_LargePct50EMA_PctAbove200EMA_SmallPct200EMA,75,Risk-off
2026-02-18,50.348,41.681,35.104,-17.901,-8.671,-1.927,2.455,0,320.0,221.0,78,19,54.167,56.0,57.732,63.158,66.0,66.0,61.538,58.635,55.144,49.782,47.585,36.925,29.129,23.378,Mix_LargePct50EMA_PctAbove200EMA_SmallPct200EMA,75,Risk-off
2026-02-19,36.36,33.729,31.833,-23.153,-11.91,-3.966,0.464,-1,304.0,177.0,102,12,44.828,42.0,52.577,61.053,60.0,55.333,57.639,47.791,48.98,44.828,32.501,28.788,26.037,18.233,Mix_LargePct50EMA_PctAbove200EMA_SmallPct200EMA,75,Risk-off
2026-02-20,37.81,34.446,32.227,-5.595,-0.664,-0.632,2.046,0,225.0,190.0,112,15,51.515,48.0,54.082,62.105,60.667,60.667,56.944,44.578,45.935,44.397,34.406,29.574,26.602,18.949,Mix_LargePct50EMA_PctAbove200EMA_SmallPct200EMA,75,Risk-off
2026-02-23,39.522,35.385,32.907,-2.348,0.129,-0.41,1.358,-2,213.0,235.0,103,15,33.333,50.0,54.082,63.158,63.333,61.333,59.028,49.799,48.387,45.923,35.536,30.354,27.012,19.862,Mix_LargePct50EMA_PctAbove200EMA_SmallPct200EMA,75,Risk-off
2026-02-24,32.347,31.104,30.944,-15.285,-7.462,-2.989,0.816,-1,185.0,276.0,119,20,36.364,50.0,53.061,61.053,57.333,59.333,57.639,42.8,42.742,44.017,27.824,25.886,24.969,18.098,Mix_LargePct50EMA_PctAbove200EMA_SmallPct200EMA,75,Risk-off
2026-02-25,36.202,33.611,31.928,-14.146,-8.07,-3.176,2.026,-2,199.0,291.0,110,20,50.0,55.0,54.545,56.701,66.667,64.43,62.676,51.2,46.774,45.299,30.539,28.043,25.885,19.319,Mix_LargePct50EMA_PctAbove200EMA_SmallPct200EMA,75,Risk-off
2026-02-26,38.01,34.342,31.833,1.651,0.613,0.0,1.555,-3,212.0,245.0,95,37,65.217,56.0,56.566,58.763,64.0,61.745,59.155,51.2,47.581,46.154,33.019,28.98,25.824,20.688,Mix_LargePct50EMA_PctAbove200EMA_SmallPct200EMA,75,Risk-off
2026-02-27,31.318,30.803,30.095,-6.492,-3.643,-2.133,0.414,-2,238.0,200.0,84,38,58.824,43.0,49.495,57.732,51.678,53.378,54.61,40.323,43.902,42.241,27.747,26.092,24.634,16.099,Mix_LargePct50EMA_PctAbove200EMA_SmallPct200EMA,75,Risk-off
2026-03-02,20.078,22.47,24.941,-19.444,-12.914,-7.966,0.479,-1,225.0,593.0,53,27,27.027,37.0,44.444,54.639,37.584,43.919,51.408,26.613,33.333,36.797,16.796,17.989,19.233,11.868,Mix_LargePct50EMA_PctAbove200EMA_SmallPct200EMA,75,Risk-off
2026-03-04,13.385,18.102,20.881,-18.961,-13.002,-10.064,0.274,-4,195.0,975.0,37,31,7.843,21.0,41.414,53.608,21.477,35.57,47.552,19.758,25.61,33.913,11.419,14.334,14.799,9.808,Mix_LargePct50EMA_PctAbove200EMA_SmallPct200EMA,75,Risk-off
2026-03-05,18.53,21.094,22.727,-17.672,-12.517,-9.201,2.706,0,311.0,909.0,29,43,33.333,26.0,41.0,55.102,28.859,42.568,48.951,25.403,29.675,36.087,16.315,17.03,16.636,10.424,Mix_LargePct50EMA_PctAbove200EMA_SmallPct200EMA,75,Risk-off
2026-03-06,17.862,20.358,22.017,-20.149,-13.984,-9.816,0.707,-1,332.0,521.0,25,44,30.952,24.0,39.0,53.061,32.215,41.892,50.35,23.387,29.268,34.783,15.576,16.323,15.905,9.474,Mix_LargePct50EMA_PctAbove200EMA_SmallPct200EMA,75,Risk-off
2026-03-09,12.723,14.884,18.487,-18.595,-15.919,-11.608,0.3,-1,303.0,558.0,27,61,34.783,20.0,26.0,46.939,22.148,29.054,45.455,18.145,23.984,30.0,10.797,11.853,12.835,4.996,Mix_LargePct50EMA_PctAbove200EMA_SmallPct200EMA,75,Risk-off
2026-03-10,19.774,19.353,21.155,-0.304,-3.117,-3.786,5.06,0,503.0,545.0,34,40,61.111,28.0,37.0,50.0,33.557,41.216,49.296,28.226,30.488,33.621,17.018,15.042,15.235,8.599,Mix_LargePct50EMA_PctAbove200EMA_SmallPct200EMA,75,Risk-off
2026-03-11,20.165,19.449,20.729,6.78,1.347,-0.152,0.528,-2,524.0,548.0,26,53,45.833,26.0,31.0,48.98,27.517,36.486,47.183,26.104,29.15,33.761,18.414,16.062,14.887,6.995,Mix_LargePct50EMA_PctAbove200EMA_SmallPct200EMA,75,Risk-off
2026-03-12,20.035,19.222,19.868,1.505,-1.872,-2.86,0.737,-2,580.0,179.0,16,61,71.429,25.0,29.0,47.959,34.228,37.838,46.479,26.908,29.15,32.189,17.637,15.775,14.138,5.996,Mix_LargePct50EMA_PctAbove200EMA_SmallPct200EMA,75,Risk-off
2026-03-13,9.996,13.499,16.84,-7.866,-6.859,-5.177,0.17,-5,231.0,705.0,14,106,30.769,12.0,25.0,42.857,14.765,25.676,37.324,12.45,19.028,28.326,9.151,11.093,11.883,4.231,Mix_LargePct50EMA_PctAbove200EMA_SmallPct200EMA,75,Risk-off
2026-03-16,8.839,11.693,16.706,-3.884,-3.191,-1.781,1.443,-5,183.0,843.0,14,121,34.783,11.0,17.0,40.816,13.333,21.622,39.86,13.253,17.48,27.897,7.739,9.789,11.672,2.578,Mix_LargePct50EMA_PctAbove200EMA_SmallPct200EMA,75,Risk-off
2026-03-17,11.362,13.624,17.722,-8.412,-5.729,-3.433,2.917,-2,226.0,803.0,14,80,22.727,19.0,30.0,44.898,14.667,25.0,39.86,18.474,24.797,30.769,9.685,10.245,12.31,5.823,Mix_LargePct50EMA_PctAbove200EMA_SmallPct200EMA,75,Risk-off
2026-03-18,22.391,17.627,19.868,2.225,-1.823,-0.861,4.217,0,629.0,269.0,14,30,50.0,27.0,30.0,50.0,23.333,27.027,42.361,33.871,27.755,33.19,20.486,14.786,14.225,6.551,Mix_LargePct50EMA_PctAbove200EMA_SmallPct200EMA,75,Risk-off
2026-03-19,11.991,10.951,16.321,-8.043,-8.271,-3.547,0.122,-4,592.0,553.0,12,72,44.444,11.0,18.0,41.837,12.667,19.463,31.724,19.355,18.443,28.571,10.982,8.838,11.725,2.714,Mix_LargePct50EMA_PctAbove200EMA_SmallPct200EMA,75,Risk-off
2026-03-20,16.494,14.061,17.358,6.498,0.562,0.518,1.953,-2,598.0,550.0,12,63,0.0,17.0,20.0,44.898,20.667,23.49,34.483,26.613,24.59,30.303,14.735,11.519,12.394,3.282,Mix_LargePct50EMA_PctAbove200EMA_SmallPct200EMA,75,Risk-off
2026-03-23,6.445,7.286,13.101,-2.394,-4.407,-3.605,0.135,-9,182.0,1796.0,8,128,18.182,7.0,12.0,38.776,9.333,12.081,24.828,9.677,14.754,23.377,5.733,5.614,9.102,0.938,Mix_LargePct50EMA_PctAbove200EMA_SmallPct200EMA,75,Risk-off
2026-03-24,12.111,10.593,15.457,0.749,-3.032,-2.265,8.329,-6,560.0,1345.0,14,96,50.0,10.0,15.0,39.796,14.667,18.792,31.034,21.457,19.342,26.522,10.744,8.491,11.098,1.912,Mix_LargePct50EMA_PctAbove200EMA_SmallPct200EMA,75,Risk-off
2026-03-25,21.166,14.248,17.475,-1.224,-3.378,-2.393,10.299,-3,710.0,1336.0,8,65,50.0,25.0,22.0,41.837,30.0,26.846,36.552,37.5,26.639,32.9,17.997,11.099,12.189,4.145,Mix_LargePct50EMA_PctAbove200EMA_SmallPct200EMA,75,Risk-off
2026-03-27,12.619,11.029,15.693,0.627,0.078,-0.628,0.259,-14,739.0,903.0,10,115,100.0,12.0,16.0,39.796,22.667,22.148,31.034,22.177,22.041,29.31,10.518,8.333,10.99,2.504,Mix_LargePct50EMA_PctAbove200EMA_SmallPct200EMA,75,Risk-off
2026-03-30,8.643,8.889,13.23,-7.85,-5.172,-4.129,0.196,-22,378.0,1821.0,7,273,88.889,9.0,13.0,34.694,10.0,16.0,26.712,14.516,17.959,25.751,7.709,6.833,8.986,1.246,Mix_LargePct50EMA_PctAbove200EMA_SmallPct200EMA,75,Risk-off
2026-04-01,21.262,14.392,16.627,14.817,7.105,3.527,6.774,-2,1399.0,1804.0,13,74,46.667,18.0,20.0,38.776,24.667,22.0,35.616,31.325,24.49,28.326,19.78,12.069,11.968,2.973,Mix_LargePct50EMA_PctAbove200EMA_SmallPct200EMA,75,Risk-off
2026-04-02,28.978,16.057,16.22,16.867,5.465,0.763,1.303,-1,1606.0,1018.0,15,51,90.0,22.0,23.0,33.673,26.667,24.667,34.932,35.081,24.49,28.017,28.72,13.81,11.872,3.306,Mix_LargePct50EMA_PctAbove200EMA_SmallPct200EMA,75,Risk-off
2026-04-06,42.162,20.217,17.52,20.996,5.969,0.045,5.629,0,1869.0,77.0,22,22,58.333,36.0,24.0,37.755,38.0,32.0,36.986,45.382,26.939,28.448,42.403,18.116,13.067,4.083,Mix_LargePct50EMA_PctAbove200EMA_SmallPct200EMA,75,Risk-off
2026-04-07,49.397,24.174,18.374,36.778,13.145,2.681,1.819,-1,734.0,91.0,31,17,77.778,40.0,28.0,41.837,42.0,33.333,36.986,49.398,28.98,28.448,50.521,22.548,13.923,5.292,Mix_LargePct50EMA_PctAbove200EMA_SmallPct200EMA,75,Risk-off
2026-04-08,87.683,46.89,23.966,79.04,38.001,10.736,11.922,0,1623.0,69.0,41,10,76.923,87.0,52.0,50.0,80.0,54.667,46.939,87.097,50.41,35.652,88.432,45.485,18.754,14.113,Mix_LargePct50EMA_PctAbove200EMA_SmallPct200EMA,75,Risk-off
2026-04-09,83.771,46.435,24.237,62.509,32.043,7.609,1.049,0,1446.0,91.0,45,9,82.353,81.0,52.0,51.02,76.0,50.667,48.98,79.757,51.44,35.371,85.104,45.102,18.912,14.125,Mix_LargePct50EMA_PctAbove200EMA_SmallPct200EMA,75,Risk-off
2026-04-10,89.97,61.766,28.699,60.992,45.709,12.479,6.587,2,1593.0,74.0,102,7,68.75,86.0,60.0,53.061,87.333,61.333,50.34,85.484,63.374,38.696,91.014,61.683,23.942,19.714,Mix_LargePct50EMA_PctAbove200EMA_SmallPct200EMA,75,Risk-off
2026-04-13,86.678,57.646,28.504,44.516,37.428,10.984,0.853,0,573.0,127.0,68,9,72.34,77.0,54.0,50.0,85.333,61.333,53.061,81.048,58.025,37.826,88.081,57.49,23.764,16.346,Mix_LargePct50EMA_PctAbove200EMA_SmallPct200EMA,75,Risk-off
2026-04-15,94.716,76.933,34.848,45.319,52.759,16.474,8.98,1,967.0,101.0,98,7,86.957,94.0,66.0,53.061,93.333,76.667,57.143,91.903,74.793,42.795,95.248,77.845,30.704,26.696,Mix_LargePct50EMA_PctAbove200EMA_SmallPct200EMA,75,Risk-off
2026-04-16,94.502,80.148,37.237,6.819,33.258,13.27,2.085,3,822.0,111.0,126,6,88.372,92.0,70.0,55.102,92.0,80.0,58.503,91.903,78.926,46.957,95.194,80.884,32.952,31.532,Mix_LargePct50EMA_PctAbove200EMA_SmallPct200EMA,75,Risk-off
2026-04-17,96.387,85.776,40.835,12.616,39.342,16.598,4.146,4,946.0,50.0,276,6,93.548,95.0,76.0,60.204,94.667,83.333,61.905,95.547,82.231,50.0,96.718,86.995,36.55,36.936,Mix_LargePct50EMA_PctAbove200EMA_SmallPct200EMA,75,Defensive
2026-04-20,93.619,81.594,39.216,3.649,19.828,10.517,1.037,5,531.0,121.0,282,8,75.439,93.0,74.0,59.184,93.333,83.333,60.544,93.927,82.231,51.082,93.634,81.783,34.514,35.739,Mix_LargePct50EMA_PctAbove200EMA_SmallPct200EMA,75,Defensive
2026-04-21,93.408,83.666,41.663,6.729,26.02,13.158,2.916,2,514.0,154.0,284,8,75.0,92.0,76.0,61.224,90.0,83.333,63.946,94.737,85.95,52.814,93.583,83.811,36.997,38.342,Mix_LargePct50EMA_PctAbove200EMA_SmallPct200EMA,75,Defensive
2026-04-22,91.998,84.279,43.417,-2.718,7.346,8.57,1.543,1,451.0,180.0,220,10,69.444,87.0,77.0,64.286,87.333,80.667,63.699,93.522,85.537,55.411,92.446,84.81,38.752,41.512,Mix_LargePct50EMA_PctAbove200EMA_SmallPct200EMA,75,Defensive
2026-04-23,87.516,79.091,41.546,-6.986,-1.057,4.31,0.744,2,463.0,156.0,308,11,55.385,77.0,66.0,63.265,80.667,74.667,63.014,86.29,81.818,53.68,88.81,79.813,36.722,33.099,Mix_LargePct50EMA_PctAbove200EMA_SmallPct200EMA,75,Risk-off
2026-04-24,77.032,69.541,37.256,-19.355,-16.236,-3.579,0.511,0,344.0,266.0,232,10,37.931,73.0,62.0,58.163,74.0,69.333,59.184,78.629,73.663,49.569,77.283,69.421,32.397,26.302,Mix_LargePct50EMA_PctAbove200EMA_SmallPct200EMA,75,Risk-off
2026-04-27,86.325,77.489,42.015,-7.294,-4.105,2.799,4.587,1,487.0,248.0,548,9,48.387,78.0,65.0,63.265,81.333,76.667,62.585,87.097,80.247,53.247,87.079,77.876,37.426,32.408,Mix_LargePct50EMA_PctAbove200EMA_SmallPct200EMA,75,Risk-off
2026-04-28,79.547,74.361,42.24,-13.86,-9.304,0.577,1.323,5,486.0,232.0,445,7,50.0,72.0,65.0,65.306,76.667,73.333,61.224,78.629,74.897,52.381,80.315,74.89,37.828,32.297,Mix_LargePct50EMA_PctAbove200EMA_SmallPct200EMA,75,Risk-off
2026-04-29,79.428,74.534,42.519,-12.57,-9.744,-0.899,2.105,3,552.0,131.0,355,8,66.667,73.0,69.0,64.286,76.0,72.667,59.459,79.116,75.82,52.609,80.098,74.821,38.365,35.048,Mix_LargePct50EMA_PctAbove200EMA_SmallPct200EMA,75,Defensive
2026-04-30,74.03,70.693,41.597,-13.486,-8.398,0.051,0.641,3,305.0,181.0,546,8,42.169,61.0,61.0,64.286,68.667,68.667,58.503,75.1,71.721,50.87,75.027,71.256,37.522,28.053,Mix_LargePct50EMA_PctAbove200EMA_SmallPct200EMA,75,Risk-off
2026-05-04,76.979,73.489,43.996,-0.053,3.948,6.74,2.786,7,438.0,181.0,878,8,58.065,67.0,66.0,65.306,74.0,70.0,58.503,78.8,77.551,54.783,77.514,73.641,40.012,34.962,Mix_LargePct50EMA_PctAbove200EMA_SmallPct200EMA,75,Risk-off
2026-05-05,73.935,72.287,44.62,-12.39,-5.202,2.605,1.291,4,458.0,175.0,495,8,44.776,65.0,66.0,68.041,70.0,70.667,56.757,73.6,73.061,54.545,74.784,72.662,40.833,35.11,Mix_LargePct50EMA_PctAbove200EMA_SmallPct200EMA,75,Defensive
2026-05-06,85.228,81.641,47.866,5.68,7.28,5.627,3.773,5,641.0,138.0,481,8,78.571,83.0,80.0,67.01,84.0,80.0,61.486,88.4,86.939,59.307,85.019,81.154,43.988,47.767,Mix_LargePct50EMA_PctAbove200EMA_SmallPct200EMA,75,Defensive
2026-05-07,87.489,84.728,51.437,8.061,10.194,8.918,1.86,12,645.0,110.0,478,6,77.686,86.0,82.0,73.196,83.333,78.667,62.838,90.8,89.388,64.502,87.459,84.75,47.384,59.487,Mix_LargePct50EMA_PctAbove200EMA_SmallPct200EMA,75,Selective
2026-05-08,83.277,81.94,51.83,9.247,11.247,10.233,1.123,9,666.0,114.0,448,6,71.951,79.0,80.0,72.165,79.333,78.667,61.905,85.6,86.585,65.665,83.514,81.689,47.86,59.006,Mix_LargePct50EMA_PctAbove200EMA_SmallPct200EMA,75,Selective
2026-05-11,67.502,72.739,47.222,-9.477,-0.75,3.226,0.616,4,498.0,293.0,237,7,47.482,60.0,64.0,61.856,62.667,70.0,57.823,75.2,80.081,63.09,67.26,72.453,43.256,39.502,Mix_LargePct50EMA_PctAbove200EMA_SmallPct200EMA,75,Defensive
2026-05-12,38.419,56.269,38.426,-35.516,-16.018,-6.194,0.23,4,295.0,959.0,162,7,16.667,32.0,54.0,57.732,38.0,57.333,54.422,48.8,68.421,53.846,37.399,54.66,33.769,24.5,Mix_LargePct50EMA_PctAbove200EMA_SmallPct200EMA,75,Risk-off
2026-05-13,43.957,57.974,39.88,-41.27,-23.667,-7.987,2.007,6,328.0,968.0,124,5,20.144,44.0,55.0,59.794,48.0,61.745,53.425,51.2,70.968,55.128,42.649,56.061,35.434,26.388,Mix_LargePct50EMA_PctAbove200EMA_SmallPct200EMA,75,Risk-off
2026-05-14,46.085,57.457,40.602,-41.404,-27.271,-10.835,2.319,1,337.0,842.0,126,7,17.442,48.0,57.0,60.825,55.333,64.43,56.849,52.8,66.935,57.265,44.324,55.623,35.71,29.003,Mix_LargePct50EMA_PctAbove200EMA_SmallPct200EMA,75,Risk-off
2026-05-15,40.809,55.196,39.056,-42.468,-26.743,-12.774,0.776,4,369.0,283.0,90,6,25.0,44.0,58.0,57.732,49.333,61.745,60.274,45.2,62.249,50.213,39.351,53.542,34.581,25.339,Mix_LargePct50EMA_PctAbove200EMA_SmallPct200EMA,75,Risk-off
2026-05-18,30.239,45.634,35.628,-37.263,-27.105,-11.594,0.794,4,257.0,450.0,69,10,14.286,38.0,50.0,55.67,40.0,57.718,56.164,37.2,55.422,48.511,28.17,43.076,30.902,19.961,Mix_LargePct50EMA_PctAbove200EMA_SmallPct200EMA,75,Risk-off
2026-05-19,38.772,50.602,37.818,0.353,-5.667,-0.608,2.09,1,334.0,403.0,63,12,31.667,44.0,56.0,56.701,49.333,57.047,56.164,46.8,60.643,51.489,36.637,48.414,33.234,24.13,Mix_LargePct50EMA_PctAbove200EMA_SmallPct200EMA,75,Risk-off
2026-05-20,41.581,51.009,38.476,-2.377,-6.965,-1.404,1.606,1,375.0,327.0,68,6,36.364,44.0,56.0,56.701,51.333,58.389,57.241,46.8,61.6,53.165,40.021,48.689,33.749,25.191,Mix_LargePct50EMA_PctAbove200EMA_SmallPct200EMA,75,Risk-off
2026-05-21,45.833,53.935,39.87,-0.252,-3.521,-0.731,1.558,0,453.0,131.0,73,5,52.381,50.0,56.0,59.794,55.034,62.162,59.028,50.8,62.4,53.39,44.26,51.998,35.193,25.833,Mix_LargePct50EMA_PctAbove200EMA_SmallPct200EMA,75,Risk-off
2026-05-22,47.654,54.374,40.582,6.846,-0.822,1.526,1.667,4,388.0,159.0,71,9,53.571,49.0,56.0,58.763,57.718,63.514,57.639,51.6,62.0,54.043,46.297,52.508,36.213,26.585,Mix_LargePct50EMA_PctAbove200EMA_SmallPct200EMA,75,Risk-off
2026-05-25,60.485,62.323,43.707,30.246,16.689,8.078,4.139,7,501.0,155.0,86,5,50.0,62.0,66.0,63.918,71.141,72.297,61.806,64.8,69.2,57.447,59.027,60.381,39.102,36.541,Mix_LargePct50EMA_PctAbove200EMA_SmallPct200EMA,75,Defensive
2026-05-26,59.399,61.123,44.332,20.627,10.521,6.514,1.375,3,484.0,184.0,101,5,52.632,66.0,66.0,62.887,71.812,70.946,62.5,65.2,70.8,58.723,57.35,58.747,39.728,37.195,Mix_LargePct50EMA_PctAbove200EMA_SmallPct200EMA,75,Defensive
2026-05-27,60.683,62.28,45.367,19.103,11.271,6.891,2.257,3,536.0,180.0,81,4,45.161,68.0,64.0,63.918,72.483,74.324,61.806,66.0,70.8,59.574,58.705,60.054,40.933,35.973,Mix_LargePct50EMA_PctAbove200EMA_SmallPct200EMA,75,Defensive
2026-05-29,48.89,55.479,42.1,3.056,1.544,2.23,0.44,7,434.0,327.0,83,8,51.351,55.0,61.0,61.856,58.389,63.514,56.944,51.6,60.4,54.468,47.491,53.863,37.994,30.052,Mix_LargePct50EMA_PctAbove200EMA_SmallPct200EMA,75,Risk-off
2026-06-01,36.842,48.48,39.669,-10.812,-5.894,-0.913,0.548,3,406.0,473.0,81,11,27.273,50.0,56.0,60.825,42.953,57.047,56.944,41.2,56.225,53.814,35.127,46.326,35.024,26.005,Mix_LargePct50EMA_PctAbove200EMA_SmallPct200EMA,75,Risk-off
2026-06-02,42.328,51.178,41.195,-18.157,-11.145,-2.511,2.155,7,421.0,458.0,95,9,29.851,52.0,58.0,65.979,48.322,60.403,54.167,51.2,60.241,54.043,40.217,48.83,36.904,27.942,Mix_LargePct50EMA_PctAbove200EMA_SmallPct200EMA,75,Risk-off
2026-06-03,38.889,48.8,40.432,-20.511,-12.323,-3.899,1.139,5,379.0,342.0,80,14,38.462,47.0,53.0,62.887,48.322,57.047,55.556,48.0,57.43,53.191,36.561,46.732,36.101,24.513,Mix_LargePct50EMA_PctAbove200EMA_SmallPct200EMA,75,Risk-off
2026-06-04,43.339,49.187,41.774,-17.345,-13.093,-3.593,1.774,8,427.0,169.0,95,12,34.884,49.0,55.0,62.887,53.691,59.06,56.25,51.6,58.635,53.846,41.18,46.793,37.684,26.351,Mix_LargePct50EMA_PctAbove200EMA_SmallPct200EMA,75,Risk-off
2026-06-05,42.516,50.236,41.97,-6.373,-5.244,-0.131,1.07,2,361.0,184.0,80,13,23.256,43.0,52.0,61.856,52.0,57.718,57.639,50.0,59.438,55.128,40.787,48.285,37.691,25.993,Mix_LargePct50EMA_PctAbove200EMA_SmallPct200EMA,75,Risk-off
2026-06-08,29.119,37.757,37.977,-7.723,-10.723,-1.692,0.305,2,313.0,355.0,53,28,25.0,30.0,41.0,59.794,36.0,51.007,54.167,38.8,49.398,53.419,27.282,34.929,33.235,19.652,Mix_LargePct50EMA_PctAbove200EMA_SmallPct200EMA,75,Risk-off
2026-06-09,39.835,47.177,40.736,-2.493,-4.001,-0.46,3.42,-1,396.0,351.0,63,27,28.205,44.0,51.0,63.918,50.0,57.718,59.028,50.4,55.823,54.936,37.461,44.946,35.92,25.08,Mix_LargePct50EMA_PctAbove200EMA_SmallPct200EMA,75,Risk-off
2026-06-10,31.62,39.29,38.476,-7.269,-9.51,-1.957,0.572,0,350.0,448.0,63,27,18.421,38.0,43.0,58.763,38.667,49.664,54.861,44.0,51.004,53.419,29.141,36.665,33.881,20.454,Mix_LargePct50EMA_PctAbove200EMA_SmallPct200EMA,75,Risk-off
2026-06-11,26.173,34.799,36.163,-17.166,-14.388,-5.611,0.67,0,355.0,326.0,72,16,46.667,28.0,44.0,57.732,34.0,45.638,54.167,36.4,46.586,51.282,24.145,31.833,31.338,18.863,Mix_LargePct50EMA_PctAbove200EMA_SmallPct200EMA,75,Risk-off
2026-06-12,48.089,48.229,42.569,5.572,-2.007,0.599,10.829,2,564.0,300.0,90,13,62.963,50.0,54.0,63.918,58.0,59.06,56.944,58.0,59.6,57.265,45.939,45.499,38.123,28.547,Mix_LargePct50EMA_PctAbove200EMA_SmallPct200EMA,75,Risk-off
2026-06-15,64.474,60.009,45.946,35.355,22.252,7.969,4.251,2,793.0,167.0,103,11,64.516,62.0,59.0,67.01,68.667,68.456,62.937,72.8,70.8,60.256,63.199,57.918,41.369,34.135,Mix_LargePct50EMA_PctAbove200EMA_SmallPct200EMA,75,Risk-off
2026-06-16,67.05,63.501,46.52,27.215,16.324,5.785,2.077,2,889.0,80.0,111,9,70.0,67.0,64.0,68.75,68.667,69.799,61.806,79.2,74.4,62.128,65.357,61.493,41.837,38.268,Mix_LargePct50EMA_PctAbove200EMA_SmallPct200EMA,75,Defensive
2026-06-17,68.27,65.177,47.732,36.65,25.886,9.257,2.575,1,587.0,100.0,132,7,70.69,73.0,67.0,73.958,72.667,72.483,61.806,78.8,75.2,63.675,66.322,63.135,42.891,42.993,Mix_LargePct50EMA_PctAbove200EMA_SmallPct200EMA,75,Defensive
2026-06-18,70.806,66.411,48.535,44.633,31.612,12.371,1.975,3,435.0,109.0,128,6,71.034,71.0,69.0,73.958,76.0,73.154,64.336,81.6,75.2,64.681,68.996,64.541,43.567,50.247,Mix_LargePct50EMA_PctAbove200EMA_SmallPct200EMA,75,Selective
2026-06-19,68.845,66.794,49.452,20.756,18.566,6.883,1.247,4,440.0,102.0,124,4,68.235,74.0,67.0,77.083,75.333,73.154,65.035,75.2,74.4,65.678,67.253,65.243,44.367,50.185,Mix_LargePct50EMA_PctAbove200EMA_SmallPct200EMA,75,Selective
2026-06-22,72.828,69.885,52.077,8.354,9.877,6.131,2.87,3,500.0,100.0,123,5,72.222,73.0,71.0,76.042,82.0,76.51,71.329,80.8,77.6,66.102,71.082,68.251,47.203,54.268,Mix_LargePct50EMA_PctAbove200EMA_SmallPct200EMA,75,Selective
2026-06-23,63.969,63.687,49.201,-3.081,0.186,2.68,0.444,1,423.0,170.0,103,6,36.434,62.0,62.0,72.632,75.168,72.297,66.434,72.0,74.0,63.83,62.171,61.696,44.464,39.921,Mix_LargePct50EMA_PctAbove200EMA_SmallPct200EMA,75,Defensive
2026-06-24,63.218,63.915,50.639,-5.051,-1.262,2.907,1.768,2,371.0,192.0,92,9,44.961,63.0,61.0,68.421,75.839,72.973,68.531,70.0,75.2,64.957,61.384,61.825,46.217,45.682,Mix_LargePct50EMA_PctAbove200EMA_SmallPct200EMA,75,Defensive
2026-06-25,55.738,60.485,48.836,-15.068,-5.926,0.301,0.913,-1,231.0,259.0,91,9,29.05,59.0,67.0,67.368,64.43,70.946,64.336,65.6,71.486,64.378,53.632,57.821,44.419,49.038,Mix_LargePct50EMA_PctAbove200EMA_SmallPct200EMA,75,Defensive
2026-06-29,48.075,55.485,47.129,-20.77,-11.31,-2.323,1.042,0,257.0,263.0,75,15,42.5,50.505,58.586,64.894,54.11,66.207,64.286,57.6,65.863,61.538,46.276,53.093,42.816,35.307,Mix_LargePct50EMA_PctAbove200EMA_SmallPct200EMA,75,Defensive
2026-06-30,53.093,56.93,48.428,-19.735,-12.955,-3.648,1.347,1,306.0,248.0,87,9,41.333,52.525,59.596,68.085,63.014,69.655,65.0,65.2,69.076,62.393,50.822,54.169,44.123,37.367,Mix_LargePct50EMA_PctAbove200EMA_SmallPct200EMA,75,Defensive
2026-07-01,56.183,58.943,49.409,-7.785,-4.744,0.208,1.77,2,383.0,199.0,100,7,51.948,60.606,64.646,69.149,61.644,68.966,68.571,67.2,73.2,66.524,54.135,56.046,44.483,49.396,Mix_LargePct50EMA_PctAbove200EMA_SmallPct200EMA,75,Defensive
2026-07-02,62.597,63.16,51.776,-0.621,-0.755,1.137,2.608,3,466.0,116.0,95,8,54.667,59.794,65.979,69.565,68.243,74.15,74.648,73.2,74.4,66.094,60.946,60.725,47.021,50.814,Mix_LargePct50EMA_PctAbove200EMA_SmallPct200EMA,75,Selective
2026-07-03,61.891,63.715,52.66,6.153,3.23,3.824,1.305,0,421.0,134.0,100,7,65.06,56.25,62.5,72.527,63.087,70.946,72.727,70.8,76.0,66.953,60.934,61.634,48.037,49.186,Mix_LargePct50EMA_PctAbove200EMA_SmallPct200EMA,75,Defensive
2026-07-06,59.002,62.577,53.227,10.926,7.092,6.099,1.661,3,395.0,139.0,82,10,68.75,54.167,64.583,72.527,66.443,68.919,72.917,70.0,75.6,67.672,57.26,60.31,48.644,51.554,Mix_LargePct50EMA_PctAbove200EMA_SmallPct200EMA,75,Selective
2026-07-07,53.443,59.027,51.432,0.35,2.097,3.004,0.85,1,269.0,202.0,75,8,41.0,47.423,59.794,71.739,61.486,65.986,71.127,61.6,71.6,67.521,52.082,56.832,46.563,47.212,Mix_LargePct50EMA_PctAbove200EMA_SmallPct200EMA,75,Defensive
2026-07-08,31.596,46.182,45.244,-24.587,-12.76,-4.165,0.356,0,202.0,415.0,73,11,16.964,31.959,45.361,64.13,42.282,57.143,64.539,45.6,60.8,62.128,28.954,43.494,40.37,29.497,Mix_LargePct50EMA_PctAbove200EMA_SmallPct200EMA,75,Risk-off
2026-07-09,44.144,53.174,47.773,-18.453,-9.986,-4.003,3.626,0,308.0,382.0,85,9,24.194,31.959,50.515,63.043,55.034,62.585,68.085,57.2,68.0,63.83,42.24,50.673,43.129,33.938,Mix_LargePct50EMA_PctAbove200EMA_SmallPct200EMA,75,Risk-off
2026-07-10,56.885,59.909,51.113,-5.006,-3.806,-1.547,4.698,1,428.0,312.0,115,6,54.237,52.083,60.417,68.132,67.333,69.595,70.423,70.4,76.8,69.362,54.578,56.958,46.163,48.409,Mix_LargePct50EMA_PctAbove200EMA_SmallPct200EMA,75,Defensive
2026-07-13,58.97,61.862,52.087,-0.031,-0.716,-1.14,1.506,2,531.0,74.0,150,5,64.286,53.0,58.763,66.304,64.667,67.568,71.127,70.8,74.699,71.064,57.319,59.928,47.205,48.951,Mix_LargePct50EMA_PctAbove200EMA_SmallPct200EMA,75,Defensive
2026-07-14,49.775,56.101,50.748,-3.668,-2.927,-0.684,0.774,0,361.0,136.0,88,9,53.448,50.0,54.639,65.217,55.705,62.838,69.014,59.6,69.758,69.068,48.047,53.906,45.994,45.238,Mix_LargePct50EMA_PctAbove200EMA_SmallPct200EMA,75,Defensive
2026-07-15,52.367,57.548,51.54,20.771,11.366,6.296,1.936,-1,295.0,159.0,75,11,44.304,53.0,60.825,67.391,63.087,68.243,69.231,66.8,72.177,69.787,49.667,54.696,46.778,49.038,Mix_LargePct50EMA_PctAbove200EMA_SmallPct200EMA,75,Defensive
2026-07-16,49.653,56.191,50.045,5.509,3.017,2.273,1.086,0,228.0,176.0,67,12,31.193,50.0,58.163,65.591,58.667,64.189,66.197,61.847,70.85,67.234,47.387,53.612,45.57,45.534,Mix_LargePct50EMA_PctAbove200EMA_SmallPct200EMA,75,Defensive
2026-07-17,45.403,53.745,50.0,-11.483,-6.164,-1.113,1.372,-2,217.0,182.0,51,12,38.462,55.0,61.224,64.516,52.0,63.514,67.133,55.823,70.04,66.667,43.07,50.542,45.57,46.879,Mix_LargePct50EMA_PctAbove200EMA_SmallPct200EMA,75,Defensive
2026-07-20,48.976,56.178,50.726,-9.994,-5.684,-1.361,1.73,0,219.0,181.0,60,12,49.18,52.0,57.143,65.591,59.333,68.919,72.028,61.446,69.355,67.094,46.423,53.464,45.963,45.287,Mix_LargePct50EMA_PctAbove200EMA_SmallPct200EMA,75,Defensive
2026-07-21,50.204,56.104,51.538,0.429,0.003,0.79,1.891,-1,244.0,169.0,51,14,47.368,54.0,58.163,67.742,58.389,68.027,73.239,61.044,70.565,67.521,48.0,53.247,46.755,46.41,Mix_LargePct50EMA_PctAbove200EMA_SmallPct200EMA,75,Defensive
2026-07-22,39.518,50.576,48.304,-12.85,-6.972,-3.236,0.516,-1,256.0,191.0,41,16,40.625,45.0,52.041,63.441,46.309,61.224,69.014,49.398,63.306,65.812,37.455,48.064,43.456,41.044,Mix_LargePct50EMA_PctAbove200EMA_SmallPct200EMA,75,Defensive
2026-07-23,31.861,43.74,46.787,-17.792,-12.451,-3.258,0.543,-1,222.0,223.0,45,14,28.846,36.0,46.939,62.366,32.886,53.741,65.493,43.145,60.729,62.661,30.133,40.651,42.308,31.261,Mix_LargePct50EMA_PctAbove200EMA_SmallPct200EMA,75,Risk-off
2026-07-24,30.857,44.636,47.52,-14.545,-9.109,-2.48,0.82,-3,208.0,229.0,41,9,23.438,37.0,45.918,63.441,30.201,55.782,64.789,39.516,61.134,64.655,29.493,41.628,43.004,37.602,Mix_LargePct50EMA_PctAbove200EMA_SmallPct200EMA,75,Defensive
2026-07-27,45.388,51.089,48.763,-3.588,-5.089,-1.963,4.06,0,328.0,164.0,51,8,52.5,49.0,51.02,66.667,48.322,58.503,66.197,54.435,66.397,67.094,43.83,48.583,43.957,41.883,Mix_LargePct50EMA_PctAbove200EMA_SmallPct200EMA,75,Defensive
2026-07-28,37.042,46.897,46.697,-13.163,-9.207,-4.842,0.957,0,306.0,215.0,51,9,47.059,48.0,50.0,65.957,44.295,55.782,64.539,46.774,62.195,66.094,34.696,44.13,41.662,39.761,Mix_LargePct50EMA_PctAbove200EMA_SmallPct200EMA,75,Defensive
2026-07-29,44.517,51.131,49.146,4.999,0.555,0.842,3.618,0,375.0,219.0,56,9,61.538,57.0,58.586,68.085,50.676,61.379,66.429,53.226,69.106,69.787,42.31,47.707,43.989,46.879,Mix_LargePct50EMA_PctAbove200EMA_SmallPct200EMA,75,Defensive
2026-07-30,40.204,47.697,48.518,8.343,3.958,1.73,1.013,0,256.0,263.0,47,8,44.595,57.0,55.556,67.368,47.297,58.621,69.286,46.774,64.228,66.239,37.979,44.387,43.483,42.894,Mix_LargePct50EMA_PctAbove200EMA_SmallPct200EMA,75,Defensive
2026-07-31,45.932,50.781,50.404,15.075,6.144,2.884,2.384,-1,365.0,187.0,42,11,70.968,61.0,61.616,70.526,61.486,64.138,72.143,51.406,63.415,67.949,43.294,47.634,45.253,47.977,Mix_LargePct50EMA_PctAbove200EMA_SmallPct200EMA,75,Defensive
2026-08-03,60.008,58.456,53.519,14.62,7.367,4.756,3.004,8,462.0,176.0,47,13,73.494,72.727,67.347,73.404,68.919,66.207,75.714,65.06,72.358,70.638,58.053,55.675,48.411,55.527,Mix_LargePct50EMA_PctAbove200EMA_SmallPct200EMA,75,Selective
2026-08-04,58.079,57.26,53.563,21.037,10.363,6.867,1.034,-1,533.0,149.0,52,13,60.87,71.717,68.367,74.194,66.216,64.138,73.05,59.6,68.699,71.064,56.582,54.746,48.581,56.366,Mix_LargePct50EMA_PctAbove200EMA_SmallPct200EMA,75,Selective
2026-08-05,63.181,60.82,54.684,18.665,9.688,5.538,1.858,3,527.0,145.0,58,12,72.826,74.747,71.429,74.468,67.568,68.276,75.0,67.2,69.512,71.915,61.754,58.637,49.716,64.138,Mix_LargePct50EMA_PctAbove200EMA_SmallPct200EMA,75,Selective
2026-08-06,62.856,61.214,55.038,22.652,13.516,6.521,1.149,0,393.0,177.0,72,10,62.887,70.408,68.041,70.968,67.568,72.414,73.571,65.6,71.138,70.213,61.774,58.79,50.708,61.855,Mix_LargePct50EMA_PctAbove200EMA_SmallPct200EMA,75,Selective
2026-08-07,60.366,60.401,55.257,14.434,9.621,4.853,1.545,2,388.0,210.0,66,14,50.407,69.388,75.258,73.118,64.865,72.414,74.286,59.2,67.48,69.915,59.725,57.881,50.849,65.902,Mix_LargePct50EMA_PctAbove200EMA_SmallPct200EMA,75,Constructive
2026-08-10,57.741,60.475,55.065,-2.267,2.018,1.546,1.515,3,386.0,279.0,65,15,55.488,71.429,74.227,72.043,62.162,70.345,73.571,55.6,67.48,67.797,56.997,58.18,51.016,64.138,Mix_LargePct50EMA_PctAbove200EMA_SmallPct200EMA,75,Selective
2026-08-11,54.575,57.821,54.574,-3.504,0.561,1.01,1.201,3,396.0,301.0,69,13,47.904,67.347,73.958,71.739,59.732,67.123,73.05,54.8,63.821,68.22,53.517,55.578,50.395,63.928,Mix_LargePct50EMA_PctAbove200EMA_SmallPct200EMA,75,Selective
2026-08-12,52.073,55.879,52.387,-11.108,-4.941,-2.297,1.211,1,396.0,317.0,86,11,54.11,72.165,77.895,72.527,57.718,64.138,72.857,55.2,63.968,65.401,50.255,53.173,47.998,57.945,Mix_LargePct50EMA_PctAbove200EMA_SmallPct200EMA,75,Selective
2026-08-13,52.478,55.997,53.009,-10.378,-5.217,-2.029,1.264,2,388.0,296.0,85,11,49.032,68.041,76.842,72.222,60.403,65.517,70.922,54.8,64.777,68.644,50.814,53.17,48.536,59.61,Mix_LargePct50EMA_PctAbove200EMA_SmallPct200EMA,75,Selective
2026-08-14,49.878,53.912,52.143,-10.488,-6.489,-3.114,1.06,1,364.0,296.0,81,13,38.835,68.041,77.083,73.626,56.376,63.448,69.504,50.8,61.382,66.383,48.371,51.126,47.772,57.908,Mix_LargePct50EMA_PctAbove200EMA_SmallPct200EMA,75,Selective
