Model,Features,Threshold,Trades,Success15Before7Pct,Stop7Before15Pct,AverageRuleBasedReturnPct,Average20DayReturnPct
Top_3_Equal,MidPct50EMA | SmallPct50EMA | LargePct50EMA,50,35618,30.061,42.709,2.256,3.304
Top_3_Equal,MidPct50EMA | SmallPct50EMA | LargePct50EMA,55,32571,30.073,42.4,2.287,3.311
Top_3_Equal,MidPct50EMA | SmallPct50EMA | LargePct50EMA,60,28808,30.28,42.197,2.308,3.405
Top_3_Equal,MidPct50EMA | SmallPct50EMA | LargePct50EMA,65,24467,31.075,41.01,2.514,3.699
Top_3_Equal,MidPct50EMA | SmallPct50EMA | LargePct50EMA,70,20322,31.04,40.769,2.535,3.892
Top_3_Equal,MidPct50EMA | SmallPct50EMA | LargePct50EMA,75,16979,31.297,40.432,2.596,4.062
Top_3_Equal,MidPct50EMA | SmallPct50EMA | LargePct50EMA,80,12652,31.299,40.183,2.621,4.223
Top_4_Equal,MidPct50EMA | SmallPct50EMA | LargePct50EMA | PctAbove200EMA,50,37387,29.641,44.304,2.05,3.181
Top_4_Equal,MidPct50EMA | SmallPct50EMA | LargePct50EMA | PctAbove200EMA,55,32226,29.886,43.667,2.141,3.202
Top_4_Equal,MidPct50EMA | SmallPct50EMA | LargePct50EMA | PctAbove200EMA,60,27629,30.522,43.049,2.282,3.387
Top_4_Equal,MidPct50EMA | SmallPct50EMA | LargePct50EMA | PctAbove200EMA,65,22773,30.624,42.66,2.31,3.567
Top_4_Equal,MidPct50EMA | SmallPct50EMA | LargePct50EMA | PctAbove200EMA,70,17460,31.26,40.979,2.559,3.995
Top_4_Equal,MidPct50EMA | SmallPct50EMA | LargePct50EMA | PctAbove200EMA,75,13849,31.439,40.241,2.643,4.095
Top_4_Equal,MidPct50EMA | SmallPct50EMA | LargePct50EMA | PctAbove200EMA,80,10612,30.692,41.679,2.376,3.97
Top_5_Equal,MidPct50EMA | SmallPct50EMA | LargePct50EMA | PctAbove200EMA | PctAbove50EMA,50,36602,29.963,43.697,2.145,3.19
Top_5_Equal,MidPct50EMA | SmallPct50EMA | LargePct50EMA | PctAbove200EMA | PctAbove50EMA,55,32443,29.757,43.88,2.1,3.107
Top_5_Equal,MidPct50EMA | SmallPct50EMA | LargePct50EMA | PctAbove200EMA | PctAbove50EMA,60,28222,30.023,43.806,2.114,3.223
Top_5_Equal,MidPct50EMA | SmallPct50EMA | LargePct50EMA | PctAbove200EMA | PctAbove50EMA,65,23646,30.441,43.086,2.235,3.412
Top_5_Equal,MidPct50EMA | SmallPct50EMA | LargePct50EMA | PctAbove200EMA | PctAbove50EMA,70,18282,30.965,42.085,2.408,3.624
Top_5_Equal,MidPct50EMA | SmallPct50EMA | LargePct50EMA | PctAbove200EMA | PctAbove50EMA,75,14143,30.927,41.335,2.454,3.871
Top_5_Equal,MidPct50EMA | SmallPct50EMA | LargePct50EMA | PctAbove200EMA | PctAbove50EMA,80,10574,30.462,41.763,2.333,4.022
Top_6_Equal,MidPct50EMA | SmallPct50EMA | LargePct50EMA | PctAbove200EMA | PctAbove50EMA | MicroPct200EMA,50,38108,29.485,44.951,1.959,3.03
Top_6_Equal,MidPct50EMA | SmallPct50EMA | LargePct50EMA | PctAbove200EMA | PctAbove50EMA | MicroPct200EMA,55,32191,29.751,44.155,2.07,3.092
Top_6_Equal,MidPct50EMA | SmallPct50EMA | LargePct50EMA | PctAbove200EMA | PctAbove50EMA | MicroPct200EMA,60,27258,30.043,44.53,2.067,3.17
Top_6_Equal,MidPct50EMA | SmallPct50EMA | LargePct50EMA | PctAbove200EMA | PctAbove50EMA | MicroPct200EMA,65,22441,30.894,43.296,2.295,3.565
Top_6_Equal,MidPct50EMA | SmallPct50EMA | LargePct50EMA | PctAbove200EMA | PctAbove50EMA | MicroPct200EMA,70,17874,30.681,42.738,2.304,3.57
Top_6_Equal,MidPct50EMA | SmallPct50EMA | LargePct50EMA | PctAbove200EMA | PctAbove50EMA | MicroPct200EMA,75,13454,30.058,42.731,2.212,3.683
Top_6_Equal,MidPct50EMA | SmallPct50EMA | LargePct50EMA | PctAbove200EMA | PctAbove50EMA | MicroPct200EMA,80,9427,30.179,43.344,2.145,3.809
Mix_MidPct50EMA_SmallPct50EMA_LargePct50EMA,MidPct50EMA | SmallPct50EMA | LargePct50EMA,50,35618,30.061,42.709,2.256,3.304
Mix_MidPct50EMA_SmallPct50EMA_LargePct50EMA,MidPct50EMA | SmallPct50EMA | LargePct50EMA,55,32571,30.073,42.4,2.287,3.311
Mix_MidPct50EMA_SmallPct50EMA_LargePct50EMA,MidPct50EMA | SmallPct50EMA | LargePct50EMA,60,28808,30.28,42.197,2.308,3.405
Mix_MidPct50EMA_SmallPct50EMA_LargePct50EMA,MidPct50EMA | SmallPct50EMA | LargePct50EMA,65,24467,31.075,41.01,2.514,3.699
Mix_MidPct50EMA_SmallPct50EMA_LargePct50EMA,MidPct50EMA | SmallPct50EMA | LargePct50EMA,70,20322,31.04,40.769,2.535,3.892
Mix_MidPct50EMA_SmallPct50EMA_LargePct50EMA,MidPct50EMA | SmallPct50EMA | LargePct50EMA,75,16979,31.297,40.432,2.596,4.062
Mix_MidPct50EMA_SmallPct50EMA_LargePct50EMA,MidPct50EMA | SmallPct50EMA | LargePct50EMA,80,12652,31.299,40.183,2.621,4.223
Mix_MidPct50EMA_SmallPct50EMA_PctAbove200EMA,MidPct50EMA | SmallPct50EMA | PctAbove200EMA,50,37710,29.578,44.5,2.017,2.976
Mix_MidPct50EMA_SmallPct50EMA_PctAbove200EMA,MidPct50EMA | SmallPct50EMA | PctAbove200EMA,55,32371,29.443,44.84,1.971,2.927
Mix_MidPct50EMA_SmallPct50EMA_PctAbove200EMA,MidPct50EMA | SmallPct50EMA | PctAbove200EMA,60,27039,30.275,43.766,2.18,3.339
Mix_MidPct50EMA_SmallPct50EMA_PctAbove200EMA,MidPct50EMA | SmallPct50EMA | PctAbove200EMA,65,21263,31.172,42.793,2.364,3.662
Mix_MidPct50EMA_SmallPct50EMA_PctAbove200EMA,MidPct50EMA | SmallPct50EMA | PctAbove200EMA,70,17926,31.613,41.42,2.537,3.964
Mix_MidPct50EMA_SmallPct50EMA_PctAbove200EMA,MidPct50EMA | SmallPct50EMA | PctAbove200EMA,75,14325,31.428,41.403,2.497,3.957
Mix_MidPct50EMA_SmallPct50EMA_PctAbove200EMA,MidPct50EMA | SmallPct50EMA | PctAbove200EMA,80,10238,31.305,41.395,2.48,4.169
Mix_MidPct50EMA_SmallPct50EMA_PctAbove50EMA,MidPct50EMA | SmallPct50EMA | PctAbove50EMA,50,36352,29.789,43.497,2.153,3.181
Mix_MidPct50EMA_SmallPct50EMA_PctAbove50EMA,MidPct50EMA | SmallPct50EMA | PctAbove50EMA,55,31668,29.68,43.47,2.109,3.064
Mix_MidPct50EMA_SmallPct50EMA_PctAbove50EMA,MidPct50EMA | SmallPct50EMA | PctAbove50EMA,60,28260,30.014,42.803,2.208,3.134
Mix_MidPct50EMA_SmallPct50EMA_PctAbove50EMA,MidPct50EMA | SmallPct50EMA | PctAbove50EMA,65,25570,30.07,42.937,2.203,3.168
Mix_MidPct50EMA_SmallPct50EMA_PctAbove50EMA,MidPct50EMA | SmallPct50EMA | PctAbove50EMA,70,21429,30.543,42.368,2.308,3.422
Mix_MidPct50EMA_SmallPct50EMA_PctAbove50EMA,MidPct50EMA | SmallPct50EMA | PctAbove50EMA,75,17787,31.028,41.047,2.498,3.684
Mix_MidPct50EMA_SmallPct50EMA_PctAbove50EMA,MidPct50EMA | SmallPct50EMA | PctAbove50EMA,80,13890,31.217,41.008,2.518,3.848
Mix_MidPct50EMA_SmallPct50EMA_MicroPct200EMA,MidPct50EMA | SmallPct50EMA | MicroPct200EMA,50,37642,29.661,44.53,2.021,3.009
Mix_MidPct50EMA_SmallPct50EMA_MicroPct200EMA,MidPct50EMA | SmallPct50EMA | MicroPct200EMA,55,32192,29.417,44.971,1.948,2.926
Mix_MidPct50EMA_SmallPct50EMA_MicroPct200EMA,MidPct50EMA | SmallPct50EMA | MicroPct200EMA,60,26767,30.168,44.237,2.116,3.277
Mix_MidPct50EMA_SmallPct50EMA_MicroPct200EMA,MidPct50EMA | SmallPct50EMA | MicroPct200EMA,65,21453,30.891,43.309,2.275,3.585
Mix_MidPct50EMA_SmallPct50EMA_MicroPct200EMA,MidPct50EMA | SmallPct50EMA | MicroPct200EMA,70,17926,31.613,41.42,2.537,3.964
Mix_MidPct50EMA_SmallPct50EMA_MicroPct200EMA,MidPct50EMA | SmallPct50EMA | MicroPct200EMA,75,14262,31.524,41.453,2.508,3.944
Mix_MidPct50EMA_SmallPct50EMA_MicroPct200EMA,MidPct50EMA | SmallPct50EMA | MicroPct200EMA,80,10107,31.236,41.615,2.446,4.156
Mix_MidPct50EMA_SmallPct50EMA_SmallPct200EMA,MidPct50EMA | SmallPct50EMA | SmallPct200EMA,50,37855,29.388,44.562,1.987,2.917
Mix_MidPct50EMA_SmallPct50EMA_SmallPct200EMA,MidPct50EMA | SmallPct50EMA | SmallPct200EMA,55,32256,29.405,44.33,2.004,3.009
Mix_MidPct50EMA_SmallPct50EMA_SmallPct200EMA,MidPct50EMA | SmallPct50EMA | SmallPct200EMA,60,26147,30.516,42.762,2.312,3.516
Mix_MidPct50EMA_SmallPct50EMA_SmallPct200EMA,MidPct50EMA | SmallPct50EMA | SmallPct200EMA,65,21386,31.039,42.247,2.39,3.738
Mix_MidPct50EMA_SmallPct50EMA_SmallPct200EMA,MidPct50EMA | SmallPct50EMA | SmallPct200EMA,70,18107,31.839,40.609,2.646,4.122
Mix_MidPct50EMA_SmallPct50EMA_SmallPct200EMA,MidPct50EMA | SmallPct50EMA | SmallPct200EMA,75,14567,31.551,40.544,2.608,4.079
Mix_MidPct50EMA_SmallPct50EMA_SmallPct200EMA,MidPct50EMA | SmallPct50EMA | SmallPct200EMA,80,11590,31.467,40.88,2.57,4.226
Mix_MidPct50EMA_LargePct50EMA_PctAbove200EMA,MidPct50EMA | LargePct50EMA | PctAbove200EMA,50,38338,29.608,44.556,2.028,3.22
Mix_MidPct50EMA_LargePct50EMA_PctAbove200EMA,MidPct50EMA | LargePct50EMA | PctAbove200EMA,55,32227,29.568,44.118,2.062,3.319
Mix_MidPct50EMA_LargePct50EMA_PctAbove200EMA,MidPct50EMA | LargePct50EMA | PctAbove200EMA,60,26931,30.177,43.507,2.191,3.401
Mix_MidPct50EMA_LargePct50EMA_PctAbove200EMA,MidPct50EMA | LargePct50EMA | PctAbove200EMA,65,22575,30.113,43.185,2.195,3.462
Mix_MidPct50EMA_LargePct50EMA_PctAbove200EMA,MidPct50EMA | LargePct50EMA | PctAbove200EMA,70,17262,31.115,40.945,2.537,3.906
Mix_MidPct50EMA_LargePct50EMA_PctAbove200EMA,MidPct50EMA | LargePct50EMA | PctAbove200EMA,75,13089,31.118,40.752,2.559,4.022
Mix_MidPct50EMA_LargePct50EMA_PctAbove200EMA,MidPct50EMA | LargePct50EMA | PctAbove200EMA,80,9534,31.047,41.735,2.422,4.169
Mix_MidPct50EMA_LargePct50EMA_PctAbove50EMA,MidPct50EMA | LargePct50EMA | PctAbove50EMA,50,36007,30.069,42.917,2.239,3.253
Mix_MidPct50EMA_LargePct50EMA_PctAbove50EMA,MidPct50EMA | LargePct50EMA | PctAbove50EMA,55,32899,29.825,42.846,2.211,3.197
Mix_MidPct50EMA_LargePct50EMA_PctAbove50EMA,MidPct50EMA | LargePct50EMA | PctAbove50EMA,60,29163,30.213,42.382,2.282,3.326
Mix_MidPct50EMA_LargePct50EMA_PctAbove50EMA,MidPct50EMA | LargePct50EMA | PctAbove50EMA,65,24575,30.364,42.474,2.272,3.323
Mix_MidPct50EMA_LargePct50EMA_PctAbove50EMA,MidPct50EMA | LargePct50EMA | PctAbove50EMA,70,20688,30.24,41.821,2.335,3.447
Mix_MidPct50EMA_LargePct50EMA_PctAbove50EMA,MidPct50EMA | LargePct50EMA | PctAbove50EMA,75,16740,30.609,41.177,2.422,3.866
Mix_MidPct50EMA_LargePct50EMA_PctAbove50EMA,MidPct50EMA | LargePct50EMA | PctAbove50EMA,80,11875,30.425,40.691,2.45,3.937
Mix_MidPct50EMA_LargePct50EMA_MicroPct200EMA,MidPct50EMA | LargePct50EMA | MicroPct200EMA,50,38391,29.588,44.667,2.016,3.21
Mix_MidPct50EMA_LargePct50EMA_MicroPct200EMA,MidPct50EMA | LargePct50EMA | MicroPct200EMA,55,32177,29.558,44.324,2.036,3.28
Mix_MidPct50EMA_LargePct50EMA_MicroPct200EMA,MidPct50EMA | LargePct50EMA | MicroPct200EMA,60,26724,30.085,43.732,2.153,3.377
Mix_MidPct50EMA_LargePct50EMA_MicroPct200EMA,MidPct50EMA | LargePct50EMA | MicroPct200EMA,65,22318,29.85,43.727,2.097,3.348
Mix_MidPct50EMA_LargePct50EMA_MicroPct200EMA,MidPct50EMA | LargePct50EMA | MicroPct200EMA,70,17334,30.91,41.398,2.468,3.812
Mix_MidPct50EMA_LargePct50EMA_MicroPct200EMA,MidPct50EMA | LargePct50EMA | MicroPct200EMA,75,12818,31.05,41.028,2.515,4.004
Mix_MidPct50EMA_LargePct50EMA_MicroPct200EMA,MidPct50EMA | LargePct50EMA | MicroPct200EMA,80,9323,31.31,41.532,2.481,4.218
Mix_MidPct50EMA_LargePct50EMA_SmallPct200EMA,MidPct50EMA | LargePct50EMA | SmallPct200EMA,50,36958,29.609,44.207,2.057,3.233
Mix_MidPct50EMA_LargePct50EMA_SmallPct200EMA,MidPct50EMA | LargePct50EMA | SmallPct200EMA,55,31291,29.66,43.735,2.118,3.392
Mix_MidPct50EMA_LargePct50EMA_SmallPct200EMA,MidPct50EMA | LargePct50EMA | SmallPct200EMA,60,27064,29.914,43.079,2.21,3.518
Mix_MidPct50EMA_LargePct50EMA_SmallPct200EMA,MidPct50EMA | LargePct50EMA | SmallPct200EMA,65,21995,30.866,41.359,2.475,3.821
Mix_MidPct50EMA_LargePct50EMA_SmallPct200EMA,MidPct50EMA | LargePct50EMA | SmallPct200EMA,70,17376,30.801,40.838,2.505,3.811
Mix_MidPct50EMA_LargePct50EMA_SmallPct200EMA,MidPct50EMA | LargePct50EMA | SmallPct200EMA,75,13746,31.413,40.317,2.618,4.079
Mix_MidPct50EMA_LargePct50EMA_SmallPct200EMA,MidPct50EMA | LargePct50EMA | SmallPct200EMA,80,10166,31.005,41.521,2.445,4.139
Mix_MidPct50EMA_PctAbove200EMA_PctAbove50EMA,MidPct50EMA | PctAbove200EMA | PctAbove50EMA,50,37869,29.599,44.525,2.027,2.986
Mix_MidPct50EMA_PctAbove200EMA_PctAbove50EMA,MidPct50EMA | PctAbove200EMA | PctAbove50EMA,55,32859,29.456,44.49,2.007,2.89
Mix_MidPct50EMA_PctAbove200EMA_PctAbove50EMA,MidPct50EMA | PctAbove200EMA | PctAbove50EMA,60,28542,29.998,44.089,2.117,3.108
Mix_MidPct50EMA_PctAbove200EMA_PctAbove50EMA,MidPct50EMA | PctAbove200EMA | PctAbove50EMA,65,21845,30.671,43.52,2.227,3.405
Mix_MidPct50EMA_PctAbove200EMA_PctAbove50EMA,MidPct50EMA | PctAbove200EMA | PctAbove50EMA,70,18028,30.841,42.517,2.337,3.576
Mix_MidPct50EMA_PctAbove200EMA_PctAbove50EMA,MidPct50EMA | PctAbove200EMA | PctAbove50EMA,75,13155,30.042,43.474,2.119,3.518
Mix_MidPct50EMA_PctAbove200EMA_PctAbove50EMA,MidPct50EMA | PctAbove200EMA | PctAbove50EMA,80,9719,29.334,43.791,2.007,3.691
Mix_MidPct50EMA_PctAbove200EMA_MicroPct200EMA,MidPct50EMA | PctAbove200EMA | MicroPct200EMA,50,37578,28.895,47.488,1.623,2.724
Mix_MidPct50EMA_PctAbove200EMA_MicroPct200EMA,MidPct50EMA | PctAbove200EMA | MicroPct200EMA,55,31955,29.031,47.194,1.668,2.767
Mix_MidPct50EMA_PctAbove200EMA_MicroPct200EMA,MidPct50EMA | PctAbove200EMA | MicroPct200EMA,60,26942,29.17,46.296,1.789,2.856
Mix_MidPct50EMA_PctAbove200EMA_MicroPct200EMA,MidPct50EMA | PctAbove200EMA | MicroPct200EMA,65,21967,29.813,44.467,2.048,3.274
Mix_MidPct50EMA_PctAbove200EMA_MicroPct200EMA,MidPct50EMA | PctAbove200EMA | MicroPct200EMA,70,18265,29.953,44.336,2.092,3.342
Mix_MidPct50EMA_PctAbove200EMA_MicroPct200EMA,MidPct50EMA | PctAbove200EMA | MicroPct200EMA,75,11959,29.952,44.778,2.004,3.585
Mix_MidPct50EMA_PctAbove200EMA_MicroPct200EMA,MidPct50EMA | PctAbove200EMA | MicroPct200EMA,80,8789,29.696,44.886,1.966,3.724
Mix_MidPct50EMA_PctAbove200EMA_SmallPct200EMA,MidPct50EMA | PctAbove200EMA | SmallPct200EMA,50,37771,28.803,47.015,1.67,2.724
Mix_MidPct50EMA_PctAbove200EMA_SmallPct200EMA,MidPct50EMA | PctAbove200EMA | SmallPct200EMA,55,32055,29.069,46.09,1.792,2.971
Mix_MidPct50EMA_PctAbove200EMA_SmallPct200EMA,MidPct50EMA | PctAbove200EMA | SmallPct200EMA,60,26215,29.537,45.02,1.966,3.18
Mix_MidPct50EMA_PctAbove200EMA_SmallPct200EMA,MidPct50EMA | PctAbove200EMA | SmallPct200EMA,65,22248,29.814,44.175,2.08,3.3
Mix_MidPct50EMA_PctAbove200EMA_SmallPct200EMA,MidPct50EMA | PctAbove200EMA | SmallPct200EMA,70,17981,30.438,43.273,2.245,3.576
Mix_MidPct50EMA_PctAbove200EMA_SmallPct200EMA,MidPct50EMA | PctAbove200EMA | SmallPct200EMA,75,12432,31.443,42.56,2.396,4.08
Mix_MidPct50EMA_PctAbove200EMA_SmallPct200EMA,MidPct50EMA | PctAbove200EMA | SmallPct200EMA,80,9294,30.213,43.878,2.127,3.886
Mix_MidPct50EMA_PctAbove50EMA_MicroPct200EMA,MidPct50EMA | PctAbove50EMA | MicroPct200EMA,50,38034,29.613,44.671,2.009,2.992
Mix_MidPct50EMA_PctAbove50EMA_MicroPct200EMA,MidPct50EMA | PctAbove50EMA | MicroPct200EMA,55,32644,29.479,44.71,1.986,2.887
Mix_MidPct50EMA_PctAbove50EMA_MicroPct200EMA,MidPct50EMA | PctAbove50EMA | MicroPct200EMA,60,28407,29.683,44.753,1.995,3.008
Mix_MidPct50EMA_PctAbove50EMA_MicroPct200EMA,MidPct50EMA | PctAbove50EMA | MicroPct200EMA,65,22037,30.508,43.767,2.182,3.328
Mix_MidPct50EMA_PctAbove50EMA_MicroPct200EMA,MidPct50EMA | PctAbove50EMA | MicroPct200EMA,70,18142,30.746,42.708,2.304,3.541
Mix_MidPct50EMA_PctAbove50EMA_MicroPct200EMA,MidPct50EMA | PctAbove50EMA | MicroPct200EMA,75,13532,29.5,44.694,1.934,3.18
Mix_MidPct50EMA_PctAbove50EMA_MicroPct200EMA,MidPct50EMA | PctAbove50EMA | MicroPct200EMA,80,9325,29.083,44.633,1.887,3.591
Mix_MidPct50EMA_PctAbove50EMA_SmallPct200EMA,MidPct50EMA | PctAbove50EMA | SmallPct200EMA,50,37739,29.513,44.4,2.031,2.96
Mix_MidPct50EMA_PctAbove50EMA_SmallPct200EMA,MidPct50EMA | PctAbove50EMA | SmallPct200EMA,55,33204,29.355,44.359,2.012,2.914
Mix_MidPct50EMA_PctAbove50EMA_SmallPct200EMA,MidPct50EMA | PctAbove50EMA | SmallPct200EMA,60,27369,29.891,44.127,2.086,3.192
Mix_MidPct50EMA_PctAbove50EMA_SmallPct200EMA,MidPct50EMA | PctAbove50EMA | SmallPct200EMA,65,21712,30.886,42.548,2.337,3.612
Mix_MidPct50EMA_PctAbove50EMA_SmallPct200EMA,MidPct50EMA | PctAbove50EMA | SmallPct200EMA,70,18380,31.458,41.376,2.525,3.803
Mix_MidPct50EMA_PctAbove50EMA_SmallPct200EMA,MidPct50EMA | PctAbove50EMA | SmallPct200EMA,75,14448,30.551,42.269,2.31,3.663
Mix_MidPct50EMA_PctAbove50EMA_SmallPct200EMA,MidPct50EMA | PctAbove50EMA | SmallPct200EMA,80,10562,29.71,43.032,2.115,3.719
Mix_MidPct50EMA_MicroPct200EMA_SmallPct200EMA,MidPct50EMA | MicroPct200EMA | SmallPct200EMA,50,37792,28.755,47.177,1.647,2.688
Mix_MidPct50EMA_MicroPct200EMA_SmallPct200EMA,MidPct50EMA | MicroPct200EMA | SmallPct200EMA,55,32229,29.008,46.523,1.733,2.891
Mix_MidPct50EMA_MicroPct200EMA_SmallPct200EMA,MidPct50EMA | MicroPct200EMA | SmallPct200EMA,60,26103,29.395,45.347,1.909,3.119
Mix_MidPct50EMA_MicroPct200EMA_SmallPct200EMA,MidPct50EMA | MicroPct200EMA | SmallPct200EMA,65,21897,29.863,44.207,2.077,3.36
Mix_MidPct50EMA_MicroPct200EMA_SmallPct200EMA,MidPct50EMA | MicroPct200EMA | SmallPct200EMA,70,17974,30.544,43.374,2.255,3.536
Mix_MidPct50EMA_MicroPct200EMA_SmallPct200EMA,MidPct50EMA | MicroPct200EMA | SmallPct200EMA,75,12642,31.126,43.126,2.295,3.88
Mix_MidPct50EMA_MicroPct200EMA_SmallPct200EMA,MidPct50EMA | MicroPct200EMA | SmallPct200EMA,80,9115,30.093,44.059,2.094,3.802
Mix_SmallPct50EMA_LargePct50EMA_PctAbove200EMA,SmallPct50EMA | LargePct50EMA | PctAbove200EMA,50,37503,29.408,45.156,1.925,3.097
Mix_SmallPct50EMA_LargePct50EMA_PctAbove200EMA,SmallPct50EMA | LargePct50EMA | PctAbove200EMA,55,32945,29.513,44.708,1.987,3.107
Mix_SmallPct50EMA_LargePct50EMA_PctAbove200EMA,SmallPct50EMA | LargePct50EMA | PctAbove200EMA,60,26660,30.188,44.107,2.138,3.344
Mix_SmallPct50EMA_LargePct50EMA_PctAbove200EMA,SmallPct50EMA | LargePct50EMA | PctAbove200EMA,65,22126,30.647,43.171,2.271,3.653
Mix_SmallPct50EMA_LargePct50EMA_PctAbove200EMA,SmallPct50EMA | LargePct50EMA | PctAbove200EMA,70,17768,30.836,41.845,2.427,3.76
Mix_SmallPct50EMA_LargePct50EMA_PctAbove200EMA,SmallPct50EMA | LargePct50EMA | PctAbove200EMA,75,14311,30.829,41.863,2.41,3.903
Mix_SmallPct50EMA_LargePct50EMA_PctAbove200EMA,SmallPct50EMA | LargePct50EMA | PctAbove200EMA,80,10237,31.24,41.497,2.463,4.081
Mix_SmallPct50EMA_LargePct50EMA_PctAbove50EMA,SmallPct50EMA | LargePct50EMA | PctAbove50EMA,50,35889,30.104,43.172,2.218,3.277
Mix_SmallPct50EMA_LargePct50EMA_PctAbove50EMA,SmallPct50EMA | LargePct50EMA | PctAbove50EMA,55,32260,30.006,43.308,2.173,3.243
Mix_SmallPct50EMA_LargePct50EMA_PctAbove50EMA,SmallPct50EMA | LargePct50EMA | PctAbove50EMA,60,28354,30.172,42.52,2.245,3.319
Mix_SmallPct50EMA_LargePct50EMA_PctAbove50EMA,SmallPct50EMA | LargePct50EMA | PctAbove50EMA,65,24607,30.134,43.037,2.182,3.26
Mix_SmallPct50EMA_LargePct50EMA_PctAbove50EMA,SmallPct50EMA | LargePct50EMA | PctAbove50EMA,70,21028,30.283,42.8,2.234,3.335
Mix_SmallPct50EMA_LargePct50EMA_PctAbove50EMA,SmallPct50EMA | LargePct50EMA | PctAbove50EMA,75,16564,29.926,42.743,2.18,3.484
Mix_SmallPct50EMA_LargePct50EMA_PctAbove50EMA,SmallPct50EMA | LargePct50EMA | PctAbove50EMA,80,13039,29.987,42.572,2.199,3.666
Mix_SmallPct50EMA_LargePct50EMA_MicroPct200EMA,SmallPct50EMA | LargePct50EMA | MicroPct200EMA,50,37432,29.395,45.295,1.907,3.082
Mix_SmallPct50EMA_LargePct50EMA_MicroPct200EMA,SmallPct50EMA | LargePct50EMA | MicroPct200EMA,55,32855,29.578,44.675,1.994,3.135
Mix_SmallPct50EMA_LargePct50EMA_MicroPct200EMA,SmallPct50EMA | LargePct50EMA | MicroPct200EMA,60,26655,30.006,44.491,2.065,3.279
Mix_SmallPct50EMA_LargePct50EMA_MicroPct200EMA,SmallPct50EMA | LargePct50EMA | MicroPct200EMA,65,22562,30.343,43.733,2.179,3.483
Mix_SmallPct50EMA_LargePct50EMA_MicroPct200EMA,SmallPct50EMA | LargePct50EMA | MicroPct200EMA,70,17772,30.711,42.151,2.388,3.736
Mix_SmallPct50EMA_LargePct50EMA_MicroPct200EMA,SmallPct50EMA | LargePct50EMA | MicroPct200EMA,75,13815,31.118,42.085,2.432,3.896
Mix_SmallPct50EMA_LargePct50EMA_MicroPct200EMA,SmallPct50EMA | LargePct50EMA | MicroPct200EMA,80,9859,31.038,42.165,2.361,4.012
Mix_SmallPct50EMA_LargePct50EMA_SmallPct200EMA,SmallPct50EMA | LargePct50EMA | SmallPct200EMA,50,36770,28.961,45.475,1.831,2.963
Mix_SmallPct50EMA_LargePct50EMA_SmallPct200EMA,SmallPct50EMA | LargePct50EMA | SmallPct200EMA,55,32000,29.603,44.253,2.045,3.212
Mix_SmallPct50EMA_LargePct50EMA_SmallPct200EMA,SmallPct50EMA | LargePct50EMA | SmallPct200EMA,60,26654,30.509,43.082,2.273,3.572
Mix_SmallPct50EMA_LargePct50EMA_SmallPct200EMA,SmallPct50EMA | LargePct50EMA | SmallPct200EMA,65,22335,30.531,42.583,2.307,3.772
Mix_SmallPct50EMA_LargePct50EMA_SmallPct200EMA,SmallPct50EMA | LargePct50EMA | SmallPct200EMA,70,18102,30.947,41.614,2.454,3.862
Mix_SmallPct50EMA_LargePct50EMA_SmallPct200EMA,SmallPct50EMA | LargePct50EMA | SmallPct200EMA,75,14241,30.848,41.963,2.409,3.868
Mix_SmallPct50EMA_LargePct50EMA_SmallPct200EMA,SmallPct50EMA | LargePct50EMA | SmallPct200EMA,80,10816,31.268,40.838,2.532,4.127
Mix_SmallPct50EMA_PctAbove200EMA_PctAbove50EMA,SmallPct50EMA | PctAbove200EMA | PctAbove50EMA,50,38450,29.189,45.467,1.862,2.761
Mix_SmallPct50EMA_PctAbove200EMA_PctAbove50EMA,SmallPct50EMA | PctAbove200EMA | PctAbove50EMA,55,33144,29.302,45.541,1.863,2.793
Mix_SmallPct50EMA_PctAbove200EMA_PctAbove50EMA,SmallPct50EMA | PctAbove200EMA | PctAbove50EMA,60,27823,29.709,45.081,1.966,2.953
Mix_SmallPct50EMA_PctAbove200EMA_PctAbove50EMA,SmallPct50EMA | PctAbove200EMA | PctAbove50EMA,65,22501,30.101,44.616,2.046,3.271
Mix_SmallPct50EMA_PctAbove200EMA_PctAbove50EMA,SmallPct50EMA | PctAbove200EMA | PctAbove50EMA,70,19374,30.231,44.647,2.051,3.405
Mix_SmallPct50EMA_PctAbove200EMA_PctAbove50EMA,SmallPct50EMA | PctAbove200EMA | PctAbove50EMA,75,15359,30.998,43.03,2.28,3.658
Mix_SmallPct50EMA_PctAbove200EMA_PctAbove50EMA,SmallPct50EMA | PctAbove200EMA | PctAbove50EMA,80,11158,30.319,44.004,2.093,3.504
Mix_SmallPct50EMA_PctAbove200EMA_MicroPct200EMA,SmallPct50EMA | PctAbove200EMA | MicroPct200EMA,50,36266,29.055,47.805,1.624,2.627
Mix_SmallPct50EMA_PctAbove200EMA_MicroPct200EMA,SmallPct50EMA | PctAbove200EMA | MicroPct200EMA,55,31998,29.039,47.531,1.633,2.607
Mix_SmallPct50EMA_PctAbove200EMA_MicroPct200EMA,SmallPct50EMA | PctAbove200EMA | MicroPct200EMA,60,28559,29.546,46.325,1.815,2.736
Mix_SmallPct50EMA_PctAbove200EMA_MicroPct200EMA,SmallPct50EMA | PctAbove200EMA | MicroPct200EMA,65,24370,29.651,45.433,1.921,2.953
Mix_SmallPct50EMA_PctAbove200EMA_MicroPct200EMA,SmallPct50EMA | PctAbove200EMA | MicroPct200EMA,70,18870,30.0,44.727,2.038,3.344
Mix_SmallPct50EMA_PctAbove200EMA_MicroPct200EMA,SmallPct50EMA | PctAbove200EMA | MicroPct200EMA,75,13450,30.082,45.532,1.95,3.619
Mix_SmallPct50EMA_PctAbove200EMA_MicroPct200EMA,SmallPct50EMA | PctAbove200EMA | MicroPct200EMA,80,9867,27.921,48.394,1.39,3.18
Mix_SmallPct50EMA_PctAbove200EMA_SmallPct200EMA,SmallPct50EMA | PctAbove200EMA | SmallPct200EMA,50,35960,28.562,47.906,1.548,2.553
Mix_SmallPct50EMA_PctAbove200EMA_SmallPct200EMA,SmallPct50EMA | PctAbove200EMA | SmallPct200EMA,55,31777,29.317,46.568,1.774,2.87
Mix_SmallPct50EMA_PctAbove200EMA_SmallPct200EMA,SmallPct50EMA | PctAbove200EMA | SmallPct200EMA,60,27837,29.913,45.174,1.98,3.005
Mix_SmallPct50EMA_PctAbove200EMA_SmallPct200EMA,SmallPct50EMA | PctAbove200EMA | SmallPct200EMA,65,23600,29.801,44.534,2.025,3.17
Mix_SmallPct50EMA_PctAbove200EMA_SmallPct200EMA,SmallPct50EMA | PctAbove200EMA | SmallPct200EMA,70,18282,30.21,44.41,2.084,3.496
Mix_SmallPct50EMA_PctAbove200EMA_SmallPct200EMA,SmallPct50EMA | PctAbove200EMA | SmallPct200EMA,75,13926,30.619,44.693,2.1,3.752
Mix_SmallPct50EMA_PctAbove200EMA_SmallPct200EMA,SmallPct50EMA | PctAbove200EMA | SmallPct200EMA,80,11131,29.943,45.513,1.908,3.716
Mix_SmallPct50EMA_PctAbove50EMA_MicroPct200EMA,SmallPct50EMA | PctAbove50EMA | MicroPct200EMA,50,38507,29.304,45.353,1.886,2.788
Mix_SmallPct50EMA_PctAbove50EMA_MicroPct200EMA,SmallPct50EMA | PctAbove50EMA | MicroPct200EMA,55,33450,29.229,45.773,1.828,2.758
Mix_SmallPct50EMA_PctAbove50EMA_MicroPct200EMA,SmallPct50EMA | PctAbove50EMA | MicroPct200EMA,60,27789,29.674,45.137,1.956,2.942
Mix_SmallPct50EMA_PctAbove50EMA_MicroPct200EMA,SmallPct50EMA | PctAbove50EMA | MicroPct200EMA,65,22847,29.776,45.472,1.916,3.09
Mix_SmallPct50EMA_PctAbove50EMA_MicroPct200EMA,SmallPct50EMA | PctAbove50EMA | MicroPct200EMA,70,19306,30.234,44.701,2.05,3.402
Mix_SmallPct50EMA_PctAbove50EMA_MicroPct200EMA,SmallPct50EMA | PctAbove50EMA | MicroPct200EMA,75,14926,30.892,43.568,2.214,3.545
Mix_SmallPct50EMA_PctAbove50EMA_MicroPct200EMA,SmallPct50EMA | PctAbove50EMA | MicroPct200EMA,80,10963,30.065,44.696,1.983,3.418
Mix_SmallPct50EMA_PctAbove50EMA_SmallPct200EMA,SmallPct50EMA | PctAbove50EMA | SmallPct200EMA,50,37413,29.046,45.457,1.845,2.726
Mix_SmallPct50EMA_PctAbove50EMA_SmallPct200EMA,SmallPct50EMA | PctAbove50EMA | SmallPct200EMA,55,32502,29.454,45.05,1.94,2.894
Mix_SmallPct50EMA_PctAbove50EMA_SmallPct200EMA,SmallPct50EMA | PctAbove50EMA | SmallPct200EMA,60,27423,29.694,44.696,1.992,3.033
Mix_SmallPct50EMA_PctAbove50EMA_SmallPct200EMA,SmallPct50EMA | PctAbove50EMA | SmallPct200EMA,65,22426,30.335,43.632,2.168,3.433
Mix_SmallPct50EMA_PctAbove50EMA_SmallPct200EMA,SmallPct50EMA | PctAbove50EMA | SmallPct200EMA,70,19152,30.702,43.442,2.227,3.616
Mix_SmallPct50EMA_PctAbove50EMA_SmallPct200EMA,SmallPct50EMA | PctAbove50EMA | SmallPct200EMA,75,16278,31.195,42.788,2.35,3.769
Mix_SmallPct50EMA_PctAbove50EMA_SmallPct200EMA,SmallPct50EMA | PctAbove50EMA | SmallPct200EMA,80,11873,29.563,44.462,1.953,3.395
Mix_SmallPct50EMA_MicroPct200EMA_SmallPct200EMA,SmallPct50EMA | MicroPct200EMA | SmallPct200EMA,50,35893,28.596,47.881,1.555,2.553
Mix_SmallPct50EMA_MicroPct200EMA_SmallPct200EMA,SmallPct50EMA | MicroPct200EMA | SmallPct200EMA,55,31935,29.012,47.208,1.666,2.7
Mix_SmallPct50EMA_MicroPct200EMA_SmallPct200EMA,SmallPct50EMA | MicroPct200EMA | SmallPct200EMA,60,27721,29.797,45.489,1.927,2.972
Mix_SmallPct50EMA_MicroPct200EMA_SmallPct200EMA,SmallPct50EMA | MicroPct200EMA | SmallPct200EMA,65,23496,29.984,44.574,2.045,3.169
Mix_SmallPct50EMA_MicroPct200EMA_SmallPct200EMA,SmallPct50EMA | MicroPct200EMA | SmallPct200EMA,70,18015,30.18,44.596,2.062,3.475
Mix_SmallPct50EMA_MicroPct200EMA_SmallPct200EMA,SmallPct50EMA | MicroPct200EMA | SmallPct200EMA,75,13750,30.618,44.756,2.089,3.741
Mix_SmallPct50EMA_MicroPct200EMA_SmallPct200EMA,SmallPct50EMA | MicroPct200EMA | SmallPct200EMA,80,11071,29.762,45.606,1.874,3.68
Mix_LargePct50EMA_PctAbove200EMA_PctAbove50EMA,LargePct50EMA | PctAbove200EMA | PctAbove50EMA,50,38836,29.282,45.216,1.911,3.037
Mix_LargePct50EMA_PctAbove200EMA_PctAbove50EMA,LargePct50EMA | PctAbove200EMA | PctAbove50EMA,55,31939,29.707,44.497,2.029,3.19
Mix_LargePct50EMA_PctAbove200EMA_PctAbove50EMA,LargePct50EMA | PctAbove200EMA | PctAbove50EMA,60,27354,29.795,44.831,1.995,3.171
Mix_LargePct50EMA_PctAbove200EMA_PctAbove50EMA,LargePct50EMA | PctAbove200EMA | PctAbove50EMA,65,22829,29.852,43.94,2.093,3.249
Mix_LargePct50EMA_PctAbove200EMA_PctAbove50EMA,LargePct50EMA | PctAbove200EMA | PctAbove50EMA,70,17955,30.203,43.397,2.194,3.422
Mix_LargePct50EMA_PctAbove200EMA_PctAbove50EMA,LargePct50EMA | PctAbove200EMA | PctAbove50EMA,75,13579,30.076,43.192,2.183,3.618
Mix_LargePct50EMA_PctAbove200EMA_PctAbove50EMA,LargePct50EMA | PctAbove200EMA | PctAbove50EMA,80,9049,28.799,45.773,1.719,3.523
Mix_LargePct50EMA_PctAbove200EMA_MicroPct200EMA,LargePct50EMA | PctAbove200EMA | MicroPct200EMA,50,36891,28.671,47.654,1.562,2.774
Mix_LargePct50EMA_PctAbove200EMA_MicroPct200EMA,LargePct50EMA | PctAbove200EMA | MicroPct200EMA,55,31405,28.578,47.483,1.58,2.825
Mix_LargePct50EMA_PctAbove200EMA_MicroPct200EMA,LargePct50EMA | PctAbove200EMA | MicroPct200EMA,60,27736,28.84,46.737,1.709,2.936
Mix_LargePct50EMA_PctAbove200EMA_MicroPct200EMA,LargePct50EMA | PctAbove200EMA | MicroPct200EMA,65,23549,29.224,45.526,1.895,3.145
Mix_LargePct50EMA_PctAbove200EMA_MicroPct200EMA,LargePct50EMA | PctAbove200EMA | MicroPct200EMA,70,17550,29.778,44.855,2.021,3.282
Mix_LargePct50EMA_PctAbove200EMA_MicroPct200EMA,LargePct50EMA | PctAbove200EMA | MicroPct200EMA,75,13923,29.785,44.969,2.024,3.388
Mix_LargePct50EMA_PctAbove200EMA_MicroPct200EMA,LargePct50EMA | PctAbove200EMA | MicroPct200EMA,80,9347,29.293,46.015,1.874,3.602
Mix_LargePct50EMA_PctAbove200EMA_SmallPct200EMA,LargePct50EMA | PctAbove200EMA | SmallPct200EMA,50,34959,28.634,47.235,1.601,2.8
Mix_LargePct50EMA_PctAbove200EMA_SmallPct200EMA,LargePct50EMA | PctAbove200EMA | SmallPct200EMA,55,31007,28.848,46.27,1.737,3.081
Mix_LargePct50EMA_PctAbove200EMA_SmallPct200EMA,LargePct50EMA | PctAbove200EMA | SmallPct200EMA,60,27602,28.951,46.062,1.787,3.121
Mix_LargePct50EMA_PctAbove200EMA_SmallPct200EMA,LargePct50EMA | PctAbove200EMA | SmallPct200EMA,65,23870,29.225,44.839,1.958,3.281
Mix_LargePct50EMA_PctAbove200EMA_SmallPct200EMA,LargePct50EMA | PctAbove200EMA | SmallPct200EMA,70,17930,30.296,43.714,2.2,3.493
Mix_LargePct50EMA_PctAbove200EMA_SmallPct200EMA,LargePct50EMA | PctAbove200EMA | SmallPct200EMA,75,14346,31.312,42.681,2.438,3.889
Mix_LargePct50EMA_PctAbove200EMA_SmallPct200EMA,LargePct50EMA | PctAbove200EMA | SmallPct200EMA,80,9998,30.276,44.409,2.144,3.822
Mix_LargePct50EMA_PctAbove50EMA_MicroPct200EMA,LargePct50EMA | PctAbove50EMA | MicroPct200EMA,50,38572,29.27,45.32,1.899,3.008
Mix_LargePct50EMA_PctAbove50EMA_MicroPct200EMA,LargePct50EMA | PctAbove50EMA | MicroPct200EMA,55,32034,29.628,44.662,1.996,3.154
Mix_LargePct50EMA_PctAbove50EMA_MicroPct200EMA,LargePct50EMA | PctAbove50EMA | MicroPct200EMA,60,27642,29.799,44.805,1.994,3.165
Mix_LargePct50EMA_PctAbove50EMA_MicroPct200EMA,LargePct50EMA | PctAbove50EMA | MicroPct200EMA,65,22617,29.69,44.573,2.013,3.163
Mix_LargePct50EMA_PctAbove50EMA_MicroPct200EMA,LargePct50EMA | PctAbove50EMA | MicroPct200EMA,70,17882,29.913,43.893,2.114,3.321
Mix_LargePct50EMA_PctAbove50EMA_MicroPct200EMA,LargePct50EMA | PctAbove50EMA | MicroPct200EMA,75,13753,29.884,43.59,2.12,3.508
Mix_LargePct50EMA_PctAbove50EMA_MicroPct200EMA,LargePct50EMA | PctAbove50EMA | MicroPct200EMA,80,8367,29.21,45.895,1.765,3.511
Mix_LargePct50EMA_PctAbove50EMA_SmallPct200EMA,LargePct50EMA | PctAbove50EMA | SmallPct200EMA,50,38013,28.932,45.445,1.843,2.911
Mix_LargePct50EMA_PctAbove50EMA_SmallPct200EMA,LargePct50EMA | PctAbove50EMA | SmallPct200EMA,55,32013,29.625,44.382,2.034,3.179
Mix_LargePct50EMA_PctAbove50EMA_SmallPct200EMA,LargePct50EMA | PctAbove50EMA | SmallPct200EMA,60,27024,30.173,43.942,2.135,3.336
Mix_LargePct50EMA_PctAbove50EMA_SmallPct200EMA,LargePct50EMA | PctAbove50EMA | SmallPct200EMA,65,22399,30.225,43.06,2.221,3.565
Mix_LargePct50EMA_PctAbove50EMA_SmallPct200EMA,LargePct50EMA | PctAbove50EMA | SmallPct200EMA,70,17917,30.429,41.849,2.369,3.636
Mix_LargePct50EMA_PctAbove50EMA_SmallPct200EMA,LargePct50EMA | PctAbove50EMA | SmallPct200EMA,75,13764,29.999,43.098,2.181,3.576
Mix_LargePct50EMA_PctAbove50EMA_SmallPct200EMA,LargePct50EMA | PctAbove50EMA | SmallPct200EMA,80,9531,29.105,44.298,1.901,3.681
Mix_LargePct50EMA_MicroPct200EMA_SmallPct200EMA,LargePct50EMA | MicroPct200EMA | SmallPct200EMA,50,35102,28.551,47.413,1.571,2.753
Mix_LargePct50EMA_MicroPct200EMA_SmallPct200EMA,LargePct50EMA | MicroPct200EMA | SmallPct200EMA,55,31032,28.732,46.742,1.681,2.973
Mix_LargePct50EMA_MicroPct200EMA_SmallPct200EMA,LargePct50EMA | MicroPct200EMA | SmallPct200EMA,60,27498,28.875,46.283,1.753,3.089
Mix_LargePct50EMA_MicroPct200EMA_SmallPct200EMA,LargePct50EMA | MicroPct200EMA | SmallPct200EMA,65,23482,29.291,45.154,1.936,3.258
Mix_LargePct50EMA_MicroPct200EMA_SmallPct200EMA,LargePct50EMA | MicroPct200EMA | SmallPct200EMA,70,17506,30.744,43.425,2.291,3.57
Mix_LargePct50EMA_MicroPct200EMA_SmallPct200EMA,LargePct50EMA | MicroPct200EMA | SmallPct200EMA,75,14427,30.921,43.675,2.287,3.712
Mix_LargePct50EMA_MicroPct200EMA_SmallPct200EMA,LargePct50EMA | MicroPct200EMA | SmallPct200EMA,80,9895,30.278,44.346,2.15,3.832
Mix_PctAbove200EMA_PctAbove50EMA_MicroPct200EMA,PctAbove200EMA | PctAbove50EMA | MicroPct200EMA,50,36965,28.981,47.935,1.595,2.608
Mix_PctAbove200EMA_PctAbove50EMA_MicroPct200EMA,PctAbove200EMA | PctAbove50EMA | MicroPct200EMA,55,31994,28.871,47.787,1.594,2.478
Mix_PctAbove200EMA_PctAbove50EMA_MicroPct200EMA,PctAbove200EMA | PctAbove50EMA | MicroPct200EMA,60,29171,29.564,46.491,1.795,2.643
Mix_PctAbove200EMA_PctAbove50EMA_MicroPct200EMA,PctAbove200EMA | PctAbove50EMA | MicroPct200EMA,65,25105,29.743,45.644,1.911,2.935
Mix_PctAbove200EMA_PctAbove50EMA_MicroPct200EMA,PctAbove200EMA | PctAbove50EMA | MicroPct200EMA,70,18462,28.794,46.728,1.7,2.909
Mix_PctAbove200EMA_PctAbove50EMA_MicroPct200EMA,PctAbove200EMA | PctAbove50EMA | MicroPct200EMA,75,12072,27.684,48.882,1.312,2.955
Mix_PctAbove200EMA_PctAbove50EMA_MicroPct200EMA,PctAbove200EMA | PctAbove50EMA | MicroPct200EMA,80,9445,27.337,49.688,1.188,3.003
Mix_PctAbove200EMA_PctAbove50EMA_SmallPct200EMA,PctAbove200EMA | PctAbove50EMA | SmallPct200EMA,50,37046,28.651,47.587,1.6,2.552
Mix_PctAbove200EMA_PctAbove50EMA_SmallPct200EMA,PctAbove200EMA | PctAbove50EMA | SmallPct200EMA,55,32372,28.92,47.152,1.662,2.571
Mix_PctAbove200EMA_PctAbove50EMA_SmallPct200EMA,PctAbove200EMA | PctAbove50EMA | SmallPct200EMA,60,28696,29.715,45.749,1.896,2.861
Mix_PctAbove200EMA_PctAbove50EMA_SmallPct200EMA,PctAbove200EMA | PctAbove50EMA | SmallPct200EMA,65,24889,30.009,44.823,2.026,3.183
Mix_PctAbove200EMA_PctAbove50EMA_SmallPct200EMA,PctAbove200EMA | PctAbove50EMA | SmallPct200EMA,70,18427,29.397,45.612,1.856,3.268
Mix_PctAbove200EMA_PctAbove50EMA_SmallPct200EMA,PctAbove200EMA | PctAbove50EMA | SmallPct200EMA,75,12521,29.199,46.37,1.737,3.386
Mix_PctAbove200EMA_PctAbove50EMA_SmallPct200EMA,PctAbove200EMA | PctAbove50EMA | SmallPct200EMA,80,9411,27.85,48.528,1.359,3.157
Mix_PctAbove200EMA_MicroPct200EMA_SmallPct200EMA,PctAbove200EMA | MicroPct200EMA | SmallPct200EMA,50,31513,27.582,49.434,1.281,2.244
Mix_PctAbove200EMA_MicroPct200EMA_SmallPct200EMA,PctAbove200EMA | MicroPct200EMA | SmallPct200EMA,55,29631,28.028,48.632,1.418,2.48
Mix_PctAbove200EMA_MicroPct200EMA_SmallPct200EMA,PctAbove200EMA | MicroPct200EMA | SmallPct200EMA,60,28020,28.555,47.877,1.556,2.699
Mix_PctAbove200EMA_MicroPct200EMA_SmallPct200EMA,PctAbove200EMA | MicroPct200EMA | SmallPct200EMA,65,24666,29.259,46.931,1.735,2.954
Mix_PctAbove200EMA_MicroPct200EMA_SmallPct200EMA,PctAbove200EMA | MicroPct200EMA | SmallPct200EMA,70,21719,29.403,46.959,1.735,2.886
Mix_PctAbove200EMA_MicroPct200EMA_SmallPct200EMA,PctAbove200EMA | MicroPct200EMA | SmallPct200EMA,75,18196,28.792,47.351,1.622,2.81
Mix_PctAbove200EMA_MicroPct200EMA_SmallPct200EMA,PctAbove200EMA | MicroPct200EMA | SmallPct200EMA,80,14192,27.741,48.358,1.38,2.725
Mix_PctAbove50EMA_MicroPct200EMA_SmallPct200EMA,PctAbove50EMA | MicroPct200EMA | SmallPct200EMA,50,36714,28.7,47.685,1.591,2.5
Mix_PctAbove50EMA_MicroPct200EMA_SmallPct200EMA,PctAbove50EMA | MicroPct200EMA | SmallPct200EMA,55,32478,28.746,47.555,1.594,2.477
Mix_PctAbove50EMA_MicroPct200EMA_SmallPct200EMA,PctAbove50EMA | MicroPct200EMA | SmallPct200EMA,60,28727,29.697,45.866,1.881,2.827
Mix_PctAbove50EMA_MicroPct200EMA_SmallPct200EMA,PctAbove50EMA | MicroPct200EMA | SmallPct200EMA,65,24765,30.042,45.015,2.011,3.145
Mix_PctAbove50EMA_MicroPct200EMA_SmallPct200EMA,PctAbove50EMA | MicroPct200EMA | SmallPct200EMA,70,18230,29.375,45.749,1.843,3.252
Mix_PctAbove50EMA_MicroPct200EMA_SmallPct200EMA,PctAbove50EMA | MicroPct200EMA | SmallPct200EMA,75,12308,28.811,47.002,1.621,3.306
Mix_PctAbove50EMA_MicroPct200EMA_SmallPct200EMA,PctAbove50EMA | MicroPct200EMA | SmallPct200EMA,80,9421,27.651,49.114,1.28,3.088
Mix_MidPct50EMA_SmallPct50EMA_LargePct50EMA_PctAbove200EMA,MidPct50EMA | SmallPct50EMA | LargePct50EMA | PctAbove200EMA,50,37387,29.641,44.304,2.05,3.181
Mix_MidPct50EMA_SmallPct50EMA_LargePct50EMA_PctAbove200EMA,MidPct50EMA | SmallPct50EMA | LargePct50EMA | PctAbove200EMA,55,32226,29.886,43.667,2.141,3.202
Mix_MidPct50EMA_SmallPct50EMA_LargePct50EMA_PctAbove200EMA,MidPct50EMA | SmallPct50EMA | LargePct50EMA | PctAbove200EMA,60,27629,30.522,43.049,2.282,3.387
Mix_MidPct50EMA_SmallPct50EMA_LargePct50EMA_PctAbove200EMA,MidPct50EMA | SmallPct50EMA | LargePct50EMA | PctAbove200EMA,65,22773,30.624,42.66,2.31,3.567
Mix_MidPct50EMA_SmallPct50EMA_LargePct50EMA_PctAbove200EMA,MidPct50EMA | SmallPct50EMA | LargePct50EMA | PctAbove200EMA,70,17460,31.26,40.979,2.559,3.995
Mix_MidPct50EMA_SmallPct50EMA_LargePct50EMA_PctAbove200EMA,MidPct50EMA | SmallPct50EMA | LargePct50EMA | PctAbove200EMA,75,13849,31.439,40.241,2.643,4.095
Mix_MidPct50EMA_SmallPct50EMA_LargePct50EMA_PctAbove200EMA,MidPct50EMA | SmallPct50EMA | LargePct50EMA | PctAbove200EMA,80,10612,30.692,41.679,2.376,3.97
Mix_MidPct50EMA_SmallPct50EMA_LargePct50EMA_PctAbove50EMA,MidPct50EMA | SmallPct50EMA | LargePct50EMA | PctAbove50EMA,50,36248,30.021,42.896,2.236,3.294
Mix_MidPct50EMA_SmallPct50EMA_LargePct50EMA_PctAbove50EMA,MidPct50EMA | SmallPct50EMA | LargePct50EMA | PctAbove50EMA,55,32165,29.983,43.159,2.184,3.204
Mix_MidPct50EMA_SmallPct50EMA_LargePct50EMA_PctAbove50EMA,MidPct50EMA | SmallPct50EMA | LargePct50EMA | PctAbove50EMA,60,28661,30.166,42.43,2.26,3.308
Mix_MidPct50EMA_SmallPct50EMA_LargePct50EMA_PctAbove50EMA,MidPct50EMA | SmallPct50EMA | LargePct50EMA | PctAbove50EMA,65,24906,30.434,42.448,2.293,3.372
Mix_MidPct50EMA_SmallPct50EMA_LargePct50EMA_PctAbove50EMA,MidPct50EMA | SmallPct50EMA | LargePct50EMA | PctAbove50EMA,70,20850,30.691,41.765,2.378,3.518
Mix_MidPct50EMA_SmallPct50EMA_LargePct50EMA_PctAbove50EMA,MidPct50EMA | SmallPct50EMA | LargePct50EMA | PctAbove50EMA,75,16931,30.63,41.468,2.397,3.715
Mix_MidPct50EMA_SmallPct50EMA_LargePct50EMA_PctAbove50EMA,MidPct50EMA | SmallPct50EMA | LargePct50EMA | PctAbove50EMA,80,13159,30.663,41.386,2.424,3.778
Mix_MidPct50EMA_SmallPct50EMA_LargePct50EMA_MicroPct200EMA,MidPct50EMA | SmallPct50EMA | LargePct50EMA | MicroPct200EMA,50,37388,29.675,44.279,2.057,3.197
Mix_MidPct50EMA_SmallPct50EMA_LargePct50EMA_MicroPct200EMA,MidPct50EMA | SmallPct50EMA | LargePct50EMA | MicroPct200EMA,55,31951,29.94,43.639,2.153,3.231
Mix_MidPct50EMA_SmallPct50EMA_LargePct50EMA_MicroPct200EMA,MidPct50EMA | SmallPct50EMA | LargePct50EMA | MicroPct200EMA,60,27797,30.341,43.415,2.222,3.342
Mix_MidPct50EMA_SmallPct50EMA_LargePct50EMA_MicroPct200EMA,MidPct50EMA | SmallPct50EMA | LargePct50EMA | MicroPct200EMA,65,22869,30.46,42.984,2.254,3.484
Mix_MidPct50EMA_SmallPct50EMA_LargePct50EMA_MicroPct200EMA,MidPct50EMA | SmallPct50EMA | LargePct50EMA | MicroPct200EMA,70,17460,31.26,40.979,2.559,3.995
Mix_MidPct50EMA_SmallPct50EMA_LargePct50EMA_MicroPct200EMA,MidPct50EMA | SmallPct50EMA | LargePct50EMA | MicroPct200EMA,75,13769,31.411,40.381,2.624,4.09
Mix_MidPct50EMA_SmallPct50EMA_LargePct50EMA_MicroPct200EMA,MidPct50EMA | SmallPct50EMA | LargePct50EMA | MicroPct200EMA,80,10279,30.956,41.512,2.418,4.011
Mix_MidPct50EMA_SmallPct50EMA_LargePct50EMA_SmallPct200EMA,MidPct50EMA | SmallPct50EMA | LargePct50EMA | SmallPct200EMA,50,37486,29.472,44.35,2.024,3.151
Mix_MidPct50EMA_SmallPct50EMA_LargePct50EMA_SmallPct200EMA,MidPct50EMA | SmallPct50EMA | LargePct50EMA | SmallPct200EMA,55,32469,29.696,43.777,2.11,3.141
Mix_MidPct50EMA_SmallPct50EMA_LargePct50EMA_SmallPct200EMA,MidPct50EMA | SmallPct50EMA | LargePct50EMA | SmallPct200EMA,60,27418,30.721,42.22,2.38,3.575
Mix_MidPct50EMA_SmallPct50EMA_LargePct50EMA_SmallPct200EMA,MidPct50EMA | SmallPct50EMA | LargePct50EMA | SmallPct200EMA,65,22046,30.595,42.257,2.335,3.678
Mix_MidPct50EMA_SmallPct50EMA_LargePct50EMA_SmallPct200EMA,MidPct50EMA | SmallPct50EMA | LargePct50EMA | SmallPct200EMA,70,17900,31.184,40.726,2.559,4.005
Mix_MidPct50EMA_SmallPct50EMA_LargePct50EMA_SmallPct200EMA,MidPct50EMA | SmallPct50EMA | LargePct50EMA | SmallPct200EMA,75,14022,31.622,39.802,2.716,4.136
Mix_MidPct50EMA_SmallPct50EMA_LargePct50EMA_SmallPct200EMA,MidPct50EMA | SmallPct50EMA | LargePct50EMA | SmallPct200EMA,80,11090,30.388,41.659,2.34,3.864
Mix_MidPct50EMA_SmallPct50EMA_PctAbove200EMA_PctAbove50EMA,MidPct50EMA | SmallPct50EMA | PctAbove200EMA | PctAbove50EMA,50,37423,29.672,44.507,2.025,3.006
Mix_MidPct50EMA_SmallPct50EMA_PctAbove200EMA_PctAbove50EMA,MidPct50EMA | SmallPct50EMA | PctAbove200EMA | PctAbove50EMA,55,33103,29.586,44.186,2.056,2.956
Mix_MidPct50EMA_SmallPct50EMA_PctAbove200EMA_PctAbove50EMA,MidPct50EMA | SmallPct50EMA | PctAbove200EMA | PctAbove50EMA,60,27570,29.721,44.577,2.006,3.057
Mix_MidPct50EMA_SmallPct50EMA_PctAbove200EMA_PctAbove50EMA,MidPct50EMA | SmallPct50EMA | PctAbove200EMA | PctAbove50EMA,65,22643,30.429,43.267,2.217,3.373
Mix_MidPct50EMA_SmallPct50EMA_PctAbove200EMA_PctAbove50EMA,MidPct50EMA | SmallPct50EMA | PctAbove200EMA | PctAbove50EMA,70,18480,31.223,42.262,2.411,3.654
Mix_MidPct50EMA_SmallPct50EMA_PctAbove200EMA_PctAbove50EMA,MidPct50EMA | SmallPct50EMA | PctAbove200EMA | PctAbove50EMA,75,15863,31.476,41.575,2.498,3.78
Mix_MidPct50EMA_SmallPct50EMA_PctAbove200EMA_PctAbove50EMA,MidPct50EMA | SmallPct50EMA | PctAbove200EMA | PctAbove50EMA,80,10936,29.901,43.553,2.095,3.587
Mix_MidPct50EMA_SmallPct50EMA_PctAbove200EMA_MicroPct200EMA,MidPct50EMA | SmallPct50EMA | PctAbove200EMA | MicroPct200EMA,50,37752,29.217,46.347,1.787,2.806
Mix_MidPct50EMA_SmallPct50EMA_PctAbove200EMA_MicroPct200EMA,MidPct50EMA | SmallPct50EMA | PctAbove200EMA | MicroPct200EMA,55,31202,29.44,45.875,1.855,2.842
Mix_MidPct50EMA_SmallPct50EMA_PctAbove200EMA_MicroPct200EMA,MidPct50EMA | SmallPct50EMA | PctAbove200EMA | MicroPct200EMA,60,26619,30.035,45.205,2.002,3.126
Mix_MidPct50EMA_SmallPct50EMA_PctAbove200EMA_MicroPct200EMA,MidPct50EMA | SmallPct50EMA | PctAbove200EMA | MicroPct200EMA,65,22728,30.773,43.471,2.274,3.525
Mix_MidPct50EMA_SmallPct50EMA_PctAbove200EMA_MicroPct200EMA,MidPct50EMA | SmallPct50EMA | PctAbove200EMA | MicroPct200EMA,70,17253,30.088,43.824,2.116,3.61
Mix_MidPct50EMA_SmallPct50EMA_PctAbove200EMA_MicroPct200EMA,MidPct50EMA | SmallPct50EMA | PctAbove200EMA | MicroPct200EMA,75,13071,31.206,41.971,2.427,3.939
Mix_MidPct50EMA_SmallPct50EMA_PctAbove200EMA_MicroPct200EMA,MidPct50EMA | SmallPct50EMA | PctAbove200EMA | MicroPct200EMA,80,8985,30.44,43.606,2.142,3.799
Mix_MidPct50EMA_SmallPct50EMA_PctAbove200EMA_SmallPct200EMA,MidPct50EMA | SmallPct50EMA | PctAbove200EMA | SmallPct200EMA,50,37932,28.994,46.272,1.763,2.784
Mix_MidPct50EMA_SmallPct50EMA_PctAbove200EMA_SmallPct200EMA,MidPct50EMA | SmallPct50EMA | PctAbove200EMA | SmallPct200EMA,55,31122,29.59,45.103,1.959,2.967
Mix_MidPct50EMA_SmallPct50EMA_PctAbove200EMA_SmallPct200EMA,MidPct50EMA | SmallPct50EMA | PctAbove200EMA | SmallPct200EMA,60,26660,30.334,43.98,2.158,3.381
Mix_MidPct50EMA_SmallPct50EMA_PctAbove200EMA_SmallPct200EMA,MidPct50EMA | SmallPct50EMA | PctAbove200EMA | SmallPct200EMA,65,22509,30.89,42.907,2.347,3.658
Mix_MidPct50EMA_SmallPct50EMA_PctAbove200EMA_SmallPct200EMA,MidPct50EMA | SmallPct50EMA | PctAbove200EMA | SmallPct200EMA,70,17237,30.91,42.316,2.363,3.869
Mix_MidPct50EMA_SmallPct50EMA_PctAbove200EMA_SmallPct200EMA,MidPct50EMA | SmallPct50EMA | PctAbove200EMA | SmallPct200EMA,75,13449,31.155,41.996,2.419,3.935
Mix_MidPct50EMA_SmallPct50EMA_PctAbove200EMA_SmallPct200EMA,MidPct50EMA | SmallPct50EMA | PctAbove200EMA | SmallPct200EMA,80,9629,31.499,42.31,2.416,4.136
Mix_MidPct50EMA_SmallPct50EMA_PctAbove50EMA_MicroPct200EMA,MidPct50EMA | SmallPct50EMA | PctAbove50EMA | MicroPct200EMA,50,37541,29.634,44.586,2.013,2.99
Mix_MidPct50EMA_SmallPct50EMA_PctAbove50EMA_MicroPct200EMA,MidPct50EMA | SmallPct50EMA | PctAbove50EMA | MicroPct200EMA,55,33062,29.532,44.308,2.036,2.927
Mix_MidPct50EMA_SmallPct50EMA_PctAbove50EMA_MicroPct200EMA,MidPct50EMA | SmallPct50EMA | PctAbove50EMA | MicroPct200EMA,60,27574,29.633,44.763,1.975,3.007
Mix_MidPct50EMA_SmallPct50EMA_PctAbove50EMA_MicroPct200EMA,MidPct50EMA | SmallPct50EMA | PctAbove50EMA | MicroPct200EMA,65,22873,30.315,43.536,2.176,3.295
Mix_MidPct50EMA_SmallPct50EMA_PctAbove50EMA_MicroPct200EMA,MidPct50EMA | SmallPct50EMA | PctAbove50EMA | MicroPct200EMA,70,18480,31.223,42.262,2.411,3.654
Mix_MidPct50EMA_SmallPct50EMA_PctAbove50EMA_MicroPct200EMA,MidPct50EMA | SmallPct50EMA | PctAbove50EMA | MicroPct200EMA,75,15589,31.4,41.696,2.472,3.765
Mix_MidPct50EMA_SmallPct50EMA_PctAbove50EMA_MicroPct200EMA,MidPct50EMA | SmallPct50EMA | PctAbove50EMA | MicroPct200EMA,80,10702,30.247,43.366,2.155,3.648
Mix_MidPct50EMA_SmallPct50EMA_PctAbove50EMA_SmallPct200EMA,MidPct50EMA | SmallPct50EMA | PctAbove50EMA | SmallPct200EMA,50,37485,29.502,44.418,2.014,2.968
Mix_MidPct50EMA_SmallPct50EMA_PctAbove50EMA_SmallPct200EMA,MidPct50EMA | SmallPct50EMA | PctAbove50EMA | SmallPct200EMA,55,32899,29.548,44.129,2.051,2.964
Mix_MidPct50EMA_SmallPct50EMA_PctAbove50EMA_SmallPct200EMA,MidPct50EMA | SmallPct50EMA | PctAbove50EMA | SmallPct200EMA,60,26919,29.994,43.49,2.142,3.223
Mix_MidPct50EMA_SmallPct50EMA_PctAbove50EMA_SmallPct200EMA,MidPct50EMA | SmallPct50EMA | PctAbove50EMA | SmallPct200EMA,65,22428,30.502,42.701,2.272,3.493
Mix_MidPct50EMA_SmallPct50EMA_PctAbove50EMA_SmallPct200EMA,MidPct50EMA | SmallPct50EMA | PctAbove50EMA | SmallPct200EMA,70,18551,31.432,41.335,2.525,3.797
Mix_MidPct50EMA_SmallPct50EMA_PctAbove50EMA_SmallPct200EMA,MidPct50EMA | SmallPct50EMA | PctAbove50EMA | SmallPct200EMA,75,15668,31.925,40.592,2.655,4.03
Mix_MidPct50EMA_SmallPct50EMA_PctAbove50EMA_SmallPct200EMA,MidPct50EMA | SmallPct50EMA | PctAbove50EMA | SmallPct200EMA,80,11468,30.075,42.37,2.242,3.775
Mix_MidPct50EMA_SmallPct50EMA_MicroPct200EMA_SmallPct200EMA,MidPct50EMA | SmallPct50EMA | MicroPct200EMA | SmallPct200EMA,50,38178,28.996,46.275,1.761,2.78
Mix_MidPct50EMA_SmallPct50EMA_MicroPct200EMA_SmallPct200EMA,MidPct50EMA | SmallPct50EMA | MicroPct200EMA | SmallPct200EMA,55,31203,29.532,45.399,1.92,2.903
Mix_MidPct50EMA_SmallPct50EMA_MicroPct200EMA_SmallPct200EMA,MidPct50EMA | SmallPct50EMA | MicroPct200EMA | SmallPct200EMA,60,26450,30.095,44.586,2.064,3.249
Mix_MidPct50EMA_SmallPct50EMA_MicroPct200EMA_SmallPct200EMA,MidPct50EMA | SmallPct50EMA | MicroPct200EMA | SmallPct200EMA,65,22505,30.682,43.279,2.281,3.579
Mix_MidPct50EMA_SmallPct50EMA_MicroPct200EMA_SmallPct200EMA,MidPct50EMA | SmallPct50EMA | MicroPct200EMA | SmallPct200EMA,70,17150,30.595,42.95,2.259,3.767
Mix_MidPct50EMA_SmallPct50EMA_MicroPct200EMA_SmallPct200EMA,MidPct50EMA | SmallPct50EMA | MicroPct200EMA | SmallPct200EMA,75,13020,31.344,42.143,2.428,3.946
Mix_MidPct50EMA_SmallPct50EMA_MicroPct200EMA_SmallPct200EMA,MidPct50EMA | SmallPct50EMA | MicroPct200EMA | SmallPct200EMA,80,9517,31.081,42.745,2.31,3.982
Mix_MidPct50EMA_LargePct50EMA_PctAbove200EMA_PctAbove50EMA,MidPct50EMA | LargePct50EMA | PctAbove200EMA | PctAbove50EMA,50,38062,29.631,44.262,2.058,3.207
Mix_MidPct50EMA_LargePct50EMA_PctAbove200EMA_PctAbove50EMA,MidPct50EMA | LargePct50EMA | PctAbove200EMA | PctAbove50EMA,55,32854,29.853,43.727,2.126,3.179
Mix_MidPct50EMA_LargePct50EMA_PctAbove200EMA_PctAbove50EMA,MidPct50EMA | LargePct50EMA | PctAbove200EMA | PctAbove50EMA,60,28145,30.286,43.549,2.195,3.28
Mix_MidPct50EMA_LargePct50EMA_PctAbove200EMA_PctAbove50EMA,MidPct50EMA | LargePct50EMA | PctAbove200EMA | PctAbove50EMA,65,22653,30.111,43.31,2.173,3.31
Mix_MidPct50EMA_LargePct50EMA_PctAbove200EMA_PctAbove50EMA,MidPct50EMA | LargePct50EMA | PctAbove200EMA | PctAbove50EMA,70,17600,30.682,42.034,2.384,3.616
Mix_MidPct50EMA_LargePct50EMA_PctAbove200EMA_PctAbove50EMA,MidPct50EMA | LargePct50EMA | PctAbove200EMA | PctAbove50EMA,75,13136,30.489,41.23,2.416,3.865
Mix_MidPct50EMA_LargePct50EMA_PctAbove200EMA_PctAbove50EMA,MidPct50EMA | LargePct50EMA | PctAbove200EMA | PctAbove50EMA,80,10072,29.964,42.772,2.162,3.871
Mix_MidPct50EMA_LargePct50EMA_PctAbove200EMA_MicroPct200EMA,MidPct50EMA | LargePct50EMA | PctAbove200EMA | MicroPct200EMA,50,38148,29.446,45.801,1.868,3.062
Mix_MidPct50EMA_LargePct50EMA_PctAbove200EMA_MicroPct200EMA,MidPct50EMA | LargePct50EMA | PctAbove200EMA | MicroPct200EMA,55,31574,29.151,45.968,1.813,3.076
Mix_MidPct50EMA_LargePct50EMA_PctAbove200EMA_MicroPct200EMA,MidPct50EMA | LargePct50EMA | PctAbove200EMA | MicroPct200EMA,60,26182,29.616,44.928,1.972,3.317
Mix_MidPct50EMA_LargePct50EMA_PctAbove200EMA_MicroPct200EMA,MidPct50EMA | LargePct50EMA | PctAbove200EMA | MicroPct200EMA,65,21648,30.127,44.004,2.154,3.401
Mix_MidPct50EMA_LargePct50EMA_PctAbove200EMA_MicroPct200EMA,MidPct50EMA | LargePct50EMA | PctAbove200EMA | MicroPct200EMA,70,17600,30.693,42.199,2.398,3.58
Mix_MidPct50EMA_LargePct50EMA_PctAbove200EMA_MicroPct200EMA,MidPct50EMA | LargePct50EMA | PctAbove200EMA | MicroPct200EMA,75,11724,30.374,43.031,2.228,3.628
Mix_MidPct50EMA_LargePct50EMA_PctAbove200EMA_MicroPct200EMA,MidPct50EMA | LargePct50EMA | PctAbove200EMA | MicroPct200EMA,80,8254,30.991,43.397,2.289,4.031
Mix_MidPct50EMA_LargePct50EMA_PctAbove200EMA_SmallPct200EMA,MidPct50EMA | LargePct50EMA | PctAbove200EMA | SmallPct200EMA,50,38178,29.373,45.442,1.895,3.084
Mix_MidPct50EMA_LargePct50EMA_PctAbove200EMA_SmallPct200EMA,MidPct50EMA | LargePct50EMA | PctAbove200EMA | SmallPct200EMA,55,31228,29.089,45.504,1.851,3.105
Mix_MidPct50EMA_LargePct50EMA_PctAbove200EMA_SmallPct200EMA,MidPct50EMA | LargePct50EMA | PctAbove200EMA | SmallPct200EMA,60,26244,29.565,44.33,2.034,3.468
Mix_MidPct50EMA_LargePct50EMA_PctAbove200EMA_SmallPct200EMA,MidPct50EMA | LargePct50EMA | PctAbove200EMA | SmallPct200EMA,65,21443,30.364,43.133,2.262,3.577
Mix_MidPct50EMA_LargePct50EMA_PctAbove200EMA_SmallPct200EMA,MidPct50EMA | LargePct50EMA | PctAbove200EMA | SmallPct200EMA,70,17864,31.163,41.413,2.518,3.844
Mix_MidPct50EMA_LargePct50EMA_PctAbove200EMA_SmallPct200EMA,MidPct50EMA | LargePct50EMA | PctAbove200EMA | SmallPct200EMA,75,12511,30.693,42.339,2.343,3.808
Mix_MidPct50EMA_LargePct50EMA_PctAbove200EMA_SmallPct200EMA,MidPct50EMA | LargePct50EMA | PctAbove200EMA | SmallPct200EMA,80,8538,31.424,42.41,2.414,4.072
Mix_MidPct50EMA_LargePct50EMA_PctAbove50EMA_MicroPct200EMA,MidPct50EMA | LargePct50EMA | PctAbove50EMA | MicroPct200EMA,50,37855,29.745,44.113,2.086,3.204
Mix_MidPct50EMA_LargePct50EMA_PctAbove50EMA_MicroPct200EMA,MidPct50EMA | LargePct50EMA | PctAbove50EMA | MicroPct200EMA,55,32831,29.85,43.736,2.125,3.178
Mix_MidPct50EMA_LargePct50EMA_PctAbove50EMA_MicroPct200EMA,MidPct50EMA | LargePct50EMA | PctAbove50EMA | MicroPct200EMA,60,28227,30.134,43.869,2.138,3.191
Mix_MidPct50EMA_LargePct50EMA_PctAbove50EMA_MicroPct200EMA,MidPct50EMA | LargePct50EMA | PctAbove50EMA | MicroPct200EMA,65,23051,30.072,43.347,2.167,3.298
Mix_MidPct50EMA_LargePct50EMA_PctAbove50EMA_MicroPct200EMA,MidPct50EMA | LargePct50EMA | PctAbove50EMA | MicroPct200EMA,70,17670,30.6,42.207,2.356,3.56
Mix_MidPct50EMA_LargePct50EMA_PctAbove50EMA_MicroPct200EMA,MidPct50EMA | LargePct50EMA | PctAbove50EMA | MicroPct200EMA,75,13136,30.489,41.23,2.416,3.865
Mix_MidPct50EMA_LargePct50EMA_PctAbove50EMA_MicroPct200EMA,MidPct50EMA | LargePct50EMA | PctAbove50EMA | MicroPct200EMA,80,9770,30.154,42.733,2.22,3.928
Mix_MidPct50EMA_LargePct50EMA_PctAbove50EMA_SmallPct200EMA,MidPct50EMA | LargePct50EMA | PctAbove50EMA | SmallPct200EMA,50,37537,29.805,43.834,2.125,3.275
Mix_MidPct50EMA_LargePct50EMA_PctAbove50EMA_SmallPct200EMA,MidPct50EMA | LargePct50EMA | PctAbove50EMA | SmallPct200EMA,55,33157,29.617,43.846,2.089,3.099
Mix_MidPct50EMA_LargePct50EMA_PctAbove50EMA_SmallPct200EMA,MidPct50EMA | LargePct50EMA | PctAbove50EMA | SmallPct200EMA,60,27930,30.422,42.943,2.269,3.39
Mix_MidPct50EMA_LargePct50EMA_PctAbove50EMA_SmallPct200EMA,MidPct50EMA | LargePct50EMA | PctAbove50EMA | SmallPct200EMA,65,21428,30.451,42.505,2.279,3.592
Mix_MidPct50EMA_LargePct50EMA_PctAbove50EMA_SmallPct200EMA,MidPct50EMA | LargePct50EMA | PctAbove50EMA | SmallPct200EMA,70,17848,30.524,41.932,2.367,3.605
Mix_MidPct50EMA_LargePct50EMA_PctAbove50EMA_SmallPct200EMA,MidPct50EMA | LargePct50EMA | PctAbove50EMA | SmallPct200EMA,75,13362,30.849,40.413,2.553,4.019
Mix_MidPct50EMA_LargePct50EMA_PctAbove50EMA_SmallPct200EMA,MidPct50EMA | LargePct50EMA | PctAbove50EMA | SmallPct200EMA,80,10453,29.905,42.572,2.179,3.883
Mix_MidPct50EMA_LargePct50EMA_MicroPct200EMA_SmallPct200EMA,MidPct50EMA | LargePct50EMA | MicroPct200EMA | SmallPct200EMA,50,38255,29.426,45.437,1.901,3.083
Mix_MidPct50EMA_LargePct50EMA_MicroPct200EMA_SmallPct200EMA,MidPct50EMA | LargePct50EMA | MicroPct200EMA | SmallPct200EMA,55,31479,28.991,45.71,1.819,3.06
Mix_MidPct50EMA_LargePct50EMA_MicroPct200EMA_SmallPct200EMA,MidPct50EMA | LargePct50EMA | MicroPct200EMA | SmallPct200EMA,60,26125,29.546,44.494,2.012,3.474
Mix_MidPct50EMA_LargePct50EMA_MicroPct200EMA_SmallPct200EMA,MidPct50EMA | LargePct50EMA | MicroPct200EMA | SmallPct200EMA,65,21655,30.192,43.445,2.21,3.538
Mix_MidPct50EMA_LargePct50EMA_MicroPct200EMA_SmallPct200EMA,MidPct50EMA | LargePct50EMA | MicroPct200EMA | SmallPct200EMA,70,17786,31.086,41.606,2.485,3.817
Mix_MidPct50EMA_LargePct50EMA_MicroPct200EMA_SmallPct200EMA,MidPct50EMA | LargePct50EMA | MicroPct200EMA | SmallPct200EMA,75,12103,30.893,42.304,2.369,3.856
Mix_MidPct50EMA_LargePct50EMA_MicroPct200EMA_SmallPct200EMA,MidPct50EMA | LargePct50EMA | MicroPct200EMA | SmallPct200EMA,80,8505,31.346,42.516,2.4,4.079
Mix_MidPct50EMA_PctAbove200EMA_PctAbove50EMA_MicroPct200EMA,MidPct50EMA | PctAbove200EMA | PctAbove50EMA | MicroPct200EMA,50,38842,29.118,46.331,1.788,2.754
Mix_MidPct50EMA_PctAbove200EMA_PctAbove50EMA_MicroPct200EMA,MidPct50EMA | PctAbove200EMA | PctAbove50EMA | MicroPct200EMA,55,31692,29.241,46.1,1.802,2.752
Mix_MidPct50EMA_PctAbove200EMA_PctAbove50EMA_MicroPct200EMA,MidPct50EMA | PctAbove200EMA | PctAbove50EMA | MicroPct200EMA,60,26891,29.951,45.383,1.969,3.013
Mix_MidPct50EMA_PctAbove200EMA_PctAbove50EMA_MicroPct200EMA,MidPct50EMA | PctAbove200EMA | PctAbove50EMA | MicroPct200EMA,65,22708,30.747,43.698,2.244,3.426
Mix_MidPct50EMA_PctAbove200EMA_PctAbove50EMA_MicroPct200EMA,MidPct50EMA | PctAbove200EMA | PctAbove50EMA | MicroPct200EMA,70,17195,29.509,44.879,1.932,3.275
Mix_MidPct50EMA_PctAbove200EMA_PctAbove50EMA_MicroPct200EMA,MidPct50EMA | PctAbove200EMA | PctAbove50EMA | MicroPct200EMA,75,11930,29.355,44.82,1.921,3.305
Mix_MidPct50EMA_PctAbove200EMA_PctAbove50EMA_MicroPct200EMA,MidPct50EMA | PctAbove200EMA | PctAbove50EMA | MicroPct200EMA,80,8030,29.315,45.766,1.811,3.54
Mix_MidPct50EMA_PctAbove200EMA_PctAbove50EMA_SmallPct200EMA,MidPct50EMA | PctAbove200EMA | PctAbove50EMA | SmallPct200EMA,50,38918,29.028,46.128,1.796,2.77
Mix_MidPct50EMA_PctAbove200EMA_PctAbove50EMA_SmallPct200EMA,MidPct50EMA | PctAbove200EMA | PctAbove50EMA | SmallPct200EMA,55,32115,29.298,45.589,1.872,2.805
Mix_MidPct50EMA_PctAbove200EMA_PctAbove50EMA_SmallPct200EMA,MidPct50EMA | PctAbove200EMA | PctAbove50EMA | SmallPct200EMA,60,26720,30.112,44.379,2.092,3.231
Mix_MidPct50EMA_PctAbove200EMA_PctAbove50EMA_SmallPct200EMA,MidPct50EMA | PctAbove200EMA | PctAbove50EMA | SmallPct200EMA,65,22748,30.855,42.962,2.332,3.575
Mix_MidPct50EMA_PctAbove200EMA_PctAbove50EMA_SmallPct200EMA,MidPct50EMA | PctAbove200EMA | PctAbove50EMA | SmallPct200EMA,70,17159,30.573,43.074,2.247,3.615
Mix_MidPct50EMA_PctAbove200EMA_PctAbove50EMA_SmallPct200EMA,MidPct50EMA | PctAbove200EMA | PctAbove50EMA | SmallPct200EMA,75,12484,30.143,43.095,2.18,3.787
Mix_MidPct50EMA_PctAbove200EMA_PctAbove50EMA_SmallPct200EMA,MidPct50EMA | PctAbove200EMA | PctAbove50EMA | SmallPct200EMA,80,8271,29.875,44.481,1.991,3.78
Mix_MidPct50EMA_PctAbove200EMA_MicroPct200EMA_SmallPct200EMA,MidPct50EMA | PctAbove200EMA | MicroPct200EMA | SmallPct200EMA,50,37420,28.752,47.894,1.57,2.63
Mix_MidPct50EMA_PctAbove200EMA_MicroPct200EMA_SmallPct200EMA,MidPct50EMA | PctAbove200EMA | MicroPct200EMA | SmallPct200EMA,55,31579,28.817,47.171,1.648,2.797
Mix_MidPct50EMA_PctAbove200EMA_MicroPct200EMA_SmallPct200EMA,MidPct50EMA | PctAbove200EMA | MicroPct200EMA | SmallPct200EMA,60,26709,29.088,46.138,1.796,3.014
Mix_MidPct50EMA_PctAbove200EMA_MicroPct200EMA_SmallPct200EMA,MidPct50EMA | PctAbove200EMA | MicroPct200EMA | SmallPct200EMA,65,23056,29.589,45.229,1.942,3.085
Mix_MidPct50EMA_PctAbove200EMA_MicroPct200EMA_SmallPct200EMA,MidPct50EMA | PctAbove200EMA | MicroPct200EMA | SmallPct200EMA,70,19354,30.273,43.82,2.173,3.435
Mix_MidPct50EMA_PctAbove200EMA_MicroPct200EMA_SmallPct200EMA,MidPct50EMA | PctAbove200EMA | MicroPct200EMA | SmallPct200EMA,75,13467,30.17,44.776,2.04,3.562
Mix_MidPct50EMA_PctAbove200EMA_MicroPct200EMA_SmallPct200EMA,MidPct50EMA | PctAbove200EMA | MicroPct200EMA | SmallPct200EMA,80,9492,29.182,45.839,1.821,3.653
Mix_MidPct50EMA_PctAbove50EMA_MicroPct200EMA_SmallPct200EMA,MidPct50EMA | PctAbove50EMA | MicroPct200EMA | SmallPct200EMA,50,38955,29.016,46.156,1.792,2.757
Mix_MidPct50EMA_PctAbove50EMA_MicroPct200EMA_SmallPct200EMA,MidPct50EMA | PctAbove50EMA | MicroPct200EMA | SmallPct200EMA,55,31864,29.183,45.995,1.812,2.741
Mix_MidPct50EMA_PctAbove50EMA_MicroPct200EMA_SmallPct200EMA,MidPct50EMA | PctAbove50EMA | MicroPct200EMA | SmallPct200EMA,60,26830,29.993,44.659,2.046,3.158
Mix_MidPct50EMA_PctAbove50EMA_MicroPct200EMA_SmallPct200EMA,MidPct50EMA | PctAbove50EMA | MicroPct200EMA | SmallPct200EMA,65,22897,30.672,43.364,2.27,3.476
Mix_MidPct50EMA_PctAbove50EMA_MicroPct200EMA_SmallPct200EMA,MidPct50EMA | PctAbove50EMA | MicroPct200EMA | SmallPct200EMA,70,17319,30.36,43.484,2.182,3.6
Mix_MidPct50EMA_PctAbove50EMA_MicroPct200EMA_SmallPct200EMA,MidPct50EMA | PctAbove50EMA | MicroPct200EMA | SmallPct200EMA,75,12234,29.712,44.221,2.023,3.548
Mix_MidPct50EMA_PctAbove50EMA_MicroPct200EMA_SmallPct200EMA,MidPct50EMA | PctAbove50EMA | MicroPct200EMA | SmallPct200EMA,80,8290,29.409,45.32,1.845,3.598
Mix_SmallPct50EMA_LargePct50EMA_PctAbove200EMA_PctAbove50EMA,SmallPct50EMA | LargePct50EMA | PctAbove200EMA | PctAbove50EMA,50,37503,29.672,44.476,2.025,3.054
Mix_SmallPct50EMA_LargePct50EMA_PctAbove200EMA_PctAbove50EMA,SmallPct50EMA | LargePct50EMA | PctAbove200EMA | PctAbove50EMA,55,32408,29.752,44.147,2.064,3.082
Mix_SmallPct50EMA_LargePct50EMA_PctAbove200EMA_PctAbove50EMA,SmallPct50EMA | LargePct50EMA | PctAbove200EMA | PctAbove50EMA,60,28656,30.074,43.994,2.12,3.234
Mix_SmallPct50EMA_LargePct50EMA_PctAbove200EMA_PctAbove50EMA,SmallPct50EMA | LargePct50EMA | PctAbove200EMA | PctAbove50EMA,65,23527,30.148,44.069,2.101,3.331
Mix_SmallPct50EMA_LargePct50EMA_PctAbove200EMA_PctAbove50EMA,SmallPct50EMA | LargePct50EMA | PctAbove200EMA | PctAbove50EMA,70,18293,30.635,42.907,2.283,3.581
Mix_SmallPct50EMA_LargePct50EMA_PctAbove200EMA_PctAbove50EMA,SmallPct50EMA | LargePct50EMA | PctAbove200EMA | PctAbove50EMA,75,14605,30.079,43.458,2.147,3.545
Mix_SmallPct50EMA_LargePct50EMA_PctAbove200EMA_PctAbove50EMA,SmallPct50EMA | LargePct50EMA | PctAbove200EMA | PctAbove50EMA,80,10759,30.217,42.588,2.222,3.815
Mix_SmallPct50EMA_LargePct50EMA_PctAbove200EMA_MicroPct200EMA,SmallPct50EMA | LargePct50EMA | PctAbove200EMA | MicroPct200EMA,50,37864,29.041,46.456,1.75,2.901
Mix_SmallPct50EMA_LargePct50EMA_PctAbove200EMA_MicroPct200EMA,SmallPct50EMA | LargePct50EMA | PctAbove200EMA | MicroPct200EMA,55,31716,29.121,46.532,1.747,2.967
Mix_SmallPct50EMA_LargePct50EMA_PctAbove200EMA_MicroPct200EMA,SmallPct50EMA | LargePct50EMA | PctAbove200EMA | MicroPct200EMA,60,26808,29.607,45.453,1.915,3.08
Mix_SmallPct50EMA_LargePct50EMA_PctAbove200EMA_MicroPct200EMA,SmallPct50EMA | LargePct50EMA | PctAbove200EMA | MicroPct200EMA,65,22420,30.241,43.537,2.213,3.454
Mix_SmallPct50EMA_LargePct50EMA_PctAbove200EMA_MicroPct200EMA,SmallPct50EMA | LargePct50EMA | PctAbove200EMA | MicroPct200EMA,70,18219,30.638,42.752,2.322,3.746
Mix_SmallPct50EMA_LargePct50EMA_PctAbove200EMA_MicroPct200EMA,SmallPct50EMA | LargePct50EMA | PctAbove200EMA | MicroPct200EMA,75,12800,30.508,44.117,2.145,3.651
Mix_SmallPct50EMA_LargePct50EMA_PctAbove200EMA_MicroPct200EMA,SmallPct50EMA | LargePct50EMA | PctAbove200EMA | MicroPct200EMA,80,8819,29.811,45.062,1.952,3.596
Mix_SmallPct50EMA_LargePct50EMA_PctAbove200EMA_SmallPct200EMA,SmallPct50EMA | LargePct50EMA | PctAbove200EMA | SmallPct200EMA,50,36482,28.79,46.598,1.699,2.787
Mix_SmallPct50EMA_LargePct50EMA_PctAbove200EMA_SmallPct200EMA,SmallPct50EMA | LargePct50EMA | PctAbove200EMA | SmallPct200EMA,55,32259,29.068,46.316,1.769,2.942
Mix_SmallPct50EMA_LargePct50EMA_PctAbove200EMA_SmallPct200EMA,SmallPct50EMA | LargePct50EMA | PctAbove200EMA | SmallPct200EMA,60,26628,29.841,44.292,2.063,3.327
Mix_SmallPct50EMA_LargePct50EMA_PctAbove200EMA_SmallPct200EMA,SmallPct50EMA | LargePct50EMA | PctAbove200EMA | SmallPct200EMA,65,21762,30.687,42.799,2.343,3.671
Mix_SmallPct50EMA_LargePct50EMA_PctAbove200EMA_SmallPct200EMA,SmallPct50EMA | LargePct50EMA | PctAbove200EMA | SmallPct200EMA,70,18341,30.495,42.708,2.297,3.764
Mix_SmallPct50EMA_LargePct50EMA_PctAbove200EMA_SmallPct200EMA,SmallPct50EMA | LargePct50EMA | PctAbove200EMA | SmallPct200EMA,75,12961,31.525,42.142,2.465,4.005
Mix_SmallPct50EMA_LargePct50EMA_PctAbove200EMA_SmallPct200EMA,SmallPct50EMA | LargePct50EMA | PctAbove200EMA | SmallPct200EMA,80,9259,30.478,44.076,2.142,3.785
Mix_SmallPct50EMA_LargePct50EMA_PctAbove50EMA_MicroPct200EMA,SmallPct50EMA | LargePct50EMA | PctAbove50EMA | MicroPct200EMA,50,37465,29.622,44.559,2.009,3.027
Mix_SmallPct50EMA_LargePct50EMA_PctAbove50EMA_MicroPct200EMA,SmallPct50EMA | LargePct50EMA | PctAbove50EMA | MicroPct200EMA,55,32192,29.7,44.377,2.027,3.062
Mix_SmallPct50EMA_LargePct50EMA_PctAbove50EMA_MicroPct200EMA,SmallPct50EMA | LargePct50EMA | PctAbove50EMA | MicroPct200EMA,60,28509,30.001,44.382,2.072,3.19
Mix_SmallPct50EMA_LargePct50EMA_PctAbove50EMA_MicroPct200EMA,SmallPct50EMA | LargePct50EMA | PctAbove50EMA | MicroPct200EMA,65,23350,30.073,44.21,2.078,3.316
Mix_SmallPct50EMA_LargePct50EMA_PctAbove50EMA_MicroPct200EMA,SmallPct50EMA | LargePct50EMA | PctAbove50EMA | MicroPct200EMA,70,18265,30.446,43.285,2.226,3.483
Mix_SmallPct50EMA_LargePct50EMA_PctAbove50EMA_MicroPct200EMA,SmallPct50EMA | LargePct50EMA | PctAbove50EMA | MicroPct200EMA,75,14482,30.072,43.613,2.13,3.54
Mix_SmallPct50EMA_LargePct50EMA_PctAbove50EMA_MicroPct200EMA,SmallPct50EMA | LargePct50EMA | PctAbove50EMA | MicroPct200EMA,80,10220,29.98,43.581,2.105,3.708
Mix_SmallPct50EMA_LargePct50EMA_PctAbove50EMA_SmallPct200EMA,SmallPct50EMA | LargePct50EMA | PctAbove50EMA | SmallPct200EMA,50,36701,29.332,44.767,1.956,2.957
Mix_SmallPct50EMA_LargePct50EMA_PctAbove50EMA_SmallPct200EMA,SmallPct50EMA | LargePct50EMA | PctAbove50EMA | SmallPct200EMA,55,32390,29.815,43.893,2.095,3.125
Mix_SmallPct50EMA_LargePct50EMA_PctAbove50EMA_SmallPct200EMA,SmallPct50EMA | LargePct50EMA | PctAbove50EMA | SmallPct200EMA,60,27894,30.171,43.522,2.169,3.342
Mix_SmallPct50EMA_LargePct50EMA_PctAbove50EMA_SmallPct200EMA,SmallPct50EMA | LargePct50EMA | PctAbove50EMA | SmallPct200EMA,65,22721,30.549,43.066,2.248,3.605
Mix_SmallPct50EMA_LargePct50EMA_PctAbove50EMA_SmallPct200EMA,SmallPct50EMA | LargePct50EMA | PctAbove50EMA | SmallPct200EMA,70,18506,30.574,42.429,2.315,3.6
Mix_SmallPct50EMA_LargePct50EMA_PctAbove50EMA_SmallPct200EMA,SmallPct50EMA | LargePct50EMA | PctAbove50EMA | SmallPct200EMA,75,14949,30.437,42.899,2.25,3.629
Mix_SmallPct50EMA_LargePct50EMA_PctAbove50EMA_SmallPct200EMA,SmallPct50EMA | LargePct50EMA | PctAbove50EMA | SmallPct200EMA,80,10964,30.345,41.718,2.343,3.983
Mix_SmallPct50EMA_LargePct50EMA_MicroPct200EMA_SmallPct200EMA,SmallPct50EMA | LargePct50EMA | MicroPct200EMA | SmallPct200EMA,50,36386,28.728,46.669,1.685,2.772
Mix_SmallPct50EMA_LargePct50EMA_MicroPct200EMA_SmallPct200EMA,SmallPct50EMA | LargePct50EMA | MicroPct200EMA | SmallPct200EMA,55,32259,29.068,46.316,1.769,2.942
Mix_SmallPct50EMA_LargePct50EMA_MicroPct200EMA_SmallPct200EMA,SmallPct50EMA | LargePct50EMA | MicroPct200EMA | SmallPct200EMA,60,26458,29.772,44.542,2.021,3.269
Mix_SmallPct50EMA_LargePct50EMA_MicroPct200EMA_SmallPct200EMA,SmallPct50EMA | LargePct50EMA | MicroPct200EMA | SmallPct200EMA,65,21898,30.542,43.027,2.302,3.608
Mix_SmallPct50EMA_LargePct50EMA_MicroPct200EMA_SmallPct200EMA,SmallPct50EMA | LargePct50EMA | MicroPct200EMA | SmallPct200EMA,70,18385,30.481,42.736,2.293,3.74
Mix_SmallPct50EMA_LargePct50EMA_MicroPct200EMA_SmallPct200EMA,SmallPct50EMA | LargePct50EMA | MicroPct200EMA | SmallPct200EMA,75,12954,31.033,43.485,2.274,3.736
Mix_SmallPct50EMA_LargePct50EMA_MicroPct200EMA_SmallPct200EMA,SmallPct50EMA | LargePct50EMA | MicroPct200EMA | SmallPct200EMA,80,9259,30.478,44.076,2.142,3.785
Mix_SmallPct50EMA_PctAbove200EMA_PctAbove50EMA_MicroPct200EMA,SmallPct50EMA | PctAbove200EMA | PctAbove50EMA | MicroPct200EMA,50,37841,28.887,46.997,1.671,2.589
Mix_SmallPct50EMA_PctAbove200EMA_PctAbove50EMA_MicroPct200EMA,SmallPct50EMA | PctAbove200EMA | PctAbove50EMA | MicroPct200EMA,55,32408,29.169,46.954,1.713,2.593
Mix_SmallPct50EMA_PctAbove200EMA_PctAbove50EMA_MicroPct200EMA,SmallPct50EMA | PctAbove200EMA | PctAbove50EMA | MicroPct200EMA,60,28050,29.59,46.046,1.854,2.839
Mix_SmallPct50EMA_PctAbove200EMA_PctAbove50EMA_MicroPct200EMA,SmallPct50EMA | PctAbove200EMA | PctAbove50EMA | MicroPct200EMA,65,23939,30.365,44.58,2.098,3.346
Mix_SmallPct50EMA_PctAbove200EMA_PctAbove50EMA_MicroPct200EMA,SmallPct50EMA | PctAbove200EMA | PctAbove50EMA | MicroPct200EMA,70,19029,30.685,44.012,2.171,3.536
Mix_SmallPct50EMA_PctAbove200EMA_PctAbove50EMA_MicroPct200EMA,SmallPct50EMA | PctAbove200EMA | PctAbove50EMA | MicroPct200EMA,75,12324,28.643,47.014,1.614,3.162
Mix_SmallPct50EMA_PctAbove200EMA_PctAbove50EMA_MicroPct200EMA,SmallPct50EMA | PctAbove200EMA | PctAbove50EMA | MicroPct200EMA,80,8856,28.15,47.38,1.487,3.154
Mix_SmallPct50EMA_PctAbove200EMA_PctAbove50EMA_SmallPct200EMA,SmallPct50EMA | PctAbove200EMA | PctAbove50EMA | SmallPct200EMA,50,38304,28.906,46.632,1.708,2.623
Mix_SmallPct50EMA_PctAbove200EMA_PctAbove50EMA_SmallPct200EMA,SmallPct50EMA | PctAbove200EMA | PctAbove50EMA | SmallPct200EMA,55,32913,28.986,46.738,1.709,2.543
Mix_SmallPct50EMA_PctAbove200EMA_PctAbove50EMA_SmallPct200EMA,SmallPct50EMA | PctAbove200EMA | PctAbove50EMA | SmallPct200EMA,60,27605,29.741,45.372,1.939,3.01
Mix_SmallPct50EMA_PctAbove200EMA_PctAbove50EMA_SmallPct200EMA,SmallPct50EMA | PctAbove200EMA | PctAbove50EMA | SmallPct200EMA,65,22950,30.828,43.621,2.245,3.608
Mix_SmallPct50EMA_PctAbove200EMA_PctAbove50EMA_SmallPct200EMA,SmallPct50EMA | PctAbove200EMA | PctAbove50EMA | SmallPct200EMA,70,19150,30.95,43.243,2.281,3.728
Mix_SmallPct50EMA_PctAbove200EMA_PctAbove50EMA_SmallPct200EMA,SmallPct50EMA | PctAbove200EMA | PctAbove50EMA | SmallPct200EMA,75,13523,29.557,45.108,1.91,3.497
Mix_SmallPct50EMA_PctAbove200EMA_PctAbove50EMA_SmallPct200EMA,SmallPct50EMA | PctAbove200EMA | PctAbove50EMA | SmallPct200EMA,80,9528,28.999,46.138,1.708,3.255
Mix_SmallPct50EMA_PctAbove200EMA_MicroPct200EMA_SmallPct200EMA,SmallPct50EMA | PctAbove200EMA | MicroPct200EMA | SmallPct200EMA,50,36409,29.097,47.579,1.65,2.717
Mix_SmallPct50EMA_PctAbove200EMA_MicroPct200EMA_SmallPct200EMA,SmallPct50EMA | PctAbove200EMA | MicroPct200EMA | SmallPct200EMA,55,32108,29.036,47.437,1.65,2.676
Mix_SmallPct50EMA_PctAbove200EMA_MicroPct200EMA_SmallPct200EMA,SmallPct50EMA | PctAbove200EMA | MicroPct200EMA | SmallPct200EMA,60,28094,29.554,45.903,1.861,2.896
Mix_SmallPct50EMA_PctAbove200EMA_MicroPct200EMA_SmallPct200EMA,SmallPct50EMA | PctAbove200EMA | MicroPct200EMA | SmallPct200EMA,65,22992,29.484,45.681,1.877,2.962
Mix_SmallPct50EMA_PctAbove200EMA_MicroPct200EMA_SmallPct200EMA,SmallPct50EMA | PctAbove200EMA | MicroPct200EMA | SmallPct200EMA,70,19823,29.784,45.331,1.948,3.156
Mix_SmallPct50EMA_PctAbove200EMA_MicroPct200EMA_SmallPct200EMA,SmallPct50EMA | PctAbove200EMA | MicroPct200EMA | SmallPct200EMA,75,14685,29.711,46.149,1.829,3.431
Mix_SmallPct50EMA_PctAbove200EMA_MicroPct200EMA_SmallPct200EMA,SmallPct50EMA | PctAbove200EMA | MicroPct200EMA | SmallPct200EMA,80,10627,28.748,47.041,1.621,3.513
Mix_SmallPct50EMA_PctAbove50EMA_MicroPct200EMA_SmallPct200EMA,SmallPct50EMA | PctAbove50EMA | MicroPct200EMA | SmallPct200EMA,50,38208,28.986,46.543,1.728,2.639
Mix_SmallPct50EMA_PctAbove50EMA_MicroPct200EMA_SmallPct200EMA,SmallPct50EMA | PctAbove50EMA | MicroPct200EMA | SmallPct200EMA,55,32887,28.923,46.86,1.685,2.524
Mix_SmallPct50EMA_PctAbove50EMA_MicroPct200EMA_SmallPct200EMA,SmallPct50EMA | PctAbove50EMA | MicroPct200EMA | SmallPct200EMA,60,27720,29.722,45.635,1.916,2.971
Mix_SmallPct50EMA_PctAbove50EMA_MicroPct200EMA_SmallPct200EMA,SmallPct50EMA | PctAbove50EMA | MicroPct200EMA | SmallPct200EMA,65,22931,30.723,43.853,2.209,3.539
Mix_SmallPct50EMA_PctAbove50EMA_MicroPct200EMA_SmallPct200EMA,SmallPct50EMA | PctAbove50EMA | MicroPct200EMA | SmallPct200EMA,70,19033,30.93,43.288,2.273,3.711
Mix_SmallPct50EMA_PctAbove50EMA_MicroPct200EMA_SmallPct200EMA,SmallPct50EMA | PctAbove50EMA | MicroPct200EMA | SmallPct200EMA,75,13290,29.556,45.515,1.883,3.476
Mix_SmallPct50EMA_PctAbove50EMA_MicroPct200EMA_SmallPct200EMA,SmallPct50EMA | PctAbove50EMA | MicroPct200EMA | SmallPct200EMA,80,9528,28.999,46.138,1.708,3.255
Mix_LargePct50EMA_PctAbove200EMA_PctAbove50EMA_MicroPct200EMA,LargePct50EMA | PctAbove200EMA | PctAbove50EMA | MicroPct200EMA,50,38484,28.729,47.004,1.657,2.768
Mix_LargePct50EMA_PctAbove200EMA_PctAbove50EMA_MicroPct200EMA,LargePct50EMA | PctAbove200EMA | PctAbove50EMA | MicroPct200EMA,55,32426,29.02,46.481,1.731,2.844
Mix_LargePct50EMA_PctAbove200EMA_PctAbove50EMA_MicroPct200EMA,LargePct50EMA | PctAbove200EMA | PctAbove50EMA | MicroPct200EMA,60,27098,29.493,45.498,1.894,3.038
Mix_LargePct50EMA_PctAbove200EMA_PctAbove50EMA_MicroPct200EMA,LargePct50EMA | PctAbove200EMA | PctAbove50EMA | MicroPct200EMA,65,22778,29.849,44.341,2.072,3.219
Mix_LargePct50EMA_PctAbove200EMA_PctAbove50EMA_MicroPct200EMA,LargePct50EMA | PctAbove200EMA | PctAbove50EMA | MicroPct200EMA,70,18280,30.131,43.747,2.172,3.439
Mix_LargePct50EMA_PctAbove200EMA_PctAbove50EMA_MicroPct200EMA,LargePct50EMA | PctAbove200EMA | PctAbove50EMA | MicroPct200EMA,75,11441,28.922,46.499,1.706,3.201
Mix_LargePct50EMA_PctAbove200EMA_PctAbove50EMA_MicroPct200EMA,LargePct50EMA | PctAbove200EMA | PctAbove50EMA | MicroPct200EMA,80,7937,28.953,46.97,1.644,3.476
Mix_LargePct50EMA_PctAbove200EMA_PctAbove50EMA_SmallPct200EMA,LargePct50EMA | PctAbove200EMA | PctAbove50EMA | SmallPct200EMA,50,37252,28.6,46.913,1.651,2.707
Mix_LargePct50EMA_PctAbove200EMA_PctAbove50EMA_SmallPct200EMA,LargePct50EMA | PctAbove200EMA | PctAbove50EMA | SmallPct200EMA,55,32358,29.038,46.23,1.766,2.945
Mix_LargePct50EMA_PctAbove200EMA_PctAbove50EMA_SmallPct200EMA,LargePct50EMA | PctAbove200EMA | PctAbove50EMA | SmallPct200EMA,60,27002,29.576,44.934,1.967,3.143
Mix_LargePct50EMA_PctAbove200EMA_PctAbove50EMA_SmallPct200EMA,LargePct50EMA | PctAbove200EMA | PctAbove50EMA | SmallPct200EMA,65,22182,30.358,43.382,2.232,3.559
Mix_LargePct50EMA_PctAbove200EMA_PctAbove50EMA_SmallPct200EMA,LargePct50EMA | PctAbove200EMA | PctAbove50EMA | SmallPct200EMA,70,18686,30.483,42.802,2.298,3.658
Mix_LargePct50EMA_PctAbove200EMA_PctAbove50EMA_SmallPct200EMA,LargePct50EMA | PctAbove200EMA | PctAbove50EMA | SmallPct200EMA,75,12536,29.268,45.262,1.863,3.385
Mix_LargePct50EMA_PctAbove200EMA_PctAbove50EMA_SmallPct200EMA,LargePct50EMA | PctAbove200EMA | PctAbove50EMA | SmallPct200EMA,80,8343,29.498,45.487,1.871,3.64
Mix_LargePct50EMA_PctAbove200EMA_MicroPct200EMA_SmallPct200EMA,LargePct50EMA | PctAbove200EMA | MicroPct200EMA | SmallPct200EMA,50,35522,28.351,48.111,1.481,2.622
Mix_LargePct50EMA_PctAbove200EMA_MicroPct200EMA_SmallPct200EMA,LargePct50EMA | PctAbove200EMA | MicroPct200EMA | SmallPct200EMA,55,31288,28.513,47.462,1.586,2.765
Mix_LargePct50EMA_PctAbove200EMA_MicroPct200EMA_SmallPct200EMA,LargePct50EMA | PctAbove200EMA | MicroPct200EMA | SmallPct200EMA,60,26861,28.953,46.145,1.782,3.069
Mix_LargePct50EMA_PctAbove200EMA_MicroPct200EMA_SmallPct200EMA,LargePct50EMA | PctAbove200EMA | MicroPct200EMA | SmallPct200EMA,65,23980,29.195,45.855,1.854,3.17
Mix_LargePct50EMA_PctAbove200EMA_MicroPct200EMA_SmallPct200EMA,LargePct50EMA | PctAbove200EMA | MicroPct200EMA | SmallPct200EMA,70,19327,29.684,45.506,1.935,3.182
Mix_LargePct50EMA_PctAbove200EMA_MicroPct200EMA_SmallPct200EMA,LargePct50EMA | PctAbove200EMA | MicroPct200EMA | SmallPct200EMA,75,14414,30.123,44.464,2.101,3.412
Mix_LargePct50EMA_PctAbove200EMA_MicroPct200EMA_SmallPct200EMA,LargePct50EMA | PctAbove200EMA | MicroPct200EMA | SmallPct200EMA,80,10522,28.797,46.797,1.729,3.493
Mix_LargePct50EMA_PctAbove50EMA_MicroPct200EMA_SmallPct200EMA,LargePct50EMA | PctAbove50EMA | MicroPct200EMA | SmallPct200EMA,50,37130,28.64,46.841,1.662,2.702
Mix_LargePct50EMA_PctAbove50EMA_MicroPct200EMA_SmallPct200EMA,LargePct50EMA | PctAbove50EMA | MicroPct200EMA | SmallPct200EMA,55,32288,28.986,46.407,1.738,2.895
Mix_LargePct50EMA_PctAbove50EMA_MicroPct200EMA_SmallPct200EMA,LargePct50EMA | PctAbove50EMA | MicroPct200EMA | SmallPct200EMA,60,27226,29.431,45.181,1.925,3.08
Mix_LargePct50EMA_PctAbove50EMA_MicroPct200EMA_SmallPct200EMA,LargePct50EMA | PctAbove50EMA | MicroPct200EMA | SmallPct200EMA,65,22168,30.359,43.387,2.233,3.546
Mix_LargePct50EMA_PctAbove50EMA_MicroPct200EMA_SmallPct200EMA,LargePct50EMA | PctAbove50EMA | MicroPct200EMA | SmallPct200EMA,70,18135,30.245,43.32,2.224,3.589
Mix_LargePct50EMA_PctAbove50EMA_MicroPct200EMA_SmallPct200EMA,LargePct50EMA | PctAbove50EMA | MicroPct200EMA | SmallPct200EMA,75,12115,29.319,45.605,1.829,3.333
Mix_LargePct50EMA_PctAbove50EMA_MicroPct200EMA_SmallPct200EMA,LargePct50EMA | PctAbove50EMA | MicroPct200EMA | SmallPct200EMA,80,8226,28.775,46.62,1.669,3.444
Mix_PctAbove200EMA_PctAbove50EMA_MicroPct200EMA_SmallPct200EMA,PctAbove200EMA | PctAbove50EMA | MicroPct200EMA | SmallPct200EMA,50,37004,28.881,47.846,1.592,2.634
Mix_PctAbove200EMA_PctAbove50EMA_MicroPct200EMA_SmallPct200EMA,PctAbove200EMA | PctAbove50EMA | MicroPct200EMA | SmallPct200EMA,55,32889,28.888,47.694,1.607,2.544
Mix_PctAbove200EMA_PctAbove50EMA_MicroPct200EMA_SmallPct200EMA,PctAbove200EMA | PctAbove50EMA | MicroPct200EMA | SmallPct200EMA,60,28830,29.532,46.348,1.813,2.835
Mix_PctAbove200EMA_PctAbove50EMA_MicroPct200EMA_SmallPct200EMA,PctAbove200EMA | PctAbove50EMA | MicroPct200EMA | SmallPct200EMA,65,23272,29.245,46.158,1.796,2.873
Mix_PctAbove200EMA_PctAbove50EMA_MicroPct200EMA_SmallPct200EMA,PctAbove200EMA | PctAbove50EMA | MicroPct200EMA | SmallPct200EMA,70,19192,29.392,46.149,1.815,3.08
Mix_PctAbove200EMA_PctAbove50EMA_MicroPct200EMA_SmallPct200EMA,PctAbove200EMA | PctAbove50EMA | MicroPct200EMA | SmallPct200EMA,75,13186,28.523,47.422,1.554,3.262
Mix_PctAbove200EMA_PctAbove50EMA_MicroPct200EMA_SmallPct200EMA,PctAbove200EMA | PctAbove50EMA | MicroPct200EMA | SmallPct200EMA,80,9785,27.297,49.504,1.195,3.01
Mix_MidPct50EMA_SmallPct50EMA_LargePct50EMA_PctAbove200EMA_PctAbove50EMA,MidPct50EMA | SmallPct50EMA | LargePct50EMA | PctAbove200EMA | PctAbove50EMA,50,36602,29.963,43.697,2.145,3.19
Mix_MidPct50EMA_SmallPct50EMA_LargePct50EMA_PctAbove200EMA_PctAbove50EMA,MidPct50EMA | SmallPct50EMA | LargePct50EMA | PctAbove200EMA | PctAbove50EMA,55,32443,29.757,43.88,2.1,3.107
Mix_MidPct50EMA_SmallPct50EMA_LargePct50EMA_PctAbove200EMA_PctAbove50EMA,MidPct50EMA | SmallPct50EMA | LargePct50EMA | PctAbove200EMA | PctAbove50EMA,60,28222,30.023,43.806,2.114,3.223
Mix_MidPct50EMA_SmallPct50EMA_LargePct50EMA_PctAbove200EMA_PctAbove50EMA,MidPct50EMA | SmallPct50EMA | LargePct50EMA | PctAbove200EMA | PctAbove50EMA,65,23646,30.441,43.086,2.235,3.412
Mix_MidPct50EMA_SmallPct50EMA_LargePct50EMA_PctAbove200EMA_PctAbove50EMA,MidPct50EMA | SmallPct50EMA | LargePct50EMA | PctAbove200EMA | PctAbove50EMA,70,18282,30.965,42.085,2.408,3.624
Mix_MidPct50EMA_SmallPct50EMA_LargePct50EMA_PctAbove200EMA_PctAbove50EMA,MidPct50EMA | SmallPct50EMA | LargePct50EMA | PctAbove200EMA | PctAbove50EMA,75,14143,30.927,41.335,2.454,3.871
Mix_MidPct50EMA_SmallPct50EMA_LargePct50EMA_PctAbove200EMA_PctAbove50EMA,MidPct50EMA | SmallPct50EMA | LargePct50EMA | PctAbove200EMA | PctAbove50EMA,80,10574,30.462,41.763,2.333,4.022
Mix_MidPct50EMA_SmallPct50EMA_LargePct50EMA_PctAbove200EMA_MicroPct200EMA,MidPct50EMA | SmallPct50EMA | LargePct50EMA | PctAbove200EMA | MicroPct200EMA,50,38242,29.169,45.738,1.844,2.993
Mix_MidPct50EMA_SmallPct50EMA_LargePct50EMA_PctAbove200EMA_MicroPct200EMA,MidPct50EMA | SmallPct50EMA | LargePct50EMA | PctAbove200EMA | MicroPct200EMA,55,32047,29.778,44.762,2.013,3.142
Mix_MidPct50EMA_SmallPct50EMA_LargePct50EMA_PctAbove200EMA_MicroPct200EMA,MidPct50EMA | SmallPct50EMA | LargePct50EMA | PctAbove200EMA | MicroPct200EMA,60,26543,30.064,44.223,2.104,3.268
Mix_MidPct50EMA_SmallPct50EMA_LargePct50EMA_PctAbove200EMA_MicroPct200EMA,MidPct50EMA | SmallPct50EMA | LargePct50EMA | PctAbove200EMA | MicroPct200EMA,65,22138,30.441,43.644,2.22,3.487
Mix_MidPct50EMA_SmallPct50EMA_LargePct50EMA_PctAbove200EMA_MicroPct200EMA,MidPct50EMA | SmallPct50EMA | LargePct50EMA | PctAbove200EMA | MicroPct200EMA,70,16925,30.99,41.796,2.434,3.757
Mix_MidPct50EMA_SmallPct50EMA_LargePct50EMA_PctAbove200EMA_MicroPct200EMA,MidPct50EMA | SmallPct50EMA | LargePct50EMA | PctAbove200EMA | MicroPct200EMA,75,12948,30.893,42.153,2.376,3.853
Mix_MidPct50EMA_SmallPct50EMA_LargePct50EMA_PctAbove200EMA_MicroPct200EMA,MidPct50EMA | SmallPct50EMA | LargePct50EMA | PctAbove200EMA | MicroPct200EMA,80,8692,31.167,42.717,2.336,4.053
Mix_MidPct50EMA_SmallPct50EMA_LargePct50EMA_PctAbove200EMA_SmallPct200EMA,MidPct50EMA | SmallPct50EMA | LargePct50EMA | PctAbove200EMA | SmallPct200EMA,50,38187,29.177,45.348,1.892,3.008
Mix_MidPct50EMA_SmallPct50EMA_LargePct50EMA_PctAbove200EMA_SmallPct200EMA,MidPct50EMA | SmallPct50EMA | LargePct50EMA | PctAbove200EMA | SmallPct200EMA,55,32398,29.644,44.663,2.003,3.117
Mix_MidPct50EMA_SmallPct50EMA_LargePct50EMA_PctAbove200EMA_SmallPct200EMA,MidPct50EMA | SmallPct50EMA | LargePct50EMA | PctAbove200EMA | SmallPct200EMA,60,25861,30.525,43.177,2.266,3.547
Mix_MidPct50EMA_SmallPct50EMA_LargePct50EMA_PctAbove200EMA_SmallPct200EMA,MidPct50EMA | SmallPct50EMA | LargePct50EMA | PctAbove200EMA | SmallPct200EMA,65,22010,30.677,42.59,2.34,3.688
Mix_MidPct50EMA_SmallPct50EMA_LargePct50EMA_PctAbove200EMA_SmallPct200EMA,MidPct50EMA | SmallPct50EMA | LargePct50EMA | PctAbove200EMA | SmallPct200EMA,70,17189,31.183,40.951,2.535,3.984
Mix_MidPct50EMA_SmallPct50EMA_LargePct50EMA_PctAbove200EMA_SmallPct200EMA,MidPct50EMA | SmallPct50EMA | LargePct50EMA | PctAbove200EMA | SmallPct200EMA,75,13300,31.241,41.609,2.476,3.983
Mix_MidPct50EMA_SmallPct50EMA_LargePct50EMA_PctAbove200EMA_SmallPct200EMA,MidPct50EMA | SmallPct50EMA | LargePct50EMA | PctAbove200EMA | SmallPct200EMA,80,8931,31.318,42.291,2.404,4.054
Mix_MidPct50EMA_SmallPct50EMA_LargePct50EMA_PctAbove50EMA_MicroPct200EMA,MidPct50EMA | SmallPct50EMA | LargePct50EMA | PctAbove50EMA | MicroPct200EMA,50,36643,29.94,43.736,2.138,3.175
Mix_MidPct50EMA_SmallPct50EMA_LargePct50EMA_PctAbove50EMA_MicroPct200EMA,MidPct50EMA | SmallPct50EMA | LargePct50EMA | PctAbove50EMA | MicroPct200EMA,55,32654,29.733,43.909,2.091,3.107
Mix_MidPct50EMA_SmallPct50EMA_LargePct50EMA_PctAbove50EMA_MicroPct200EMA,MidPct50EMA | SmallPct50EMA | LargePct50EMA | PctAbove50EMA | MicroPct200EMA,60,28179,29.916,44.047,2.075,3.161
Mix_MidPct50EMA_SmallPct50EMA_LargePct50EMA_PctAbove50EMA_MicroPct200EMA,MidPct50EMA | SmallPct50EMA | LargePct50EMA | PctAbove50EMA | MicroPct200EMA,65,23583,30.45,43.124,2.233,3.418
Mix_MidPct50EMA_SmallPct50EMA_LargePct50EMA_PctAbove50EMA_MicroPct200EMA,MidPct50EMA | SmallPct50EMA | LargePct50EMA | PctAbove50EMA | MicroPct200EMA,70,18280,30.875,42.555,2.358,3.563
Mix_MidPct50EMA_SmallPct50EMA_LargePct50EMA_PctAbove50EMA_MicroPct200EMA,MidPct50EMA | SmallPct50EMA | LargePct50EMA | PctAbove50EMA | MicroPct200EMA,75,14084,30.936,41.345,2.452,3.872
Mix_MidPct50EMA_SmallPct50EMA_LargePct50EMA_PctAbove50EMA_MicroPct200EMA,MidPct50EMA | SmallPct50EMA | LargePct50EMA | PctAbove50EMA | MicroPct200EMA,80,10545,30.346,41.84,2.313,4.019
Mix_MidPct50EMA_SmallPct50EMA_LargePct50EMA_PctAbove50EMA_SmallPct200EMA,MidPct50EMA | SmallPct50EMA | LargePct50EMA | PctAbove50EMA | SmallPct200EMA,50,36536,29.984,43.53,2.17,3.204
Mix_MidPct50EMA_SmallPct50EMA_LargePct50EMA_PctAbove50EMA_SmallPct200EMA,MidPct50EMA | SmallPct50EMA | LargePct50EMA | PctAbove50EMA | SmallPct200EMA,55,32234,29.835,43.653,2.135,3.152
Mix_MidPct50EMA_SmallPct50EMA_LargePct50EMA_PctAbove50EMA_SmallPct200EMA,MidPct50EMA | SmallPct50EMA | LargePct50EMA | PctAbove50EMA | SmallPct200EMA,60,28201,30.3,42.903,2.241,3.336
Mix_MidPct50EMA_SmallPct50EMA_LargePct50EMA_PctAbove50EMA_SmallPct200EMA,MidPct50EMA | SmallPct50EMA | LargePct50EMA | PctAbove50EMA | SmallPct200EMA,65,22820,30.513,42.384,2.299,3.604
Mix_MidPct50EMA_SmallPct50EMA_LargePct50EMA_PctAbove50EMA_SmallPct200EMA,MidPct50EMA | SmallPct50EMA | LargePct50EMA | PctAbove50EMA | SmallPct200EMA,70,18614,30.923,41.995,2.407,3.687
Mix_MidPct50EMA_SmallPct50EMA_LargePct50EMA_PctAbove50EMA_SmallPct200EMA,MidPct50EMA | SmallPct50EMA | LargePct50EMA | PctAbove50EMA | SmallPct200EMA,75,14539,31.33,40.78,2.566,3.93
Mix_MidPct50EMA_SmallPct50EMA_LargePct50EMA_PctAbove50EMA_SmallPct200EMA,MidPct50EMA | SmallPct50EMA | LargePct50EMA | PctAbove50EMA | SmallPct200EMA,80,11239,30.118,41.445,2.34,3.932
Mix_MidPct50EMA_SmallPct50EMA_LargePct50EMA_MicroPct200EMA_SmallPct200EMA,MidPct50EMA | SmallPct50EMA | LargePct50EMA | MicroPct200EMA | SmallPct200EMA,50,38417,29.167,45.438,1.877,3.002
Mix_MidPct50EMA_SmallPct50EMA_LargePct50EMA_MicroPct200EMA_SmallPct200EMA,MidPct50EMA | SmallPct50EMA | LargePct50EMA | MicroPct200EMA | SmallPct200EMA,55,32320,29.678,44.626,2.012,3.13
Mix_MidPct50EMA_SmallPct50EMA_LargePct50EMA_MicroPct200EMA_SmallPct200EMA,MidPct50EMA | SmallPct50EMA | LargePct50EMA | MicroPct200EMA | SmallPct200EMA,60,25993,30.324,43.708,2.198,3.413
Mix_MidPct50EMA_SmallPct50EMA_LargePct50EMA_MicroPct200EMA_SmallPct200EMA,MidPct50EMA | SmallPct50EMA | LargePct50EMA | MicroPct200EMA | SmallPct200EMA,65,21977,30.609,42.726,2.314,3.67
Mix_MidPct50EMA_SmallPct50EMA_LargePct50EMA_MicroPct200EMA_SmallPct200EMA,MidPct50EMA | SmallPct50EMA | LargePct50EMA | MicroPct200EMA | SmallPct200EMA,70,17302,30.835,41.77,2.408,3.813
Mix_MidPct50EMA_SmallPct50EMA_LargePct50EMA_MicroPct200EMA_SmallPct200EMA,MidPct50EMA | SmallPct50EMA | LargePct50EMA | MicroPct200EMA | SmallPct200EMA,75,13213,31.159,41.679,2.46,3.942
Mix_MidPct50EMA_SmallPct50EMA_LargePct50EMA_MicroPct200EMA_SmallPct200EMA,MidPct50EMA | SmallPct50EMA | LargePct50EMA | MicroPct200EMA | SmallPct200EMA,80,8931,31.318,42.291,2.404,4.054
Mix_MidPct50EMA_SmallPct50EMA_PctAbove200EMA_PctAbove50EMA_MicroPct200EMA,MidPct50EMA | SmallPct50EMA | PctAbove200EMA | PctAbove50EMA | MicroPct200EMA,50,38203,29.244,45.499,1.876,2.802
Mix_MidPct50EMA_SmallPct50EMA_PctAbove200EMA_PctAbove50EMA_MicroPct200EMA,MidPct50EMA | SmallPct50EMA | PctAbove200EMA | PctAbove50EMA | MicroPct200EMA,55,32156,29.397,45.584,1.879,2.816
Mix_MidPct50EMA_SmallPct50EMA_PctAbove200EMA_PctAbove50EMA_MicroPct200EMA,MidPct50EMA | SmallPct50EMA | PctAbove200EMA | PctAbove50EMA | MicroPct200EMA,60,27125,30.002,44.771,2.044,3.123
Mix_MidPct50EMA_SmallPct50EMA_PctAbove200EMA_PctAbove50EMA_MicroPct200EMA,MidPct50EMA | SmallPct50EMA | PctAbove200EMA | PctAbove50EMA | MicroPct200EMA,65,21685,30.533,44.118,2.154,3.403
Mix_MidPct50EMA_SmallPct50EMA_PctAbove200EMA_PctAbove50EMA_MicroPct200EMA,MidPct50EMA | SmallPct50EMA | PctAbove200EMA | PctAbove50EMA | MicroPct200EMA,70,18278,31.267,42.822,2.363,3.704
Mix_MidPct50EMA_SmallPct50EMA_PctAbove200EMA_PctAbove50EMA_MicroPct200EMA,MidPct50EMA | SmallPct50EMA | PctAbove200EMA | PctAbove50EMA | MicroPct200EMA,75,13645,29.96,43.76,2.085,3.511
Mix_MidPct50EMA_SmallPct50EMA_PctAbove200EMA_PctAbove50EMA_MicroPct200EMA,MidPct50EMA | SmallPct50EMA | PctAbove200EMA | PctAbove50EMA | MicroPct200EMA,80,8695,29.753,45.187,1.881,3.475
Mix_MidPct50EMA_SmallPct50EMA_PctAbove200EMA_PctAbove50EMA_SmallPct200EMA,MidPct50EMA | SmallPct50EMA | PctAbove200EMA | PctAbove50EMA | SmallPct200EMA,50,38251,29.22,45.395,1.887,2.83
Mix_MidPct50EMA_SmallPct50EMA_PctAbove200EMA_PctAbove50EMA_SmallPct200EMA,MidPct50EMA | SmallPct50EMA | PctAbove200EMA | PctAbove50EMA | SmallPct200EMA,55,32299,29.388,45.206,1.914,2.847
Mix_MidPct50EMA_SmallPct50EMA_PctAbove200EMA_PctAbove50EMA_SmallPct200EMA,MidPct50EMA | SmallPct50EMA | PctAbove200EMA | PctAbove50EMA | SmallPct200EMA,60,27064,30.003,44.284,2.103,3.199
Mix_MidPct50EMA_SmallPct50EMA_PctAbove200EMA_PctAbove50EMA_SmallPct200EMA,MidPct50EMA | SmallPct50EMA | PctAbove200EMA | PctAbove50EMA | SmallPct200EMA,65,21505,30.858,42.962,2.308,3.639
Mix_MidPct50EMA_SmallPct50EMA_PctAbove200EMA_PctAbove50EMA_SmallPct200EMA,MidPct50EMA | SmallPct50EMA | PctAbove200EMA | PctAbove50EMA | SmallPct200EMA,70,18208,31.42,42.036,2.459,3.804
Mix_MidPct50EMA_SmallPct50EMA_PctAbove200EMA_PctAbove50EMA_SmallPct200EMA,MidPct50EMA | SmallPct50EMA | PctAbove200EMA | PctAbove50EMA | SmallPct200EMA,75,14263,30.534,42.726,2.263,3.684
Mix_MidPct50EMA_SmallPct50EMA_PctAbove200EMA_PctAbove50EMA_SmallPct200EMA,MidPct50EMA | SmallPct50EMA | PctAbove200EMA | PctAbove50EMA | SmallPct200EMA,80,8873,30.215,43.908,2.067,3.696
Mix_MidPct50EMA_SmallPct50EMA_PctAbove200EMA_MicroPct200EMA_SmallPct200EMA,MidPct50EMA | SmallPct50EMA | PctAbove200EMA | MicroPct200EMA | SmallPct200EMA,50,37587,28.936,46.926,1.689,2.751
Mix_MidPct50EMA_SmallPct50EMA_PctAbove200EMA_MicroPct200EMA_SmallPct200EMA,MidPct50EMA | SmallPct50EMA | PctAbove200EMA | MicroPct200EMA | SmallPct200EMA,55,31598,29.296,46.361,1.788,2.813
Mix_MidPct50EMA_SmallPct50EMA_PctAbove200EMA_MicroPct200EMA_SmallPct200EMA,MidPct50EMA | SmallPct50EMA | PctAbove200EMA | MicroPct200EMA | SmallPct200EMA,60,27308,29.918,45.214,1.977,3.078
Mix_MidPct50EMA_SmallPct50EMA_PctAbove200EMA_MicroPct200EMA_SmallPct200EMA,MidPct50EMA | SmallPct50EMA | PctAbove200EMA | MicroPct200EMA | SmallPct200EMA,65,22292,30.096,44.052,2.126,3.353
Mix_MidPct50EMA_SmallPct50EMA_PctAbove200EMA_MicroPct200EMA_SmallPct200EMA,MidPct50EMA | SmallPct50EMA | PctAbove200EMA | MicroPct200EMA | SmallPct200EMA,70,17228,30.578,43.632,2.21,3.631
Mix_MidPct50EMA_SmallPct50EMA_PctAbove200EMA_MicroPct200EMA_SmallPct200EMA,MidPct50EMA | SmallPct50EMA | PctAbove200EMA | MicroPct200EMA | SmallPct200EMA,75,12545,30.865,43.579,2.224,3.951
Mix_MidPct50EMA_SmallPct50EMA_PctAbove200EMA_MicroPct200EMA_SmallPct200EMA,MidPct50EMA | SmallPct50EMA | PctAbove200EMA | MicroPct200EMA | SmallPct200EMA,80,9348,29.771,44.705,1.961,3.659
Mix_MidPct50EMA_SmallPct50EMA_PctAbove50EMA_MicroPct200EMA_SmallPct200EMA,MidPct50EMA | SmallPct50EMA | PctAbove50EMA | MicroPct200EMA | SmallPct200EMA,50,38232,29.188,45.47,1.873,2.81
Mix_MidPct50EMA_SmallPct50EMA_PctAbove50EMA_MicroPct200EMA_SmallPct200EMA,MidPct50EMA | SmallPct50EMA | PctAbove50EMA | MicroPct200EMA | SmallPct200EMA,55,32329,29.354,45.303,1.901,2.842
Mix_MidPct50EMA_SmallPct50EMA_PctAbove50EMA_MicroPct200EMA_SmallPct200EMA,MidPct50EMA | SmallPct50EMA | PctAbove50EMA | MicroPct200EMA | SmallPct200EMA,60,27003,29.93,44.462,2.073,3.168
Mix_MidPct50EMA_SmallPct50EMA_PctAbove50EMA_MicroPct200EMA_SmallPct200EMA,MidPct50EMA | SmallPct50EMA | PctAbove50EMA | MicroPct200EMA | SmallPct200EMA,65,21440,30.826,43.419,2.262,3.55
Mix_MidPct50EMA_SmallPct50EMA_PctAbove50EMA_MicroPct200EMA_SmallPct200EMA,MidPct50EMA | SmallPct50EMA | PctAbove50EMA | MicroPct200EMA | SmallPct200EMA,70,18259,31.36,42.297,2.423,3.796
Mix_MidPct50EMA_SmallPct50EMA_PctAbove50EMA_MicroPct200EMA_SmallPct200EMA,MidPct50EMA | SmallPct50EMA | PctAbove50EMA | MicroPct200EMA | SmallPct200EMA,75,14164,30.45,42.785,2.243,3.66
Mix_MidPct50EMA_SmallPct50EMA_PctAbove50EMA_MicroPct200EMA_SmallPct200EMA,MidPct50EMA | SmallPct50EMA | PctAbove50EMA | MicroPct200EMA | SmallPct200EMA,80,8629,30.258,44.095,2.049,3.714
Mix_MidPct50EMA_LargePct50EMA_PctAbove200EMA_PctAbove50EMA_MicroPct200EMA,MidPct50EMA | LargePct50EMA | PctAbove200EMA | PctAbove50EMA | MicroPct200EMA,50,38723,29.277,45.702,1.871,3.005
Mix_MidPct50EMA_LargePct50EMA_PctAbove200EMA_PctAbove50EMA_MicroPct200EMA,MidPct50EMA | LargePct50EMA | PctAbove200EMA | PctAbove50EMA | MicroPct200EMA,55,31938,29.626,45.062,1.963,3.123
Mix_MidPct50EMA_LargePct50EMA_PctAbove200EMA_PctAbove50EMA_MicroPct200EMA,MidPct50EMA | LargePct50EMA | PctAbove200EMA | PctAbove50EMA | MicroPct200EMA,60,26748,29.92,44.624,2.03,3.191
Mix_MidPct50EMA_LargePct50EMA_PctAbove200EMA_PctAbove50EMA_MicroPct200EMA,MidPct50EMA | LargePct50EMA | PctAbove200EMA | PctAbove50EMA | MicroPct200EMA,65,22659,30.306,44.146,2.154,3.345
Mix_MidPct50EMA_LargePct50EMA_PctAbove200EMA_PctAbove50EMA_MicroPct200EMA,MidPct50EMA | LargePct50EMA | PctAbove200EMA | PctAbove50EMA | MicroPct200EMA,70,17151,30.371,42.965,2.261,3.43
Mix_MidPct50EMA_LargePct50EMA_PctAbove200EMA_PctAbove50EMA_MicroPct200EMA,MidPct50EMA | LargePct50EMA | PctAbove200EMA | PctAbove50EMA | MicroPct200EMA,75,12749,29.626,43.541,2.076,3.548
Mix_MidPct50EMA_LargePct50EMA_PctAbove200EMA_PctAbove50EMA_MicroPct200EMA,MidPct50EMA | LargePct50EMA | PctAbove200EMA | PctAbove50EMA | MicroPct200EMA,80,8128,30.253,44.439,2.064,3.823
Mix_MidPct50EMA_LargePct50EMA_PctAbove200EMA_PctAbove50EMA_SmallPct200EMA,MidPct50EMA | LargePct50EMA | PctAbove200EMA | PctAbove50EMA | SmallPct200EMA,50,38913,29.214,45.406,1.895,3.02
Mix_MidPct50EMA_LargePct50EMA_PctAbove200EMA_PctAbove50EMA_SmallPct200EMA,MidPct50EMA | LargePct50EMA | PctAbove200EMA | PctAbove50EMA | SmallPct200EMA,55,32429,29.677,44.473,2.036,3.161
Mix_MidPct50EMA_LargePct50EMA_PctAbove200EMA_PctAbove50EMA_SmallPct200EMA,MidPct50EMA | LargePct50EMA | PctAbove200EMA | PctAbove50EMA | SmallPct200EMA,60,26600,30.143,44.064,2.121,3.299
Mix_MidPct50EMA_LargePct50EMA_PctAbove200EMA_PctAbove50EMA_SmallPct200EMA,MidPct50EMA | LargePct50EMA | PctAbove200EMA | PctAbove50EMA | SmallPct200EMA,65,22584,30.588,42.738,2.316,3.604
Mix_MidPct50EMA_LargePct50EMA_PctAbove200EMA_PctAbove50EMA_SmallPct200EMA,MidPct50EMA | LargePct50EMA | PctAbove200EMA | PctAbove50EMA | SmallPct200EMA,70,17287,30.694,41.887,2.4,3.725
Mix_MidPct50EMA_LargePct50EMA_PctAbove200EMA_PctAbove50EMA_SmallPct200EMA,MidPct50EMA | LargePct50EMA | PctAbove200EMA | PctAbove50EMA | SmallPct200EMA,75,12553,29.985,42.564,2.214,3.725
Mix_MidPct50EMA_LargePct50EMA_PctAbove200EMA_PctAbove50EMA_SmallPct200EMA,MidPct50EMA | LargePct50EMA | PctAbove200EMA | PctAbove50EMA | SmallPct200EMA,80,8403,30.537,43.508,2.186,3.882
Mix_MidPct50EMA_LargePct50EMA_PctAbove200EMA_MicroPct200EMA_SmallPct200EMA,MidPct50EMA | LargePct50EMA | PctAbove200EMA | MicroPct200EMA | SmallPct200EMA,50,37127,29.159,46.548,1.745,2.925
Mix_MidPct50EMA_LargePct50EMA_PctAbove200EMA_MicroPct200EMA_SmallPct200EMA,MidPct50EMA | LargePct50EMA | PctAbove200EMA | MicroPct200EMA | SmallPct200EMA,55,31307,28.936,46.3,1.745,2.989
Mix_MidPct50EMA_LargePct50EMA_PctAbove200EMA_MicroPct200EMA_SmallPct200EMA,MidPct50EMA | LargePct50EMA | PctAbove200EMA | MicroPct200EMA | SmallPct200EMA,60,26238,28.996,45.804,1.824,3.175
Mix_MidPct50EMA_LargePct50EMA_PctAbove200EMA_MicroPct200EMA_SmallPct200EMA,MidPct50EMA | LargePct50EMA | PctAbove200EMA | MicroPct200EMA | SmallPct200EMA,65,22038,30.375,43.293,2.254,3.571
Mix_MidPct50EMA_LargePct50EMA_PctAbove200EMA_MicroPct200EMA_SmallPct200EMA,MidPct50EMA | LargePct50EMA | PctAbove200EMA | MicroPct200EMA | SmallPct200EMA,70,17869,30.489,43.461,2.252,3.529
Mix_MidPct50EMA_LargePct50EMA_PctAbove200EMA_MicroPct200EMA_SmallPct200EMA,MidPct50EMA | LargePct50EMA | PctAbove200EMA | MicroPct200EMA | SmallPct200EMA,75,12495,30.524,43.177,2.253,3.713
Mix_MidPct50EMA_LargePct50EMA_PctAbove200EMA_MicroPct200EMA_SmallPct200EMA,MidPct50EMA | LargePct50EMA | PctAbove200EMA | MicroPct200EMA | SmallPct200EMA,80,8787,30.352,43.997,2.133,3.812
Mix_MidPct50EMA_LargePct50EMA_PctAbove50EMA_MicroPct200EMA_SmallPct200EMA,MidPct50EMA | LargePct50EMA | PctAbove50EMA | MicroPct200EMA | SmallPct200EMA,50,38831,29.188,45.477,1.885,3.01
Mix_MidPct50EMA_LargePct50EMA_PctAbove50EMA_MicroPct200EMA_SmallPct200EMA,MidPct50EMA | LargePct50EMA | PctAbove50EMA | MicroPct200EMA | SmallPct200EMA,55,32299,29.707,44.552,2.031,3.162
Mix_MidPct50EMA_LargePct50EMA_PctAbove50EMA_MicroPct200EMA_SmallPct200EMA,MidPct50EMA | LargePct50EMA | PctAbove50EMA | MicroPct200EMA | SmallPct200EMA,60,26561,30.033,44.313,2.077,3.267
Mix_MidPct50EMA_LargePct50EMA_PctAbove50EMA_MicroPct200EMA_SmallPct200EMA,MidPct50EMA | LargePct50EMA | PctAbove50EMA | MicroPct200EMA | SmallPct200EMA,65,22685,30.509,42.918,2.289,3.536
Mix_MidPct50EMA_LargePct50EMA_PctAbove50EMA_MicroPct200EMA_SmallPct200EMA,MidPct50EMA | LargePct50EMA | PctAbove50EMA | MicroPct200EMA | SmallPct200EMA,70,17228,30.462,42.338,2.326,3.613
Mix_MidPct50EMA_LargePct50EMA_PctAbove50EMA_MicroPct200EMA_SmallPct200EMA,MidPct50EMA | LargePct50EMA | PctAbove50EMA | MicroPct200EMA | SmallPct200EMA,75,12598,29.822,43.054,2.141,3.622
Mix_MidPct50EMA_LargePct50EMA_PctAbove50EMA_MicroPct200EMA_SmallPct200EMA,MidPct50EMA | LargePct50EMA | PctAbove50EMA | MicroPct200EMA | SmallPct200EMA,80,8403,30.537,43.508,2.186,3.882
Mix_MidPct50EMA_PctAbove200EMA_PctAbove50EMA_MicroPct200EMA_SmallPct200EMA,MidPct50EMA | PctAbove200EMA | PctAbove50EMA | MicroPct200EMA | SmallPct200EMA,50,38167,28.899,46.996,1.684,2.716
Mix_MidPct50EMA_PctAbove200EMA_PctAbove50EMA_MicroPct200EMA_SmallPct200EMA,MidPct50EMA | PctAbove200EMA | PctAbove50EMA | MicroPct200EMA | SmallPct200EMA,55,32125,29.111,46.848,1.716,2.706
Mix_MidPct50EMA_PctAbove200EMA_PctAbove50EMA_MicroPct200EMA_SmallPct200EMA,MidPct50EMA | PctAbove200EMA | PctAbove50EMA | MicroPct200EMA | SmallPct200EMA,60,26858,29.965,45.011,2.004,3.04
Mix_MidPct50EMA_PctAbove200EMA_PctAbove50EMA_MicroPct200EMA_SmallPct200EMA,MidPct50EMA | PctAbove200EMA | PctAbove50EMA | MicroPct200EMA | SmallPct200EMA,65,22827,29.969,44.491,2.067,3.238
Mix_MidPct50EMA_PctAbove200EMA_PctAbove50EMA_MicroPct200EMA_SmallPct200EMA,MidPct50EMA | PctAbove200EMA | PctAbove50EMA | MicroPct200EMA | SmallPct200EMA,70,17212,29.799,44.789,1.998,3.361
Mix_MidPct50EMA_PctAbove200EMA_PctAbove50EMA_MicroPct200EMA_SmallPct200EMA,MidPct50EMA | PctAbove200EMA | PctAbove50EMA | MicroPct200EMA | SmallPct200EMA,75,11565,29.641,45.741,1.857,3.535
Mix_MidPct50EMA_PctAbove200EMA_PctAbove50EMA_MicroPct200EMA_SmallPct200EMA,MidPct50EMA | PctAbove200EMA | PctAbove50EMA | MicroPct200EMA | SmallPct200EMA,80,8651,28.794,46.318,1.692,3.417
Mix_SmallPct50EMA_LargePct50EMA_PctAbove200EMA_PctAbove50EMA_MicroPct200EMA,SmallPct50EMA | LargePct50EMA | PctAbove200EMA | PctAbove50EMA | MicroPct200EMA,50,38748,29.096,45.974,1.801,2.851
Mix_SmallPct50EMA_LargePct50EMA_PctAbove200EMA_PctAbove50EMA_MicroPct200EMA,SmallPct50EMA | LargePct50EMA | PctAbove200EMA | PctAbove50EMA | MicroPct200EMA,55,32223,29.423,45.52,1.885,2.907
Mix_SmallPct50EMA_LargePct50EMA_PctAbove200EMA_PctAbove50EMA_MicroPct200EMA,SmallPct50EMA | LargePct50EMA | PctAbove200EMA | PctAbove50EMA | MicroPct200EMA,60,27190,29.879,44.932,1.993,3.13
Mix_SmallPct50EMA_LargePct50EMA_PctAbove200EMA_PctAbove50EMA_MicroPct200EMA,SmallPct50EMA | LargePct50EMA | PctAbove200EMA | PctAbove50EMA | MicroPct200EMA,65,22645,30.51,43.846,2.198,3.436
Mix_SmallPct50EMA_LargePct50EMA_PctAbove200EMA_PctAbove50EMA_MicroPct200EMA,SmallPct50EMA | LargePct50EMA | PctAbove200EMA | PctAbove50EMA | MicroPct200EMA,70,17888,30.082,43.946,2.109,3.506
Mix_SmallPct50EMA_LargePct50EMA_PctAbove200EMA_PctAbove50EMA_MicroPct200EMA,SmallPct50EMA | LargePct50EMA | PctAbove200EMA | PctAbove50EMA | MicroPct200EMA,75,13814,29.984,43.717,2.11,3.563
Mix_SmallPct50EMA_LargePct50EMA_PctAbove200EMA_PctAbove50EMA_MicroPct200EMA,SmallPct50EMA | LargePct50EMA | PctAbove200EMA | PctAbove50EMA | MicroPct200EMA,80,8656,29.298,45.933,1.779,3.454
Mix_SmallPct50EMA_LargePct50EMA_PctAbove200EMA_PctAbove50EMA_SmallPct200EMA,SmallPct50EMA | LargePct50EMA | PctAbove200EMA | PctAbove50EMA | SmallPct200EMA,50,38407,29.036,45.88,1.809,2.867
Mix_SmallPct50EMA_LargePct50EMA_PctAbove200EMA_PctAbove50EMA_SmallPct200EMA,SmallPct50EMA | LargePct50EMA | PctAbove200EMA | PctAbove50EMA | SmallPct200EMA,55,32335,29.482,45.1,1.936,2.944
Mix_SmallPct50EMA_LargePct50EMA_PctAbove200EMA_PctAbove50EMA_SmallPct200EMA,SmallPct50EMA | LargePct50EMA | PctAbove200EMA | PctAbove50EMA | SmallPct200EMA,60,27152,29.943,44.575,2.044,3.213
Mix_SmallPct50EMA_LargePct50EMA_PctAbove200EMA_PctAbove50EMA_SmallPct200EMA,SmallPct50EMA | LargePct50EMA | PctAbove200EMA | PctAbove50EMA | SmallPct200EMA,65,21962,30.994,42.619,2.379,3.767
Mix_SmallPct50EMA_LargePct50EMA_PctAbove200EMA_PctAbove50EMA_SmallPct200EMA,SmallPct50EMA | LargePct50EMA | PctAbove200EMA | PctAbove50EMA | SmallPct200EMA,70,18076,30.56,43.057,2.25,3.772
Mix_SmallPct50EMA_LargePct50EMA_PctAbove200EMA_PctAbove50EMA_SmallPct200EMA,SmallPct50EMA | LargePct50EMA | PctAbove200EMA | PctAbove50EMA | SmallPct200EMA,75,14290,30.126,43.163,2.189,3.597
Mix_SmallPct50EMA_LargePct50EMA_PctAbove200EMA_PctAbove50EMA_SmallPct200EMA,SmallPct50EMA | LargePct50EMA | PctAbove200EMA | PctAbove50EMA | SmallPct200EMA,80,8717,29.712,45.279,1.894,3.548
Mix_SmallPct50EMA_LargePct50EMA_PctAbove200EMA_MicroPct200EMA_SmallPct200EMA,SmallPct50EMA | LargePct50EMA | PctAbove200EMA | MicroPct200EMA | SmallPct200EMA,50,36765,28.843,47.203,1.639,2.799
Mix_SmallPct50EMA_LargePct50EMA_PctAbove200EMA_MicroPct200EMA_SmallPct200EMA,SmallPct50EMA | LargePct50EMA | PctAbove200EMA | MicroPct200EMA | SmallPct200EMA,55,32377,28.832,46.888,1.672,2.842
Mix_SmallPct50EMA_LargePct50EMA_PctAbove200EMA_MicroPct200EMA_SmallPct200EMA,SmallPct50EMA | LargePct50EMA | PctAbove200EMA | MicroPct200EMA | SmallPct200EMA,60,26787,29.533,45.421,1.921,3.123
Mix_SmallPct50EMA_LargePct50EMA_PctAbove200EMA_MicroPct200EMA_SmallPct200EMA,SmallPct50EMA | LargePct50EMA | PctAbove200EMA | MicroPct200EMA | SmallPct200EMA,65,23241,29.753,44.056,2.083,3.31
Mix_SmallPct50EMA_LargePct50EMA_PctAbove200EMA_MicroPct200EMA_SmallPct200EMA,SmallPct50EMA | LargePct50EMA | PctAbove200EMA | MicroPct200EMA | SmallPct200EMA,70,17733,31.01,42.841,2.373,3.739
Mix_SmallPct50EMA_LargePct50EMA_PctAbove200EMA_MicroPct200EMA_SmallPct200EMA,SmallPct50EMA | LargePct50EMA | PctAbove200EMA | MicroPct200EMA | SmallPct200EMA,75,13708,30.756,43.85,2.212,3.745
Mix_SmallPct50EMA_LargePct50EMA_PctAbove200EMA_MicroPct200EMA_SmallPct200EMA,SmallPct50EMA | LargePct50EMA | PctAbove200EMA | MicroPct200EMA | SmallPct200EMA,80,9238,30.18,44.598,2.077,3.792
Mix_SmallPct50EMA_LargePct50EMA_PctAbove50EMA_MicroPct200EMA_SmallPct200EMA,SmallPct50EMA | LargePct50EMA | PctAbove50EMA | MicroPct200EMA | SmallPct200EMA,50,38373,29.031,45.967,1.797,2.859
Mix_SmallPct50EMA_LargePct50EMA_PctAbove50EMA_MicroPct200EMA_SmallPct200EMA,SmallPct50EMA | LargePct50EMA | PctAbove50EMA | MicroPct200EMA | SmallPct200EMA,55,32467,29.461,45.28,1.913,2.894
Mix_SmallPct50EMA_LargePct50EMA_PctAbove50EMA_MicroPct200EMA_SmallPct200EMA,SmallPct50EMA | LargePct50EMA | PctAbove50EMA | MicroPct200EMA | SmallPct200EMA,60,27140,29.856,44.875,2.0,3.151
Mix_SmallPct50EMA_LargePct50EMA_PctAbove50EMA_MicroPct200EMA_SmallPct200EMA,SmallPct50EMA | LargePct50EMA | PctAbove50EMA | MicroPct200EMA | SmallPct200EMA,65,22005,30.961,42.686,2.369,3.746
Mix_SmallPct50EMA_LargePct50EMA_PctAbove50EMA_MicroPct200EMA_SmallPct200EMA,SmallPct50EMA | LargePct50EMA | PctAbove50EMA | MicroPct200EMA | SmallPct200EMA,70,18032,30.313,43.561,2.172,3.686
Mix_SmallPct50EMA_LargePct50EMA_PctAbove50EMA_MicroPct200EMA_SmallPct200EMA,SmallPct50EMA | LargePct50EMA | PctAbove50EMA | MicroPct200EMA | SmallPct200EMA,75,14065,29.961,43.47,2.136,3.559
Mix_SmallPct50EMA_LargePct50EMA_PctAbove50EMA_MicroPct200EMA_SmallPct200EMA,SmallPct50EMA | LargePct50EMA | PctAbove50EMA | MicroPct200EMA | SmallPct200EMA,80,8821,29.52,45.618,1.839,3.471
Mix_SmallPct50EMA_PctAbove200EMA_PctAbove50EMA_MicroPct200EMA_SmallPct200EMA,SmallPct50EMA | PctAbove200EMA | PctAbove50EMA | MicroPct200EMA | SmallPct200EMA,50,37318,29.021,47.178,1.681,2.64
Mix_SmallPct50EMA_PctAbove200EMA_PctAbove50EMA_MicroPct200EMA_SmallPct200EMA,SmallPct50EMA | PctAbove200EMA | PctAbove50EMA | MicroPct200EMA | SmallPct200EMA,55,32213,29.199,46.928,1.718,2.608
Mix_SmallPct50EMA_PctAbove200EMA_PctAbove50EMA_MicroPct200EMA_SmallPct200EMA,SmallPct50EMA | PctAbove200EMA | PctAbove50EMA | MicroPct200EMA | SmallPct200EMA,60,28056,29.612,45.947,1.859,2.86
Mix_SmallPct50EMA_PctAbove200EMA_PctAbove50EMA_MicroPct200EMA_SmallPct200EMA,SmallPct50EMA | PctAbove200EMA | PctAbove50EMA | MicroPct200EMA | SmallPct200EMA,65,24479,30.487,44.128,2.153,3.346
Mix_SmallPct50EMA_PctAbove200EMA_PctAbove50EMA_MicroPct200EMA_SmallPct200EMA,SmallPct50EMA | PctAbove200EMA | PctAbove50EMA | MicroPct200EMA | SmallPct200EMA,70,17322,29.939,44.81,2.003,3.46
Mix_SmallPct50EMA_PctAbove200EMA_PctAbove50EMA_MicroPct200EMA_SmallPct200EMA,SmallPct50EMA | PctAbove200EMA | PctAbove50EMA | MicroPct200EMA | SmallPct200EMA,75,12673,29.953,45.388,1.947,3.61
Mix_SmallPct50EMA_PctAbove200EMA_PctAbove50EMA_MicroPct200EMA_SmallPct200EMA,SmallPct50EMA | PctAbove200EMA | PctAbove50EMA | MicroPct200EMA | SmallPct200EMA,80,9299,28.143,48.134,1.427,3.177
Mix_LargePct50EMA_PctAbove200EMA_PctAbove50EMA_MicroPct200EMA_SmallPct200EMA,LargePct50EMA | PctAbove200EMA | PctAbove50EMA | MicroPct200EMA | SmallPct200EMA,50,37337,28.869,47.103,1.659,2.753
Mix_LargePct50EMA_PctAbove200EMA_PctAbove50EMA_MicroPct200EMA_SmallPct200EMA,LargePct50EMA | PctAbove200EMA | PctAbove50EMA | MicroPct200EMA | SmallPct200EMA,55,32242,28.953,46.805,1.693,2.85
Mix_LargePct50EMA_PctAbove200EMA_PctAbove50EMA_MicroPct200EMA_SmallPct200EMA,LargePct50EMA | PctAbove200EMA | PctAbove50EMA | MicroPct200EMA | SmallPct200EMA,60,27031,29.581,45.452,1.922,3.097
Mix_LargePct50EMA_PctAbove200EMA_PctAbove50EMA_MicroPct200EMA_SmallPct200EMA,LargePct50EMA | PctAbove200EMA | PctAbove50EMA | MicroPct200EMA | SmallPct200EMA,65,23009,29.854,44.074,2.092,3.342
Mix_LargePct50EMA_PctAbove200EMA_PctAbove50EMA_MicroPct200EMA_SmallPct200EMA,LargePct50EMA | PctAbove200EMA | PctAbove50EMA | MicroPct200EMA | SmallPct200EMA,70,17643,30.307,43.972,2.167,3.475
Mix_LargePct50EMA_PctAbove200EMA_PctAbove50EMA_MicroPct200EMA_SmallPct200EMA,LargePct50EMA | PctAbove200EMA | PctAbove50EMA | MicroPct200EMA | SmallPct200EMA,75,12351,29.075,46.312,1.759,3.296
Mix_LargePct50EMA_PctAbove200EMA_PctAbove50EMA_MicroPct200EMA_SmallPct200EMA,LargePct50EMA | PctAbove200EMA | PctAbove50EMA | MicroPct200EMA | SmallPct200EMA,80,8792,29.231,46.44,1.781,3.561
